id,subject,marks_col,question_source,question_text,red_score,red_score_raw,full_marks_on_page,status,gold_score,token_score,matched,full_marks,full_marks_source,full_marks_reliable,gold_usable,score_rubric,transcription_rubric,confidence_rubric,reasoning_rubric,score_solution,transcription_solution,confidence_solution,reasoning_solution
499070507297,English,,EN,"Read the following extract and answer the questions that follow: My name is Ozymandias, king of kings; ‎ Look on my Works, ye Mighty, and despair! ‎ Nothing beside remains. Round the decay ‎ Of that colossal Wreck, boundless and bare ‎ The lone and level sands stretch far away. (a) How does the poem reflect the difference between Ozymandias's claim and reality? (b) What impression do the ‘lone and level sands’ create at the end of the poem?",,,,NO_REDMARK,,,,,none,True,False,0.0,,1.0,(a) How does the poem reflect the difference between Ozymandias's claim and reality?: 0/1.5 No answer provided by the student. | (b) What impression do the ‘lone and level sands’ create at the end of the poem?: 0/1 No answer provided by the student.,0.0,,1.0,(a) How does the poem reflect the difference between Ozymandias's claim and reality?: 0/1.5 No answer provided by the student. | (b) What impression do the ‘lone and level sands’ create at the end of the poem?: 0/1 No answer provided by the student.
167916560418,English,,EN,"Make meaningful sentences with the following words: Ambivalent, Exacerbate, Tenacity, Clandestine, Discern",,,,NO_REDMARK,,,,,none,True,False,0.0,,1.0,Ambivalent - Meaningful sentence: 0/0.5 No answer provided. | Exacerbate - Meaningful sentence: 0/0.5 No answer provided. | Tenacity - Meaningful sentence: 0/0.5 No answer provided. | Clandestine - Meaningful sentence: 0/0.5 No answer provided. | Discern - Meaningful sentence: 0/0.5 No answer provided.,0.0,,1.0,Ambivalent - Meaningful sentence: 0/0.5 No answer provided. | Exacerbate - Meaningful sentence: 0/0.5 No answer provided. | Tenacity - Meaningful sentence: 0/0.5 No answer provided. | Clandestine - Meaningful sentence: 0/0.5 No answer provided. | Discern - Meaningful sentence: 0/0.5 No answer provided.
174196253767,English,,EN,"Write a paragraph on ‘Online Learning and Its Impact on Traditional Classrooms,’ using a clear topic sentence, supporting details, and a concluding sentence.",,,,NO_REDMARK,,,,,none,True,False,0.0,,1.0,"Title “Online Learning and Its Impact on Traditional Classrooms”: 0/0.5 No content provided by the student. | Introductory sentence: 0/1 No content provided by the student. | Supporting detail: Students can now learn from global experts, attend virtual classes, and use digital tools to reinforce understanding: 0/1 No content provided by the student. | Supporting detail: Traditional classrooms offer a structured environment with real-time feedback and social bonding, which online systems sometimes lack: 0/1 No content provided by the student. | Supporting detail: Teachers must be trained to use technology effectively, and students need digital literacy to benefit fully: 0/1 No content provided by the student. | Conclusion: 0/0.5 No content provided by the student. | Paragraph structure (single paragraph): 0/0 Not applicable as no content was written. No deduction applied. | Grammar and spelling: 0/0 Not applicable as no content was written. No deduction applied.",0.0,,1.0,"Title “Online Learning and Its Impact on Traditional Classrooms”: 0/0.5 No content provided by the student. | Introductory sentence: 0/1 No content provided by the student. | Supporting detail: Students can now learn from global experts, attend virtual classes, and use digital tools to reinforce understanding: 0/1 No content provided by the student. | Supporting detail: Traditional classrooms offer a structured environment with real-time feedback and social bonding, which online systems sometimes lack: 0/1 No content provided by the student. | Supporting detail: Teachers must be trained to use technology effectively, and students need digital literacy to benefit fully: 0/1 No content provided by the student. | Conclusion: 0/0.5 No content provided by the student. | Paragraph structure (single paragraph): 0/0 Not applicable as no content was written. No deduction applied. | Grammar and spelling: 0/0 Not applicable as no content was written. No deduction applied."
240054866205,English,,EN,"Read the following extract and answer questions that follow: I love to rise in a summer morn, ‎When the birds sing on every tree; ‎The distant huntsman winds his horn, ‎And the skylark sings with me: ( a) What literary device does the poet use to describe the skylark, and how does it contribute to the mood of the poem? ( b) Considering the overall theme of the poem, how does this happy scene contrast with the boy’s feelings about school, and what does this reveal about childhood?",,,,NO_REDMARK,,,,,none,True,False,0.0,,1.0,Literary device and mood (part a): 0/1 No answer provided. | Contrast with school and revelation about childhood (part b): 0/1.5 No answer provided.,0.0,,1.0,Literary device and mood (part a): 0/1 No answer provided. | Contrast with school and revelation about childhood (part b): 0/1.5 No answer provided.
174685397209,English,,EN,"Compose a paragraph in approximately 100 words exploring how war between states affects economic progress, education, and human rights. Maintain a critical tone and present your points with clarity and logical flow.",,,,NO_REDMARK,,,,,none,True,False,0.0,,1.0,"Title: 0/0.5 No content provided. | Introductory sentence: 0/1 No content provided. | Armed conflicts destroy infrastructure, displace populations, collapse economies, and halt education and healthcare systems: 0/1 No content provided. | Wars also consume national budgets, diverting resources from development to destruction. Children grow up without schooling, hospitals are reduced to rubble, and entire generations are psychologically scarred: 0/1 No content provided. | Beyond physical damage, war fuels mistrust, division, and long-term instability. It reverses decades of progress in poverty reduction, education, and gender equality: 0/1 No content provided. | Conclusion: 0/0.5 No content provided.",0.0,,1.0,"Title: 0/0.5 No content provided. | Introductory sentence: 0/1 No content provided. | Armed conflicts destroy infrastructure, displace populations, collapse economies, and halt education and healthcare systems: 0/1 No content provided. | Wars also consume national budgets, diverting resources from development to destruction. Children grow up without schooling, hospitals are reduced to rubble, and entire generations are psychologically scarred: 0/1 No content provided. | Beyond physical damage, war fuels mistrust, division, and long-term instability. It reverses decades of progress in poverty reduction, education, and gender equality: 0/1 No content provided. | Conclusion: 0/0.5 No content provided."
872283639724,English,,EN,"Make meaningful sentences with the following words: Ambiguous, Circumvent, Advocate, Pragmatic, Perspicacious",,,,NO_REDMARK,,,,,none,True,False,0.0,,1.0,Ambiguous: 0/0.5 No sentence provided. | Circumvent: 0/0.5 No sentence provided. | Advocate: 0/0.5 No sentence provided. | Pragmatic: 0/0.5 No sentence provided. | Perspicacious: 0/0.5 No sentence provided.,0.0,,1.0,Ambiguous: 0/0.5 No sentence provided. | Circumvent: 0/0.5 No sentence provided. | Advocate: 0/0.5 No sentence provided. | Pragmatic: 0/0.5 No sentence provided. | Perspicacious: 0/0.5 No sentence provided.
788053386181,English,,EN,"How does human activity contribute to climate change, and why must individuals and nations take responsibility? Write a paragraph in approximately 100 words maintaining proper structure with a clear topic sentence, logical development, and a concluding sentence.",,,,NO_REDMARK,,,,,none,True,False,0.0,,1.0,"Title: 0/0.5 No title provided. | Introductory sentence: 0/1 No introductory sentence provided. | Development (gases, sources, effects): 0/1.5 No content provided for development. | Individual actions: 0/1 No individual actions mentioned. | Conclusion: 0/1 No concluding sentence provided. | Paragraph structure (single paragraph): 0/0 No content to assess paragraph structure. This is a deduction criterion, not an award criterion. | Grammar/Spelling: 0/0 No content to assess grammar or spelling. This is a deduction criterion, not an award criterion.",0.0,,1.0,"Title: 0/0.5 No title provided. | Introductory sentence: 0/1 No introductory sentence provided. | Development (gases, sources, effects): 0/1.5 No content provided for development. | Individual actions: 0/1 No individual actions mentioned. | Conclusion: 0/1 No concluding sentence provided. | Paragraph structure (single paragraph): 0/0 No content to assess paragraph structure. This is a deduction criterion, not an award criterion. | Grammar/Spelling: 0/0 No content to assess grammar or spelling. This is a deduction criterion, not an award criterion."
289914064526,English,,EN,"Make meaningful sentences with the following words: Dogmatic , Recess, Obsession, Absurdity, Dissolve.",,,,NO_REDMARK,,,,,none,True,False,0.0,,1.0,Dogmatic: 0/0.5 No sentence provided. | Recess: 0/0.5 No sentence provided. | Obsession: 0/0.5 No sentence provided. | Absurdity: 0/0.5 No sentence provided. | Dissolve: 0/0.5 No sentence provided.,0.0,,1.0,Dogmatic: 0/0.5 No sentence provided. | Recess: 0/0.5 No sentence provided. | Obsession: 0/0.5 No sentence provided. | Absurdity: 0/0.5 No sentence provided. | Dissolve: 0/0.5 No sentence provided.
605128809239,English,,EN,"Read the following extract and answer the following question: The woods are lovely, dark and deep, But I have promises to keep, And miles to go before I sleep, And miles to go before I sleep. – Robert Frost Identify and explain any one literary device used in the above extract.",,,,NO_REDMARK,,,,,none,True,False,0.0,,1.0,"For writing, one important literary device used in this extract is repetition: 0/0.5 No answer provided by the student. | For writing, the line “And miles to go before I sleep” is repeated for emphasis. This repetition highlights the speaker’s sense of duty and ongoing responsibilities: 0/1 No answer provided by the student. | For writing, it creates a rhythmic and reflective tone, showing that although the woods are peaceful and inviting, the speaker cannot stop—he has commitments to fulfill before he can rest. The repeated line may also symbolize the journey of life, suggesting that rest (or even death) will only come after completing one’s duties: 0/1 No answer provided by the student.",0.0,,1.0,"For writing, one important literary device used in this extract is repetition: 0/0.5 No answer provided by the student. | For writing, the line “And miles to go before I sleep” is repeated for emphasis. This repetition highlights the speaker’s sense of duty and ongoing responsibilities: 0/1 No answer provided by the student. | For writing, it creates a rhythmic and reflective tone, showing that although the woods are peaceful and inviting, the speaker cannot stop—he has commitments to fulfill before he can rest. The repeated line may also symbolize the journey of life, suggesting that rest (or even death) will only come after completing one’s duties: 0/1 No answer provided by the student."
805479093758,English,,EN,"Make meaningful sentences with the following words: Resilient, Discretionary, Undermine, Speculative, Conundrum",,,,NO_REDMARK,,,,,none,True,False,0.0,,1.0,Resilient: 0/0.5 No sentence provided. | Discretionary: 0/0.5 No sentence provided. | Undermine: 0/0.5 No sentence provided. | Speculative: 0/0.5 No sentence provided. | Conundrum: 0/0.5 No sentence provided.,0.0,,1.0,Resilient: 0/0.5 No sentence provided. | Discretionary: 0/0.5 No sentence provided. | Undermine: 0/0.5 No sentence provided. | Speculative: 0/0.5 No sentence provided. | Conundrum: 0/0.5 No sentence provided.
296702171379,English,,EN,"Write a well-organized paragraph on ‘Role of Youth in Shaping the Future of Bangladesh’ in the space provided, considering the elements of a paragraph, such as topic sentence, supporting detail sentences and conclusion.",,,,NO_REDMARK,,,,,none,True,False,0.0,,1.0,"For writing Title, “ Role of Youth in Shaping the Future of Bangladesh ”: 0/0.5 The student did not write anything. | For writing topic sentence: 0/0.5 The student did not write anything. | For mentioning, youth contribution to various sectors: 0/1 The student did not write anything. | For mentioning, social and political involvement: 0/1 The student did not write anything. | For mentioning, economic and educational impact: 0/1.5 The student did not write anything. | For writing conclusion: 0/0.5 The student did not write anything.",0.0,,1.0,"For writing Title, “ Role of Youth in Shaping the Future of Bangladesh ”: 0/0.5 The student did not write anything. | For writing topic sentence: 0/0.5 The student did not write anything. | For mentioning, youth contribution to various sectors: 0/1 The student did not write anything. | For mentioning, social and political involvement: 0/1 The student did not write anything. | For mentioning, economic and educational impact: 0/1.5 The student did not write anything. | For writing conclusion: 0/0.5 The student did not write anything."
257397946379,English,,EN,"Read the following extract and answer questions that follow: ‎ ""I wandered lonely as a cloud That floats on high o’er vales and hills, When all at once I saw a crowd, A host, of golden daffodils; Beside the lake, beneath the trees, Fluttering and dancing in the breeze."" – William Wordsworth (a) How does the poet use nature as a metaphor for emotional transformation? ‎(b) What kind of image does the phrase ‘floats on high’ create?",,,,NO_REDMARK,,,,,none,True,False,0.0,,1.0,(a) How does the poet use nature as a metaphor for emotional transformation?: 0/1 No answer provided by the student. | (b) What kind of image does the phrase ‘floats on high’ create?: 0/1.5 No answer provided by the student.,0.0,,1.0,(a) How does the poet use nature as a metaphor for emotional transformation?: 0/1 No answer provided by the student. | (b) What kind of image does the phrase ‘floats on high’ create?: 0/1.5 No answer provided by the student.
664023048628,English,,EN,"Make meaningful sentences with the following words: ‎ Imminent, Resilient, Thrive, Vigilant, Ephemeral",,,,NO_REDMARK,,,,,none,True,False,0.0,,1.0,Imminent: 0/0.5 No sentence provided for the word 'Imminent'. | Resilient: 0/0.5 No sentence provided for the word 'Resilient'. | Thrive: 0/0.5 No sentence provided for the word 'Thrive'. | Vigilant: 0/0.5 No sentence provided for the word 'Vigilant'. | Ephemeral: 0/0.5 No sentence provided for the word 'Ephemeral'.,0.0,,1.0,Imminent: 0/0.5 No sentence provided for the word 'Imminent'. | Resilient: 0/0.5 No sentence provided for the word 'Resilient'. | Thrive: 0/0.5 No sentence provided for the word 'Thrive'. | Vigilant: 0/0.5 No sentence provided for the word 'Vigilant'. | Ephemeral: 0/0.5 No sentence provided for the word 'Ephemeral'.
937406640013,English,,EN,"Fill in the blanks with appropriate words from the following list: (List: efficient, unity, goal, helpful, sincere, leadership) ‎ Achieving a significant (a) ______ in any organization or group requires not only clear vision but also (b) ______ effort and dedication from all members. Success dep ends on careful and (c) ______ planning, which ensures that resources are used wisely and obstacles are minimized. Effective (d) ______ plays a crucial role in motivating the team, making decisions, and maintaining focus on the objective. Moreover, (e) ___ ___ among team members nurtures cooperation, mutual respect, and trust, which are essential for smooth collaboration. Every individual should be helpful and ready to assist others, understanding that collective progress depends on everyone’s contribution.",,,,NO_REDMARK,,,,,none,True,False,0.0,,1.0,,0.0,,1.0,
821521536471,English,,EN,"Write a well organised paragraph on ‘The Importance of Honesty’ in the space provided, considering the element of a paragraph, such as topic sentence, supporting detail sentences and conclusion.",,,,NO_REDMARK,,,,,none,True,False,0.0,,1.0,"Writing Title, ‘The Importance of Honesty’: 0/0.5 No title was written. | Writing topic sentence: 0/1.5 No topic sentence was written. | Writing supporting detail sentences: 0/1.5 No supporting detail sentences were written. | Writing conclusion: 0/1.5 No conclusion was written.",0.0,,1.0,"Writing Title, ‘The Importance of Honesty’: 0/0.5 No title was written. | Writing topic sentence: 0/1.5 No topic sentence was written. | Writing supporting detail sentences: 0/1.5 No supporting detail sentences were written. | Writing conclusion: 0/1.5 No conclusion was written."
335795720850,English,5/10,EN,"Correct the following sentences: (a) He did not pay attention on what the teacher said. ‎(b) She insisted to go there alone. ‎(c) The police caught the thief red handed. ‎(d) He is superior than me in mathematics. ‎(e) Despite of his illness, he attended the meeting. ‎(f) The teacher emphasized on the importance of discipline. ‎(g) He was prevented to enter the room. ‎(h) I am not accustomed with such behavior. ‎( i ) The news are very surprising. ‎(j) He described about the incident in detail.",,,,NO_REDMARK,,5.0,,10.0,marks_col,True,False,5.0,"a) He did not pay attention to what the teacher said. b) She insisted go there alone. c) The police caught the red handed that thief. d) He is superior to me in mathematics. e) Despite of being ill, he attended the meeting. f) The teacher emphasized the importance of discipline. g) He was prevented entering the room. h) I am not accustomed to such behavior. i) The news is very surprising. j) He described about the incident in details.",0.95,"(a) He did not pay attention on what the teacher said.: 1.0/1.0 Correctly changed 'attention on' to 'attention to'. | (b) She insisted to go there alone.: 0.0/1.0 Incorrect. Should be 'insisted on going' or 'insisted that she go/went'. Student wrote 'insisted go'. | (c) The police caught the thief red handed.: 0.0/1.0 Incorrect. The original sentence is grammatically acceptable. The student's correction 'The police caught the red handed that thief' is grammatically incorrect and changes the meaning. | (d) He is superior than me in mathematics.: 1.0/1.0 Correctly changed 'superior than' to 'superior to'. | (e) Despite of his illness, he attended the meeting.: 0.0/1.0 Incorrect. Should be 'Despite his illness' or 'In spite of his illness'. The student kept 'of' ('Despite of being ill'). | (f) The teacher emphasized on the importance of discipline.: 1.0/1.0 Correctly removed 'on' after 'emphasized'. | (g) He was prevented to enter the room.: 0.0/1.0 Incorrect. Should be 'prevented from entering'. The student wrote 'prevented entering'. | (h) I am not accustomed with such behavior.: 1.0/1.0 Correctly changed 'accustomed with' to 'accustomed to'. | (i) The news are very surprising.: 1.0/1.0 Correctly changed 'news are' to 'news is'. | (j) He described about the incident in detail.: 0.0/1.0 Incorrect. Should be 'described the incident'. The student kept 'about' and changed 'in detail' to 'in details', which is also incorrect.",5.0,"a) He did not pay attention to what the teacher said. b) She insisted go there alone. c) The police caught the red handed that thief. d) He is superior to me in mathematics. e) Despite of being ill, he attended the meeting. f) The teacher emphasized the importance of discipline. g) He was prevented entering the room. h) I am not accustomed to such behavior. i) The news is very surprising. j) He described about the incident in details.",0.95,"(a) He did not pay attention on what the teacher said.: 1.0/1.0 Correctly changed 'attention on' to 'attention to'. | (b) She insisted to go there alone.: 0.0/1.0 Incorrect. Should be 'insisted on going' or 'insisted that she go/went'. Student wrote 'insisted go'. | (c) The police caught the thief red handed.: 0.0/1.0 Incorrect. The original sentence is grammatically acceptable. The student's correction 'The police caught the red handed that thief' is grammatically incorrect and changes the meaning. | (d) He is superior than me in mathematics.: 1.0/1.0 Correctly changed 'superior than' to 'superior to'. | (e) Despite of his illness, he attended the meeting.: 0.0/1.0 Incorrect. Should be 'Despite his illness' or 'In spite of his illness'. The student kept 'of' ('Despite of being ill'). | (f) The teacher emphasized on the importance of discipline.: 1.0/1.0 Correctly removed 'on' after 'emphasized'. | (g) He was prevented to enter the room.: 0.0/1.0 Incorrect. Should be 'prevented from entering'. The student wrote 'prevented entering'. | (h) I am not accustomed with such behavior.: 1.0/1.0 Correctly changed 'accustomed with' to 'accustomed to'. | (i) The news are very surprising.: 1.0/1.0 Correctly changed 'news are' to 'news is'. | (j) He described about the incident in detail.: 0.0/1.0 Incorrect. Should be 'described the incident'. The student kept 'about' and changed 'in detail' to 'in details', which is also incorrect."
113999100138,English,10/10,EN,Change the sentences as directed. (a) She sings beautifully. (Negative) ‎(b) The teacher is very kind. (Exclamatory) ‎(c) I am going to school. (Interrogative) ‎(d) They will win the match. (Negative) ‎(e) What a lovely day it is! (Assertive) ‎(f) The scenery is very beautiful. (Exclamatory) ‎(g) We have completed the task. (Interrogative) ‎(h) None but the brave deserve the fair. (Affirmative) ‎( i ) I can always count on you. (Interrogative) ‎(j) I like chocolate. (Negative),10.0,10,,GOLD,10.0,10.0,10.0,10.0,marks_col,True,True,8.0,a) She doesn't sing ugly. b) How kind the teacher is! c) Aren't I going to school? d) They won't lose the match. e) It is a very lovely day. f) How beautiful the scenery is! g) Haven't we completed the task? h) Only the brave deserve the fair. i) Can't I always count on you? j) I don't dislike chocolate.,0.95,(a) She sings beautifully. (Negative): 1.0/1.0 The student correctly transformed the sentence into a negative form while retaining the original meaning by using an antonym with negation. | (b) The teacher is very kind. (Exclamatory): 1.0/1.0 The student correctly transformed the sentence into an exclamatory form. | (c) I am going to school. (Interrogative): 1.0/1.0 The student correctly transformed the sentence into an interrogative form. 'Aren't I' is an acceptable informal interrogative. | (d) They will win the match. (Negative): 0.0/1.0 The student's answer 'They won't lose the match' changes the meaning of the original sentence. The correct negative would be 'They won't win the match' or 'They will not win the match'. | (e) What a lovely day it is! (Assertive): 1.0/1.0 The student correctly transformed the sentence into an assertive form. | (f) The scenery is very beautiful. (Exclamatory): 1.0/1.0 The student correctly transformed the sentence into an exclamatory form. | (g) We have completed the task. (Interrogative): 1.0/1.0 The student correctly transformed the sentence into an interrogative form. 'Haven't we' is an acceptable interrogative. | (h) None but the brave deserve the fair. (Affirmative): 1.0/1.0 The student correctly transformed the sentence into an affirmative form. | (i) I can always count on you. (Interrogative): 1.0/1.0 The student correctly transformed the sentence into an interrogative form. 'Can't I' is an acceptable interrogative. | (j) I like chocolate. (Negative): 0.0/1.0 The student's answer 'I don't dislike chocolate' changes the meaning of the original sentence. The correct negative would be 'I don't like chocolate' or 'I do not like chocolate'.,10.0,a) She doesn't sing ugly. b) How kind the teacher is! c) Aren't I going to school? d) They won't lose the match. e) It is a very lovely day. f) How beautiful the scenery is! g) Haven't we completed the task? h) Only the brave deserve the fair. i) Can't I always count on you? j) I don't dislike chocolate.,1.0,(a) She sings beautifully. (Negative): 1.0/1.0 The transformation to 'She doesn't sing ugly' correctly conveys the negative meaning while maintaining the original sense. | (b) The teacher is very kind. (Exclamatory): 1.0/1.0 The transformation to 'How kind the teacher is!' is a correct exclamatory sentence. | (c) I am going to school. (Interrogative): 1.0/1.0 The transformation to 'Aren't I going to school?' is a correct interrogative sentence. | (d) They will win the match. (Negative): 1.0/1.0 The transformation to 'They won't lose the match' correctly conveys the negative meaning using an antonym. | (e) What a lovely day it is! (Assertive): 1.0/1.0 The transformation to 'It is a very lovely day' is a correct assertive sentence. | (f) The scenery is very beautiful. (Exclamatory): 1.0/1.0 The transformation to 'How beautiful the scenery is!' is a correct exclamatory sentence. | (g) We have completed the task. (Interrogative): 1.0/1.0 The transformation to 'Haven't we completed the task?' is a correct interrogative sentence. | (h) None but the brave deserve the fair. (Affirmative): 1.0/1.0 The transformation to 'Only the brave deserve the fair' is a correct affirmative sentence. | (i) I can always count on you. (Interrogative): 1.0/1.0 The transformation to 'Can't I always count on you?' is a correct interrogative sentence. | (j) I like chocolate. (Negative): 1.0/1.0 The transformation to 'I don't dislike chocolate' correctly conveys the negative meaning while retaining the original sense.
105513979628,English,7/10,EN,"Fill in the blanks with appropriate preposition: Drug addiction has become a serious social problem (a) _____ Bangladesh, especially (b) _____ young people. Many youths fall (c) _____ addiction due (d) _____ peer pressure, frustration, and lack (e) _____ proper guidance. In some cases, drug dealers take advantage (f) _____ unemployed youths and lure them (g) _____ criminal activities. Families often suffer (h) _____ emotional and financial stress because ( i ) _____ addiction. Effective measures must be taken (j) _____ control this growing problem.",,5 /,,NO_REDMARK,,7.0,,10.0,marks_col,True,False,7.0,a) in b) for c) in d) to e) of f) of g) in h) from i) of j) to,0.95,a) in: 1.0/1.0 Correct preposition for 'in Bangladesh'. | b) for: 0.0/1.0 Incorrect. 'Among' or 'with' would be more appropriate for 'especially among young people'. | c) in: 0.0/1.0 Incorrect. 'Fall into' addiction is the correct idiom. | d) to: 1.0/1.0 Correct preposition for 'due to peer pressure'. | e) of: 1.0/1.0 Correct preposition for 'lack of proper guidance'. | f) of: 1.0/1.0 Correct preposition for 'take advantage of unemployed youths'. | g) in: 0.0/1.0 Incorrect. 'Lure them into' criminal activities is the correct idiom. | h) from: 1.0/1.0 Correct preposition for 'suffer from emotional and financial stress'. | i) of: 1.0/1.0 Correct preposition for 'because of addiction'. | j) to: 1.0/1.0 Correct preposition for 'taken to control this growing problem'.,7.0,a) in b) for c) in d) to e) of f) of g) in h) from i) of j) to,0.95,a) in: 1.0/1.0 Correct preposition for 'in Bangladesh'. | b) for: 0.0/1.0 Incorrect. 'Among' or 'with' would be more appropriate for 'especially among young people'. | c) in: 0.0/1.0 Incorrect. 'Fall into' addiction is the correct idiom. | d) to: 1.0/1.0 Correct preposition for 'due to peer pressure'. | e) of: 1.0/1.0 Correct preposition for 'lack of proper guidance'. | f) of: 1.0/1.0 Correct preposition for 'take advantage of unemployed youths'. | g) in: 0.0/1.0 Incorrect. 'Lure them into' criminal activities is the correct idiom. | h) from: 1.0/1.0 Correct preposition for 'suffer from emotional and financial stress'. | i) of: 1.0/1.0 Correct preposition for 'because of addiction'. | j) to: 1.0/1.0 Correct preposition for 'taken to control this growing problem'.
551750351093,English,7/10,EN,"Fill in the blanks with suitable articles: Lake Baikal is known as (a) _____ deepest freshwater lake in the world and is situated in (b) _____ Siberia. It holds almost one-fifth of (c) _____ world’s unfrozen fresh water. Due to (d) _____ unique ecosystem, the lake supports (e) _____ wide variety of rare plants and animals found nowhere else. During (f) _____ winter season, (g) _____ surface of the lake freezes completely. This natural phenomenon turns Baikal into (h) _____ vast sheet of ice, creating ( i ) _____ spectacular sight that attracts tourists from around (j) _____ world.",7.0,07,,GOLD,7.0,7.0,7.0,10.0,marks_col,True,True,8.0,a) the b) the c) the d) a e) a f) the g) the h) th i) a j) the,0.95,"(a) deepest freshwater lake: 1.0/1.0 The student correctly used 'the' for the superlative 'deepest'. | (b) Siberia: 0.0/1.0 The student used 'the', but no article is required before the proper noun 'Siberia'. | (c) world’s unfrozen fresh water: 1.0/1.0 The student correctly used 'the' for the specific and unique 'world'. | (d) unique ecosystem: 1.0/1.0 The student correctly used 'a' as 'unique' starts with a consonant sound. | (e) wide variety: 1.0/1.0 The student correctly used 'a' for 'wide variety'. | (f) winter season: 1.0/1.0 The student correctly used 'the' to refer to the specific winter season in context. | (g) surface of the lake: 1.0/1.0 The student correctly used 'the' for the specific 'surface of the lake'. | (h) vast sheet of ice: 0.0/1.0 The student wrote 'th', which is not a valid article. The correct article should be 'a'. | (i) spectacular sight: 1.0/1.0 The student correctly used 'a' for 'spectacular sight'. | (j) world: 1.0/1.0 The student correctly used 'the' for the specific and unique 'world'.",8.0,a) the b) the c) the d) a e) a f) the g) the h) th i) a j) the,0.95,"(a) deepest freshwater lake: 1.0/1.0 The student correctly used 'the' for the superlative 'deepest'. | (b) Siberia: 0.0/1.0 The student used 'the', but no article is required before the proper noun 'Siberia'. | (c) world’s unfrozen fresh water: 1.0/1.0 The student correctly used 'the' for the specific and unique 'world'. | (d) unique ecosystem: 1.0/1.0 The student correctly used 'a' as 'unique' starts with a consonant sound. | (e) wide variety: 1.0/1.0 The student correctly used 'a' for 'wide variety'. | (f) winter season: 1.0/1.0 The student correctly used 'the' to refer to the specific winter season in context. | (g) surface of the lake: 1.0/1.0 The student correctly used 'the' for the specific 'surface of the lake'. | (h) vast sheet of ice: 0.0/1.0 The student wrote 'th', which is not a valid article. The correct article should be 'a'. | (i) spectacular sight: 1.0/1.0 The student correctly used 'a' for 'spectacular sight'. | (j) world: 1.0/1.0 The student correctly used 'the' for the specific and unique 'world'."
468436163814,English,8/10,EN,"Fill in the blanks with the right forms of the verbs given in the bracket: (a) It is they who _____ to be blamed for the mistake. (to be) ‎(b) So long as the patient _____ under observation, the doctor stayed alert. (remain) ‎(c) We heard the birds _____ sweetly in the morning. (sing) ‎(d) The leader spoke clearly so that the people _____ understand his message. (can) ‎(e) By _____ regularly, she maintains good health. (exercise) ‎(f) The teacher noticed the boy _____ the truth. (tell) ‎(g) If he _____ honest, he would not have cheated others. (be) ‎(h) The martyrs sacrificed their lives so that the nation _____ live in freedom. (may) ‎( i ) She avoided _____ about the matter unnecessarily. (talk) ‎(j) The child was made _____ the medicine on time. (take)",8.0,8,,GOLD,8.0,8.0,8.0,10.0,marks_col,True,True,8.0,a) are b) remains c) singing d) could e) exercising f) telling g) were h) might i) talking j) taken taking,0.95,"(a) It is they who _____ to be blamed for the mistake. (to be): 1.0/1.0 Correct. 'are' is the correct form for the plural subject 'they'. | (b) So long as the patient _____ under observation, the doctor stayed alert. (remain): 1.0/1.0 Correct. 'remains' is the correct form for the singular subject 'patient' in the present tense. | (c) We heard the birds _____ sweetly in the morning. (sing): 1.0/1.0 Correct. Both 'sing' and 'singing' are acceptable after 'heard the birds'. The student wrote 'singing'. | (d) The leader spoke clearly so that the people _____ understand his message. (can): 1.0/1.0 Correct. 'could' is the past tense form of 'can', matching the past tense 'spoke' in the main clause. | (e) By _____ regularly, she maintains good health. (exercise): 1.0/1.0 Correct. After the preposition 'By', the verb takes the gerund form 'exercising'. | (f) The teacher noticed the boy _____ the truth. (tell): 1.0/1.0 Correct. Both 'tell' and 'telling' are acceptable after 'noticed the boy'. The student wrote 'telling'. | (g) If he _____ honest, he would not have cheated others. (be): 0.0/1.0 Incorrect. This is a Type 3 conditional sentence, requiring 'had been' in the 'if' clause. The student wrote 'were', which would be for a Type 2 conditional. | (h) The martyrs sacrificed their lives so that the nation _____ live in freedom. (may): 1.0/1.0 Correct. 'might' is the past tense form of 'may', matching the past tense 'sacrificed' in the main clause. | (i) She avoided _____ about the matter unnecessarily. (talk): 1.0/1.0 Correct. The verb 'avoid' is followed by a gerund, 'talking'. | (j) The child was made _____ the medicine on time. (take): 0.0/1.0 Incorrect. In the passive voice, 'made' is followed by the infinitive with 'to' ('to take'). The student wrote 'taking'.",8.0,a) are b) remains c) singing d) could e) exercising f) telling g) were h) might i) talking j) taken taking,0.95,"(a) It is they who _____ to be blamed for the mistake. (to be): 1.0/1.0 Correct. 'are' is the correct form for the plural subject 'they'. | (b) So long as the patient _____ under observation, the doctor stayed alert. (remain): 1.0/1.0 Correct. 'remains' is the correct form for the singular subject 'patient' in the present tense. | (c) We heard the birds _____ sweetly in the morning. (sing): 1.0/1.0 Correct. Both 'sing' and 'singing' are acceptable after 'heard the birds'. The student wrote 'singing'. | (d) The leader spoke clearly so that the people _____ understand his message. (can): 1.0/1.0 Correct. 'could' is the past tense form of 'can', matching the past tense 'spoke' in the main clause. | (e) By _____ regularly, she maintains good health. (exercise): 1.0/1.0 Correct. After the preposition 'By', the verb takes the gerund form 'exercising'. | (f) The teacher noticed the boy _____ the truth. (tell): 1.0/1.0 Correct. Both 'tell' and 'telling' are acceptable after 'noticed the boy'. The student wrote 'telling'. | (g) If he _____ honest, he would not have cheated others. (be): 0.0/1.0 Incorrect. This is a Type 3 conditional sentence, requiring 'had been' in the 'if' clause. The student wrote 'were', which would be for a Type 2 conditional. | (h) The martyrs sacrificed their lives so that the nation _____ live in freedom. (may): 1.0/1.0 Correct. 'might' is the past tense form of 'may', matching the past tense 'sacrificed' in the main clause. | (i) She avoided _____ about the matter unnecessarily. (talk): 1.0/1.0 Correct. The verb 'avoid' is followed by a gerund, 'talking'. | (j) The child was made _____ the medicine on time. (take): 0.0/1.0 Incorrect. In the passive voice, 'made' is followed by the infinitive with 'to' ('to take'). The student wrote 'taking'."
457394298384,English,7/10,EN,"Fill in the blanks with appropriate preposition: Bangladesh is rich (a) _____ biodiversity, including forests, rivers, wetlands, and wildlife. However, many species are now (b) _____ threat due (c) _____ deforestation, pollution, and climate change. The Sundarbans, known (d) _____ the largest mangrove forest in the world, plays an important role (e) _____ maintaining ecological balance. Various laws have been introduced (f) _____ protect wildlife, but lack (g) _____ awareness among people hampers conservation efforts. Active participation (h) _____ local communities is essential ( i ) _____ the success (j) _____ biodiversity conservation programs.",,,,NO_REDMARK,,7.0,,10.0,marks_col,True,False,7.0,(a) in with (b) in (c) to (d) as (e) in (f) to (g) of (h) on (i) to (j) of,0.95,(a) Bangladesh is rich _____ biodiversity: 0.0/1.0 The correct preposition is 'in'. The student wrote 'in with'. | (b) many species are now _____ threat: 0.0/1.0 The correct preposition is 'under'. The student wrote 'in'. | (c) threat due _____ deforestation: 1.0/1.0 The student correctly used 'to'. | (d) known _____ the largest mangrove forest: 1.0/1.0 The student correctly used 'as'. | (e) plays an important role _____ maintaining ecological balance: 1.0/1.0 The student correctly used 'in'. | (f) introduced _____ protect wildlife: 1.0/1.0 The student correctly used 'to'. | (g) lack _____ awareness among people: 1.0/1.0 The student correctly used 'of'. | (h) Active participation _____ local communities: 0.0/1.0 The correct preposition is 'of'. The student wrote 'on'. | (i) is essential _____ the success: 1.0/1.0 The student correctly used 'to'. 'Essential to' is an acceptable alternative to 'essential for'. | (j) the success _____ biodiversity conservation programs: 1.0/1.0 The student correctly used 'of'.,7.0,(a) in with (b) in (c) to (d) as (e) in (f) to (g) of (h) on (i) to (j) of,0.95,(a) Bangladesh is rich _____ biodiversity: 0.0/1.0 The correct preposition is 'in'. The student wrote 'in with'. | (b) many species are now _____ threat: 0.0/1.0 The correct preposition is 'under'. The student wrote 'in'. | (c) threat due _____ deforestation: 1.0/1.0 The student correctly used 'to'. | (d) known _____ the largest mangrove forest: 1.0/1.0 The student correctly used 'as'. | (e) plays an important role _____ maintaining ecological balance: 1.0/1.0 The student correctly used 'in'. | (f) introduced _____ protect wildlife: 1.0/1.0 The student correctly used 'to'. | (g) lack _____ awareness among people: 1.0/1.0 The student correctly used 'of'. | (h) Active participation _____ local communities: 0.0/1.0 The correct preposition is 'of'. The student wrote 'on'. | (i) is essential _____ the success: 1.0/1.0 The student correctly used 'to'. 'Essential to' is an acceptable alternative to 'essential for'. | (j) the success _____ biodiversity conservation programs: 1.0/1.0 The student correctly used 'of'.
665396007446,English,7/10,EN,"Fill in the blanks with suitable articles: Niagara Falls is (a) _____ world-famous waterfall located on (b) _____ border between the United States and Canada. Every year, (c) _____ large number of tourists travel from different countries to witness (d) _____ natural beauty and force of the falling water. During (e) _____ summer months, the area becomes crowded with visitors. At night, (f) _____ illumination of the falls creates (g) _____ breathtaking view. For many travelers, seeing the falls is (h) _____ unforgettable experience and remains ( i ) _____ highlight of their journey to (j) _____ region.",,,,NO_REDMARK,,7.0,,10.0,marks_col,True,False,7.0,(a) the (b) the (c) A (d) the (e) x (f) the (g) a (h) an (i) a (j) the,1.0,"(a) suitable article for 'world-famous waterfall': 0.0/1.0 The student wrote 'the', but 'a' is more appropriate as it describes 'one of' many world-famous waterfalls. | (b) suitable article for 'border': 1.0/1.0 The student correctly used 'the' for a specific border. | (c) suitable article for 'large number': 1.0/1.0 The student correctly used 'A' (capitalized, which is acceptable) for the idiom 'a large number'. | (d) suitable article for 'natural beauty': 1.0/1.0 The student correctly used 'the' for the specific natural beauty of the falls. | (e) suitable article for 'summer months': 0.0/1.0 The student marked 'x', indicating an incorrect or omitted answer. The correct article is 'the' for specific summer months. | (f) suitable article for 'illumination': 1.0/1.0 The student correctly used 'the' for the specific illumination of the falls. | (g) suitable article for 'breathtaking view': 1.0/1.0 The student correctly used 'a' for a general breathtaking view. | (h) suitable article for 'unforgettable experience': 1.0/1.0 The student correctly used 'an' before a vowel sound. | (i) suitable article for 'highlight': 0.0/1.0 The student wrote 'a', but 'the' is more appropriate as it refers to the singular, most significant highlight of their journey, especially following 'an unforgettable experience'. | (j) suitable article for 'region': 1.0/1.0 The student correctly used 'the' for the specific region.",7.0,(a) the (b) the (c) A (d) the (e) x (f) the (g) a (h) an (i) a (j) the,1.0,"(a) suitable article for 'world-famous waterfall': 0.0/1.0 The student wrote 'the', but 'a' is more appropriate as it describes 'one of' many world-famous waterfalls. | (b) suitable article for 'border': 1.0/1.0 The student correctly used 'the' for a specific border. | (c) suitable article for 'large number': 1.0/1.0 The student correctly used 'A' (capitalized, which is acceptable) for the idiom 'a large number'. | (d) suitable article for 'natural beauty': 1.0/1.0 The student correctly used 'the' for the specific natural beauty of the falls. | (e) suitable article for 'summer months': 0.0/1.0 The student marked 'x', indicating an incorrect or omitted answer. The correct article is 'the' for specific summer months. | (f) suitable article for 'illumination': 1.0/1.0 The student correctly used 'the' for the specific illumination of the falls. | (g) suitable article for 'breathtaking view': 1.0/1.0 The student correctly used 'a' for a general breathtaking view. | (h) suitable article for 'unforgettable experience': 1.0/1.0 The student correctly used 'an' before a vowel sound. | (i) suitable article for 'highlight': 0.0/1.0 The student wrote 'a', but 'the' is more appropriate as it refers to the singular, most significant highlight of their journey, especially following 'an unforgettable experience'. | (j) suitable article for 'region': 1.0/1.0 The student correctly used 'the' for the specific region."
827993948441,English,8/10,EN,"Correct the following sentences: (a) He did not pay attention on what the teacher said. ‎(b) She insisted to go there alone. ‎(c) The police caught the thief red handed. ‎(d) He is superior than me in mathematics. ‎(e) Despite of his illness, he attended the meeting. ‎(f) The teacher emphasized on the importance of discipline. ‎(g) He was prevented to enter the room. ‎(h) I am not accustomed with such behavior. ‎( i ) The news are very surprising. ‎(j) He described about the incident in detail.",8.0,8,,GOLD,8.0,8.0,8.0,10.0,marks_col,True,True,8.0,"(a) He did not pay attention to what the teacher said. (b) She insisted on going there alone. (c) The police caught out the thief red handed. (d) He is superior to me in mathematics. (e) Despite his illness, he attended the meeting. (f) The teacher emphasized in the importance of discipline. (g) He was prevented from entering the room. (h) I am not accustomed to such behavior. (i) The news is very surprising. (j) He described the incident in detail.",0.95,"(a) He did not pay attention on what the teacher said.: 1.0/1.0 Correctly changed 'on' to 'to'. | (b) She insisted to go there alone.: 1.0/1.0 Correctly changed 'to go' to 'on going'. | (c) The police caught the thief red handed.: 0.0/1.0 The original sentence is grammatically correct and idiomatic. The student added 'out', which is an unnecessary change and not a correction of an error. | (d) He is superior than me in mathematics.: 1.0/1.0 Correctly changed 'than' to 'to'. | (e) Despite of his illness, he attended the meeting.: 1.0/1.0 Correctly removed 'of'. | (f) The teacher emphasized on the importance of discipline.: 0.0/1.0 The student changed 'on' to 'in'. The correct form is 'emphasized the importance' (no preposition). | (g) He was prevented to enter the room.: 1.0/1.0 Correctly changed 'to enter' to 'from entering'. | (h) I am not accustomed with such behavior.: 1.0/1.0 Correctly changed 'with' to 'to'. | (i) The news are very surprising.: 1.0/1.0 Correctly changed 'are' to 'is'. | (j) He described about the incident in detail.: 1.0/1.0 Correctly removed 'about'.",8.0,"(a) He did not pay attention to what the teacher said. (b) She insisted on going there alone (c) The police caught out the thief red handed. (d) He is superior to me in mathematics.. (e) Despite his illness, he attended the meeting (f) The teacher emphasized in the importance of discipline (g) He was prevented from entering the room (h) I am not accustomed to such behavior. (i) The news is very surprising (j) He described the incident in detail",0.95,"Sentence (a): He did not pay attention on what the teacher said.: 1.0/1.0 Student correctly changed 'on what' to 'to what'. | Sentence (b): She insisted to go there alone.: 1.0/1.0 Student correctly changed 'to go' to 'on going'. | Sentence (c): The police caught the thief red handed.: 0.0/1.0 The original sentence was already correct. Student incorrectly added 'out', changing the meaning and introducing an error. | Sentence (d): He is superior than me in mathematics.: 1.0/1.0 Student correctly changed 'superior than me' to 'superior to me'. | Sentence (e): Despite of his illness, he attended the meeting.: 1.0/1.0 Student correctly removed 'of' from 'Despite of his illness'. | Sentence (f): The teacher emphasized on the importance of discipline.: 0.0/1.0 The correct form is 'emphasized the importance' (without a preposition). Student changed 'on' to 'in', which is still incorrect. | Sentence (g): He was prevented to enter the room.: 1.0/1.0 Student correctly changed 'prevented to enter' to 'prevented from entering'. | Sentence (h): I am not accustomed with such behavior.: 1.0/1.0 Student correctly changed 'accustomed with' to 'accustomed to'. | Sentence (i): The news are very surprising.: 1.0/1.0 Student correctly changed 'The news are' to 'The news is'. | Sentence (j): He described about the incident in detail.: 1.0/1.0 Student correctly removed 'about' from 'described about the incident'."
324443608444,English,7/10,EN,"Fill in the blanks with the right forms of the verbs given in the bracket: (a) It is she who _____ responsible for organizing the event. (to be) ‎(b) As long as the weather _____ fine, we continued our journey. (to remain) ‎(c) The teacher saw the students _____ attentively in the class. (listen) ‎(d) He spoke loudly so that everyone _____ hear him clearly. (can) ‎(e) By _____ hard, one can achieve success in life. (work) ‎(f) We noticed the baby _____ loudly in the next room. (cry) ‎(g) Unless he _____ careful, he may fall into trouble. (to be) ‎(h) The soldier fought bravely so that his country _____ remain free. (may) ‎( i ) She prefers _____ alone rather than in a group. (work) ‎(j) The man pretended _____ unaware of the situation. (be)",5.0,5,,FLAG,5.0,7.0,,10.0,marks_col,True,True,7.0,(a) is (g) is (b) remain (h) might (c) listened (i) working (d) could (j) to be (e) working (f) was crying,1.0,"(a) It is she who _____ responsible for organizing the event. (to be): 1.0/1.0 Student correctly identified 'is' as the present tense form of 'to be' agreeing with 'she'. | (b) As long as the weather _____ fine, we continued our journey. (to remain): 0.0/1.0 Student wrote 'remain'. The correct form should be 'remained' to match the past tense of 'continued'. | (c) The teacher saw the students _____ attentively in the class. (listen): 0.0/1.0 Student wrote 'listened'. After verbs of perception like 'saw' followed by an object, the bare infinitive ('listen') or present participle ('listening') is used. 'Listened' is incorrect here. | (d) He spoke loudly so that everyone _____ hear him clearly. (can): 1.0/1.0 Student correctly identified 'could' as the past tense form of 'can' to match 'spoke'. | (e) By _____ hard, one can achieve success in life. (work): 1.0/1.0 Student correctly identified 'working' as the gerund form required after 'By'. | (f) We noticed the baby _____ loudly in the next room. (cry): 0.0/1.0 Student wrote 'was crying'. Similar to (c), after verbs of perception like 'noticed' followed by an object, the bare infinitive ('cry') or present participle ('crying') is used. 'Was crying' is a full verb phrase, not just the correct form of 'cry' to fill the blank. | (g) Unless he _____ careful, he may fall into trouble. (to be): 1.0/1.0 Student correctly identified 'is' as the present tense form of 'to be' in the conditional clause. | (h) The soldier fought bravely so that his country _____ remain free. (may): 1.0/1.0 Student correctly identified 'might' as the past tense form of 'may' to match 'fought'. | (i) She prefers _____ alone rather than in a group. (work): 1.0/1.0 Student correctly identified 'working' as a valid form (gerund) after 'prefers'. 'To work' would also be acceptable. | (j) The man pretended _____ unaware of the situation. (be): 1.0/1.0 Student correctly identified 'to be' as the infinitive form required after 'pretended'.",7.0,(a) is (g) is (b) remain (h) might (c) listened (i) working (d) could (j) to be (e) working (f) was crying,1.0,"(a) It is she who _____ responsible for organizing the event. (to be): 1.0/1.0 Student correctly identified 'is' as the present tense form of 'to be' agreeing with 'she'. | (b) As long as the weather _____ fine, we continued our journey. (to remain): 0.0/1.0 Student wrote 'remain'. The correct form should be 'remained' to match the past tense of 'continued'. | (c) The teacher saw the students _____ attentively in the class. (listen): 0.0/1.0 Student wrote 'listened'. After verbs of perception like 'saw' followed by an object, the bare infinitive ('listen') or present participle ('listening') is used. 'Listened' is incorrect here. | (d) He spoke loudly so that everyone _____ hear him clearly. (can): 1.0/1.0 Student correctly identified 'could' as the past tense form of 'can' to match 'spoke'. | (e) By _____ hard, one can achieve success in life. (work): 1.0/1.0 Student correctly identified 'working' as the gerund form required after 'By'. | (f) We noticed the baby _____ loudly in the next room. (cry): 0.0/1.0 Student wrote 'was crying'. Similar to (c), after verbs of perception like 'noticed' followed by an object, the bare infinitive ('cry') or present participle ('crying') is used. 'Was crying' is a full verb phrase, not just the correct form of 'cry' to fill the blank. | (g) Unless he _____ careful, he may fall into trouble. (to be): 1.0/1.0 Student correctly identified 'is' as the present tense form of 'to be' in the conditional clause. | (h) The soldier fought bravely so that his country _____ remain free. (may): 1.0/1.0 Student correctly identified 'might' as the past tense form of 'may' to match 'fought'. | (i) She prefers _____ alone rather than in a group. (work): 1.0/1.0 Student correctly identified 'working' as a valid form (gerund) after 'prefers'. 'To work' would also be acceptable. | (j) The man pretended _____ unaware of the situation. (be): 1.0/1.0 Student correctly identified 'to be' as the infinitive form required after 'pretended'."
160810261587,English,9/10,EN,Change the sentences as directed. (a) He is reading a book. (Interrogative) ‎(b) What a beautiful piece of painting it is! (Assertive) ‎(c) They are playing in the garden. (Interrogative) ‎(d) I will help you. (Interrogative) ‎(e) She dances very gracefully. (Exclamatory) ‎(f) The cat is on the roof. (Negative) ‎(g) We visited the museum yesterday. (Interrogative) ‎(h) He is nothing but 15 years old. (Affirmative) ‎( i ) How wonderful the sunset is! (Assertive) ‎(j) She loves singing. (Negative),,,,NO_REDMARK,,9.0,,10.0,marks_col,True,False,6.0,a) Isn't he reading a book? b) It is a very beauti!! pieca od paruliy c) Aren't they playing in the garden? d) I will not harm you. e) How gracefully she dances! f) The cat is not on the bottom. g) Didn't we visit the museum yesterday? h) He is only 15 years old i) The sunset is very wonderful j) She does not hate singing,0.9,"(a) He is reading a book. (Interrogative): 1.0/1.0 The student correctly transformed the sentence into an interrogative form. | (b) What a beautiful piece of painting it is! (Assertive): 0.0/1.0 The student's answer 'It is a very beauti!! pieca od paruliy' contains multiple critical spelling errors ('beauti!!' for 'beautiful', 'pieca' for 'piece', 'od' for 'of', 'paruliy' for 'painting') which make the words almost unrecognizable and the answer incorrect. | (c) They are playing in the garden. (Interrogative): 1.0/1.0 The student correctly transformed the sentence into an interrogative form. | (d) I will help you. (Interrogative): 0.0/1.0 The student's answer 'I will not harm you.' is a negative assertive sentence, not an interrogative sentence, and changes the meaning of the original sentence. | (e) She dances very gracefully. (Exclamatory): 1.0/1.0 The student correctly transformed the sentence into an exclamatory form. | (f) The cat is on the roof. (Negative): 0.0/1.0 The student's answer 'The cat is not on the bottom.' correctly makes the sentence negative but changes the meaning by replacing 'roof' with 'bottom'. | (g) We visited the museum yesterday. (Interrogative): 1.0/1.0 The student correctly transformed the sentence into an interrogative form. | (h) He is nothing but 15 years old. (Affirmative): 1.0/1.0 The student correctly transformed the sentence into an affirmative form, understanding that 'nothing but' means 'only'. | (i) How wonderful the sunset is! (Assertive): 1.0/1.0 The student correctly transformed the sentence into an assertive form. | (j) She loves singing. (Negative): 0.0/1.0 The student's answer 'She does not hate singing' is grammatically negative but changes the meaning of the original sentence ('loves' vs. 'does not hate'). The correct transformation would be 'She does not love singing'.",6.0,a) Isn't he reading a book? b) It is a very beauti!! pieca od paruliy c) Aren't they playing in the garden? d) I will not harm you. e) How gracefully she dances! f) The cat is not on the bottom. g) Didn't we visit the museum yesterday? h) He is only 15 years old i) The sunset is very wonderful j) She does not hate singing,0.9,"(a) He is reading a book. (Interrogative): 1.0/1.0 The student correctly transformed the sentence into an interrogative form. | (b) What a beautiful piece of painting it is! (Assertive): 0.0/1.0 The student's answer 'It is a very beauti!! pieca od paruliy' contains multiple critical spelling errors ('beauti!!' for 'beautiful', 'pieca' for 'piece', 'od' for 'of', 'paruliy' for 'painting') which make the words almost unrecognizable and the answer incorrect. | (c) They are playing in the garden. (Interrogative): 1.0/1.0 The student correctly transformed the sentence into an interrogative form. | (d) I will help you. (Interrogative): 0.0/1.0 The student's answer 'I will not harm you.' is a negative assertive sentence, not an interrogative sentence, and changes the meaning of the original sentence. | (e) She dances very gracefully. (Exclamatory): 1.0/1.0 The student correctly transformed the sentence into an exclamatory form. | (f) The cat is on the roof. (Negative): 0.0/1.0 The student's answer 'The cat is not on the bottom.' correctly makes the sentence negative but changes the meaning by replacing 'roof' with 'bottom'. | (g) We visited the museum yesterday. (Interrogative): 1.0/1.0 The student correctly transformed the sentence into an interrogative form. | (h) He is nothing but 15 years old. (Affirmative): 1.0/1.0 The student correctly transformed the sentence into an affirmative form, understanding that 'nothing but' means 'only'. | (i) How wonderful the sunset is! (Assertive): 1.0/1.0 The student correctly transformed the sentence into an assertive form. | (j) She loves singing. (Negative): 0.0/1.0 The student's answer 'She does not hate singing' is grammatically negative but changes the meaning of the original sentence ('loves' vs. 'does not hate'). The correct transformation would be 'She does not love singing'."
711177325799,English,2/5,EN,Answer the following questions : (a) The idiom ‘going south’ refers to _____. (b) British Bangalis are _____ important part of _____ Bangladeshi diaspora who are living abroad. (Use appropriate articles in the gaps.) (c) What is the adjective of the word “Enthusiasm”? (d) What does the phrase “Sine Die” mean? (e) Pick the correct sentence: ( i ) I owe to you (ii) I am owing to you (iii) I owe you (iv) I owe at you,2.0,02,,GOLD,2.0,2.0,2.0,5.0,marks_col,True,True,2.0,(a) long Journey (b) X a (c) Enthusiastic (d) good (e) I owe you.,1.0,"Answer to (a) The idiom ‘going south’ refers to _____.: 0.0/1.0 The student answered 'long Journey', which is incorrect. The idiom means 'deteriorating' or 'getting worse'. | Answer to (b) British Bangalis are _____ important part of _____ Bangladeshi diaspora who are living abroad. (Use appropriate articles in the gaps.): 0.0/1.0 The student provided 'X' and 'a'. The correct articles are 'an' and 'the'. | Answer to (c) What is the adjective of the word “Enthusiasm”?: 1.0/1.0 The student correctly identified 'Enthusiastic' as the adjective. | Answer to (d) What does the phrase “Sine Die” mean?: 0.0/1.0 The student answered 'good', which is incorrect. 'Sine Die' means 'indefinitely' or 'without a day being set for a future meeting'. | Answer to (e) Pick the correct sentence: ( i ) I owe to you (ii) I am owing to you (iii) I owe you (iv) I owe at you: 1.0/1.0 The student correctly picked 'I owe you'.",2.0,(a) long Journey (b) X a (c) Enthusiastic (d) good (e) I owe you.,1.0,"Answer to (a) The idiom ‘going south’ refers to _____.: 0.0/1.0 The student answered 'long Journey', which is incorrect. The idiom means 'deteriorating' or 'getting worse'. | Answer to (b) British Bangalis are _____ important part of _____ Bangladeshi diaspora who are living abroad. (Use appropriate articles in the gaps.): 0.0/1.0 The student provided 'X' and 'a'. The correct articles are 'an' and 'the'. | Answer to (c) What is the adjective of the word “Enthusiasm”?: 1.0/1.0 The student correctly identified 'Enthusiastic' as the adjective. | Answer to (d) What does the phrase “Sine Die” mean?: 0.0/1.0 The student answered 'good', which is incorrect. 'Sine Die' means 'indefinitely' or 'without a day being set for a future meeting'. | Answer to (e) Pick the correct sentence: ( i ) I owe to you (ii) I am owing to you (iii) I owe you (iv) I owe at you: 1.0/1.0 The student correctly picked 'I owe you'."
575892002432,English,3/5,EN,"Answer the following questions according to the instructions: (a) Which collective noun is used to describe a number of sheep? (b) What type of phrase the underlined part is- “He could not go to school on account of illness.”? (c) ‘The experiment has been a resounding success’. Here ‘resounding’ means- (d) What is the meaning of the proverb, ‘The pot calling the kettle black? (e) Which one is the correct sentence? (i) Neither of those mattresses feel comfortable. (ii) Neither of those mattresses are feeling comfortable. (iii) Neither of those mattresses feels comfortable. (iv) Neither of those mattresses have felt comfortable.",3.0,03,,GOLD,3.0,3.0,3.0,5.0,marks_col,True,True,3.0,৩২ @ heard of sheep P prepositional phrase resounding- tremendous (অভূতপূর্ব) (d) (e) (iii) Neither of those mattress feels comfortable,0.95,"Which collective noun is used to describe a number of sheep?: 0.0/1.0 The student wrote 'heard' instead of the correct collective noun 'herd'. | What type of phrase the underlined part is- “He could not go to school on account of illness.”?: 1.0/1.0 Correctly identified as a 'prepositional phrase'. | ‘The experiment has been a resounding success’. Here ‘resounding’ means-: 1.0/1.0 Correctly provided 'tremendous' and its Bengali equivalent as the meaning of 'resounding'. | What is the meaning of the proverb, ‘The pot calling the kettle black?: 0.0/1.0 No answer was provided for this question. | Which one is the correct sentence? (i) Neither of those mattresses feel comfortable. (ii) Neither of those mattresses are feeling comfortable. (iii) Neither of those mattresses feels comfortable. (iv) Neither of those mattresses have felt comfortable.: 1.0/1.0 The student correctly identified option (iii) and wrote the sentence with the correct singular verb 'feels', demonstrating understanding of subject-verb agreement with 'Neither of'. The minor transcription error of 'mattress' instead of 'mattresses' does not affect the core grammatical point.",3.0,৩২ @ heard of sheep P prepositional phrase resounding- tremendous (অভূতপূর্ব) (d) (e) (iii) Neither of those mattress feels comfortable,0.95,"Which collective noun is used to describe a number of sheep?: 0.0/1.0 The student wrote 'heard' instead of the correct collective noun 'herd'. | What type of phrase the underlined part is- “He could not go to school on account of illness.”?: 1.0/1.0 Correctly identified as a 'prepositional phrase'. | ‘The experiment has been a resounding success’. Here ‘resounding’ means-: 1.0/1.0 Correctly provided 'tremendous' and its Bengali equivalent as the meaning of 'resounding'. | What is the meaning of the proverb, ‘The pot calling the kettle black?: 0.0/1.0 No answer was provided for this question. | Which one is the correct sentence? (i) Neither of those mattresses feel comfortable. (ii) Neither of those mattresses are feeling comfortable. (iii) Neither of those mattresses feels comfortable. (iv) Neither of those mattresses have felt comfortable.: 1.0/1.0 The student correctly identified option (iii) and wrote the sentence with the correct singular verb 'feels', demonstrating understanding of subject-verb agreement with 'Neither of'. The minor transcription error of 'mattress' instead of 'mattresses' does not affect the core grammatical point."
377936192482,English,5/5,EN,Transform the following sentences as directed : (a) Only Allah can help us. (Make it negative) (b) My hair grows very fast. (Make it exclamatory) (c) Let the boy be warned. (Make it active) (d) I read books for pleasure. (Make it complex) (e) I am sure that he will succeed. (Make it simple),2.5,2.5,,FLAG,2.5,5.0,,5.0,marks_col,True,True,4.0,"(a) None but Allah can help us. (b) HOW fast my hair grows! (c) please, You should warn the boy. (d) I read books, so that I get pleasure. (e) Surely, he will succeed",0.95,"Transform (a) Only Allah can help us. (Make it negative): 1.0/1.0 The transformation 'None but Allah can help us' is grammatically correct and accurately conveys the negative form while retaining the original meaning. | Transform (b) My hair grows very fast. (Make it exclamatory): 1.0/1.0 The transformation 'HOW fast my hair grows!' is a correct exclamatory form of the given sentence. | Transform (c) Let the boy be warned. (Make it active): 0.0/1.0 The original sentence 'Let the boy be warned' is an imperative passive. The active form should be 'Warn the boy' or 'You warn the boy'. The student's answer 'please, You should warn the boy' changes the modality and meaning by adding 'should' and 'please', making it a suggestion rather than a direct active command. | Transform (d) I read books for pleasure. (Make it complex): 1.0/1.0 The transformation 'I read books, so that I get pleasure' correctly converts the simple sentence into a complex one by introducing an adverbial clause of purpose ('so that I get pleasure'). | Transform (e) I am sure that he will succeed. (Make it simple): 1.0/1.0 The transformation 'Surely, he will succeed' correctly converts the complex sentence into a simple one by replacing the noun clause 'that he will succeed' with the adverb 'Surely' which conveys the same meaning.",4.0,"(a) None but Allah can help us. (b) HOW fast my hair grows! (c) please, You should warn the boy. (d) I read books, so that I get pleasure. (e) Surely, he will succeed",0.95,"Transform (a) Only Allah can help us. (Make it negative): 1.0/1.0 The transformation 'None but Allah can help us' is grammatically correct and accurately conveys the negative form while retaining the original meaning. | Transform (b) My hair grows very fast. (Make it exclamatory): 1.0/1.0 The transformation 'HOW fast my hair grows!' is a correct exclamatory form of the given sentence. | Transform (c) Let the boy be warned. (Make it active): 0.0/1.0 The original sentence 'Let the boy be warned' is an imperative passive. The active form should be 'Warn the boy' or 'You warn the boy'. The student's answer 'please, You should warn the boy' changes the modality and meaning by adding 'should' and 'please', making it a suggestion rather than a direct active command. | Transform (d) I read books for pleasure. (Make it complex): 1.0/1.0 The transformation 'I read books, so that I get pleasure' correctly converts the simple sentence into a complex one by introducing an adverbial clause of purpose ('so that I get pleasure'). | Transform (e) I am sure that he will succeed. (Make it simple): 1.0/1.0 The transformation 'Surely, he will succeed' correctly converts the complex sentence into a simple one by replacing the noun clause 'that he will succeed' with the adverb 'Surely' which conveys the same meaning."
180052742843,English,1/5,EN,Change the following words as instructed in the brackets : (a) I nquisitive (synonym) (b) Patriot (adjective) (c) Inimical (antonym) (d) Propound (synonym) e) Sire (feminine),0.0,0,,FLAG,0.0,1.0,,5.0,marks_col,True,True,2.0,(a) ugly (b) patriotic (c) (d) distingusih (e) madam queen,0.95,"(a) Inquisitive (synonym): 0.0/1.0 The student provided 'ugly', which is not a synonym for 'inquisitive'. | (b) Patriot (adjective): 1.0/1.0 The student correctly provided 'patriotic' as the adjective form of 'patriot'. | (c) Inimical (antonym): 0.0/1.0 The student left this item blank. | (d) Propound (synonym): 0.0/1.0 The student provided 'distingusih', which is not a synonym for 'propound' and is also misspelled. | (e) Sire (feminine): 1.0/1.0 The student provided 'queen'. While 'Madam' is the direct feminine form of address for 'Sire', 'queen' is commonly accepted as the feminine equivalent in a general sense, especially in the context of royalty.",2.0,(a) ugly (b) patriotic (c) (d) distingusih (e) madam queen,0.95,"(a) Inquisitive (synonym): 0.0/1.0 The student provided 'ugly', which is not a synonym for 'inquisitive'. | (b) Patriot (adjective): 1.0/1.0 The student correctly provided 'patriotic' as the adjective form of 'patriot'. | (c) Inimical (antonym): 0.0/1.0 The student left this item blank. | (d) Propound (synonym): 0.0/1.0 The student provided 'distingusih', which is not a synonym for 'propound' and is also misspelled. | (e) Sire (feminine): 1.0/1.0 The student provided 'queen'. While 'Madam' is the direct feminine form of address for 'Sire', 'queen' is commonly accepted as the feminine equivalent in a general sense, especially in the context of royalty."
968642887479,English,9/10,EN,"Fill in the blanks with the right forms of the verbs given in the bracket: (a) It is she who _____ responsible for organizing the event. (to be) ‎(b) As long as the weather _____ fine, we continued our journey. (to remain) ‎(c) The teacher saw the students _____ attentively in the class. (listen) ‎(d) He spoke loudly so that everyone _____ hear him clearly. (can) ‎(e) By _____ hard, one can achieve success in life. (work) ‎(f) We noticed the baby _____ loudly in the next room. (cry) ‎(g) Unless he _____ careful, he may fall into trouble. (to be) ‎(h) The soldier fought bravely so that his country _____ remain free. (may) ‎( i ) She prefers _____ alone rather than in a group. (work) ‎(j) The man pretended _____ unaware of the situation. (be)",,,,NO_REDMARK,,9.0,,10.0,marks_col,True,False,9.0,a) is b) remains c) listening d) could e) working f) crying g) is h) might i) working j) to be,0.95,"(a) It is she who _____ responsible for organizing the event. (to be): 1.0/1.0 Student correctly used 'is' for subject-verb agreement. | (b) As long as the weather _____ fine, we continued our journey. (to remain): 0.0/1.0 Student wrote 'remains'. The correct form should be 'remained' to match the past tense of 'continued'. | (c) The teacher saw the students _____ attentively in the class. (listen): 1.0/1.0 Student correctly used 'listening'. Both 'listen' and 'listening' are acceptable after verbs of perception, with 'listening' emphasizing ongoing action. | (d) He spoke loudly so that everyone _____ hear him clearly. (can): 1.0/1.0 Student correctly used 'could' to match the past tense of 'spoke'. | (e) By _____ hard, one can achieve success in life. (work): 1.0/1.0 Student correctly used the gerund 'working' after the preposition 'By'. | (f) We noticed the baby _____ loudly in the next room. (cry): 1.0/1.0 Student correctly used 'crying'. Both 'cry' and 'crying' are acceptable after verbs of perception, with 'crying' emphasizing ongoing action. | (g) Unless he _____ careful, he may fall into trouble. (to be): 1.0/1.0 Student correctly used 'is' for the present conditional clause. | (h) The soldier fought bravely so that his country _____ remain free. (may): 1.0/1.0 Student correctly used 'might' to match the past tense of 'fought'. | (i) She prefers _____ alone rather than in a group. (work): 1.0/1.0 Student correctly used the gerund 'working' after 'prefers', especially with 'rather than'. | (j) The man pretended _____ unaware of the situation. (be): 1.0/1.0 Student correctly used the infinitive 'to be' after 'pretended'.",9.0,a) is b) remains c) listening d) could e) working f) crying g) is h) might i) working j) to be,0.95,"(a) It is she who _____ responsible for organizing the event. (to be): 1.0/1.0 Student correctly used 'is' for subject-verb agreement. | (b) As long as the weather _____ fine, we continued our journey. (to remain): 0.0/1.0 Student wrote 'remains'. The correct form should be 'remained' to match the past tense of 'continued'. | (c) The teacher saw the students _____ attentively in the class. (listen): 1.0/1.0 Student correctly used 'listening'. Both 'listen' and 'listening' are acceptable after verbs of perception, with 'listening' emphasizing ongoing action. | (d) He spoke loudly so that everyone _____ hear him clearly. (can): 1.0/1.0 Student correctly used 'could' to match the past tense of 'spoke'. | (e) By _____ hard, one can achieve success in life. (work): 1.0/1.0 Student correctly used the gerund 'working' after the preposition 'By'. | (f) We noticed the baby _____ loudly in the next room. (cry): 1.0/1.0 Student correctly used 'crying'. Both 'cry' and 'crying' are acceptable after verbs of perception, with 'crying' emphasizing ongoing action. | (g) Unless he _____ careful, he may fall into trouble. (to be): 1.0/1.0 Student correctly used 'is' for the present conditional clause. | (h) The soldier fought bravely so that his country _____ remain free. (may): 1.0/1.0 Student correctly used 'might' to match the past tense of 'fought'. | (i) She prefers _____ alone rather than in a group. (work): 1.0/1.0 Student correctly used the gerund 'working' after 'prefers', especially with 'rather than'. | (j) The man pretended _____ unaware of the situation. (be): 1.0/1.0 Student correctly used the infinitive 'to be' after 'pretended'."
363190904411,English,9/10,EN,"Fill in the blanks with appropriate preposition: Bangladesh is rich (a) _____ biodiversity, including forests, rivers, wetlands, and wildlife. However, many species are now (b) _____ threat due (c) _____ deforestation, pollution, and climate change. The Sundarbans, known (d) _____ the largest mangrove forest in the world, plays an important role (e) _____ maintaining ecological balance. Various laws have been introduced (f) _____ protect wildlife, but lack (g) _____ awareness among people hampers conservation efforts. Active participation (h) _____ local communities is essential ( i ) _____ the success (j) _____ biodiversity conservation programs.",,,,NO_REDMARK,,9.0,,10.0,marks_col,True,False,9.0,a) in b) in c) to d) as e) in f) to g) of h) of i) for j) of,0.95,"Fill in blank (a): 1.0/1.0 Student correctly filled 'in'. | Fill in blank (b): 0.0/1.0 Student filled 'in', but the correct preposition is 'under'. | Fill in blank (c): 1.0/1.0 Student correctly filled 'to'. | Fill in blank (d): 1.0/1.0 Student correctly filled 'as'. | Fill in blank (e): 1.0/1.0 Student correctly filled 'in'. | Fill in blank (f): 1.0/1.0 Student correctly filled 'to'. | Fill in blank (g): 1.0/1.0 Student correctly filled 'of'. | Fill in blank (h): 1.0/1.0 Student correctly filled 'of'. | Fill in blank (i): 1.0/1.0 Student correctly filled 'for'. | Fill in blank (j): 1.0/1.0 Student correctly filled 'of'.",9.0,a) in b) in c) to d) as e) in f) to g) of h) of i) for j) of,0.95,"Fill in blank (a): 1.0/1.0 Student correctly filled 'in'. | Fill in blank (b): 0.0/1.0 Student filled 'in', but the correct preposition is 'under'. | Fill in blank (c): 1.0/1.0 Student correctly filled 'to'. | Fill in blank (d): 1.0/1.0 Student correctly filled 'as'. | Fill in blank (e): 1.0/1.0 Student correctly filled 'in'. | Fill in blank (f): 1.0/1.0 Student correctly filled 'to'. | Fill in blank (g): 1.0/1.0 Student correctly filled 'of'. | Fill in blank (h): 1.0/1.0 Student correctly filled 'of'. | Fill in blank (i): 1.0/1.0 Student correctly filled 'for'. | Fill in blank (j): 1.0/1.0 Student correctly filled 'of'."
859733660028,English,10/10,EN,Change the sentences as directed. (a) He is reading a book. (Interrogative) ‎(b) What a beautiful piece of painting it is! (Assertive) ‎(c) They are playing in the garden. (Interrogative) ‎(d) I will help you. (Interrogative) ‎(e) She dances very gracefully. (Exclamatory) ‎(f) The cat is on the roof. (Negative) ‎(g) We visited the museum yesterday. (Interrogative) ‎(h) He is nothing but 15 years old. (Affirmative) ‎( i ) How wonderful the sunset is! (Assertive) ‎(j) She loves singing. (Negative),10.0,10,,GOLD,10.0,10.0,10.0,10.0,marks_col,True,True,7.0,a) Isn't he reading a book? b) It is a very beautiful piece of painting. c) Aren't they playing in the garden? d) Won't I help you? e) How gracefully she dance! f) The cat is nowhere but the roof. g) Didn't we visited the museum yesterday? h) He is only 15 years old. i) The sunset is very wonderful. j) She doesn't hate singing.,0.95,"(a) He is reading a book. (Interrogative): 1.0/1.0 Correctly transformed to 'Isn't he reading a book?' | (b) What a beautiful piece of painting it is! (Assertive): 1.0/1.0 Correctly transformed to 'It is a very beautiful piece of painting.' | (c) They are playing in the garden. (Interrogative): 1.0/1.0 Correctly transformed to 'Aren't they playing in the garden?' | (d) I will help you. (Interrogative): 1.0/1.0 Correctly transformed to 'Won't I help you?' | (e) She dances very gracefully. (Exclamatory): 0.0/1.0 Incorrect verb form. Should be 'How gracefully she dances!' or 'How gracefully does she dance!' instead of 'How gracefully she dance!' | (f) The cat is on the roof. (Negative): 0.0/1.0 Incorrect transformation. 'The cat is nowhere but the roof' implies 'The cat is only on the roof', which is an affirmative statement, not a simple negative. A correct negative would be 'The cat is not on the roof.' | (g) We visited the museum yesterday. (Interrogative): 0.0/1.0 Incorrect verb form. After 'Didn't', the main verb should be in its base form ('visit'), not past tense ('visited'). Should be 'Didn't we visit the museum yesterday?' | (h) He is nothing but 15 years old. (Affirmative): 1.0/1.0 Correctly transformed to 'He is only 15 years old.' | (i) How wonderful the sunset is! (Assertive): 1.0/1.0 Correctly transformed to 'The sunset is very wonderful.' | (j) She loves singing. (Negative): 1.0/1.0 Correctly transformed to 'She doesn't hate singing.' This is a valid negative transformation that maintains the original meaning.",6.5,a) Isn't he reading a book? b) It is a very beautiful piece of painting. c) Aren't they playing in the garden? d) Won't I help you? e) How gracefully she dance! f) The cat is nowhere but the roof roof. g) Didn't we visited the museum yesterday? h) He is only 15 years old. i) The sunset is very wonderful. j) She doesn't hate singing.,0.95,"(a) He is reading a book. (Interrogative): 1.0/1.0 Correctly transformed to a negative interrogative. | (b) What a beautiful piece of painting it is! (Assertive): 1.0/1.0 Correctly transformed to an assertive sentence. | (c) They are playing in the garden. (Interrogative): 1.0/1.0 Correctly transformed to a negative interrogative. | (d) I will help you. (Interrogative): 1.0/1.0 Correctly transformed to a negative interrogative. | (e) She dances very gracefully. (Exclamatory): 0.0/1.0 Incorrect verb form 'dance' instead of 'dances' or 'does she dance'. | (f) The cat is on the roof. (Negative): 0.5/1.0 Attempted a negative transformation using 'nowhere but', which can be valid, but the sentence is grammatically awkward and redundant with 'roof roof'. | (g) We visited the museum yesterday. (Interrogative): 0.0/1.0 Incorrect verb form 'visited' instead of 'visit' after 'Didn't'. | (h) He is nothing but 15 years old. (Affirmative): 1.0/1.0 Correctly transformed to an affirmative sentence. | (i) How wonderful the sunset is! (Assertive): 1.0/1.0 Correctly transformed to an assertive sentence. | (j) She loves singing. (Negative): 0.0/1.0 Changed the meaning by using 'hate' instead of directly negating 'love' (e.g., 'She doesn't love singing')."
324382323270,English,10/10,EN,"Fill in the blanks with suitable articles: Lake Baikal is known as (a) _____ deepest freshwater lake in the world and is situated in (b) _____ Siberia. It holds almost one-fifth of (c) _____ world’s unfrozen fresh water. Due to (d) _____ unique ecosystem, the lake supports (e) _____ wide variety of rare plants and animals found nowhere else. During (f) _____ winter season, (g) _____ surface of the lake freezes completely. This natural phenomenon turns Baikal into (h) _____ vast sheet of ice, creating ( i ) _____ spectacular sight that attracts tourists from around (j) _____ world.",,,,NO_REDMARK,,10.0,,10.0,marks_col,True,False,9.0,a) the b) X c) the d) the e) a f) the g) the h) a i) a j) the,0.95,"Blank (a): deepest freshwater lake: 1.0/1.0 Correctly identified 'the' for a superlative adjective. | Blank (b): situated in _____ Siberia: 1.0/1.0 Correctly identified that no article is needed before a proper noun (region). | Blank (c): one-fifth of _____ world’s unfrozen fresh water: 1.0/1.0 Correctly identified 'the' for 'the world'. | Blank (d): Due to _____ unique ecosystem: 0.0/1.0 Incorrectly used 'the'. 'Unique' starts with a consonant sound ('yoo-nique'), so 'a' is required. | Blank (e): supports _____ wide variety: 1.0/1.0 Correctly identified 'a' for 'wide variety'. | Blank (f): During _____ winter season: 1.0/1.0 Correctly identified 'the' for a specific season. | Blank (g): _____ surface of the lake: 1.0/1.0 Correctly identified 'the' for a specific surface. | Blank (h): into _____ vast sheet of ice: 1.0/1.0 Correctly identified 'a' for 'vast sheet'. | Blank (i): creating _____ spectacular sight: 1.0/1.0 Correctly identified 'a' for 'spectacular sight'. | Blank (j): around _____ world: 1.0/1.0 Correctly identified 'the' for 'the world'.",9.0,a) the b) X c) the d) the e) a f) the g) the h) a i) a j) the,0.95,a: 1.0/1.0 Correctly identified 'the' for a superlative adjective. | b: 1.0/1.0 Correctly identified no article ('X') for a proper noun (geographical region). | c: 1.0/1.0 Correctly identified 'the' for the unique noun 'world'. | d: 0.0/1.0 Incorrectly used 'the'. The correct article is 'a' for 'a unique ecosystem' (unique starts with a consonant sound). | e: 1.0/1.0 Correctly identified 'a' for 'a wide variety'. | f: 1.0/1.0 Correctly identified 'the' for 'the winter season'. | g: 1.0/1.0 Correctly identified 'the' for 'the surface of the lake' (specific surface). | h: 1.0/1.0 Correctly identified 'a' for 'a vast sheet of ice'. | i: 1.0/1.0 Correctly identified 'a' for 'a spectacular sight'. | j: 1.0/1.0 Correctly identified 'the' for the unique noun 'world'.
753982680878,English,6/10,EN,"Correct the following sentences: (a) He did not pay attention on what the teacher said. ‎(b) She insisted to go there alone. ‎(c) The police caught the thief red handed. ‎(d) He is superior than me in mathematics. ‎(e) Despite of his illness, he attended the meeting. ‎(f) The teacher emphasized on the importance of discipline. ‎(g) He was prevented to enter the room. ‎(h) I am not accustomed with such behavior. ‎( i ) The news are very surprising. ‎(j) He described about the incident in detail.",,,,NO_REDMARK,,6.0,,10.0,marks_col,True,False,3.0,"d) He is superior to me in mathematies. e) Despite his illness, he attenda the meeting. f) The teacher emphasized the importance of desceplone. g) He was prevented from entering the roomm. i) The news is very suropresivny. j) He described the incident in detal.",0.9,"Correction for (a) He did not pay attention on what the teacher said.: 0.0/1.0 Not attempted by the student. | Correction for (b) She insisted to go there alone.: 0.0/1.0 Not attempted by the student. | Correction for (c) The police caught the thief red handed.: 0.0/1.0 Not attempted by the student. | Correction for (d) He is superior than me in mathematics.: 0.5/1.0 The student correctly changed 'than' to 'to'. However, 'mathematics' was misspelled as 'mathematies'. | Correction for (e) Despite of his illness, he attended the meeting.: 0.5/1.0 The student correctly removed 'of' after 'Despite'. However, 'attended' was misspelled as 'attenda'. | Correction for (f) The teacher emphasized on the importance of discipline.: 0.5/1.0 The student correctly removed 'on' after 'emphasized'. However, 'discipline' was misspelled as 'desceplone'. | Correction for (g) He was prevented to enter the room.: 0.5/1.0 The student correctly changed 'to enter' to 'from entering'. However, 'room' was misspelled as 'roomm'. | Correction for (h) I am not accustomed with such behavior.: 0.0/1.0 Not attempted by the student. | Correction for (i) The news are very surprising.: 0.5/1.0 The student correctly changed 'are' to 'is'. However, 'surprising' was misspelled as 'suropresivny'. | Correction for (j) He described about the incident in detail.: 0.5/1.0 The student correctly removed 'about' after 'described'. However, 'detail' was misspelled as 'detal'.",3.0,"d) He is superior to me in mathematies. e) Despite his illness, he attenda the meeting. f) The teacher emphasized the importance of desceplone. g) He was prevented from entering the roomm. i) The news is very suropresivny. j) He described the incident in detal.",0.9,"Correction for (a) He did not pay attention on what the teacher said.: 0.0/1.0 Not attempted by the student. | Correction for (b) She insisted to go there alone.: 0.0/1.0 Not attempted by the student. | Correction for (c) The police caught the thief red handed.: 0.0/1.0 Not attempted by the student. | Correction for (d) He is superior than me in mathematics.: 0.5/1.0 The student correctly changed 'than' to 'to'. However, 'mathematics' was misspelled as 'mathematies'. | Correction for (e) Despite of his illness, he attended the meeting.: 0.5/1.0 The student correctly removed 'of' after 'Despite'. However, 'attended' was misspelled as 'attenda'. | Correction for (f) The teacher emphasized on the importance of discipline.: 0.5/1.0 The student correctly removed 'on' after 'emphasized'. However, 'discipline' was misspelled as 'desceplone'. | Correction for (g) He was prevented to enter the room.: 0.5/1.0 The student correctly changed 'to enter' to 'from entering'. However, 'room' was misspelled as 'roomm'. | Correction for (h) I am not accustomed with such behavior.: 0.0/1.0 Not attempted by the student. | Correction for (i) The news are very surprising.: 0.5/1.0 The student correctly changed 'are' to 'is'. However, 'surprising' was misspelled as 'suropresivny'. | Correction for (j) He described about the incident in detail.: 0.5/1.0 The student correctly removed 'about' after 'described'. However, 'detail' was misspelled as 'detal'."
239002911613,English,2/5,EN,Transform the following sentences as directed: (a) It was raining and I was home. (Simple) (b) Very few countries of the world are as green as Bangladesh. (Comparative) (c) Who knows him here? (Assertive) (d) Only the moon was visible in the sky. (Negative) (e) Mamun worked hard so that he might win the prize. (Compound),0.0,0,,FLAG,0.0,2.0,,5.0,marks_col,True,True,3.5,a) In the time of rainfall I was home. b) Bangladesh is greener than most other countries in the world. c) He is nama to nobody here. d) Nothing but the moon was visible in the sky. e) Mamun worked hard and he might win the prize.,0.9,"(a) It was raining and I was home. (Simple): 1.0/1.0 The transformation to 'In the time of rainfall I was home' correctly converts the compound sentence into a simple one while retaining the meaning. | (b) Very few countries of the world are as green as Bangladesh. (Comparative): 1.0/1.0 The transformation to 'Bangladesh is greener than most other countries in the world' is a correct comparative form. | (c) Who knows him here? (Assertive): 0.5/1.0 The student attempted to transform the interrogative sentence into an assertive one ('He is nama to nobody here'). The structure is correct for an assertive sentence, but the word 'nama' is a significant misspelling, likely intended to be 'known', which makes the sentence grammatically incorrect as written. | (d) Only the moon was visible in the sky. (Negative): 1.0/1.0 The transformation to 'Nothing but the moon was visible in the sky' correctly converts the sentence into a negative form while preserving the original meaning. | (e) Mamun worked hard so that he might win the prize. (Compound): 0.0/1.0 The transformation to 'Mamun worked hard and he might win the prize' changes the meaning. The original sentence implies purpose ('so that'), while the student's compound sentence simply lists two events without the same logical connection of purpose.",3.5,a) In the time of rainfall I was home. b) Bangladesh is greener than most other countries in the world. c) He is nama to nobody here. d) Nothing but the moon was visible in the sky. e) Mamun worked hard and he might win the prize.,0.9,"(a) It was raining and I was home. (Simple): 1.0/1.0 The transformation to 'In the time of rainfall I was home' correctly converts the compound sentence into a simple one while retaining the meaning. | (b) Very few countries of the world are as green as Bangladesh. (Comparative): 1.0/1.0 The transformation to 'Bangladesh is greener than most other countries in the world' is a correct comparative form. | (c) Who knows him here? (Assertive): 0.5/1.0 The student attempted to transform the interrogative sentence into an assertive one ('He is nama to nobody here'). The structure is correct for an assertive sentence, but the word 'nama' is a significant misspelling, likely intended to be 'known', which makes the sentence grammatically incorrect as written. | (d) Only the moon was visible in the sky. (Negative): 1.0/1.0 The transformation to 'Nothing but the moon was visible in the sky' correctly converts the sentence into a negative form while preserving the original meaning. | (e) Mamun worked hard so that he might win the prize. (Compound): 0.0/1.0 The transformation to 'Mamun worked hard and he might win the prize' changes the meaning. The original sentence implies purpose ('so that'), while the student's compound sentence simply lists two events without the same logical connection of purpose."
185338487986,English,2/5,EN,"Answer the following questions according to the instructions: (a) In English if two different words have the same spelling and pronunciation they are called- (b) “You can go wherever you like. ” The underlined clause is a/an- (c) Choose the appropriate gender for the blank space of the sentence- ‘The ____ gave birth to three puppies.’ (d) What is the correct meaning of the idiom, ‘A sleeping partner’? (e) Identify the correct sentence. ( i ) Which color you prefer, the red or the blue (ii) Which colour you prefer, the red or blue (iii) Which colour do you prefer, the red or the blue? (iv) Which colour you prefer more, the red or blue?",2.0,02,,GOLD,2.0,2.0,2.0,5.0,marks_col,True,True,2.0,"৩২। ৭) b) Noun clause C) bitch d) unhelpful companion e) iii) which - - - - - , the red - - - - ?",0.95,"Answer to (a): 0.0/1.0 No answer was provided for question (a). | Answer to (b): 0.0/1.0 The clause 'wherever you like' is an adverbial clause of place, not a noun clause. | Answer to (c): 1.0/1.0 The term 'bitch' is the correct gender for a female dog. | Answer to (d): 0.0/1.0 The meaning of 'A sleeping partner' is incorrect. It refers to a partner who invests capital but is not involved in management, not an 'unhelpful companion'. | Answer to (e): 1.0/1.0 The student correctly identified option (iii) as the correct sentence.",2.0,"৩২। ৭) b) Noun clause C) bitch d) unhelpful companion e) iii) which - - - - - , the red - - - - ?",0.95,"Answer to (a): 0.0/1.0 No answer was provided for question (a). | Answer to (b): 0.0/1.0 The clause 'wherever you like' is an adverbial clause of place, not a noun clause. | Answer to (c): 1.0/1.0 The term 'bitch' is the correct gender for a female dog. | Answer to (d): 0.0/1.0 The meaning of 'A sleeping partner' is incorrect. It refers to a partner who invests capital but is not involved in management, not an 'unhelpful companion'. | Answer to (e): 1.0/1.0 The student correctly identified option (iii) as the correct sentence."
283999259127,English,0/5,EN,Change the following words as instructed in the brackets : (a) Spinster (masculine) (b) Acquisition (verb) (c) Residual (antonym) (d) Propagate (synonym) (e) Maintain (Noun),0.0,0,,GOLD,0.0,0.0,0.0,5.0,marks_col,True,True,1.0,a) b) Aequse Accuse c) Temporary / Volatile d) Propaganda e) Maintainance,0.95,"Spinster (masculine): 0.0/1.0 No answer provided for this part. | Acquisition (verb): 0.0/1.0 The student provided 'Aequse Accuse'. Neither 'Aequse' (likely a misspelling of 'acquire') nor 'Accuse' is the correct verb form of 'Acquisition'. The correct verb is 'Acquire'. | Residual (antonym): 0.0/1.0 The student provided 'Temporary / Volatile'. Neither word is an appropriate antonym for 'Residual'. Antonyms could include 'original', 'initial', 'complete', 'primary'. | Propagate (synonym): 0.0/1.0 The student provided 'Propaganda'. 'Propaganda' is a noun, not a synonym (verb) for 'Propagate'. Synonyms for 'Propagate' include 'spread', 'disseminate', 'reproduce'. | Maintain (Noun): 1.0/1.0 The student provided 'Maintainance'. This is a common misspelling, but the intended noun form 'Maintenance' is clearly identifiable and correct in its transformation.",1.0,a) b) Aequse Accuse c) Temporary / Volatile d) Propaganda e) Maintainance,0.95,"Spinster (masculine): 0.0/1.0 No answer provided for this part. | Acquisition (verb): 0.0/1.0 The student provided 'Aequse Accuse'. Neither 'Aequse' (likely a misspelling of 'acquire') nor 'Accuse' is the correct verb form of 'Acquisition'. The correct verb is 'Acquire'. | Residual (antonym): 0.0/1.0 The student provided 'Temporary / Volatile'. Neither word is an appropriate antonym for 'Residual'. Antonyms could include 'original', 'initial', 'complete', 'primary'. | Propagate (synonym): 0.0/1.0 The student provided 'Propaganda'. 'Propaganda' is a noun, not a synonym (verb) for 'Propagate'. Synonyms for 'Propagate' include 'spread', 'disseminate', 'reproduce'. | Maintain (Noun): 1.0/1.0 The student provided 'Maintainance'. This is a common misspelling, but the intended noun form 'Maintenance' is clearly identifiable and correct in its transformation."
209043646177,English,2/5,EN,Answer the following questions : (a) The idiom ‘going south’ refers to _____. (b) British Bangalis are _____ important part of _____ Bangladeshi diaspora who are living abroad. (Use appropriate articles in the gaps.) (c) What is the adjective of the word “Enthusiasm”? (d) What does the phrase “Sine Die” mean? (e) Pick the correct sentence: ( i ) I owe to you (ii) I am owing to you (iii) I owe you (iv) I owe at you,2.0,02,,GOLD,2.0,2.0,2.0,5.0,marks_col,True,True,2.0,"a) b) an, the c) Enthu d) e) iii) I owe you",0.95,"Answer to (a): 0.0/1.0 The student left the answer blank. | Answer to (b): 1.0/1.0 The student correctly identified 'an' and 'the' as the appropriate articles. | Answer to (c): 0.0/1.0 The student provided 'Enthu', which is a colloquial shortening, not the correct adjective 'enthusiastic'. | Answer to (d): 0.0/1.0 The student left the answer blank. | Answer to (e): 1.0/1.0 The student correctly identified 'I owe you' as the correct sentence.",2.0,"a) b) an, the c) Enthu d) e) iii) I owe you",0.95,"Answer to (a): 0.0/1.0 The student left the answer blank. | Answer to (b): 1.0/1.0 The student correctly identified 'an' and 'the' as the appropriate articles. | Answer to (c): 0.0/1.0 The student provided 'Enthu', which is a colloquial shortening, not the correct adjective 'enthusiastic'. | Answer to (d): 0.0/1.0 The student left the answer blank. | Answer to (e): 1.0/1.0 The student correctly identified 'I owe you' as the correct sentence."
660390427750,English,3/5,EN,Rewrite the following sentences using right form of verbs: (a) It was nearly seven years since I (see) you. (b) Progress always (involve) risk. (c) It is high time he (change) his bad habits. (d) He ran away having (see) the police. (e) His pocket has been (tear).,,,,NO_REDMARK,,3.0,,5.0,marks_col,True,False,3.0,091 a) I was nearly seven years since I had seen you. b) Progress always involves risk c) It is high tim he changed his bad habits d) He ran away having see the police. e) His pocket has been teared up.,0.95,a) It was nearly seven years since I (see) you.: 1.0/1.0 The student correctly used the past perfect tense 'had seen'. | b) Progress always (involve) risk.: 1.0/1.0 The student correctly used the simple present tense 'involves'. | c) It is high time he (change) his bad habits.: 1.0/1.0 The student correctly used the simple past tense 'changed' after 'It is high time'. A minor spelling error ('tim' instead of 'time') is not penalized as it's not a verb form error. | d) He ran away having (see) the police.: 0.0/1.0 The student used 'see' instead of the correct past participle 'seen' after 'having'. | e) His pocket has been (tear).: 0.0/1.0 The student used 'teared' instead of the correct past participle 'torn'.,3.0,091 a) I was nearly seven years since I had seen you. b) Progress always involves risk c) It is high tim he changed his bad habits d) He ran away having see the police. e) His pocket has been teared up.,0.95,a) It was nearly seven years since I (see) you.: 1.0/1.0 The student correctly used the past perfect tense 'had seen'. | b) Progress always (involve) risk.: 1.0/1.0 The student correctly used the simple present tense 'involves'. | c) It is high time he (change) his bad habits.: 1.0/1.0 The student correctly used the simple past tense 'changed' after 'It is high time'. A minor spelling error ('tim' instead of 'time') is not penalized as it's not a verb form error. | d) He ran away having (see) the police.: 0.0/1.0 The student used 'see' instead of the correct past participle 'seen' after 'having'. | e) His pocket has been (tear).: 0.0/1.0 The student used 'teared' instead of the correct past participle 'torn'.
336054967593,English,1/5,EN,"Transform the following sentences as directed: (a) The slaughtering of the monster was one of the toughest jobs that he performed. (Make it positive) (b) Bangladesh is one of the strongest teams in the one-day cricket. (Make it comparative) (c) Evil thoughts made up his mind. (Make it passive) (d) What has been expected by the poor from the rich? (Make it active) (e) According to the story, no other man in the village was as wise as Nambi. (Make it superlative)",1.0,1,,GOLD,1.0,1.0,1.0,5.0,marks_col,True,True,3.0,"ob 1 a) Slaughtering the monsters was one of the toughest his performed jobs. b) Bangladesh is better than the most other teams in one-day cricket. c) His mind was made up by evil thoughts. d) What has the poor expected from the rich? e) According to the story, Nambi was the wisest man in the village.",0.9,(a) Make it positive: 0.0/1.0 The student did not transform the sentence into a positive degree. The sentence remains in a superlative form ('one of the toughest'). | (b) Make it comparative: 0.5/1.0 The student attempted to make it comparative but used 'better' instead of 'stronger' (which is acceptable) and made a grammatical error with 'the most other teams' instead of 'most other teams'. | (c) Make it passive: 1.0/1.0 Correctly transformed into passive voice. | (d) Make it active: 0.5/1.0 The student transformed it into active voice but made a subject-verb agreement error ('has' instead of 'have' with 'the poor'). | (e) Make it superlative: 1.0/1.0 Correctly transformed into superlative degree.,3.0,"ob 1 a) Slaughtering the monsters was one of the toughest his performed jobs. b) Bangladesh is better than the most other teams in one-day cricket. c) His mind was made up by evil thoughts. d) What has the poor expected from the rich? e) According to the story, Nambi was the wisest man in the village.",0.9,(a) Make it positive: 0.0/1.0 The student did not transform the sentence into a positive degree. The sentence remains in a superlative form ('one of the toughest'). | (b) Make it comparative: 0.5/1.0 The student attempted to make it comparative but used 'better' instead of 'stronger' (which is acceptable) and made a grammatical error with 'the most other teams' instead of 'most other teams'. | (c) Make it passive: 1.0/1.0 Correctly transformed into passive voice. | (d) Make it active: 0.5/1.0 The student transformed it into active voice but made a subject-verb agreement error ('has' instead of 'have' with 'the poor'). | (e) Make it superlative: 1.0/1.0 Correctly transformed into superlative degree.
324529993555,English,3/5,EN,Fill in the gaps with appropriate preposition: (a) The driver stopped just__ time to avoid an accident. (b) Mills and factories in our country throw poisonous chemicals and waste products___ water. (c) The guard left the office key___ security-in-charge. (d) Quinine cures a man___ malaria. (e) Virtue will prevail___ evils one day.,2.0,02,,FLAG,2.0,3.0,,5.0,marks_col,True,True,4.0,a) in b) into c) to d) from e) upon,0.95,"Preposition for (a): 1.0/1.0 The student correctly used 'in' for 'just in time'. | Preposition for (b): 1.0/1.0 The student correctly used 'into' for 'throw into water'. | Preposition for (c): 1.0/1.0 The student correctly used 'to' for 'left the key to security-in-charge'. | Preposition for (d): 1.0/1.0 The student used 'from', which is an acceptable preposition for 'cures a man from malaria', although 'of' is also common. | Preposition for (e): 0.0/1.0 The student used 'upon'. The correct preposition should be 'over' or 'against' for 'prevail over/against evils'. 'Prevail upon' means to persuade, which is incorrect in this context.",4.0,a) in b) into c) to d) from e) upon,0.95,"Preposition for (a): 1.0/1.0 The student correctly used 'in' for 'just in time'. | Preposition for (b): 1.0/1.0 The student correctly used 'into' for 'throw into water'. | Preposition for (c): 1.0/1.0 The student correctly used 'to' for 'left the key to security-in-charge'. | Preposition for (d): 1.0/1.0 The student used 'from', which is an acceptable preposition for 'cures a man from malaria', although 'of' is also common. | Preposition for (e): 0.0/1.0 The student used 'upon'. The correct preposition should be 'over' or 'against' for 'prevail over/against evils'. 'Prevail upon' means to persuade, which is incorrect in this context."
375756398314,English,4/5,EN,Fill in the gaps with appropriate articles: (a) This is ___ unique opportunity. (b) We had___ good breakfast yesterday. (c) The teacher pulled the boy by__ ear. (d) The horse is ___ faithful animal. (e) ___ poet Nazrul is our pride.,4.0,04,,GOLD,4.0,4.0,4.0,5.0,marks_col,True,True,4.0,a) an b) a c) the d) a e) The,0.95,"Article for 'unique opportunity': 0.0/1.0 The student wrote 'an', but 'unique' starts with a consonant sound ('yoo'), so 'a' is the correct article. | Article for 'good breakfast': 1.0/1.0 The student correctly used 'a'. | Article for 'ear' (specific): 1.0/1.0 The student correctly used 'the' for a specific body part. | Article for 'faithful animal': 1.0/1.0 The student correctly used 'a'. | Article for 'poet Nazrul': 1.0/1.0 The student correctly used 'The' for a specific, well-known person.",4.0,a) an b) a c) the d) a e) The,0.95,"Article for 'unique opportunity': 0.0/1.0 The student wrote 'an', but 'unique' starts with a consonant sound ('yoo'), so 'a' is the correct article. | Article for 'good breakfast': 1.0/1.0 The student correctly used 'a'. | Article for 'ear' (specific): 1.0/1.0 The student correctly used 'the' for a specific body part. | Article for 'faithful animal': 1.0/1.0 The student correctly used 'a'. | Article for 'poet Nazrul': 1.0/1.0 The student correctly used 'The' for a specific, well-known person."
419745239827,English,,EN,"Read the following extract and answer the questions that follow: My name is Ozymandias, king of kings; ‎ Look on my Works, ye Mighty, and despair! ‎ Nothing beside remains. Round the decay ‎ Of that colossal Wreck, boundless and bare ‎ The lone and level sands stretch far away. (a) How does the poem reflect the difference between Ozymandias's claim and reality? (b) What impression do the ‘lone and level sands’ create at the end of the poem?",,,,NO_REDMARK,,,,,none,True,False,0.0,,1.0,,0.0,,1.0,
615656408111,English,,EN,"Write a paragraph on ‘Online Learning and Its Impact on Traditional Classrooms,’ using a clear topic sentence, supporting details, and a concluding sentence.",2.0,২,,NO_MARKSCOL,2.0,,,,none,True,False,0.0,,1.0,"Title ""Online Learning and Its Impact on Traditional Classrooms"": 0/0.5 No content was provided by the student. | Introductory sentence: 0/1 No content was provided by the student. | Supporting details (global experts, virtual classes, digital tools): 0/1 No content was provided by the student. | Supporting details (traditional classrooms benefits): 0/1 No content was provided by the student. | Supporting details (teachers trained, digital literacy): 0/1 No content was provided by the student. | Concluding sentence: 0/0.5 No content was provided by the student. | Single paragraph structure: 0/0 No content was provided, so no marks can be awarded or deducted for paragraph structure. | Grammar and spelling: 0/0 No content was provided, so no marks can be awarded or deducted for grammar and spelling.",0.0,,1.0,"Title ""Online Learning and Its Impact on Traditional Classrooms"": 0/0.5 No content was provided by the student. | Introductory sentence: 0/1 No content was provided by the student. | Supporting details (global experts, virtual classes, digital tools): 0/1 No content was provided by the student. | Supporting details (traditional classrooms benefits): 0/1 No content was provided by the student. | Supporting details (teachers trained, digital literacy): 0/1 No content was provided by the student. | Concluding sentence: 0/0.5 No content was provided by the student. | Single paragraph structure: 0/0 No content was provided, so no marks can be awarded or deducted for paragraph structure. | Grammar and spelling: 0/0 No content was provided, so no marks can be awarded or deducted for grammar and spelling."
268771546942,English,,EN,"Make meaningful sentences with the following words: Ambivalent, Exacerbate, Tenacity, Clandestine, Discern",,,,NO_REDMARK,,,,,none,True,False,0.0,,1.0,Ambivalent: 0/0.5 No answer provided for this word. | Exacerbate: 0/0.5 No answer provided for this word. | Tenacity: 0/0.5 No answer provided for this word. | Clandestine: 0/0.5 No answer provided for this word. | Discern: 0/0.5 No answer provided for this word.,0.0,,1.0,Ambivalent: 0/0.5 No answer provided for this word. | Exacerbate: 0/0.5 No answer provided for this word. | Tenacity: 0/0.5 No answer provided for this word. | Clandestine: 0/0.5 No answer provided for this word. | Discern: 0/0.5 No answer provided for this word.
637151931826,English,5/5,EN,"Write a well-organised paragraph on ‘River Systems of Bangladesh and Their Economic Importance’ in the space provided, considering the elements of a paragraph, such as topic sentence, supporting detail sentences and conclusion.",4.5,4.5,,FLAG,4.5,5.0,,5.0,marks_col,True,True,2.0,"River System of Bangladesh and their Economic Importance Rivers are very important element for any civilization for various reasons such as transportation, living, fresh water for living etc. Bangladesh is a riverine country because it has so many rivers. From the ancient age urban areas were built on the bank of the rivers, for example Egypt on the bank of Nile, Dhaka on the bank of Buriganga etc. Rivers give a easy passage way for trade, market etc. Fisheries and so many other things depend on the rivers.",0.9,"Title: 'River Systems of Bangladesh and Their Economic Importance': 0.5/0.5 The student provided a title very similar to the model: 'River System of Bangladesh and their Economic Importance'. Minor singular/plural and capitalization differences are acceptable. | Topic Sentence: 0.5/0.5 The student's opening sentences 'Rivers are very important element for any civilization for various reasons such as transportation, living, fresh water for living etc. Bangladesh is a riverine country because it has so many rivers.' effectively introduce the topic and its importance, serving as a topic sentence. | Economic Benefits (Supporting Details): 2.0/3.5 The student mentioned transportation ('transportation', 'easy passage way for trade, market') and the fishing industry ('Fisheries and so many other things depend on the rivers'). However, the crucial economic benefit of agriculture (irrigation, fertile land, rice cultivation, food security) was entirely missed. Other points like 'fresh water for living' and 'urban areas were built' are less direct economic benefits or historical context rather than detailed economic support. | Conclusion: 0.0/0.5 The paragraph ends abruptly with 'Fisheries and so many other things depend on the rivers.', which is a supporting detail rather than a concluding statement that summarizes or offers a forward-looking perspective as required by the model. | Single Paragraph Format: 0.0/0.0 The answer is written as a single paragraph, so no deduction is applied. | Grammar and Spelling Deductions: -1.0/0.0 There are multiple grammar and spelling mistakes (more than 3): 'important element' (should be 'an important element' or 'important elements'), 'civillization' (civilization), 'vasious' (various), 'fering beme fresh water' (should be 'providing fresh water' or 'being a source of fresh water'), 'a easy' (an easy), 'xample' (example), 'at on the bank' (on the bank). A deduction of 1.0 mark is applied for three or more mistakes.",2.0,"River System of Bangladesh and their Economic Importance Rivers are very important element for any civilization for various reasons such as transportation, living, fresh water for living etc. Bangladesh is a riverine country because it has so many rivers. From the ancient age urban areas were built on the bank of the rivers, for example Egypt on the bank of Nile, Dhaka on the bank of Buriganga etc. Rivers give a easy passage way for trade, market etc. Fisheries and so many other things depend on the rivers.",0.9,"Title: 'River Systems of Bangladesh and Their Economic Importance': 0.5/0.5 The student provided a title very similar to the model: 'River System of Bangladesh and their Economic Importance'. Minor singular/plural and capitalization differences are acceptable. | Topic Sentence: 0.5/0.5 The student's opening sentences 'Rivers are very important element for any civilization for various reasons such as transportation, living, fresh water for living etc. Bangladesh is a riverine country because it has so many rivers.' effectively introduce the topic and its importance, serving as a topic sentence. | Economic Benefits (Supporting Details): 2.0/3.5 The student mentioned transportation ('transportation', 'easy passage way for trade, market') and the fishing industry ('Fisheries and so many other things depend on the rivers'). However, the crucial economic benefit of agriculture (irrigation, fertile land, rice cultivation, food security) was entirely missed. Other points like 'fresh water for living' and 'urban areas were built' are less direct economic benefits or historical context rather than detailed economic support. | Conclusion: 0.0/0.5 The paragraph ends abruptly with 'Fisheries and so many other things depend on the rivers.', which is a supporting detail rather than a concluding statement that summarizes or offers a forward-looking perspective as required by the model. | Single Paragraph Format: 0.0/0.0 The answer is written as a single paragraph, so no deduction is applied. | Grammar and Spelling Deductions: -1.0/0.0 There are multiple grammar and spelling mistakes (more than 3): 'important element' (should be 'an important element' or 'important elements'), 'civillization' (civilization), 'vasious' (various), 'fering beme fresh water' (should be 'providing fresh water' or 'being a source of fresh water'), 'a easy' (an easy), 'xample' (example), 'at on the bank' (on the bank). A deduction of 1.0 mark is applied for three or more mistakes."
313831667620,English,,EN,"Make meaningful sentences with the following words: Ubiquitous, Scrutinize, Mitigate, Benevolent, Incontrovertible",,,,NO_REDMARK,,,,,none,True,False,0.0,,1.0,Meaningful sentence with 'Ubiquitous': 0/0.5 No answer provided. | Meaningful sentence with 'Scrutinize': 0/0.5 No answer provided. | Meaningful sentence with 'Mitigate': 0/0.5 No answer provided. | Meaningful sentence with 'Benevolent': 0/0.5 No answer provided. | Meaningful sentence with 'Incontrovertible': 0/0.5 No answer provided.,0.0,,1.0,Meaningful sentence with 'Ubiquitous': 0/0.5 No answer provided. | Meaningful sentence with 'Scrutinize': 0/0.5 No answer provided. | Meaningful sentence with 'Mitigate': 0/0.5 No answer provided. | Meaningful sentence with 'Benevolent': 0/0.5 No answer provided. | Meaningful sentence with 'Incontrovertible': 0/0.5 No answer provided.
426347258079,English,,EN,"Compose a paragraph in approximately 100 words exploring how war between states affects economic progress, education, and human rights. Maintain a critical tone and present your points with clarity and logical flow.",2.0,২,,NO_MARKSCOL,2.0,,,,none,True,False,0.0,,1.0,"Title: 0/0.5 No title provided. | Introductory sentence: 0/1 No introductory sentence provided. | Discussion of armed conflicts destroying infrastructure, displacing populations, collapsing economies, and halting education/healthcare: 0/1 No content provided. | Discussion of wars consuming national budgets, diverting resources, and psychological scarring: 0/1 No content provided. | Discussion of war fueling mistrust, division, instability, and reversing progress: 0/1 No content provided. | Conclusion: 0/0.5 No conclusion provided.",0.0,,1.0,"Title: 0/0.5 No title provided. | Introductory sentence: 0/1 No introductory sentence provided. | Discussion of armed conflicts destroying infrastructure, displacing populations, collapsing economies, and halting education/healthcare: 0/1 No content provided. | Discussion of wars consuming national budgets, diverting resources, and psychological scarring: 0/1 No content provided. | Discussion of war fueling mistrust, division, instability, and reversing progress: 0/1 No content provided. | Conclusion: 0/0.5 No conclusion provided."
698439339209,English,,EN,"Read the following extract and answer questions that follow: I wandered lonely as a cloud That floats on high o’er vales and hills, When all at once I saw a crowd, A host, of golden daffodils; Beside the lake, beneath the trees, Fluttering and dancing in the breeze. ( a) Identify and explain any one literary device used in the extract. ( b) How does the imagery of the “host of golden daffodils” contribute to the poem’s emotional tone?",,,,NO_REDMARK,,,,,none,True,False,0.0,,1.0,(a) Identify and explain any one literary device: 0/1.5 No answer provided by the student. | (b) How does the imagery of the “host of golden daffodils” contribute to the poem’s emotional tone?: 0/1 No answer provided by the student.,0.0,,1.0,(a) Identify and explain any one literary device: 0/1.5 No answer provided by the student. | (b) How does the imagery of the “host of golden daffodils” contribute to the poem’s emotional tone?: 0/1 No answer provided by the student.
252249661658,English,,EN,"Read the following extract and answer the following question: Two roads diverged in a wood, and I — I took the one less traveled by, And that has made all the difference . Yet still I doubt if I should ever come back To where the yellow leaves lay half in sun, Half in shade beneath the autumn sky. – Robert Frost Identify and explain any one literary device used in the above extract.",,,,NO_REDMARK,,,,,none,True,False,0.0,,1.0,"Identify literary device (e.g., metaphor): 0/0.5 No answer provided by the student. | Explain the representation of 'two roads' and 'one less traveled by': 0/1 No answer provided by the student. | Explain the impact of the metaphor and 'made all the difference': 0/1 No answer provided by the student.",0.0,,1.0,"Identify literary device (e.g., metaphor): 0/0.5 No answer provided by the student. | Explain the representation of 'two roads' and 'one less traveled by': 0/1 No answer provided by the student. | Explain the impact of the metaphor and 'made all the difference': 0/1 No answer provided by the student."
339328124351,English,,EN,"Why are ethical guidelines essential in fields like medical testing, genetic engineering, and AI (Artificial Intelligence) research? Write a paragraph in approximately 100 words maintaining proper structure with a clear topic sentence, logical development, and a concluding sentence.",2.0,২,,NO_MARKSCOL,2.0,,,,none,True,False,0.0,,1.0,"Title: 0/0.5 No title was written by the student. | Introductory sentence: 0/1 No introductory sentence was written by the student. | Content on medical testing guidelines: 0/1.5 No content on medical testing guidelines was written by the student. | Content on genetic engineering guidelines: 0/1 No content on genetic engineering guidelines was written by the student. | Concluding sentence: 0/1 No concluding sentence was written by the student. | Paragraph structure (single paragraph): 0/0 No paragraph was written, so this criterion is not applicable for deduction or award. | Grammar and spelling: 0/0 No text was written, so no grammar or spelling mistakes could be assessed.",0.0,,1.0,"Title: 0/0.5 No title was written by the student. | Introductory sentence: 0/1 No introductory sentence was written by the student. | Content on medical testing guidelines: 0/1.5 No content on medical testing guidelines was written by the student. | Content on genetic engineering guidelines: 0/1 No content on genetic engineering guidelines was written by the student. | Concluding sentence: 0/1 No concluding sentence was written by the student. | Paragraph structure (single paragraph): 0/0 No paragraph was written, so this criterion is not applicable for deduction or award. | Grammar and spelling: 0/0 No text was written, so no grammar or spelling mistakes could be assessed."
172783502475,English,,EN,"Make meaningful sentences with the following words: Dogmatic , Recess, Obsession, Absurdity, Dissolve.",,,,NO_REDMARK,,,,,none,True,False,0.0,,1.0,Dogmatic - meaningful sentence: 0/0.5 No answer provided by the student. | Recess - meaningful sentence: 0/0.5 No answer provided by the student. | Obsession - meaningful sentence: 0/0.5 No answer provided by the student. | Absurdity - meaningful sentence: 0/0.5 No answer provided by the student. | Dissolve - meaningful sentence: 0/0.5 No answer provided by the student.,0.0,,1.0,Dogmatic - meaningful sentence: 0/0.5 No answer provided by the student. | Recess - meaningful sentence: 0/0.5 No answer provided by the student. | Obsession - meaningful sentence: 0/0.5 No answer provided by the student. | Absurdity - meaningful sentence: 0/0.5 No answer provided by the student. | Dissolve - meaningful sentence: 0/0.5 No answer provided by the student.
175959327933,English,,EN,"Make meaningful sentences with the following words: Articulate, Transcend, Ambiguous, Formidable, Magnanimous",,,,NO_REDMARK,,,,,none,True,False,0.0,,1.0,Articulate sentence: 0/0.5 No sentence provided. | Transcend sentence: 0/0.5 No sentence provided. | Ambiguous sentence: 0/0.5 No sentence provided. | Formidable sentence: 0/0.5 No sentence provided. | Magnanimous sentence: 0/0.5 No sentence provided.,0.0,,1.0,Articulate sentence: 0/0.5 No sentence provided. | Transcend sentence: 0/0.5 No sentence provided. | Ambiguous sentence: 0/0.5 No sentence provided. | Formidable sentence: 0/0.5 No sentence provided. | Magnanimous sentence: 0/0.5 No sentence provided.
626333847650,English,,EN,Write a paragraph in approximately 100 words analyzing how digital communication is changing the way people connect and interact. Focus on both positive and negative effects with an academic tone and paragraph structure.,2.0,২,,NO_MARKSCOL,2.0,,,,none,True,False,0.0,,1.0,Title: 0/0.5 No title was provided. | Introductory sentence: 0/1 No introductory sentence was provided. | Positive effects: 0/1.5 No discussion of positive effects was provided. | Negative effects: 0/1.5 No discussion of negative effects was provided. | Conclusion: 0/0.5 No conclusion was provided.,0.0,,1.0,Title: 0/0.5 No title was provided. | Introductory sentence: 0/1 No introductory sentence was provided. | Positive effects: 0/1.5 No discussion of positive effects was provided. | Negative effects: 0/1.5 No discussion of negative effects was provided. | Conclusion: 0/0.5 No conclusion was provided.
267270135286,English,,EN,"Read the following extract and answer questions that follow: ""Success is counted sweetest By those who ne’er succeed. To comprehend a nectar Requires sorest need. Not one of all the purple Host Who took the Flag today Can tell the definition So clear of Victory…"" – Emily Dickinson (a) Who values success most according to the poet? ‎(b) What do the words ‘nectar’ and ‘sorest need’ symbolize?",,,,NO_REDMARK,,,,,none,True,False,0.0,,1.0,Answer to part (a): 0/1 No answer provided by the student. | Answer to part (b): 0/1.5 No answer provided by the student.,0.0,,1.0,Answer to part (a): 0/1 No answer provided by the student. | Answer to part (b): 0/1.5 No answer provided by the student.
599527796836,English,,EN,"Write a well organised paragraph on ‘The Value of Time’ in the space provided, considering the element of a paragraph, such as topic sentence, supporting detail sentences and conclusion.",,,,NO_REDMARK,,,,,none,True,False,0.0,,1.0,"For writing Title, 'The Value of Time': 0/0.5 No title was written by the student. | For writing topic sentence: 0/1.5 No topic sentence was written by the student. | For writing supporting detail sentences: 0/1.5 No supporting detail sentences were written by the student. | For writing conclusion: 0/1.5 No conclusion was written by the student. | Paragraph structure (single paragraph): 0/0 No content was provided, so this criterion for deduction is not applicable. | Grammar or spelling mistakes: 0/0 No content was provided, so this criterion for deduction is not applicable.",0.0,,1.0,"For writing Title, 'The Value of Time': 0/0.5 No title was written by the student. | For writing topic sentence: 0/1.5 No topic sentence was written by the student. | For writing supporting detail sentences: 0/1.5 No supporting detail sentences were written by the student. | For writing conclusion: 0/1.5 No conclusion was written by the student. | Paragraph structure (single paragraph): 0/0 No content was provided, so this criterion for deduction is not applicable. | Grammar or spelling mistakes: 0/0 No content was provided, so this criterion for deduction is not applicable."
979630435902,English,,EN,"Fill in the blanks with suitable words from the list below: (List: attentive, stress, creative, harmony, support, respectful)‎ In order to build a positive and effective learning environment, both students and teachers must fulfill their roles with dedication. A good student should always be (a) ______ during lessons, actively listening and engaging with the content, while also being (b) _____ toward teachers and classmates to maintain a polite and inclusive atmosphere. On the other hand, teachers should offer emotional and academic (c) ______ to students who may be experiencing (d) ______ due to pressure or workload. They must also promote a classroom environment filled with harmony and understanding, where (e) ______ thinking is encouraged and celebrated as a part of learning.",,২,,NO_REDMARK,,,,,none,True,False,0.0,,1.0,(a) attentive: 0/0.5 No answer provided by the student. | (b) respectful: 0/0.5 No answer provided by the student. | (c) support: 0/0.5 No answer provided by the student. | (d) stress: 0/0.5 No answer provided by the student. | (e) creative: 0/0.5 No answer provided by the student.,0.0,,1.0,(a) attentive: 0/0.5 No answer provided by the student. | (b) respectful: 0/0.5 No answer provided by the student. | (c) support: 0/0.5 No answer provided by the student. | (d) stress: 0/0.5 No answer provided by the student. | (e) creative: 0/0.5 No answer provided by the student.
237336347153,English,,EN,"Make meaningful sentences with the following words: Euphoria, Reluctant, Mitigate, Omnipresent, Proactive",,,,NO_REDMARK,,,,,none,True,False,0.0,,1.0,Euphoria: 0/0.5 No answer provided. | Reluctant: 0/0.5 No answer provided. | Mitigate: 0/0.5 No answer provided. | Omnipresent: 0/0.5 No answer provided. | Proactive: 0/0.5 No answer provided.,0.0,,1.0,Euphoria: 0/0.5 No answer provided. | Reluctant: 0/0.5 No answer provided. | Mitigate: 0/0.5 No answer provided. | Omnipresent: 0/0.5 No answer provided. | Proactive: 0/0.5 No answer provided.
870967429460,English,5/2,EN,Fill in the blanks with suitable modals: (a) You ___ wear a helmet while riding a motorcycle. (b) She ___ be at the library now; I saw her leave home an hour ago. (c) They ___ not enter the classroom without permission. (d) I ___ call him later to confirm the meeting. (e) We ___ finish the project today if we work together.,1.0,1,,NO_MARKSCOL,1.0,,,2.5,marks_col,True,True,2.0,a) should b) would c) may d) will e) can,0.95,"(a) You ___ wear a helmet while riding a motorcycle.: 0.5/0.5 Student answered 'should', which is a correct suitable modal. | (b) She ___ be at the library now; I saw her leave home an hour ago.: 0.0/0.5 Student answered 'would', which is not a suitable modal. The context requires a modal expressing impossibility or strong deduction, such as 'can't' or 'cannot'. | (c) They ___ not enter the classroom without permission.: 0.5/0.5 Student answered 'may', which makes the sentence 'They may not enter...', a correct suitable modal for prohibition. | (d) I ___ call him later to confirm the meeting.: 0.5/0.5 Student answered 'will', which is a correct suitable modal. | (e) We ___ finish the project today if we work together.: 0.5/0.5 Student answered 'can', which is a correct suitable modal.",2.0,a) should b) would c) may d) will e) can,0.95,"(a) You ___ wear a helmet while riding a motorcycle.: 0.5/0.5 Student answered 'should', which is a correct suitable modal. | (b) She ___ be at the library now; I saw her leave home an hour ago.: 0.0/0.5 Student answered 'would', which is not a suitable modal. The context requires a modal expressing impossibility or strong deduction, such as 'can't' or 'cannot'. | (c) They ___ not enter the classroom without permission.: 0.5/0.5 Student answered 'may', which makes the sentence 'They may not enter...', a correct suitable modal for prohibition. | (d) I ___ call him later to confirm the meeting.: 0.5/0.5 Student answered 'will', which is a correct suitable modal. | (e) We ___ finish the project today if we work together.: 0.5/0.5 Student answered 'can', which is a correct suitable modal."
761450492696,English,,EN,"Read the following extract and answer the questions that follow: My name is Ozymandias, king of kings; ‎ Look on my Works, ye Mighty, and despair! ‎ Nothing beside remains. Round the decay ‎ Of that colossal Wreck, boundless and bare ‎ The lone and level sands stretch far away. (a) How does the poem reflect the difference between Ozymandias's claim and reality? (b) What impression do the ‘lone and level sands’ create at the end of the poem?",,,,NO_REDMARK,,,,,none,True,False,0.0,,1.0,How does the poem reflect the difference between Ozymandias's claim and reality?: 0/1.5 No answer provided by the student. | What impression do the ‘lone and level sands’ create at the end of the poem?: 0/1 No answer provided by the student.,0.0,,1.0,How does the poem reflect the difference between Ozymandias's claim and reality?: 0/1.5 No answer provided by the student. | What impression do the ‘lone and level sands’ create at the end of the poem?: 0/1 No answer provided by the student.
