id,subject,marks_col,question_source,question_text,red_score,red_score_raw,full_marks_on_page,status,gold_score,token_score,matched,full_marks,full_marks_source,full_marks_reliable,gold_usable,score_rubric,transcription_rubric,confidence_rubric,reasoning_rubric,score_solution,transcription_solution,confidence_solution,reasoning_solution
388557965760,Biology,5/2,EN,Define: ( i ) Bivalent (ii) Synapsis ( iii) Tetrad ( iv) Chiasma (v) Crossing over,2.5,2.5,,NO_MARKSCOL,2.5,,,2.5,marks_col,True,True,1.9,2. Ci) Due to formation of synapsis of homologous Chromosomes; Number of paired chromosomes is bivalent. Cii) Formation of pair between two homologous chromosomes is synapsis. Ciii) Due to formation of chiasma between non-sister chromatids; tetrad state occurs. Civ) the n-shaped junction of two non-sister chromatids in pachytene stage is chiasma. Cv) The interchange of parts between two non-sister chromatids is crossing over.,0.95,"Bivalent: 0.5/0.5 Correctly identifies bivalent as paired homologous chromosomes formed during synapsis. | Synapsis: 0.5/0.5 Correctly defines synapsis as the pairing of homologous chromosomes. | Tetrad: 0.0/0.5 The definition is indirect and describes an event related to tetrads (chiasma formation) rather than defining what a tetrad is (a structure of four chromatids). | Chiasma: 0.4/0.5 Mostly correct, identifies it as a junction between non-sister chromatids in pachytene, but describes it as 'n-shaped' instead of 'X-shaped' or simply a point of contact. | Crossing over: 0.5/0.5 Correctly defines crossing over as the interchange of parts between non-sister chromatids.",1.9,2. Ci) Due to formation of synapsis of homologous Chromosomes; Number of paired chromosomes is bivalent. Cii) Formation of pair between two homologous chromosomes is synapsis. Ciii) Due to formation of chiasma between non-sister chromatids; tetrad state occurs. Civ) the n-shaped junction of two non-sister chromatids in pachytene stage is chiasma. Cv) The interchange of parts between two non-sister chromatids is crossing over.,0.95,"Bivalent: 0.5/0.5 Correctly identifies bivalent as paired homologous chromosomes formed during synapsis. | Synapsis: 0.5/0.5 Correctly defines synapsis as the pairing of homologous chromosomes. | Tetrad: 0.0/0.5 The definition is indirect and describes an event related to tetrads (chiasma formation) rather than defining what a tetrad is (a structure of four chromatids). | Chiasma: 0.4/0.5 Mostly correct, identifies it as a junction between non-sister chromatids in pachytene, but describes it as 'n-shaped' instead of 'X-shaped' or simply a point of contact. | Crossing over: 0.5/0.5 Correctly defines crossing over as the interchange of parts between non-sister chromatids."
894483107494,Biology,5/2,EN,What is multiple allelism? Which gametes will be formed from \(AaBb\) genotypic organism?,2.5,2.5,,NO_MARKSCOL,2.5,,,2.5,marks_col,True,True,2.5,"3. When multiple alleles in a specific locus of a homologous Chromosomes control a specific trait, it is called multiple allelism. Gametes! i) AB ii) Ab iii) aB iv) ab",1.0,"Definition of multiple allelism: 1.0/1.0 The student provided a correct and comprehensive definition of multiple allelism, mentioning multiple alleles at a specific locus on homologous chromosomes controlling a specific trait. | Gametes formed from AaBb: 1.5/1.5 The student correctly identified all four possible gametes (AB, Ab, aB, ab) that can be formed from an AaBb genotypic organism.",2.5,"3. When multiple alleles in a specific locus of a homologous Chromosomes control a specific trait, it is called multiple allelism. Gametes! i) AB ii) Ab iii) aB iv) ab",1.0,"Definition of multiple allelism: 1.0/1.0 The student provided a correct and comprehensive definition of multiple allelism, mentioning multiple alleles at a specific locus on homologous chromosomes controlling a specific trait. | Gametes formed from AaBb: 1.5/1.5 The student correctly identified all four possible gametes (AB, Ab, aB, ab) that can be formed from an AaBb genotypic organism."
657037053129,Biology,1/2,EN,Write the names of malaria parasite and their latent period.,2.25,2.25,,NO_MARKSCOL,2.25,,,0.5,inconsistent(gold>full),False,False,0.5,4. i.) Plasmodium falciparum! 8-15 days ii.) Plasmodium vivax! 12-16 days. iii.) Plasmodium malariae! 18-40 days. iv.) Plasmodium ovale! 11-16 days,1.0,"Correctly identified Plasmodium falciparum and its latent period: 0.25/0.25 The student correctly identified Plasmodium falciparum and its latent period (8-15 days), matching the model solution. | Provided additional correct malaria parasites and their latent periods: 0.25/0.25 The student provided additional correct information for Plasmodium vivax, Plasmodium malariae, and Plasmodium ovale, along with their accurate latent periods, demonstrating comprehensive knowledge.",0.5,4. i.) Plasmodium falciparum! 8-15 days ii.) Plasmodium vivax! 12-16 days. iii.) Plasmodium malariae! 18-40 days. iv.) Plasmodium ovale! 11-16 days,1.0,"Correctly identified Plasmodium falciparum and its latent period: 0.25/0.25 The student correctly identified Plasmodium falciparum and its latent period (8-15 days), matching the model solution. | Provided additional correct malaria parasites and their latent periods: 0.25/0.25 The student provided additional correct information for Plasmodium vivax, Plasmodium malariae, and Plasmodium ovale, along with their accurate latent periods, demonstrating comprehensive knowledge."
560244588512,Biology,5/2,EN,Write down five differences between Vertebrates and Invertebrate.,2.0,2,,NO_MARKSCOL,2.0,,,2.5,marks_col,True,True,1.5,1. Vertebrates (i) Notochord turns into backbone. (ii) Nerve chord transforming into Brain and spinal chord. (iii) Gill slits to transform into Lungs & skin in uterus. (iv) Give birth in uterus. (v) Nerve -> dorsal; heart -> ventral region Invertebrates (i) No backbone. (ii) No transformation in nerve chord. (iii) Gill slits doesn't undergo change. (iv) Doesn't give birth in uterus. (v) Nerve -> ventral; heart -> dorsal region,0.9,"Notochord/Backbone presence and development: 0.5/0.5 The student correctly identifies that vertebrates have a notochord that develops into a backbone, while invertebrates lack a backbone. | Nerve chord transformation/structure: 0.5/0.5 The student correctly states that the nerve cord in vertebrates transforms into the brain and spinal cord, and implies no such transformation in invertebrates, which is a valid difference. | Gill slits development/presence: 0.0/0.5 The statement that gill slits transform into lungs and skin in vertebrates is incorrect. Gill slits (pharyngeal slits) are embryonic features that may persist or close, but do not become lungs and skin. Lungs develop from the foregut. The invertebrate counterpart is also vague and not a clear difference. | Reproduction method (birth in uterus): 0.0/0.5 Stating that vertebrates 'give birth in uterus' is only true for viviparous mammals, not all vertebrates (e.g., birds lay eggs). Therefore, this is not a universal difference between all vertebrates and invertebrates. | Position of nerve cord and heart: 0.5/0.5 The student correctly identifies that vertebrates have a dorsal nerve cord and a ventral heart, while many invertebrates have a ventral nerve cord and a dorsal heart, which is a fundamental anatomical difference.",1.5,1. Vertebrates (i) Notochord turns into backbone. (ii) Nerve chord transforming into Brain and spinal chord. (iii) Gill slits to transform into Lungs & skin in uterus. (iv) Give birth in uterus. (v) Nerve -> dorsal; heart -> ventral region Invertebrates (i) No backbone. (ii) No transformation in nerve chord. (iii) Gill slits doesn't undergo change. (iv) Doesn't give birth in uterus. (v) Nerve -> ventral; heart -> dorsal region,0.9,"Notochord/Backbone presence and development: 0.5/0.5 The student correctly identifies that vertebrates have a notochord that develops into a backbone, while invertebrates lack a backbone. | Nerve chord transformation/structure: 0.5/0.5 The student correctly states that the nerve cord in vertebrates transforms into the brain and spinal cord, and implies no such transformation in invertebrates, which is a valid difference. | Gill slits development/presence: 0.0/0.5 The statement that gill slits transform into lungs and skin in vertebrates is incorrect. Gill slits (pharyngeal slits) are embryonic features that may persist or close, but do not become lungs and skin. Lungs develop from the foregut. The invertebrate counterpart is also vague and not a clear difference. | Reproduction method (birth in uterus): 0.0/0.5 Stating that vertebrates 'give birth in uterus' is only true for viviparous mammals, not all vertebrates (e.g., birds lay eggs). Therefore, this is not a universal difference between all vertebrates and invertebrates. | Position of nerve cord and heart: 0.5/0.5 The student correctly identifies that vertebrates have a dorsal nerve cord and a ventral heart, while many invertebrates have a ventral nerve cord and a dorsal heart, which is a fundamental anatomical difference."
564641797057,Biology,5/2,EN,Write the name of sites of different steps of aerobic respiration. Which step is called the common pathway of respiration?,2.5,2.5,,NO_MARKSCOL,2.5,,,2.5,marks_col,True,True,2.5,"2. Ci-) Glycolyens: Cytoplasm. Cii-) Acetyl Co-A formation: Mitochondrial matran. Ciii-) Krebs cycle: Mitochondrial matran. Civ-) Electron transfer: Inner membrane / cristae mitochondria. Common Pathway is ""Glycolysis"".",0.95,"Site of Glycolysis: 0.5/0.5 Correctly identified cytoplasm as the site of glycolysis, despite misspelling 'Glycolysis' as 'Glycolyens'. | Site of Acetyl Co-A formation: 0.5/0.5 Correctly identified mitochondrial matrix as the site of Acetyl Co-A formation, despite misspelling 'matrix' as 'matran'. | Site of Krebs cycle: 0.5/0.5 Correctly identified mitochondrial matrix as the site of the Krebs cycle, despite misspelling 'matrix' as 'matran'. | Site of Electron transfer (ETC): 0.5/0.5 Correctly identified the inner mitochondrial membrane/cristae as the site of electron transfer. | Common pathway of respiration: 0.5/0.5 Correctly identified glycolysis as the common pathway of respiration.",2.5,"2. Ci-) Glycolyens: Cytoplasm. Cii-) Acetyl Co-A formation: Mitochondrial matran. Ciii-) Krebs cycle: Mitochondrial matran. Civ-) Electron transfer: Inner membrane / cristae mitochondria. Common Pathway is ""Glycolysis"".",0.95,"Site of Glycolysis: 0.5/0.5 Correctly identified cytoplasm as the site of glycolysis, despite misspelling 'Glycolysis' as 'Glycolyens'. | Site of Acetyl Co-A formation: 0.5/0.5 Correctly identified mitochondrial matrix as the site of Acetyl Co-A formation, despite misspelling 'matrix' as 'matran'. | Site of Krebs cycle: 0.5/0.5 Correctly identified mitochondrial matrix as the site of the Krebs cycle, despite misspelling 'matrix' as 'matran'. | Site of Electron transfer (ETC): 0.5/0.5 Correctly identified the inner mitochondrial membrane/cristae as the site of electron transfer. | Common pathway of respiration: 0.5/0.5 Correctly identified glycolysis as the common pathway of respiration."
821465883373,Biology,5/2,EN,What is sex linked inheritance? Mention any four sex linked disorders with their symptoms.,2.5,2.5,,NO_MARKSCOL,2.5,,,2.5,marks_col,True,True,2.5,3. The characteristics which is transferred to offspring by sex chromosome is sex linked inheritance. (i) Colour-blindness: fail to differentiated red-green. (ii) Haemophilia: Blood clotting complexities. (iii) Duchenne muscular dystrophy: Muscular dysfunction (iv) Testicular feminization: Man turns into woman.,0.95,"Definition of sex-linked inheritance: 0.5/0.5 The definition provided is accurate and concise: 'The characteristics which is transferred to offspring by sex chromosome is sex linked inheritance.' | First sex-linked disorder and symptom: 0.5/0.5 Correctly identified Colour-blindness and its symptom 'fail to differentiated red-green'. | Second sex-linked disorder and symptom: 0.5/0.5 Correctly identified Haemophilia and its symptom 'Blood clotting complexities'. | Third sex-linked disorder and symptom: 0.5/0.5 Correctly identified Duchenne muscular dystrophy and its symptom 'Muscular dysfunction'. | Fourth sex-linked disorder and symptom: 0.5/0.5 Correctly identified Testicular feminization (Androgen Insensitivity Syndrome) and provided an understandable, albeit simplified, symptom 'Man turns into woman' which describes the phenotypic outcome.",2.5,3. The characteristics which is transferred to offspring by sex chromosome is sex linked inheritance. (i) Colour-blindness: fail to differentiated red-green. (ii) Haemophilia: Blood clotting complexities. (iii) Duchenne muscular dystrophy: Muscular dysfunction (iv) Testicular feminization: Man turns into woman.,0.95,"Definition of sex-linked inheritance: 0.5/0.5 The definition provided is accurate and concise: 'The characteristics which is transferred to offspring by sex chromosome is sex linked inheritance.' | First sex-linked disorder and symptom: 0.5/0.5 Correctly identified Colour-blindness and its symptom 'fail to differentiated red-green'. | Second sex-linked disorder and symptom: 0.5/0.5 Correctly identified Haemophilia and its symptom 'Blood clotting complexities'. | Third sex-linked disorder and symptom: 0.5/0.5 Correctly identified Duchenne muscular dystrophy and its symptom 'Muscular dysfunction'. | Fourth sex-linked disorder and symptom: 0.5/0.5 Correctly identified Testicular feminization (Androgen Insensitivity Syndrome) and provided an understandable, albeit simplified, symptom 'Man turns into woman' which describes the phenotypic outcome."
229581767323,Biology,5/2,EN,Write down 5 differences between tissue culture and recombinant DNA technology.,2.5,2.5,,NO_MARKSCOL,2.5,,,2.5,marks_col,True,True,2.5,4. Tissue culture | Recombinant DNA technology i) It's very fast. | i) It's not fast. ii) No change in genotype. | ii) Changes in genotype. iii) Don't need vector. | iii) Need vector. iv) No variation produced. | iv) Variation Produced. v) Not costly. | v) Costly process.,0.95,"Difference 1: Speed of process: 0.5/0.5 Student correctly identifies tissue culture as generally faster for propagation and recombinant DNA technology as a more involved, often slower process for development. | Difference 2: Genotype alteration: 0.5/0.5 Student correctly states that tissue culture aims for no genotype change (cloning), while recombinant DNA technology inherently involves genotype changes. | Difference 3: Requirement of vector: 0.5/0.5 Student correctly identifies that tissue culture does not typically require vectors, whereas recombinant DNA technology relies on them for gene delivery. | Difference 4: Production of variation: 0.5/0.5 Student correctly notes that tissue culture aims to avoid variation, while recombinant DNA technology introduces variation. | Difference 5: Cost of process: 0.5/0.5 Student correctly identifies recombinant DNA technology as generally a more costly process than tissue culture, especially in terms of research and development.",2.5,4. Tissue culture | Recombinant DNA technology i) It's very fast. | i) It's not fast. ii) No change in genotype. | ii) Changes in genotype. iii) Don't need vector. | iii) Need vector. iv) No variation produced. | iv) Variation Produced. v) Not costly. | v) Costly process.,0.95,"Difference 1: Speed of process: 0.5/0.5 Student correctly identifies tissue culture as generally faster for propagation and recombinant DNA technology as a more involved, often slower process for development. | Difference 2: Genotype alteration: 0.5/0.5 Student correctly states that tissue culture aims for no genotype change (cloning), while recombinant DNA technology inherently involves genotype changes. | Difference 3: Requirement of vector: 0.5/0.5 Student correctly identifies that tissue culture does not typically require vectors, whereas recombinant DNA technology relies on them for gene delivery. | Difference 4: Production of variation: 0.5/0.5 Student correctly notes that tissue culture aims to avoid variation, while recombinant DNA technology introduces variation. | Difference 5: Cost of process: 0.5/0.5 Student correctly identifies recombinant DNA technology as generally a more costly process than tissue culture, especially in terms of research and development."
147621488614,Biology,5/2,EN,Write the pathway of coronary circulation. Write six names of cardiovascular diseases.,2.5,2.5,,NO_MARKSCOL,2.5,,,2.5,marks_col,True,True,1.75,2. Left ventricles -> coronary artery -> heart much -> non any liney -> Right atrium i) Annytumia ii) Heart faile iii) Cardio me party iv) Heart Attack v) Angina vi) Cardiomegaly.,0.9,"Pathway of coronary circulation: 0.25/1 The student incorrectly started the pathway from 'Left ventricles' instead of the aorta. While 'coronary artery', 'heart much' (heart muscle), and 'Right atrium' are relevant components, the sequence is largely incorrect and the venous return ('non any liney') is unclear/incorrect. Awarded minimal credit for identifying some correct terms. | Six names of cardiovascular diseases: 1.5/1.5 The student correctly listed six cardiovascular diseases: Arrhythmia (Annytumia), Heart failure (Heart faile), Cardiomyopathy (Cardio me party), Heart Attack, Angina, and Cardiomegaly. Minor spelling errors are acceptable.",1.75,2. Left ventricles -> coronary artery -> heart much -> non any liney -> Right atrium i) Annytumia ii) Heart faile iii) Cardio me party iv) Heart Attack v) Angina vi) Cardiomegaly.,0.9,"Pathway of coronary circulation: 0.25/1 The student incorrectly started the pathway from 'Left ventricles' instead of the aorta. While 'coronary artery', 'heart much' (heart muscle), and 'Right atrium' are relevant components, the sequence is largely incorrect and the venous return ('non any liney') is unclear/incorrect. Awarded minimal credit for identifying some correct terms. | Six names of cardiovascular diseases: 1.5/1.5 The student correctly listed six cardiovascular diseases: Arrhythmia (Annytumia), Heart failure (Heart faile), Cardiomyopathy (Cardio me party), Heart Attack, Angina, and Cardiomegaly. Minor spelling errors are acceptable."
845588502403,Biology,5/2,EN,Write down the chemical reaction of respiration. Mention three main significances of this process.,2.5,2.5,,NO_MARKSCOL,2.5,,,2.5,marks_col,True,True,0.75,3. CoH12O6 + 6O2 -> 6CO2 + 6H2O + Energy (36 ATP) i) A living beings get energy. ii) Transportation of nutrients. iii) Fulfilling the need of O2.,0.9,"Chemical reaction of respiration: 0.25/1.0 Incorrect chemical formula for glucose (CoH12O6 instead of C6H12O6). Water coefficient (6H2O) differs from the model solution (12H2O product, 6H2O reactant). Missing reaction conditions (enzyme/co-enzyme). | Significance 1: Energy production: 0.5/0.5 Correctly identified energy production as a significance of respiration. | Significance 2: Nutrient transportation: 0.0/0.5 Respiration provides energy for nutrient transport, but it is not the process of transport itself. This is an indirect consequence, not a direct significance of the process. | Significance 3: Fulfilling O2 need: 0.0/0.5 Respiration consumes O2, it does not fulfill the need for O2. This statement is incorrect.",1.5,3. C6H12O6 + 6O2 -> 6CO2 + 6H2O + Energy (36 ATP) (i) A living beings get energy. (ii) Transportation of nutrients. (iii) Fulfilling the need of O2.,0.9,"Chemical reaction of respiration: 1/1 The student provided a correct and balanced chemical equation for aerobic respiration, including reactants, products, and energy yield (36 ATP). | First significance of respiration: 0.5/0.5 Correctly identified energy production as a main significance of respiration. | Second significance of respiration: 0/0.5 Respiration provides energy for nutrient transport, but it is not the process of transport itself. This is an indirect consequence, not a direct significance of the respiration process. | Third significance of respiration: 0/0.5 Respiration consumes O2 (in aerobic respiration); it does not fulfill the need for O2. This statement is incorrect."
494485476898,Biology,5/2,EN,Write five identifying internal characteristics of monocot stem.,2.0,2,,NO_MARKSCOL,2.0,,,2.5,marks_col,True,True,2.5,"ci) No pericycle present. cii) xylem is Y or V shaped. ciii) No Endodermis present. civ) No stem hair present. cv) Hypodermis is made of sclerenchyma tissue. Vascular bundle is collateral, closed.",0.95,"No pericycle present.: 0.5/0.5 Correct internal characteristic of a monocot stem. | xylem is Y or V shaped.: 0.5/0.5 Correct internal characteristic of a monocot stem. | No Endodermis present.: 0.5/0.5 Correct internal characteristic of a monocot stem. | No stem hair present.: 0.0/0.5 This is an external characteristic, not an internal one as requested by the question. | Hypodermis is made of sclerenchyma tissue.: 0.5/0.5 Correct internal characteristic of a monocot stem. | Vascular bundle is collateral, closed.: 0.5/0.5 Correct internal characteristic of a monocot stem.",2.5,"ci) No pericycle present. cii) xylem is Y or V shaped. ciii) No Endodermis present. civ) No stem hair present. cv) Hypodermis is made of sclerenchyma tissue. Vascular bundle is collateral, closed.",0.95,"No pericycle present.: 0.5/0.5 Correct internal characteristic of a monocot stem. | xylem is Y or V shaped.: 0.5/0.5 Correct internal characteristic of a monocot stem. | No Endodermis present.: 0.5/0.5 Correct internal characteristic of a monocot stem. | No stem hair present.: 0.0/0.5 This is an external characteristic, not an internal one as requested by the question. | Hypodermis is made of sclerenchyma tissue.: 0.5/0.5 Correct internal characteristic of a monocot stem. | Vascular bundle is collateral, closed.: 0.5/0.5 Correct internal characteristic of a monocot stem."
354478596665,Biology,1/2,EN,Which membrane separates alveoli? Write the importance of respiratory pigments in oxygen and carbon dioxide transport?,0.0,0,,NO_MARKSCOL,0.0,,,0.5,marks_col,True,True,0.5,1. Alveolean Intervening membrane separates the Alveoli. FOR O2: Haemoglobin transports most of the by forming oxy-haemoglobin. 4Hb + 4O2 -> 4HbO2 For CO2: Small amount of CO2 is transported by haemoglobin; by forming carbamino haemoglobin.,0.95,Identification of the membrane separating alveoli: 0.15/0.15 The student correctly identified the 'Alveolean Intervening membrane' (interalveolar septum) as separating the alveoli. | Importance of respiratory pigments in oxygen transport: 0.175/0.175 The student correctly explained that haemoglobin transports most oxygen by forming oxyhaemoglobin and provided the correct chemical equation. | Importance of respiratory pigments in carbon dioxide transport: 0.175/0.175 The student correctly stated that a small amount of CO2 is transported by haemoglobin by forming carbaminohemoglobin.,0.5,1. Alveolean Intervening membrane separates the Alveoli. FOR O2: Haemoglobin transports most of the by forming oxy-haemoglobin. 4Hb + 4O2 -> 4HbO2 For CO2: Small amount of CO2 is transported by haemoglobin; by forming carbamino haemoglobin.,0.95,Identification of the membrane separating alveoli: 0.15/0.15 The student correctly identified the 'Alveolean Intervening membrane' (interalveolar septum) as separating the alveoli. | Importance of respiratory pigments in oxygen transport: 0.175/0.175 The student correctly explained that haemoglobin transports most oxygen by forming oxyhaemoglobin and provided the correct chemical equation. | Importance of respiratory pigments in carbon dioxide transport: 0.175/0.175 The student correctly stated that a small amount of CO2 is transported by haemoglobin by forming carbaminohemoglobin.
964503901727,Biology,5/2,EN,Write down 5 differences between active and passive salt absorption.,2.5,2.5,,NO_MARKSCOL,2.5,,,2.5,marks_col,True,True,2.0,1. Active absorption (i) Respiration rate increases. (ii) Energy require! (iii) Enzyme and Carrier needed. (iv) Cation and anion absorbed simultaneously. (v) Example: salt absorption. Passive Absorption (i) Respiration rate remain normal. (ii) No energy required. (iii) No Carrier need. (iv) Cation Anion not absorbed simultaneously. (v) Example: water absorption.,0.9,"Difference 1: Respiration rate: 0.5/0.5 Student correctly states that respiration rate increases in active absorption and remains normal in passive absorption, reflecting energy requirements. | Difference 2: Energy requirement: 0.5/0.5 Student correctly states that active absorption requires energy and passive absorption does not. | Difference 3: Carrier/Enzyme involvement: 0.5/0.5 Student correctly states that active absorption needs enzymes and carriers, while passive absorption generally does not (or not in the same obligatory way). | Difference 4: Cation and anion absorption: 0.5/0.5 Student states that cations and anions are absorbed simultaneously in active absorption and not simultaneously in passive. While a simplification, this distinction is often made in introductory biology regarding coupled transport in active processes versus independent movement in passive. | Difference 5: Example: 0.0/0.5 The example for active absorption (salt absorption) is correct. However, the example for passive absorption (water absorption) is incorrect in the context of 'salt absorption'. The question specifically asks for differences in 'salt absorption', not general transport. Passive salt absorption would involve diffusion of ions, not water.",2.0,1. Active absorption (i) Respiration rate increases. (ii) Energy require! (iii) Enzyme and Carrier needed. (iv) Cation and anion absorbed simultaneously. (v) Example: salt absorption. Passive Absorption (i) Respiration rate remain normal. (ii) No energy required. (iii) No Carrier need. (iv) Cation Anion not absorbed simultaneously. (v) Example: water absorption.,0.9,"Difference 1: Respiration rate: 0.5/0.5 Student correctly states that respiration rate increases in active absorption and remains normal in passive absorption, reflecting energy requirements. | Difference 2: Energy requirement: 0.5/0.5 Student correctly states that active absorption requires energy and passive absorption does not. | Difference 3: Carrier/Enzyme involvement: 0.5/0.5 Student correctly states that active absorption needs enzymes and carriers, while passive absorption generally does not (or not in the same obligatory way). | Difference 4: Cation and anion absorption: 0.5/0.5 Student states that cations and anions are absorbed simultaneously in active absorption and not simultaneously in passive. While a simplification, this distinction is often made in introductory biology regarding coupled transport in active processes versus independent movement in passive. | Difference 5: Example: 0.0/0.5 The example for active absorption (salt absorption) is correct. However, the example for passive absorption (water absorption) is incorrect in the context of 'salt absorption'. The question specifically asks for differences in 'salt absorption', not general transport. Passive salt absorption would involve diffusion of ions, not water."
414303411594,Biology,1/2,EN,Present the transport of absorbed food and its fate in the human body by a flowchart.,,,,NO_REDMARK,,,,0.5,marks_col,True,False,0.5,i) Glucose -> Small Intestine -> Blood vessell -> Liver -> Brain ii) Amino acid -> Small Intestinal Vini -> Blood vessells -> Liver iii) Lipid (micelles) -> Lactean lymph -> Blood vessell -> Liver,0.95,"Glucose pathway accuracy: 0.17/0.17 The flowchart for glucose correctly identifies absorption in the small intestine, transport via blood vessels, and primary fates in the liver and brain. | Amino acid pathway accuracy: 0.17/0.17 The flowchart for amino acids correctly identifies absorption in the small intestinal villi (despite the misspelling 'Vini'), transport via blood vessels, and processing in the liver. | Lipid pathway accuracy: 0.16/0.16 The flowchart for lipids correctly identifies absorption as micelles, transport via lacteal lymph (despite the misspelling 'Lactean'), entry into blood vessels, and processing in the liver. This accurately reflects the unique lymphatic pathway for lipids.",0.5,i) Glucose -> Small Intestine -> Blood vessell -> Liver -> Brain ii) Amino acid -> Small Intestinal Vini -> Blood vessells -> Liver iii) Lipid (micelles) -> Lactean lymph -> Blood vessell -> Liver,0.95,"Glucose pathway accuracy: 0.17/0.17 The flowchart for glucose correctly identifies absorption in the small intestine, transport via blood vessels, and primary fates in the liver and brain. | Amino acid pathway accuracy: 0.17/0.17 The flowchart for amino acids correctly identifies absorption in the small intestinal villi (despite the misspelling 'Vini'), transport via blood vessels, and processing in the liver. | Lipid pathway accuracy: 0.16/0.16 The flowchart for lipids correctly identifies absorption as micelles, transport via lacteal lymph (despite the misspelling 'Lactean'), entry into blood vessels, and processing in the liver. This accurately reflects the unique lymphatic pathway for lipids."
987747916853,Biology,5/2,EN,Describe mitotic metaphase in brief.,,,,NO_REDMARK,,,,2.5,marks_col,True,False,2.5,"2. (i) chromosomes get very thick and shorter. (ii) super coiling and condensation is seen. (iii) metakinesis of chromosomes in tan (iv) size, shape, etc. chromosomes are clearly seen; since color retention is high. Fig: Metaphase",0.95,"Chromosome condensation (thick, short, supercoiling): 0.5/0.5 The student correctly states that chromosomes become very thick and shorter, and undergo supercoiling and condensation. | Alignment at metaphase plate (metakinesis): 0.5/0.5 The student uses the term 'metakinesis of chromosomes', which accurately describes their movement and alignment at the equatorial plate. | Visibility and study of morphology: 0.5/0.5 The student notes that chromosomes' size, shape, etc., are clearly seen due to high color retention, which is a key characteristic of metaphase. | Spindle fiber attachment to kinetochores: 0.5/0.5 While not explicitly stated in text, the diagram clearly shows spindle fibers attached to the chromosomes at the metaphase plate, implying kinetochore attachment. | Accurate diagram of metaphase: 0.5/0.5 The student provided a clear and accurate diagram depicting chromosomes aligned at the metaphase plate with spindle fibers.",2.5,"2. (i) chromosomes get very thick and shorter. (ii) super coiling and condensation is seen. (iii) metakinesis of chromosomes in tan (iv) size, shape, etc. chromosomes are clearly seen; since color retention is high. Fig: Metaphase",0.95,"Chromosome condensation (thick, short, supercoiling): 0.5/0.5 The student correctly states that chromosomes become very thick and shorter, and undergo supercoiling and condensation. | Alignment at metaphase plate (metakinesis): 0.5/0.5 The student uses the term 'metakinesis of chromosomes', which accurately describes their movement and alignment at the equatorial plate. | Visibility and study of morphology: 0.5/0.5 The student notes that chromosomes' size, shape, etc., are clearly seen due to high color retention, which is a key characteristic of metaphase. | Spindle fiber attachment to kinetochores: 0.5/0.5 While not explicitly stated in text, the diagram clearly shows spindle fibers attached to the chromosomes at the metaphase plate, implying kinetochore attachment. | Accurate diagram of metaphase: 0.5/0.5 The student provided a clear and accurate diagram depicting chromosomes aligned at the metaphase plate with spindle fibers."
225465474823,Biology,5/2,EN,Define: ( i ) Lymph (ii) Locus (iii) Allele (iv) Phenotype (v) Gluconeogenesis,2.5,2.5,,NO_MARKSCOL,2.5,,,2.5,marks_col,True,True,1.75,4. (i) Light yellowish fluid present in intracellular spaces in our body is lymph. (ii) Location of a gene throughout a chromosome is Locus. (iii) A pair of genes controlling a trait in homologous chromosome locus are alleles of each other. (iv) Expressed features of gene is Phenotype. (v) The process by which glycogen is produced from non-carbohydrate sources is Gluconeogenesis.,0.95,"Lymph definition: 0.25/0.5 Identifies it as a light yellowish fluid, but incorrectly states 'intracellular spaces' instead of lymphatic system/interstitial spaces. | Locus definition: 0.5/0.5 Correctly defines locus as the location of a gene on a chromosome. | Allele definition: 0.5/0.5 Correctly defines alleles as a pair of genes controlling a trait in homologous chromosome locus. | Phenotype definition: 0.5/0.5 Correctly defines phenotype as the expressed features/characteristics. | Gluconeogenesis definition: 0/0.5 Incorrectly states that glycogen is produced from non-carbohydrate sources. Gluconeogenesis is the synthesis of glucose, not glycogen.",1.75,4. (i) Light yellowish fluid present in intracellular spaces in our body is lymph. (ii) Location of a gene throughout a chromosome is Locus. (iii) A pair of genes controlling a trait in homologous chromosome locus are alleles of each other. (iv) Expressed features of gene is Phenotype. (v) The process by which glycogen is produced from non-carbohydrate sources is Gluconeogenesis.,0.95,"Lymph definition: 0.25/0.5 Identifies it as a light yellowish fluid, but incorrectly states 'intracellular spaces' instead of lymphatic system/interstitial spaces. | Locus definition: 0.5/0.5 Correctly defines locus as the location of a gene on a chromosome. | Allele definition: 0.5/0.5 Correctly defines alleles as a pair of genes controlling a trait in homologous chromosome locus. | Phenotype definition: 0.5/0.5 Correctly defines phenotype as the expressed features/characteristics. | Gluconeogenesis definition: 0/0.5 Incorrectly states that glycogen is produced from non-carbohydrate sources. Gluconeogenesis is the synthesis of glucose, not glycogen."
141436348430,Biology,5/2,EN,What is lethal gene? Write the names of 6 diseases caused by lethal genes.,2.5,2.5,,NO_MARKSCOL,2.5,,,2.5,marks_col,True,True,2.25,2. The gene that causes death of an organism in homozygous state is lethal gene. Such as: (i) Brachyphalang (ii) Retinoblastoma (iii) Thalassemia (iv) Sickle cell anaemia (v) congenital ichthyosis (vi) Haemophilia,0.95,"Definition of lethal gene: 1.0/1.0 The student provided an accurate definition: 'The gene that causes death of an organism in homozygous state is lethal gene.' | Names of 6 diseases caused by lethal genes (0.25 marks per correct disease): 1.25/1.5 5 out of 6 diseases listed are appropriate examples of conditions caused by lethal genes. Retinoblastoma is not typically classified as a lethal gene in the context of causing death directly due to a specific genotype, but rather a predisposition to cancer. Brachyphalang (accepted as brachydactyly), Thalassemia, Sickle cell anaemia, Congenital ichthyosis, and Haemophilia are acceptable.",2.25,2. The gene that causes death of an organism in homozygous state is lethal gene. Such as: (i) Brachyphalang (ii) Retinoblastoma (iii) Thalassemia (iv) Sickle cell anaemia (v) congenital ichthyosis (vi) Haemophilia,0.95,"Definition of lethal gene: 1.0/1.0 The student provided an accurate definition: 'The gene that causes death of an organism in homozygous state is lethal gene.' | Names of 6 diseases caused by lethal genes (0.25 marks per correct disease): 1.25/1.5 5 out of 6 diseases listed are appropriate examples of conditions caused by lethal genes. Retinoblastoma is not typically classified as a lethal gene in the context of causing death directly due to a specific genotype, but rather a predisposition to cancer. Brachyphalang (accepted as brachydactyly), Thalassemia, Sickle cell anaemia, Congenital ichthyosis, and Haemophilia are acceptable."
919509166679,Biology,5/2,EN,Which cycle produces urea in liver? Explain the synthesis and breakdown of hormone in liver.,,,,NO_REDMARK,,,,2.5,marks_col,True,False,1.75,"1. ""ornithine cycle"" produces urea in liver. Synthesis of hormone: Almost all types of Liver Produces Angiotensin which is activated by Renin (kidney) hormone to decrease blood pressure. Breakdown of hormone: Liver rapidly breaks down 'Aldosterone' and 'Testosterone'.",0.95,"Identification of urea cycle: 0.5/0.5 Correctly identified the ornithine cycle as producing urea in the liver. | Explanation of hormone synthesis in liver: 0.25/1.0 Correctly stated that the liver produces angiotensinogen (though referred to as 'Angiotensin') and that renin from the kidney is involved in its activation. However, the explanation of the hormone's function (decreasing blood pressure) is factually incorrect, and the overall synthesis process is not fully detailed. | Explanation of hormone breakdown in liver: 1.0/1.0 Correctly stated that the liver is involved in the rapid breakdown of hormones, providing accurate examples like aldosterone and testosterone.",1.7,"1. ""ornithine cycle"" produces urea in liver. Synthesis of hormone: Almost all types of Liver Produces Angiotensin which is activated by Renin (kidney) hormone to decrease blood pressure. Breakdown of hormone: Liver rapidly breaks down 'Aldosterone' and 'Testosterone'.",0.9,"Identify the cycle that produces urea in the liver: 0.5/0.5 Student correctly identified the 'ornithine cycle'. | Explain the synthesis of hormone in the liver: 0.2/1.0 Student correctly stated that the liver produces Angiotensinogen and that Renin activates it. However, the statement that it 'decrease blood pressure' is factually incorrect; Angiotensin II increases blood pressure. This significant error led to a substantial deduction. | Explain the breakdown of hormone in the liver: 1.0/1.0 Student correctly stated that the liver rapidly breaks down hormones and provided accurate examples ('Aldosterone' and 'Testosterone')."
863086104593,Biology,5/2,EN,How many limiting factors of photosynthesis process and what are they? Write down 3 differences between Glycolysis and Photolysis?,2.5,2.5,,NO_MARKSCOL,2.5,,,2.5,marks_col,True,True,2.5,3. Three limifing factors! (i) Light's Intensity (ii) perity of CO2 (iii) Temperature. Glycolysis (i) occung in respination. (ii) No water needed. (iii) No sun-light needed. Photolysis (i) ocount in Photosynthech (ii) Water is needed. (iii) Sunlight needed.,0.95,Number of limiting factors identified: 0.25/0.25 Correctly stated 'Three' limiting factors. | Limiting factor 1: Light Intensity: 0.25/0.25 Correctly identified Light Intensity as a limiting factor. | Limiting factor 2: CO2 concentration: 0.25/0.25 Correctly identified CO2 concentration (written as 'perity of CO2') as a limiting factor. | Limiting factor 3: Temperature: 0.25/0.25 Correctly identified Temperature as a limiting factor. | Difference 1: Occurrence (Glycolysis vs Photolysis): 0.5/0.5 Correctly stated Glycolysis occurs in respiration and Photolysis in photosynthesis. | Difference 2: Water requirement (Glycolysis vs Photolysis): 0.5/0.5 Correctly stated Glycolysis does not need water and Photolysis needs water. | Difference 3: Sunlight requirement (Glycolysis vs Photolysis): 0.5/0.5 Correctly stated Glycolysis does not need sunlight and Photolysis needs sunlight.,2.5,3. Three limifing factors! (i) Light's Intensity (ii) perity of CO2 (iii) Temperature. Glycolysis (i) occung in respination. (ii) No water needed. (iii) No sun-light needed. Photolysis (i) ocount in Photosynthech (ii) Water is needed. (iii) Sunlight needed.,0.95,Number of limiting factors identified: 0.25/0.25 Correctly stated 'Three' limiting factors. | Limiting factor 1: Light Intensity: 0.25/0.25 Correctly identified Light Intensity as a limiting factor. | Limiting factor 2: CO2 concentration: 0.25/0.25 Correctly identified CO2 concentration (written as 'perity of CO2') as a limiting factor. | Limiting factor 3: Temperature: 0.25/0.25 Correctly identified Temperature as a limiting factor. | Difference 1: Occurrence (Glycolysis vs Photolysis): 0.5/0.5 Correctly stated Glycolysis occurs in respiration and Photolysis in photosynthesis. | Difference 2: Water requirement (Glycolysis vs Photolysis): 0.5/0.5 Correctly stated Glycolysis does not need water and Photolysis needs water. | Difference 3: Sunlight requirement (Glycolysis vs Photolysis): 0.5/0.5 Correctly stated Glycolysis does not need sunlight and Photolysis needs sunlight.
108705065284,Biology,5/2,EN,What is gene? Mention the components that are necessary for Transcription process.,2.5,2.5,,NO_MARKSCOL,2.5,,,2.5,marks_col,True,True,2.5,"4. Gene is the smallest unit that expresses the characteristic features of a trait. Components: (i) Template (DNA) (ii) RNA polymerase (iii) Free ribonucleotri-phosphate (CATP, CTP, etc.) (iv) Some assisting Proteins. (v) Necessary energy from break down of bonds of DNA.",0.95,"Definition of Gene: 0.5/0.5 The definition 'Gene is the smallest unit that expresses the characteristic features of a trait' is accurate and concise. | Transcription Component: DNA Template: 0.5/0.5 Correctly identified DNA as the template for transcription. | Transcription Component: RNA Polymerase: 0.5/0.5 Correctly identified RNA polymerase as a necessary enzyme. | Transcription Component: Ribonucleoside Triphosphates (NTPs): 0.5/0.5 Correctly identified free ribonucleotides (ribonucleotri-phosphate) as precursors, despite a minor typo in the term and examples. | Transcription Component: Assisting Proteins: 0.5/0.5 Correctly identified the need for assisting proteins (e.g., transcription factors). | Transcription Component: Energy Source: 0.0/0.0 The point 'Necessary energy from break down of bonds of DNA' is not a distinct component and the explanation for the energy source is inaccurate. Energy for polymerization comes from NTPs, and DNA unwinding requires energy, but not from 'breakdown of bonds of DNA' in this context.",2.5,"4. Gene is the smallest unit that expresses the characteristic features of a trait. Components: (i) Template (DNA) (ii) RNA polymerase (iii) Free ribonucleotri-phosphate (CATP, CTP, etc.) (iv) Some assisting Proteins. (v) Necessary energy from break down of bonds of DNA.",0.95,"Definition of Gene: 0.5/0.5 The definition 'Gene is the smallest unit that expresses the characteristic features of a trait' is accurate and concise. | Transcription Component: DNA Template: 0.5/0.5 Correctly identified DNA as the template for transcription. | Transcription Component: RNA Polymerase: 0.5/0.5 Correctly identified RNA polymerase as a necessary enzyme. | Transcription Component: Ribonucleoside Triphosphates (NTPs): 0.5/0.5 Correctly identified free ribonucleotides (ribonucleotri-phosphate) as precursors, despite a minor typo in the term and examples. | Transcription Component: Assisting Proteins: 0.5/0.5 Correctly identified the need for assisting proteins (e.g., transcription factors). | Transcription Component: Energy Source: 0.0/0.0 The point 'Necessary energy from break down of bonds of DNA' is not a distinct component and the explanation for the energy source is inaccurate. Energy for polymerization comes from NTPs, and DNA unwinding requires energy, but not from 'breakdown of bonds of DNA' in this context."
402360196427,Biology,10/10,EN,"(a) Explain: Mechanism of food preservation with sugar. (b) Classify the following preservatives: Citric acid, Beta carotene, Calcium propanoate, BHA, EDTA",,,,NO_REDMARK,,10.0,,10.0,marks_col,True,False,10.0,"Food are preserved by mixing (65-70)% sugar solution. By osmosis process, sugar absorbs water from bacteria and other microbes; thus wins them. (b) Anti-oxidant | Anti-microbial | chelating agent (i) BHA | (i) Calcium Propanoate | (i) EDTA (ii) Beta Carotene | (ii) Citric acid",0.95,"Explanation of mechanism of food preservation with sugar (high concentration): 1.0/1.0 Student correctly states that food is preserved by mixing with 65-70% sugar solution, indicating the necessary high concentration. | Explanation of mechanism of food preservation with sugar (osmosis process): 1.0/1.0 Student correctly identifies osmosis as the underlying process. | Explanation of mechanism of food preservation with sugar (water absorption from microbes): 2.0/2.0 Student correctly explains that sugar absorbs water from bacteria and other microbes, leading to dehydration. | Explanation of mechanism of food preservation with sugar (effect on microbes): 1.0/1.0 Student concludes that this process 'wins them' (inhibits/kills microbes), which is the desired outcome. | Classification of BHA: 1.0/1.0 BHA is correctly classified as an anti-oxidant. | Classification of Beta carotene: 1.0/1.0 Beta carotene is correctly classified as an anti-oxidant. | Classification of Calcium propanoate: 1.0/1.0 Calcium propanoate is correctly classified as an anti-microbial agent. | Classification of Citric acid: 1.0/1.0 Citric acid is correctly classified as an anti-microbial agent (due to its acidifying properties). | Classification of EDTA: 1.0/1.0 EDTA is correctly classified as a chelating agent.",10.0,"Food are preserved by mixing (65-70)% sugar solution. By osmosis process, sugar absorbs water from bacteria and other microbes; thus kills them. (b) Anti-oxidant | Anti-microbial | chelating agent (i) BHA | (i) Calcium Propanoate | (i) EDTA (ii) Beta Carotene | (ii) Citric acid |",0.95,"Explanation of food preservation with sugar (mechanism): 5.0/5.0 The student correctly explained the mechanism, mentioning the high sugar concentration (65-70%), the process of osmosis, the absorption of water from bacteria and microbes, and the resulting killing effect. The explanation is complete and accurate. | Classification of preservatives: 5.0/5.0 All five given preservatives (Citric acid, Beta carotene, Calcium propanoate, BHA, EDTA) were correctly classified into their appropriate categories: BHA and Beta Carotene as Anti-oxidants, Calcium Propanoate and Citric acid as Anti-microbials, and EDTA as a chelating agent."
535684849357,Biology,9/10,EN,\((a)\) \((b)\) \(EDTA\),2.0,02,,FLAG,2.0,9.0,,10.0,marks_col,True,True,5.0,15 b এইটিক এসিড – অ্যান্টিমাইক্রোবিয়াল বিটা ক্যারোটিন – প্রাকৃতিক এন্টিঅক্সিডেন্ট ক্যালসিয়াম প্রোপানোয়েট- অ্যটিমাইক্রোবিয়াল BHA – কৃত্রিম অ্যান্টিঅক্সিডেন্ট EDTA – কিলেটিং এজেন্ট a) চিনি দ্বারা খাদ্য সংরক্ষণ করা হয়। যেমন ফল। চিনি খাদ্যবস্তুর জারণ প্রক্রিয়া রোধ করে ও সঠিক মাত্রার পরিবেশ বজায় রাখে।,0.95,"(a) Explanation of sugar preservation mechanism (osmosis): 0.0/3.0 The student did not mention the key mechanism of osmosis, where concentrated sugar solution draws water from microbial cells, leading to their dehydration and inhibition. | (a) Relevant explanation for sugar preservation: 0.0/2.0 The student's explanation about preventing oxidation ('জারণ প্রক্রিয়া রোধ করে') is not the primary or most relevant mechanism for sugar preservation against microbial spoilage. The explanation is vague and lacks scientific depth. | (b) Classification of Acetic Acid: 1.0/1.0 The student correctly classified Acetic Acid as an antimicrobial, which is a valid preservative classification. Although the model solution listed Citric Acid, Acetic Acid is also a common antimicrobial preservative. | (b) Classification of Beta Carotene: 1.0/1.0 The student correctly classified Beta Carotene as a natural antioxidant. | (b) Classification of Calcium Propionate: 1.0/1.0 The student correctly classified Calcium Propionate as an antimicrobial. | (b) Classification of BHA: 1.0/1.0 The student correctly classified BHA as an artificial antioxidant. | (b) Classification of EDTA: 1.0/1.0 The student correctly classified EDTA as a chelating agent.",5.0,15 b এইটিক এসিড – অ্যান্টিমাইক্রোবিয়াল বিটা ক্যারোটিন – প্রাকৃতিক এন্টিঅক্সিডেন্ট ক্যালসিয়াম প্রোপানোয়েট- অ্যটিমাইক্রোবিয়াল BHA – কৃত্রিম অ্যান্টিঅক্সিডেন্ট EDTA – কিলেটিং এজেন্ট a) চিনি দ্বারা খাদ্য সংরক্ষণ করা হয়। যেমন ফল। চিনি খাদ্যবস্তুর জারণ প্রক্রিয়া রোধ করে ও সঠিক মাত্রার পরিবেশ বজায় রাখে।,0.95,"(a) Explanation of sugar preservation mechanism (osmosis): 0.0/3.0 The student did not mention the key mechanism of osmosis, where concentrated sugar solution draws water from microbial cells, leading to their dehydration and inhibition. | (a) Relevant explanation for sugar preservation: 0.0/2.0 The student's explanation about preventing oxidation ('জারণ প্রক্রিয়া রোধ করে') is not the primary or most relevant mechanism for sugar preservation against microbial spoilage. The explanation is vague and lacks scientific depth. | (b) Classification of Acetic Acid: 1.0/1.0 The student correctly classified Acetic Acid as an antimicrobial, which is a valid preservative classification. Although the model solution listed Citric Acid, Acetic Acid is also a common antimicrobial preservative. | (b) Classification of Beta Carotene: 1.0/1.0 The student correctly classified Beta Carotene as a natural antioxidant. | (b) Classification of Calcium Propionate: 1.0/1.0 The student correctly classified Calcium Propionate as an antimicrobial. | (b) Classification of BHA: 1.0/1.0 The student correctly classified BHA as an artificial antioxidant. | (b) Classification of EDTA: 1.0/1.0 The student correctly classified EDTA as a chelating agent."
961221651128,Biology,5/2,BN_UNICODE,উঘঅ রেপ্লিকেশনে নিম্ে্নাক্ত এনজাইম গুলোর ভূমিকা লিখ। (র) টপোআইসোমারেজ (রর) উঘঅ হেলিকেজ (ররর) লাইগেজ (রা) প্রাইমেজ (া) ঝঝইচ,2.5,2.5,,NO_MARKSCOL,2.5,,,2.5,rubric,True,True,2.5,১। টপোআইসোমারেজ → DNA কে অতিপ্যাচানো অবস্থা মুক্ত করে (ii) DNA হেলিকেজ → DNA সূত্রক খুলে ফেলে (H-bond ভাঙ্গে) (iii) লাইগেজ → ওকাজাকি খন্ড জোড়া লাগায় (iv) প্রাইমেজ → প্রাইমার তৈরি করে (v) SSBP → একক সূত্র বজায় রাখে (H-bond তৈরি হতে দেয় না),0.95,টপোআইসোমারেজ: 0.5/0.5 Correctly states that Topoisomerase releases DNA from supercoiled state. | DNA হেলিকেজ: 0.5/0.5 Correctly states that DNA Helicase unwinds DNA strands by breaking H-bonds. | লাইগেজ: 0.5/0.5 Correctly states that Ligase joins Okazaki fragments. | প্রাইমেজ: 0.5/0.5 Correctly states that Primase synthesizes primers. | SSBP: 0.5/0.5 Correctly states that SSBP maintains single strands and prevents H-bond formation (re-annealing).,2.5,১। (i) টপোআইসোমারেজ → DNA কে অতিপ্যাচানো অবস্থা মুক্ত করে। (ii) DNA হেলিকেজ → DNA স্ট্র্যান্ডকে খুলে ফেলে (H-bond ভাঙে) (iii) লাইগেজ → ওকাজাকি খণ্ডকে জোড়া লাগায় (iv) প্রাইমেজ → প্রাইমার তৈরি করে (v) SSBP → একক স্ট্র্যান্ড বজায় রাখে (H-bond তৈরি হতে দেয় না),1.0,"টপোআইসোমারেজ (Topoisomerase): 0.5/0.5 The student correctly states that Topoisomerase frees DNA from supercoiling, which matches the model solution. | উঘঅ হেলিকেজ (DNA Helicase): 0.5/0.5 The student correctly states that DNA Helicase unwinds DNA strands and breaks H-bonds, which is an accurate description of its function in replication. | লাইগেজ (Ligase): 0.5/0.5 The student correctly states that Ligase joins Okazaki fragments, which is its primary role in DNA replication. | প্রাইমেজ (Primase): 0.5/0.5 The student correctly states that Primase synthesizes primers, which is its direct function. | ঝঝইচ (SSBP): 0.5/0.5 The student correctly states that SSBP maintains single strands and prevents H-bond formation (re-annealing), which is the essential function."
124380011140,Biology,5/2,BN_GARBLED,উ্ঃঃধঢ়যৎুহ্ং সবষধহড়ংঃরপঃ্ং ে কান শ্রেণীভুক্ত প্রাণী ? উক্ত ে শ্রণির ৪টি ৈ বশিষ্ট ্য লিখ ।,2.5,2.5,,NO_MARKSCOL,2.5,,,2.5,marks_col,True,True,2.5,২। Amphibia বৈশিষ্ট্য: ① গ্রন্থিময় ত্বক ② জীবনচক্রে স্থলজ ও জলজ উভয় দশা থাকে (উভচর) ③ নখরবিহীন আঙ্গুলযুক্ত ④ একটোথার্মিক প্রাণী,0.95,"Identification of the animal class: 0.5/0.5 Student correctly identified the class as Amphibia. | Characteristic 1: Glandular skin: 0.5/0.5 Student correctly stated 'গ্রন্থিময় ত্বক' (glandular skin), which is a valid characteristic. | Characteristic 2: Both terrestrial and aquatic stages in life cycle: 0.5/0.5 Student correctly stated 'জীবনচক্রে স্থলজ ও জলজ উভয় দশা থাকে (উভচর)' (both terrestrial and aquatic stages in life cycle, amphibious), which is a valid characteristic. | Characteristic 3: Nail-less fingers/toes: 0.5/0.5 Student correctly stated 'নখরবিহীন আঙ্গুলযুক্ত' (nail-less fingers/toes), which is a valid characteristic. | Characteristic 4: Ectothermic animal: 0.5/0.5 Student correctly stated 'একটোথার্মিক প্রাণী' (ectothermic animal), which is a valid characteristic.",2.5,২। Amphibia বৈশিষ্ট্য: ① গ্রন্থিময় ত্বক ② জীবনচক্রে স্থলজ ও জলজ উভয় দশা থাকে (উভচর) ③ নখরবিহীন আঙ্গুলযুক্ত ④ একটোথার্মিক প্রাণী,0.95,"Identification of the animal class: 0.5/0.5 Student correctly identified the class as Amphibia. | Characteristic 1: Glandular skin: 0.5/0.5 Student correctly stated 'গ্রন্থিময় ত্বক' (glandular skin), which is a valid characteristic. | Characteristic 2: Both terrestrial and aquatic stages in life cycle: 0.5/0.5 Student correctly stated 'জীবনচক্রে স্থলজ ও জলজ উভয় দশা থাকে (উভচর)' (both terrestrial and aquatic stages in life cycle, amphibious), which is a valid characteristic. | Characteristic 3: Nail-less fingers/toes: 0.5/0.5 Student correctly stated 'নখরবিহীন আঙ্গুলযুক্ত' (nail-less fingers/toes), which is a valid characteristic. | Characteristic 4: Ectothermic animal: 0.5/0.5 Student correctly stated 'একটোথার্মিক প্রাণী' (ectothermic animal), which is a valid characteristic."
753891173941,Biology,5/2,BN_UNICODE,"প্রাথমিক , মাধ্যমিক ও চূড়ান্ত পর্যায় থেকে ম্যালেরিয়া ে রাগের ৫ টি লক্ষণ লিখ ।( প্রত্যেক পর্যায় থেকে ে লখা আবশ্যক )",2.5,2.5,,NO_MARKSCOL,2.5,,,2.5,marks_col,True,True,2.5,"ক্ষুধামন্দা, কাপুনি দিয়ে জ্বর আসা, জ্বরে (104-106)°F তাপমাত্রা হওয়া, ৪৮ বা 72 ঘণ্টা পর পর জ্বর, রক্তশূন্যতা। প্লীহা ক্রমে স্ফীত হওয়া। রক্তাল্পতায় মৃত্যু",0.95,Primary stage symptom: Loss of appetite (ক্ষুধামন্দা): 0.5/0.5 Student correctly identified 'ক্ষুধামন্দা' as a primary stage symptom. | Secondary stage symptom: Fever with shivering (কাপুনি দিয়ে জ্বর আসা): 0.5/0.5 Student correctly identified 'কাপুনি দিয়ে জ্বর আসা' as a secondary stage symptom. | Secondary stage symptom: High fever (104-106°F) (জ্বরে (104-106)°F তাপমাত্রা হওয়া): 0.5/0.5 Student correctly identified high fever as a secondary stage symptom. | Final stage symptom: Anemia (রক্তশূন্যতা): 0.5/0.5 Student correctly identified 'রক্তশূন্যতা' as a final stage symptom. | Final stage symptom: Enlarged spleen (প্লীহা ক্রমে স্ফীত হওয়া): 0.5/0.5 Student correctly identified 'প্লীহা ক্রমে স্ফীত হওয়া' as a final stage symptom.,2.5,"ক্ষুধামন্দা, কাপুনি দিয়ে জ্বর আসা, জ্বরে (104-106)°F তাপমাত্রা হওয়া, ৪৮ বা 72 ঘণ্টা পর পর জ্বর, রক্তশূন্যতা। প্লীহা ক্রমে স্ফীত হওয়া। রক্তাল্পতায় মৃত্যু",0.95,Primary stage symptom: Loss of appetite (ক্ষুধামন্দা): 0.5/0.5 Student correctly identified 'ক্ষুধামন্দা' as a primary stage symptom. | Secondary stage symptom: Fever with shivering (কাপুনি দিয়ে জ্বর আসা): 0.5/0.5 Student correctly identified 'কাপুনি দিয়ে জ্বর আসা' as a secondary stage symptom. | Secondary stage symptom: High fever (104-106°F) (জ্বরে (104-106)°F তাপমাত্রা হওয়া): 0.5/0.5 Student correctly identified high fever as a secondary stage symptom. | Final stage symptom: Anemia (রক্তশূন্যতা): 0.5/0.5 Student correctly identified 'রক্তশূন্যতা' as a final stage symptom. | Final stage symptom: Enlarged spleen (প্লীহা ক্রমে স্ফীত হওয়া): 0.5/0.5 Student correctly identified 'প্লীহা ক্রমে স্ফীত হওয়া' as a final stage symptom.
206521547934,Biology,5/2,BN_UNICODE,বর্ণান্ধ কন্যার \(({X}^{c}{X}^{c})\) বাবা ও মায়ের জিনোটাইপ কী হবে? মেন্ডেলের ১ম সূত্রের ব্যতিক্রমগুলোর ফিনোটাইপিক অনুপাত উল্লেখ কর।,2.5,2.5,,NO_MARKSCOL,2.5,,,2.5,marks_col,True,True,2.5,"অসম্পূর্ণ প্রকটতা → 1:2:1 সমপ্রকটতা → 1:2:1 লিথাল জিন → 2:1 বর্ণান্ধ কন্যা হলে, বাবা → বর্ণান্ধ মা → বাহক অথবা বর্ণান্ধ. Punnett square 1 shows a cross between a father with genotype XcY and a mother with genotype XcXc. Punnett square 2 shows a cross between a father with genotype XcY and a mother with genotype XXc.",0.95,"Genotype of father for colorblind daughter (XcY): 0.5/0.5 The student correctly identified the father's genotype as XcY in the Punnett squares, which is necessary for a colorblind daughter (XcXc). | Genotype of mother for colorblind daughter (XcXc): 0.5/0.5 The student correctly identified one possible mother's genotype as XcXc in the first Punnett square, which is necessary for a colorblind daughter (XcXc) when the father is XcY. This matches the specific genotype expected by the model answer. | Phenotypic ratio for Incomplete Dominance: 0.5/0.5 The student correctly stated the phenotypic ratio for incomplete dominance as 1:2:1. | Phenotypic ratio for Codominance: 0.5/0.5 The student correctly stated the phenotypic ratio for codominance as 1:2:1. | Phenotypic ratio for Lethal Gene: 0.5/0.5 The student correctly stated the phenotypic ratio for lethal gene as 2:1.",2.5,"অসম্পূর্ণ প্রকটতা → 1:2:1 সমপ্রকটতা → 1:2:1 লিথাল জিন → 2:1 বর্ণান্ধ কন্যা হলে, বাবা → বর্ণান্ধ মা → বাহক অথবা বর্ণান্ধ. Punnett square 1 shows a cross between a father with genotype XcY and a mother with genotype XcXc. Punnett square 2 shows a cross between a father with genotype XcY and a mother with genotype XXc.",0.95,"Genotype of father for colorblind daughter (XcY): 0.5/0.5 The student correctly identified the father's genotype as XcY in the Punnett squares, which is necessary for a colorblind daughter (XcXc). | Genotype of mother for colorblind daughter (XcXc): 0.5/0.5 The student correctly identified one possible mother's genotype as XcXc in the first Punnett square, which is necessary for a colorblind daughter (XcXc) when the father is XcY. This matches the specific genotype expected by the model answer. | Phenotypic ratio for Incomplete Dominance: 0.5/0.5 The student correctly stated the phenotypic ratio for incomplete dominance as 1:2:1. | Phenotypic ratio for Codominance: 0.5/0.5 The student correctly stated the phenotypic ratio for codominance as 1:2:1. | Phenotypic ratio for Lethal Gene: 0.5/0.5 The student correctly stated the phenotypic ratio for lethal gene as 2:1."
521599907930,Biology,5/2,BN_UNICODE,টিসু্য কালচার ও রিকম্বিনেন্ট উঘঅ প্রযুক্তির মধ্যে ৫টি পার্থক্য লিখ।,2.5,2.5,,NO_MARKSCOL,2.5,,,2.5,marks_col,True,True,2.0,বিষয় i) নতুন বৈশিষ্ট্য ii) বাহক (ভেক্টর) iii) রেস্ট্রিকশন এনজাইম iv) বংশধর v) হুবুহু অনুরূপ বৈশিষ্ট্য আসে কি টিস্যু কালচার i) আসে না ii) লাগে না iii) লাগে না iv) সৃষ্টি হয় v) আসে RDNA প্রযুক্তি i) আসে ii) লাগে iii) লাগে iv) সৃষ্টি হয় না v) আসে না,0.95,New characteristics (নতুন বৈশিষ্ট্য): 0.5/0.5 Correctly states that new characteristics do not arise in tissue culture but do in RDNA technology. | Vector (বাহক): 0.5/0.5 Correctly states that vectors are not needed in tissue culture but are in RDNA technology. | Restriction enzyme (রেস্ট্রিকশন এনজাইম): 0.5/0.5 Correctly states that restriction enzymes are not needed in tissue culture but are in RDNA technology. | Offspring (বংশধর): 0.0/0.5 The statement for RDNA technology ('সৃষ্টি হয় না' - is not created) is incorrect. RDNA technology does result in the creation of genetically modified organisms (offspring). | Exactly similar characteristics (হুবুহু অনুরূপ বৈশিষ্ট্য): 0.5/0.5 Correctly states that exactly similar characteristics come in tissue culture (clones) but do not in RDNA technology (modified organisms).,2.0,বিষয় i) নতুন বৈশিষ্ট্য ii) বাহক (ভেক্টর) iii) রেস্ট্রিকশন এনজাইম iv) বংশধর v) হুবুহু অনুরূপ বৈশিষ্ট্য আসে কি টিস্যু কালচার i) আসে না ii) লাগে না iii) লাগে না iv) সৃষ্টি হয় v) আসে RDNA প্রযুক্তি i) আসে ii) লাগে iii) লাগে iv) সৃষ্টি হয় না v) আসে না,0.95,New characteristics (নতুন বৈশিষ্ট্য): 0.5/0.5 Correctly states that new characteristics do not arise in tissue culture but do in RDNA technology. | Vector (বাহক): 0.5/0.5 Correctly states that vectors are not needed in tissue culture but are in RDNA technology. | Restriction enzyme (রেস্ট্রিকশন এনজাইম): 0.5/0.5 Correctly states that restriction enzymes are not needed in tissue culture but are in RDNA technology. | Offspring (বংশধর): 0.0/0.5 The statement for RDNA technology ('সৃষ্টি হয় না' - is not created) is incorrect. RDNA technology does result in the creation of genetically modified organisms (offspring). | Exactly similar characteristics (হুবুহু অনুরূপ বৈশিষ্ট্য): 0.5/0.5 Correctly states that exactly similar characteristics come in tissue culture (clones) but do not in RDNA technology (modified organisms).
994661494801,Biology,5/2,BN_UNICODE,সবাত শ্বসনের বিভিন্ন ধাপগুলো সংঘটিত হবার স্থানগুলোর নাম লেখ। কোন ধাপটিকে শ্বসনের সাধারণ গতিপথ বলা হয়?,2.5,2.5,,NO_MARKSCOL,2.5,,,2.5,rubric,True,True,1.0,শ্বসন: শ্বসলে সাধারণ গতিপথ (সভাত-অবাত ও শুয়েই হয়) (i) সাইকোলাইসিস → সাইটোপ্লাজনে (ii) অ্যাসিটাইল কো-এ সৃষ্টি → মাইটোকন্ড্রিয়ায় বহিঃ প্রকোষ্ঠ্যে (iii) ক্রেবস চক্র → и (iv) ETC → মাইটোকন্ড্রিয়ার ক্রিস্তিতে,0.95,"Location of Glycolysis: 0.5/0.5 Student correctly identified cytoplasm as the location for glycolysis. | Location of Pyruvic acid oxidation/Acetyl CoA formation: 0.0/0.5 Student identified 'outer compartment of mitochondria' which is incorrect. The correct location is the mitochondrial matrix. | Location of Krebs Cycle: 0.0/0.5 Student indicated 'same as above' (outer compartment of mitochondria) which is incorrect. The correct location is the mitochondrial matrix. | Location of Electron Transport Chain (ETC): 0.5/0.5 Student correctly identified 'cristae of mitochondria' as the location for ETC, which is part of the mitochondrial membrane. | Identification of common pathway of respiration: 0.0/0.5 Student did not identify Glycolysis as the common pathway of respiration. The answer provided was vague and incorrect.",1.0,শ্বসন: শ্বসনের সাধারণ গতিপথ (সবাত-অবাত উভয়ই হয়) ① গ্লাইকোলাইসিস → সাইটোপ্লাজম ② অ্যাসিটাইল কো-এ সৃষ্টি → মাইটোকন্ড্রিয়ার বহিঃ প্রকোষ্ঠে ③ ক্রেবস চক্র → u ④ ETC → মাইটোকন্ড্রিয়ার ক্রিস্তিতে,0.9,"Location of Glycolysis: 0.5/0.5 Correctly identified cytoplasm as the location for Glycolysis. | Location of Acetyl CoA formation (Pyruvic acid oxidation): 0.0/0.5 Incorrectly identified the outer chamber of mitochondria. The correct location is the mitochondrial matrix. | Location of Krebs cycle: 0.0/0.5 Incorrectly referred to the previous (incorrect) location (outer chamber of mitochondria). The correct location is the mitochondrial matrix. | Location of Electron Transport Chain (ETC): 0.5/0.5 Correctly identified cristae (inner mitochondrial membrane) as the location for ETC. | Identification of the common pathway of respiration: 0.0/0.5 The student stated that there is a common pathway for both aerobic and anaerobic respiration but did not explicitly name 'Glycolysis' as that common pathway, which was asked in the question."
505966053266,Biology,5/2,BN_UNICODE,কডর্েট প্রাণী ও নন-কডর্েট প্রাণীর মধ্যে ৫টি পার্থক্য লিখ।,2.5,2.5,,NO_MARKSCOL,2.5,,,2.5,rubric,True,True,2.5,বিষয় ১। জীবনের কোনো দশায় নটোকর্ড ২। হৃৎপিণ্ড ৩। স্নায়ুরজ্জু ৪। Hb ৫। কঙ্কাল নন কর্ডেট থাকে না • পৃষ্ঠীয় দিকে অঙ্কীয় থাকলে লাজমায় থাকলেও বহি: কঙ্কাল কর্ডট থাকে পৌষ্টিক দিকে পৃষ্ঠীয় রক্তের লোহিত কণিকার অন্তঃ কঙ্কাল,0.95,"Difference 1: Notocord presence: 0.5/0.5 Student correctly states that notocord is absent in non-chordates and present in chordates at some stage of life. | Difference 2: Heart position: 0.5/0.5 Student correctly states that the heart is on the dorsal side in non-chordates and on the ventral/digestive side in chordates. | Difference 3: Nerve cord position: 0.5/0.5 Student correctly states that the nerve cord is ventral in non-chordates and dorsal in chordates. | Difference 4: Hemoglobin location: 0.5/0.5 Student correctly states that if hemoglobin is present in non-chordates, it's in plasma, and in chordates, it's in red blood cells. | Difference 5: Skeleton type: 0.5/0.5 Student correctly states that non-chordates have an exoskeleton if present, and chordates have an endoskeleton.",2.5,বিষয় | নন কর্ডেট | কর্ডেট ---|---|--- ১. জীবনের কোনো দশায় নটোকর্ড | থাকে না | থাকে ২. হৃৎপিণ্ড | • পৃষ্ঠীয় দিকে | পোরীর দিকে ৩. স্নায়ু রজ্জু | অঙ্কীয় | পৃষ্ঠীয় ৪. Hb | থাকলে লাজমায় | রক্তের লোহিত কণিকার ৫. কঙ্কাল | থাকলেও বহি: কঙ্কাল | শোন্ত: কঙ্কাল,0.95,"Notochord presence/absence and location: 0.5/0.5 Student correctly states that notochord is absent in non-chordates and present in chordates. | Heart position: 0.5/0.5 Student correctly states heart is dorsal in non-chordates and ventral in chordates (despite a minor misspelling of 'ventral'). | Nerve cord position: 0.5/0.5 Student correctly states nerve cord is ventral in non-chordates and dorsal in chordates. | Hemoglobin location: 0.5/0.5 Student correctly states hemoglobin is in plasma if present in non-chordates, and in red blood cells in chordates. | Skeleton type: 0.5/0.5 Student correctly states non-chordates have exoskeleton if present, and chordates have endoskeleton (despite a minor misspelling of 'endoskeleton')."
180283350813,Biology,2/2,BN_UNICODE,সেক্স লিংকড ইনহেরিট্যাÝ কী? যেকোনো ৪টি সেক্স লিংকড ডিজিসের নাম ও লক্ষণ উল্লেখ কর।,2.0,02,,NO_MARKSCOL,2.0,,,2.5,rubric,True,True,1.75,লিস নির্ধারণী × ৩Y ক্রোমোজোমের বহনকৃত বংশগতীর বৈশিষ্ট রেপ বহন প্রজন্ম হতে প্রজন্মে (i) বর্ণান্ধতা -> বর্ণ পৃথক করতে পারনা (ii) ভুলেনি মাকেক ডিসট্রফি -> ডিসট্রফিন হরমোনের অভার (iii) টেকুলার শোমনাইজেশন -> পুরুস ধীরে ধীরে নারী হয়ে যায় (iv) হিমোফিলিয়া -> রক্ত জমাটবাঁধেনা,0.85,"Definition of Sex-linked inheritance: 0/0.5 The student's definition is fragmented, grammatically incorrect, and does not clearly define sex-linked inheritance. It mentions components like sex chromosomes and hereditary traits being passed down, but lacks coherence and precision. | Name and symptom of 1st sex-linked disease: 0.5/0.5 Name 'বর্ণান্ধতা' (Color blindness) is correct. Symptom 'বর্ণ পৃথক করতে পারনা' (Cannot distinguish colors) is correct. | Name and symptom of 2nd sex-linked disease: 0.25/0.5 Name 'ভুলেনি মাকেক ডিসট্রফি' is a recognizable misspelling of 'ডুশিনি মাসকুলার ডিস্ট্রফি' (Duchenne Muscular Dystrophy), so 0.25 awarded for the name. Symptom 'ডিসট্রফিন হরমোনের অভার' (Deficiency of Dystrophin hormone) is incorrect as a symptom; Dystrophin is a protein, and its deficiency is the cause, not the symptom itself. | Name and symptom of 3rd sex-linked disease: 0.5/0.5 Name 'টেকুলার শোমনাইজেশন' is a recognizable misspelling of 'টেস্টিকুলার ফেমিনাইজেশন' (Testicular Feminization), so 0.25 awarded for the name. Symptom 'পুরুস ধীরে ধীরে নারী হয়ে যায়' (Male gradually becomes female) is correct, so 0.25 awarded for the symptom. | Name and symptom of 4th sex-linked disease: 0.5/0.5 Name 'হিমোফিলিয়া' (Hemophilia) is correct. Symptom 'রক্ত জমাটবাঁধেনা' (Blood does not clot) is correct.",1.5,লিস নির্ধারণী × ৩৭ ক্রোমোজোমের বহনকৃত বংশগতীর বৈশিষ্ট রেপ বহন প্রজন্ম হতে প্রজন্মে ১) বর্ণান্ধতা -> বর্ণ পৃথক করতে পারনা ২) ডুসিনি মাসকুলার ডিসট্রফি -> ডিসট্রফিন হরমোনের অভাব ৩) টেস্টিকুলার ফেমিনাইজেশন -> পুরুষ ধীরে ধীরে নারী হয়ে যায় ৪) হিমোফিলিয়া -> রক্ত জমাটবাঁধেনা।,0.95,"Definition of Sex-linked inheritance: 0/0.5 The student's definition 'লিস নির্ধারণী × ৩৭ ক্রোমোজোমের বহনকৃত বংশগতীর বৈশিষ্ট রেপ বহন প্রজন্ম হতে প্রজন্মে' is incomplete, contains incorrect information (e.g., '৩৭ ক্রোমোজোমের'), and does not clearly explain sex-linked inheritance. | First sex-linked disease: Name and Symptom: 0.5/0.5 Name 'বর্ণান্ধতা' (Color blindness) is correct. Symptom 'বর্ণ পৃথক করতে পারনা' (Cannot distinguish colors) is correct. | Second sex-linked disease: Name and Symptom: 0/0.5 Name 'ডুসিনি মাসকুলার ডিসট্রফি' (Duchenne Muscular Dystrophy) is correct. However, the symptom 'ডিসট্রফিন হরমোনের অভাব' (Deficiency of dystrophin hormone) describes the cause of the disease, not its observable symptoms (e.g., muscle weakness, difficulty walking). | Third sex-linked disease: Name and Symptom: 0.5/0.5 Name 'টেস্টিকুলার ফেমিনাইজেশন' (Testicular Feminization) is correct. Symptom 'পুরুষ ধীরে ধীরে নারী হয়ে যায়' (Male gradually becomes female) is correct. | Fourth sex-linked disease: Name and Symptom: 0.5/0.5 Name 'হিমোফিলিয়া' (Hemophilia) is correct. Symptom 'রক্ত জমাটবাঁধেনা' (Blood does not clot) is a correct and concise description of the core symptom."
751115989690,Biology,1/2,BN_UNICODE,শ্বসনের রাসায়নিক বিক্রিয়াটি লিখ । প্রক্রিয়াটির প্রধান তিনটি ভূমিকা / তাৎপয উল্লেখ কর।,0.0,0,,NO_MARKSCOL,0.0,,,2.5,rubric,True,True,2.5,C6 H12O6 + 6O2 এনকাইম → 6CO2 + 6H2O + 36 ATP (সবাত শ্বসন) ভূমিকা: (i) জীবদেহে শক্তির যোগান দেয়া (ii) সালোকসংশ্লেষণের CO2 এর যোগান দেয়া (iii) O2 ও CO2 বিনিময় করে উদ্ভিদ-প্রাণী পরপরনির্ভরশীলতা রক্ষা,0.95,"শ্বসনের রাসায়নিক বিক্রিয়া: 1/1 The student provided the correct chemical equation for aerobic respiration, including reactants, products, and ATP yield. The catalyst 'এনকাইম' (enzyme) is indicated, and the process is correctly identified as 'সবাত শ্বসন' (aerobic respiration). Although the model solution includes 6H2O on the reactant side and 12H2O on the product side, the student's simplified equation with 6H2O on the product side is commonly accepted and represents the core process accurately for this level. | প্রথম প্রধান ভূমিকা/তাৎপর্য: 0.5/0.5 The student correctly stated that respiration supplies energy to living organisms, which is a primary role. | দ্বিতীয় প্রধান ভূমিকা/তাৎপর্য: 0.5/0.5 The student correctly identified that respiration supplies CO2 for photosynthesis, which is a significant role in the carbon cycle and food production. | তৃতীয় প্রধান ভূমিকা/তাৎপর্য: 0.5/0.5 The student correctly explained that respiration helps maintain the interdependence between plants and animals by exchanging O2 and CO2, contributing to atmospheric balance.",2.5,C6 H12O6 + 6O2 এনকাইম → 6CO2 + 6H2O + 36 ATP (সবাত শ্বসন) ভূমিকা: (i) জীবদেহে শক্তির যোগান দেয়া (ii) সালোকসংশ্লেষণের CO2 এর যোগান দেয়া (iii) O2 ও CO2 বিনিময় করে উদ্ভিদ-প্রাণী পরপরনির্ভরশীলতা রক্ষা,0.95,"Chemical reaction of respiration: 1.0/1.0 The student provided the correct simplified chemical equation for aerobic respiration, including reactants, products, ATP yield, and the mention of enzyme and aerobic respiration. Although the model solution shows water as both reactant and product, the student's representation of net water production is also correct and commonly accepted. | First role/significance of respiration: 0.5/0.5 The student correctly identified 'Supplying energy to the body of organisms' as a key role, which matches the model solution. | Second role/significance of respiration: 0.5/0.5 The student correctly identified 'Supplying CO2 for photosynthesis' as a key role, which matches the model solution's point on food production via CO2 utilization. | Third role/significance of respiration: 0.5/0.5 The student correctly identified 'Exchanging O2 and CO2 to maintain interdependence between plants and animals' as a key role, which aligns with the model solution's point on maintaining atmospheric CO2 and O2 balance."
460192878615,Biology,2/2,BN_UNICODE,অ্যালভিওলাই গুে লা ে কান ব্যবধায়ক পর্দার মাধ ্যমে পৃথক থ াকে ? অক্সিজেন ও কার্বন ডাইঅক্সাইড পরিবহণে শ্বাসরÄকের ভূমিকা ব্যাখ্যা কর।,,,,NO_REDMARK,,,,2.5,rubric,True,False,1.0,"২। ট্রাবেকুলি নামক পর্দা। O2 পারিবহন : Hb + O2 → HbO2 অক্সিহিমোগ্লোবিন রূপে CO2 Hb-NH2 + CO → H-NACOOH কার্বামিনো হিমোগ্লোবিন রূপে Hb, O2 ও CO2 বহন করে।",0.9,"অ্যালভিওলাই গুে লা ট্রাবেকুলি ব্যবধায়ক পর্দার মাধ ্যমে পৃথক থ াকে ে লখার জন্য ০.৫ নম্ব র ।: 0.5/0.5 Student correctly identified 'ট্রাবেকুলি' as the separating membrane. | শ্বসনের সময় অক্সিজেন ব্যাপন প্রক্রিয়ায় ফুসফুস থেকে রক্তে প্রবেশ করে । রক্তে প্রবিষ্ট সমস্ত অক্সিে জনই মুক্ত অবস্থ ায় থ াকে না । এর এক বড় অংশ ে লাহিত কণিকার হিমোগ্লোবিনের সাথে যুক্ত হয়ে অক্সিহিমোগ্লোবিন নামে অস্থ ায়ী ে যৌগ গঠন করে ে লখার জন্য ০.৫ নম্ব র ।: 0.5/0.5 Student correctly showed the formation of oxyhemoglobin (HbO2) and named it as 'অক্সিহিমোগ্লোবিন রূপে'. | অক্সিে জনের পরিমাণ যে হারে কমে যাবে ে যৌগ সে হারে ে ভঙে যাবে এবং অক্সিজেন মুক্ত হয়ে রক্তরসে প্রবেশ করবে । প্রতিটি হিমোগ্লোবিনে চারটি হিম অংশ থ াকায় এর চারটি ে ফরাস অণু চার অণু অক্সিজেন যুক্ত করতে পারে ে লখার জন্য ০.৫ নম্ব র ।: 0.0/0.5 Student did not explain the dissociation of oxyhemoglobin or the role of heme groups in oxygen binding. | CO2 হিমোগ্লোবিনের সাথে বিক্রিয়া করে কার্বামিনো হিমোগ্লোবিন নামক অস্থায়ী যেৌগ গঠন করে লেখার জন্য ০.৫ নম্বর।: 0.0/0.5 Student provided an incorrect chemical reaction using Carbon Monoxide (CO) instead of Carbon Dioxide (CO2) and an incorrect product formula, despite correctly naming the compound as 'কার্বামিনো হিমোগ্লোবিন রূপে'. | কার্বামিনো হিমোগ্লোবিন-সম ৃদ্ধ রক্ত দেে হর বিভিন্ন অঙ্গ থেকে হৃৎপিন্ড হয়ে পরিশোধনের জন্য ফুসফুসে গমন করে । ে লখার জন্য ০.৫ নম্ব র ।: 0.0/0.5 Student provided a general statement about hemoglobin carrying O2 and CO2, but did not explain the specific transport of carbaminohemoglobin-rich blood to the lungs for purification.",1.5,"২। ট্রাবেকুলি নামক পর্দা। O2 পরিবহন : Hb + O2 → HbO2 অক্সিহিমোগ্লোবিন রূপে CO2 Hb-NH2 + CO → Hb-NACOOH কার্বামিনো হিমোগ্লোবিন রূপে Hb, O2 ও CO2 বহন করে।",0.9,"Identification of the membrane separating alveoli: 0.5/0.5 The student correctly identified 'ট্রাবেকুলি নামক পর্দা' (trabeculae membrane). | Explanation of Oxygen Transport by respiratory pigment: 0.75/1.0 The student correctly identified hemoglobin as the pigment, the form of transport (oxyhemoglobin), and provided the basic chemical reaction (Hb + O2 → HbO2). However, the explanation lacked further detail on the process as provided in the model answer. | Explanation of Carbon Dioxide Transport by respiratory pigment: 0.25/1.0 The student correctly identified the form of carbon dioxide transport as 'কার্বামিনো হিমোগ্লোবিন রূপে' (as carbaminohemoglobin). However, the provided chemical equation (Hb-NH2 + CO → Hb-NACOOH) is fundamentally incorrect, using carbon monoxide (CO) instead of carbon dioxide (CO2) and an incorrect product, which is a significant factual error in explaining the mechanism."
303622322152,Biology,2/2,BN_UNICODE,একবীজপত্রী উি ™্ভদে র মূলের অন্তর্গঠনগত শনাক্তকারী প্াচটি ৈ বশিষ্ট ্য লিখ ।,2.0,02,,NO_MARKSCOL,2.0,,,2.5,rubric,True,True,1.0,বৈশিষ্ট্য: ① অন্তঃ ত্বক থাক ② অধ: এক নেই ③ ব্যাইলেমন [scribbled text] ④ জাইলেম ৬ এর অধিক ⑤ ক্যাসপেরিয়ান স্লিপ নেই,0.9,"অন্তঃ ত্বক থাক (Endodermis present): 0.0/0.5 This is a general characteristic of roots, not an identifying feature specific to monocot roots. | অধ: এক নেই (Hypodermis absent): 0.5/0.5 Correct. Hypodermis is absent in monocot roots. | ব্যাইলেমন [scribbled text] (Xylem [scribbled text]): 0.0/0.5 The statement is incomplete and largely unreadable due to scribbling, thus no specific characteristic can be identified. | জাইলেম ৬ এর অধিক (Xylem more than 6): 0.5/0.5 Correct. Monocot roots typically exhibit a polyarch condition with more than six xylem bundles. | ক্যাসপেরিয়ান স্লিপ নেই (Casparian strip absent): 0.0/0.5 Incorrect. Casparian strips are present in the endodermis of monocot roots.",1.0,৩। বৈশিষ্ট্য: ① অন্তঃ ত্বক থাক ② অধ: ত্বক নেই ③ জাইলেম ④ জাইলেম ৬ এর অধিক ⑤ ক্যাসপেরিয়ান স্লিপ নেই,0.9,"অন্তঃ ত্বক থাক (Endodermis present): 0.0/0.5 The presence of endodermis is a general feature of roots, not a specific identifying characteristic of monocot roots. | অধ: ত্বক নেই (Hypodermis absent): 0.5/0.5 Correct. Hypodermis is typically absent in monocot roots. | জাইলেম (Xylem): 0.0/0.5 This point is incomplete and too vague to be considered an identifying characteristic. Xylem is a general tissue in vascular plants. | জাইলেম ৬ এর অধিক (Xylem more than 6): 0.5/0.5 Correct. Monocot roots are typically polyarch, meaning they have more than six xylem bundles. | ক্যাসপেরিয়ান স্লিপ নেই (Casparian strip absent): 0.0/0.5 Incorrect. Casparian strips are present in the endodermis of monocot roots, as they are in most roots, playing a crucial role in water and solute transport."
533108892492,Biology,5/2,BN_UNICODE,ে পশিটিসু্যর ৩টি সাধারণ ৈ বশিষ্ট ্য ও ২টি কাজ উল্লেখ কর।,1.5,1.5,,NO_MARKSCOL,1.5,,,2.5,rubric,True,True,2.5,"পেশীটিস্যু :- ১। সারকোলেমা থাকে ২। অবসাদগ্রস্থ হয় (ঐচ্ছিক -> দ্রুত অনৈচ্ছিক -> ধীর হয় না) ৩। অবাত শ্বসন করতে কাজ: ১। অঙ্গ সঞ্চালন ২। অভ্যন্তরীন চলন (খাদ্যসঞ্চালন, পেরিস্টালসিস) ৩। প্রাণীর চলন",0.95,"First characteristic: Presence of sarcolemma: 0.5/0.5 Student correctly states that sarcolemma is present, which is a key characteristic of muscle cells. | Second characteristic: Fatigue property (voluntary vs. involuntary): 0.5/0.5 Student correctly identifies that muscle tissue experiences fatigue, differentiating between voluntary (fast) and involuntary (slow/none) muscles. This is a valid biological characteristic. | Third characteristic: Ability to perform anaerobic respiration: 0.5/0.5 Student correctly states that muscle tissue can perform anaerobic respiration, which is a metabolic characteristic. | First function: Organ movement: 0.5/0.5 Student correctly identifies 'অঙ্গ সঞ্চালন' (organ movement) as a function of muscle tissue. | Second function: Internal movement (e.g., peristalsis): 0.5/0.5 Student correctly identifies 'অভ্যন্তরীন চলন (খাদ্যসঞ্চালন, পেরিস্টালসিস)' (internal movement, food movement, peristalsis) as a function, which is a specific and correct role of smooth muscles.",2.5,"পেশিটিস্যু :- ১। সারকোলেমা থাকে ২। অবসাদগ্রস্থ হয় (ঐচ্ছিক -> দ্রুত, অনৈচ্ছিক -> ধীর, হৃৎ -> হয় না) ৩। অবাত শ্বসন করতে কাজ: ১। অঙ্গ সঞ্চালন ২। অভ্যন্তরীণ চলন (খাদ্য সঞালন, পেরিস্টালসিস) ৩। প্রাণীর চলন",0.95,"First general characteristic of muscle tissue: 0.5/0.5 The student correctly states that sarcolemma is present, which is a defining characteristic of muscle cells. | Second general characteristic of muscle tissue: 0.5/0.5 The student correctly identifies that muscle tissue experiences fatigue, differentiating between voluntary (fast), involuntary (slow), and cardiac (none) muscle types. | Third general characteristic of muscle tissue: 0.5/0.5 The student correctly states that muscle tissue can perform anaerobic respiration, a relevant metabolic characteristic. | First function of muscle tissue: 0.5/0.5 The student correctly identifies 'অঙ্গ সঞ্চালন' (movement of organs/limbs) as a function of muscle tissue. | Second function of muscle tissue: 0.5/0.5 The student correctly identifies 'অভ্যন্তরীণ চলন' (internal movement), providing 'খাদ্য সঞালন, পেরিস্টালসিস' (food movement, peristalsis) as examples, which are accurate."
382229685986,Biology,5/2,BN_UNICODE,রক্ত তআন প্রক্রিয়াটি প্রবাহচিত্রের মাধ ্যমে বর্ণনা কর।,2.5,2.5,,NO_MARKSCOL,2.5,,,6.0,rubric,True,True,4.5,"১। রক্তবাহিকায় ক্ষত সৃষ্টি বাতাসের O2, অনুচক্রিকাকে ভেঙে দেয়, হেপারিনকে কনিস্ক্রিয় করে দেয় প্রোথ্রামিন এন্থাল্লাটিন > থ্রম্বিন ফাইব্রিনোজেন আমিন Ca2+ > ফাইব্রিন ফাইব্রিন মনোশর -> ফাইব্রিন পদিমার রক্তপাত বন্ধ",0.9,"Initiation of clotting (Injury): 1.0/1.0 The student correctly identified 'রক্তবাহিকায় ক্ষত সৃষ্টি' (Injury in blood vessel) as the initiating event. | Platelet involvement and release of thromboplastin: 0.0/1.0 The student's description 'বাতাসের O2, অনুচক্রিকাকে ভেঙে দেয়, হেপারিনকে কনিস্ক্রিয় করে দেয়' (Atmospheric O2 breaks down platelets, inactivates heparin) is factually incorrect. Platelets are activated by injury, not broken down by atmospheric O2 in this context. While heparin inactivation is part of the process, the overall step is misleading and incorrect. | Conversion of Prothrombin to Thrombin: 1.0/1.0 The student correctly showed 'প্রোথ্রামিন এন্থাল্লাটিন > থ্রম্বিন' (Prothrombin + Thromboplastin (implied) > Thrombin). Although 'এন্থাল্লাটিন' is a miswriting, the context clearly indicates 'থ্রম্বোপ্লাস্টিন'. | Conversion of Fibrinogen to Fibrin: 1.0/1.0 The student correctly showed 'ফাইব্রিনোজেন আমিন Ca2+ > ফাইব্রিন' (Fibrinogen + Thrombin (implied) + Ca2+ > Fibrin). Although 'আমিন' is a miswriting, the context clearly indicates 'থ্রম্বিন', and the inclusion of Ca2+ is correct. | Fibrin polymerization: 1.0/1.0 The student correctly identified 'ফাইব্রিন মনোশর -> ফাইব্রিন পদিমার' (Fibrin monomer -> Fibrin polymer). | Final outcome (Bleeding stops): 1.0/1.0 The student correctly identified 'রক্তপাত বন্ধ' (Bleeding stops) as the final outcome. | Deduction for incorrect factor/step: -0.5/0.0 As per the rubric, 0.5 marks are deducted for any incorrect factor or step. The step regarding 'বাতাসের O2, অনুচক্রিকাকে ভেঙে দেয়' is a significant factual error.",3.5,"১। রক্তবাহিকায় ক্ষত সৃষ্টি → বাতাসের O2, অনুচক্রিকাকে ভেঙে দেয়, হেপারিনকে কনিস্ক্রিয় করে দেয় ↓ প্রোথ্রম্বিন এন্থাল্লাটিন > থ্রম্বিন ↓ ফাইব্রিনোজেন আমিন Ca2+ > ফাইব্রিন → ফাইব্রিন মনোশর → ফাইব্রিন পদিমার রক্তপাত ← (ফাইব্রিন মনোশর) বন্ধ ← (ফাইব্রিন পদিমার)",0.8,"Initial Trigger & Platelet Role: 0.5/1.0 Correctly identified 'রক্তবাহিকায় ক্ষত সৃষ্টি' (injury to blood vessel) as the initial trigger. However, the subsequent explanation 'বাতাসের O2, অনুচক্রিকাকে ভেঙে দেয়, হেপারিনকে কনিস্ক্রিয় করে দেয়' (atmospheric O2 breaks down platelets, inactivates heparin) is biologically incorrect regarding the mechanism of initiation and platelet action. | Prothrombin to Thrombin Conversion: 0.75/1.5 Correctly identified 'প্রোথ্রম্বিন' (prothrombin) and 'থ্রম্বিন' (thrombin) and the conversion arrow. However, the enzyme 'এন্থাল্লাটিন' is incorrect, and necessary cofactors like Ca2+ were not mentioned for this step. | Fibrinogen to Fibrin Conversion: 1.25/1.5 Correctly identified 'ফাইব্রিনোজেন' (fibrinogen) and 'ফাইব্রিন' (fibrin) and the conversion arrow. Correctly included 'Ca2+' as a cofactor. 'আমিন' is likely a misspelling of 'থ্রম্বিন' (thrombin), which is the correct enzyme, so partial credit is given for intent. | Fibrin Polymerization & Clot Formation: 1.0/2.0 Recognizable steps for 'ফাইব্রিন মনোশর' (fibrin monomer) and 'ফাইব্রিন পদিমার' (fibrin polymer) despite minor spelling errors. However, the representation of the final outcome 'রক্তপাত বন্ধ' (bleeding stops) is structurally confusing and incorrect, as it separates the phrase and links it from monomer and polymer individually. The overall flowchart structure is messy."
901511162623,Biology,1/2,BN_UNICODE,ৈ বÁানিক নাম লিখ : ( র ) কবুতর (রর) ে গালক … মি (ররর) গিনিপিগ (রা) দে ায়েল (া) ে গাখরা সাপ,,,,NO_REDMARK,,,,2.5,rubric,True,False,1.0,(ii) tsc ares lumbricoides (iii) (iv) Copsychus saularis (v) Naja naja,0.95,"Scientific name for কবুতর (Pigeon): 0.0/0.5 Not attempted by the student. | Scientific name for গোলকৃমি (Roundworm - Ascaris lumbricoides): 0.0/0.5 Incorrect spelling of genus ('tsc ares' instead of 'Ascaris') and incorrect capitalization of genus. As per rubric, spelling mistakes in genus or species result in deduction of allocated marks. | Scientific name for গিনিপিগ (Guinea pig - Cavia porcellus): 0.0/0.5 Not attempted by the student (left blank). | Scientific name for দোয়েল (Oriental Magpie-robin - Copsychus saularis): 0.5/0.5 Correct scientific name, correctly underlined, and correctly capitalized. | Scientific name for গোখরা সাপ (Cobra - Naja naja): 0.5/0.5 Correct scientific name, correctly underlined, and correctly capitalized.",1.25,(ii) tscares lumbricoides (iii) (iv) Copsychus saularis (v) Naja naja,0.9,"(র) কবুতর (Columba livia): 0/0.5 The student did not attempt this part of the question. | (রর) ে গালক … মি (Ascaris lumbricoides): 0.25/0.5 The species name 'lumbricoides' is correct, but the genus name 'tscares' is a significant misspelling of 'Ascaris'. Partial credit awarded for the correct species. | (ররর) গিনিপিগ (Cavia porcellus): 0/0.5 The student did not provide an answer for this part; the line is blank. | (রা) দে ায়েল (Copsychus saularis): 0.5/0.5 The scientific name 'Copsychus saularis' is correctly written and underlined. | (া) ে গাখরা সাপ (Naja naja): 0.5/0.5 The scientific name 'Naja naja' is correctly written and underlined."
413009580656,Biology,5/2,BN_UNICODE,সক্রিয় ও নি®িŒয় লবণ পরিশোষণের মধে ্য ৫টি পার্থক ্য লিখ ।,2.5,2.5,,NO_MARKSCOL,2.5,,,2.5,rubric,True,True,2.5,"বিষয় সক্রিয় লবণ শোষণ নিষ্ক্রিয় শোষণ বাহক প্রয়োজন হয় প্রয়োজন হয় না রিপার্টার শতি লাগে লাগে না এনজাইম লাগে লাগে না বিপাক হার/শ্বসন হার বাড়ে বাড়ে না উদাহরণ লোগশিন বাহক ধারণা, লুন্ডে গড়ের মতবাদ ব্যাপন মতবাদ, ব্যাপক প্রবাহ মতবাদ",0.95,"Carrier requirement: 0.5/0.5 Student correctly states that active absorption requires a carrier, while passive absorption does not. | Metabolic energy requirement: 0.5/0.5 Student correctly states that active absorption requires metabolic energy, while passive absorption does not. (Interpreted 'রিপার্টার শতি' as metabolic energy based on context). | Enzyme involvement: 0.5/0.5 Student correctly states that enzymes are involved in active absorption, but not in passive absorption. | Effect on respiration rate: 0.5/0.5 Student correctly states that active absorption increases respiration rate, while passive absorption does not. | Associated theories/mechanisms: 0.5/0.5 Student correctly lists relevant theories/concepts for both active (carrier concept, Lundegårdh's theory) and passive (diffusion theory, mass flow theory) absorption.",2.5,"বিষয় (i) বাহক (ii) বিপাকীয় শক্তি (iii) এনজাইম (iv) বিপাক হার/ শ্বসন হার (v) উদাহরণ সক্রিয় লবণ শোষণ প্রয়োজন হয় লাগে লাগে বাড়ে লোগশিন বাহক ধারণা, লুন্ডেগড়ের মতবাদ নিষ্ক্রিয় শোষণ প্রয়োজন হয় না লাগে না লাগে না বাড়ে না ব্যাপন মতবাদ, ব্যাপক প্রবাহ মতবাদ",0.95,"Presence/absence of carrier (বাহক): 0.5/0.5 Correctly states that carriers are needed for active absorption and not for passive absorption. | Requirement of metabolic energy (বিপাকীয় শক্তি): 0.5/0.5 Correctly states that metabolic energy is needed for active absorption and not for passive absorption. | Role of enzymes (এনজাইম): 0.5/0.5 Correctly states that enzymes are involved in active absorption and not in passive absorption. | Effect on metabolic/respiration rate (বিপাক হার/শ্বসন হার): 0.5/0.5 Correctly states that respiration rate increases in active absorption and does not increase in passive absorption. | Examples of theories/mechanisms (উদাহরণ): 0.5/0.5 Correctly provides relevant theories/mechanisms for both active (Lundegårdh's theory, carrier concept) and passive (diffusion theory, mass flow theory) absorption as examples of differences."
321887054967,Biology,5/2,BN_UNICODE,অ্যানজাইনা কাকে বলে? উচ্চ রক্তচাপজনিত হৃদযন্ে¿র ৩টি রোগ উল্লেখ কর।,25.0,25,,NO_MARKSCOL,25.0,,,2.5,inconsistent(gold>full),False,False,1.5,"১. করোনার ধমনীর ৭৭% ব্লকের = অ্যানজাইনা, (i) হাটু ফেইল্যর (ii) আর্টারিও ফ্লেরোসিস (iii) হার্ট এটাক",0.9,"Definition of Angina: 0.0/1.0 The student provided a cause (coronary artery blockage) rather than a definition of angina as a symptom of chest pain/discomfort due to insufficient blood supply to the heart muscle. The specific percentage '77%' is also not part of a general definition. | First heart disease due to high blood pressure: 0.5/0.5 Correctly identified 'Heart Failure' (হাটু ফেইল্যর) as a disease, despite a phonetic misspelling. | Second heart disease due to high blood pressure: 0.5/0.5 Correctly identified 'Arteriosclerosis' (আর্টারিও ফ্লেরোসিস) as a disease caused by high blood pressure and affecting the cardiovascular system. | Third heart disease due to high blood pressure: 0.5/0.5 Correctly identified 'Heart Attack' (হার্ট এটাক) as a disease.",1.0,১. বরো ঘর ধমনীর ৭৭% ব্লকের = অ্যানজাইনা। (i) হার্ট ফেইল্যর (ii) আর্টারিও ফ্লোরোসিস (iii) হার্ট এটাক,0.95,"Definition of Angina: 0/1 The student's definition 'Large artery's 77% blockage = Angina' is inaccurate and incomplete. It mentions a specific, arbitrary percentage of blockage rather than defining angina as chest pain due to insufficient oxygen supply to the heart muscle. | First heart disease related to high blood pressure: 0.5/0.5 'হার্ট ফেইল্যর' (Heart Failure) is a correct disease caused by high blood pressure and is listed in the model solution. | Second heart disease related to high blood pressure: 0/0.5 'আর্টারিও ফ্লোরোসিস' (Arteriosclerosis) is a condition that can be caused by high blood pressure and can lead to heart disease, but it is not one of the three specific clinical diseases (Angina Pectoris, Myocardial Infarction, Heart Failure) listed in the model solution as direct consequences. | Third heart disease related to high blood pressure: 0.5/0.5 'হার্ট এটাক' (Heart Attack) is a correct disease caused by high blood pressure and is listed in the model solution (Myocardial Infarction/Heart Attack)."
618445189310,Biology,5/2,BN_UNICODE,পুÄাক্ষির গঠন ও কাজের একক কী? পুÄাক্ষি ও ওসেলির/ সরলাক্ষির অবস্থান ও সংখ্যা উল্লেখ কর।,2.5,2.5,,NO_MARKSCOL,2.5,,,2.5,rubric,True,True,2.0,ওমাটিডিয়াম। ওসেলি -> ৩টি। সংখ্যায় পুঞ্জাক্ষি -> ২টি (হাজার হাজার ওমাটিডিয়াম) | মাথার দু'পাশে,0.95,"পুঞ্জাক্ষির গঠন ও কাজের একক (Unit of compound eye): 0.5/0.5 Student correctly identified 'ওমাটিডিয়াম' as the structural and functional unit. | পুঞ্জাক্ষির অবস্থান (Location of compound eye): 0.5/0.5 Student correctly stated 'মাথার দু'পাশে' (on both sides of the head), which is an acceptable description of its location. | পুঞ্জাক্ষির সংখ্যা (Number of compound eyes): 0.5/0.5 Student correctly stated '২টি' (2), which is equivalent to 'এক জোড়া' (one pair). | ওসেলির/ সরলাক্ষির অবস্থান (Location of ocelli/simple eyes): 0.0/0.5 Student did not mention the location of ocelli. The model solution specifies 'দুটি পুঞ্জাক্ষির মাঝখানে'. | ওসেলির/ সরলাক্ষির সংখ্যা (Number of ocelli/simple eyes): 0.5/0.5 Student correctly stated '৩টি' (3) for the number of ocelli.",2.0,ওমাটিডিয়াম।ওসেলি -> ৩টি। সংখ্যায়পুঞ্জাক্ষি -> ২টি (হাজার হাজার ওমাটিডিয়াম)মাথার দু'পাশে,0.9,"Structural and functional unit of compound eye: 0.5/0.5 Correctly identified as 'ওমাটিডিয়াম'. | Number of ocelli/simple eyes: 0.5/0.5 Correctly stated as '৩টি' (3). | Location of ocelli/simple eyes: 0.0/0.5 Location of ocelli was not provided. The student wrote 'সংখ্যায়' which means 'in number' and is not a location. | Number of compound eyes: 0.5/0.5 Correctly stated as '২টি' (2), which is equivalent to 'এক জোড়া'. | Location of compound eyes: 0.5/0.5 Correctly identified as 'মাথার দু'পাশে' (on both sides of the head), which is an acceptable description of the location."
745689380091,Biology,5/2,BN_UNICODE,জিন কাকে বলে? ট্রাÝক্রিপশন প্রক্রিয়ার জন্য প্রয়োজনীয় উপাদানসমূহ উল্লেখ কর।,2.5,2.5,,NO_MARKSCOL,2.5,,,2.5,rubric,True,True,1.5,"জীবের লক্ষণ প্রকাশ করে যে স-জিন উপাদান: (i) শক্তি (ATP) (ii) এনজাইম (RNA পলিমারেজ) (iii) ATP, GTP, CTP, UTP (iv) প্রোমোটার",0.95,"Definition of Gene: 0/0.5 The definition 'জীবের লক্ষণ প্রকাশ করে যে স-জিন' (The gene that expresses the characteristics of an organism) is too simplistic and lacks scientific detail (e.g., mentioning DNA, chromosome, or being the smallest unit controlling traits). | Transcription Component: RNA Polymerase Enzyme: 0.5/0.5 Correctly identified 'এনজাইম (RNA পলিমারেজ)' (Enzyme (RNA Polymerase)), which matches the model solution. | Transcription Component: Free Ribonucleotide Triphosphates: 0.5/0.5 Correctly identified 'ATP, GTP, CTP, UTP', which matches the model solution's 'মুক্ত রাইবোনিউক্লিওটাইড ট্রাইফসফেট'. | Transcription Component: Chemical Energy: 0.5/0.5 Correctly identified 'শক্তি (ATP)' (Energy (ATP)), which corresponds to 'রাসায়নিক শক্তি' (chemical energy) in the model solution. | Transcription Component: DNA Template / Accessory Proteins: 0/0.5 The student listed 'প্রোমোটার' (Promoter). While a promoter is crucial for transcription, it is a region *on* the DNA template, not the DNA template itself as a component, nor does it match 'accessory proteins' from the model solution. The student did not list the DNA template as a component.",1.45,"৩। জীবের গঠন ও লক্ষণ প্রকাশ করে যে স-জিন উপাদান: (i) শক্তি (ATP) (ii) এনজাইম (RNA পলিমারেজ) (iii) ATP, GTP, CTP, UTP (iv) প্রোমোটার",0.95,"Definition of Gene: 0.25/1.0 The student provided a very basic and incomplete definition of a gene, stating it expresses organismal structure and characteristics, but lacked details about its molecular nature (DNA sequence, locus, functional signal) as described in the model solution. | Components for Transcription: RNA Polymerase: 0.3/0.3 Correctly identified RNA polymerase as an essential enzyme for transcription. | Components for Transcription: Ribonucleotide Triphosphates: 0.3/0.3 Correctly identified ATP, GTP, CTP, UTP as necessary free ribonucleotide triphosphates. | Components for Transcription: Chemical Energy: 0.3/0.3 Correctly identified 'শক্তি (ATP)' (energy, ATP) as a required component, covering the chemical energy aspect of the process. | Components for Transcription: DNA Template (Promoter): 0.3/0.3 Correctly identified 'প্রোমোটার' (promoter), a crucial specific region on the DNA template where transcription initiates. | Components for Transcription: Accessory Proteins: 0.0/0.3 Did not mention accessory proteins, which are part of the model solution's list of components."
894235977578,Biology,2/2,BN_UNICODE,গ্াজন কাকে বলে? ফটোফসফোরাইলেশন ও অক্সিডেটিভ ফসফোরাইলেশনের মধ্যে ৩টি পার্থক্য লিখ।,2.0,02,,NO_MARKSCOL,2.0,,,2.5,rubric,True,True,1.5,অনুজীবের অবাত শ্বসন দ্বারা গ্লুকোজ হতে ইথানল তৈরির একৃয়াই গাঁজন। বিষয় | ফটোফসফোরাইলেশন | অক্সিডেটিভ ফসফোরাইলেশন ---|---|--- (i) যে প্রক্রিয়ার ধাপ | সালোকসংশ্লেষণ | শ্বসন (ii) যার হয় | ADP+Pᵢ → ATP | পাইরুভিক এসিডের (iii) কোথায় হয় | প্লাস্টিড | মাইটোকন্ড্রিয়ায়,0.95,"Definition of Fermentation: 0.5/1.0 The student provided a concise definition mentioning anaerobic respiration by microorganisms producing ethanol from glucose. However, it lacks details such as incomplete oxidation, the role of zymase enzyme, the possibility of lactic acid formation, and the production of little energy, which are present in the model solution. | Difference 1: Process involved: 0.5/0.5 The student correctly identified Photophosphorylation with Photosynthesis and Oxidative Phosphorylation with Respiration. | Difference 2: What happens/is formed: 0.0/0.5 For Photophosphorylation, 'ADP+Pᵢ → ATP' is correct. However, for Oxidative Phosphorylation, 'পাইরুভিক এসিডের' (of pyruvic acid) is incorrect. Pyruvic acid is an intermediate from glycolysis, not a direct outcome or process of oxidative phosphorylation itself, which primarily involves ATP synthesis. | Difference 3: Location: 0.5/0.5 The student correctly identified Photophosphorylation occurring in 'প্লাস্টিড' (Plastid, which includes chloroplasts) and Oxidative Phosphorylation in 'মাইটোকন্ড্রিয়ায়' (in Mitochondria).",1.25,অনুজীবের অবাত শ্বসন দ্বারা গ্লুকোজ হতে ইথানল তৈরির একৃয়াই গাঁজন। বিষয় ফটোফসফোরাইলেশন। অক্সিডেটিভ ফসফোরাইলেশন। (i) যে প্রকৃমার বাপ সালোকসংশেবন শুন (ii) যার হয় ADP+Pᵢ → ATP পাইবাদিক এসিডের (iii) কোথায় হয় ব্লাচিড মাইটোকন্দ্রিয়ায়,0.9,"Definition of Fermentation (গ্াজন): 0.75/1.0 The definition correctly identifies anaerobic respiration by microorganisms, glucose as the substrate, and ethanol as a product. However, it lacks details such as incomplete oxidation, specific enzymes (zymase), and the alternative product lactic acid or energy production, which are present in a more comprehensive definition. | Difference 1: Process/Origin: 0.0/0.5 Photophosphorylation is correctly linked to photosynthesis. However, oxidative phosphorylation is incorrectly stated as 'শুন' (listen/hear) instead of 'শ্বসন' (respiration). | Difference 2: Product/What happens: 0.0/0.5 The formation of ATP (ADP+Pᵢ → ATP) is correctly identified for photophosphorylation. However, for oxidative phosphorylation, 'পাইবাদিক এসিডের' (of pyruvic acid) is incorrect; ATP is the product of oxidative phosphorylation. | Difference 3: Location: 0.5/0.5 Photophosphorylation is correctly identified as occurring in 'ব্লাচিড' (likely intended as plastid/chloroplast, which is acceptable), and oxidative phosphorylation is correctly identified as occurring in 'মাইটোকন্দ্রিয়ায়' (mitochondria)."
246216617197,Biology,5/2,BN_UNICODE,"হিমোফিলিয়া ে রাগের বাহক মাতা ও স্ব াভাবিক পিতার হিমোফিলিক পুত্র জন্ম ে নবার সম্ভ াবনা ২৫ %, ে চকার ে বাডর্ের মাধ ্যমে দে খাও ।",2.5,2.5,,NO_MARKSCOL,2.5,,,3.0,rubric,True,True,3.0,১। বাহক মাতা: X X' | সুস্থ পিতা: X Y ♂ x ♀ ♂/♀ X Y X XX XY X' X'X X'Y মোট সন্তানের X'Y বা 25% হিমোফিলিয়ায় আক্রান্ত। এবং সে পুত্র।,0.95,"Punnett square representation and derivation (including parental genotypes, gametes, offspring genotypes, and identification of hemophiliac son with probability): 2.5/2.5 The student correctly identified the parental genotypes (carrier mother X X', normal father X Y), set up the Punnett square with correct gametes, accurately filled in all offspring genotypes (XX, XY, X'X, X'Y), and correctly identified the hemophiliac son (X'Y) with its 25% probability. | Clear and correct final probability statement: 0.5/0.5 The student provided a clear and correct concluding statement: 'মোট সন্তানের X'Y বা 25% হিমোফিলিয়ায় আক্রান্ত। এবং সে পুত্র।' (Total offspring X'Y or 25% affected by hemophilia. And he is a son.), which fully answers the question.",3.0,"১। বাহক মাতা: X X' সুস্থ পিতা: X Y ক্রস: ♂ x ♀ [Punnett Square with X, Y on top and X, X' on left, resulting in XX, XY, X'X, X'Y] মোট সন্তানের X'Y বা 25% হিমোফিলিয়ায় আক্রান্ত। এবং সে পুত্র।",1.0,"Correct parental genotypes identified (Carrier mother XX', Normal father XY): 0.5/0.5 | Correct Punnett square setup (gametes and structure): 1.0/1.0 | Correct offspring genotypes in Punnett square: 1.0/1.0 | Correct conclusion stating 25% probability of hemophiliac son: 0.5/0.5"
330554413803,Biology,5/2,BN_UNICODE,অপঃরহড়ঢ়ঃবৎুমরর ও ঝধৎপড়ঢ়ঃবৎুমরর ে শ্রণির মধে ্য ৫টি তুলনা কর ।,2.5,2.5,,NO_MARKSCOL,2.5,,,2.5,rubric,True,True,2.0,২। তুলনা বিষন Actinopterygii Sarcopterygii আঁইশ সাইক্লয়েড গ্যানয়েড লেজ হোমোসার্কাল ডাইফাইসার্কাল লোব পাখনা নেই আছে আর্চ নেই আছে উদাহরণ রুই মাছ (Labeo rohita) সিলাকান্তু মাছ (Latimera),0.95,"Comparison 1: Scales (আঁইশ): 0.5/0.5 Student correctly identified Cycloid scales for Actinopterygii and Ganoid scales for Sarcopterygii, which are valid distinguishing features. | Comparison 2: Tail (লেজ): 0.5/0.5 Student correctly identified Homocercal tail for Actinopterygii and Diphycercal tail for Sarcopterygii, matching the model solution. | Comparison 3: Lobed fin (লোব পাখনা): 0.5/0.5 Student correctly stated that lobed fins are absent in Actinopterygii and present in Sarcopterygii, which is a fundamental difference between ray-finned and lobe-finned fish. | Comparison 4: Arch (আর্চ): 0.0/0.5 The term 'আর্চ' (Arch) is too vague in this context, and the 'নেই' (absent) vs 'আছে' (present) distinction is not a clear or correct biological comparison for these classes without further specification. | Comparison 5: Example (উদাহরণ): 0.5/0.5 Student provided correct examples: Rui (Labeo rohita) for Actinopterygii and Coelacanth (Latimeria) for Sarcopterygii, which effectively illustrates the distinction between the two classes.",2.0,২। তুলনা:বিষয় Actinopterygii Sarcopterygiiআঁইশ সাইক্লয়েড গ্যানয়েডলোক হোমোসার্কাল ডাইকা সার্কাললোর পাখনা নেই আছেআর্চ নেই গেছেউদাহরন রুই মাছ (Labo rohita) সিলাকান্তু মাছ (Latimera),0.9,Scale type (আঁইশ): 0.5/0.5 Correctly identified cycloid vs ganoid scales. | Tail fin type (পুচ্ছ পাখনা): 0.5/0.5 Correctly identified homocercal vs diphycercal tail fins. | Lobe fins (মাংসল পাখনা): 0.5/0.5 Correctly identified the presence/absence of lobe fins. | Arch (আর্চ): 0.0/0.5 The comparison point 'Arch' and its values 'নেই' (absent) and 'গেছে' (gone) are unclear and not a standard or correct comparison for these classes. | Examples (উদাহরণ): 0.5/0.5 Correctly provided examples Labeo rohita vs Latimeria.
319564135948,Biology,5/2,BN_UNICODE,টিসু ্য কালচার পদ্ধতির ধাপসমূহ উল্লেখ কর।,2.5,2.5,,NO_MARKSCOL,2.5,,,2.75,rubric,True,True,2.0,৩। এক্সপ্লান্ট নির্বাচন ↓ জীবানুর (crossed out) কালচার মিডিয়াম তৈরি ↓ জীবাণুমুক্ত করণ ↓ মিডিয়াতে নেজালশুর টিস্যু ↓ ক্যালাস সৃষ্টি → অনুচারা সৃষ্টি ↑ টবে স্থানান্তর ↑ মাঠ পর্যায়ে স্থানান্তর,0.9,"Listing the 8 steps of tissue culture sequentially and correctly.: 2.0/2.75 The student listed 8 steps in the correct sequence. However, there were three omissions/inaccuracies: 1. Step 4: 'স্থাপন' (placing) was missing from 'মিডিয়াতে টিস্যু স্থাপন'. The student wrote 'মিডিয়াতে [unclear word] টিস্যু'. 2. Step 5: 'সংখ্যাবৃদ্ধি' (multiplication) was missing from 'ক্যালাস সৃষ্টি ও সংখ্যাবৃদ্ধি'. 3. Step 6: 'মূল উৎপাদক মাধ্যমে স্থানান্তর' (transfer to rooting medium) was missing from 'মূল উৎপাদক মাধ্যমে স্থানান্তর ও চারা উৎপাদন'. As per the rubric, 0.25 marks were deducted for each omission, totaling 0.75 marks deduction from the maximum of 2.75.",2.4,এক্সপ্লান্ট নির্বাচন জীবানুর কালচার মিডিয়াম তৈরি জীবানুমুক্ত করণ মিডিয়াতে নেজালশুর টিস্যু ক্যালাসসৃষ্টি অনুচারা সৃষ্টি টবে স্থানান্তর মাঠ পর্যায়ে স্থানান্তর,0.95,"এক্সপ্লান্ট নির্বাচন (Explant selection): 0.35/0.35 The student correctly identified 'Explant selection'. | কালচার মিডিয়াম বা আবাদ মাধ্যম তৈরি (Culture medium preparation): 0.25/0.35 The student wrote 'জীবানুর কালচার মিডিয়াম তৈরি' (Germ culture medium preparation). While the core idea of culture medium preparation is present, the addition of 'জীবানুর' (of germs) is unnecessary and slightly misleading, implying the medium is for germs rather than sterile. | জীবাণুমুক্তকরণ বা নির্বীজকরণ (Sterilization): 0.35/0.35 The student correctly identified 'জীবানুমুক্ত করণ' (Sterilization). | মিডিয়ামে এক্সপ্লান্ট বা টিস্যু স্থাপন (Explant/tissue placement in medium): 0.15/0.35 The student wrote 'মিডিয়াতে নেজালশুর টিস্যু'. This mentions 'tissue in medium' but misses the crucial action of 'placement' (স্থাপন). The word 'নেজালশুর' is unclear and not a standard term in this context, making the step incomplete. | ক্যালাস সৃষ্টি ও সংখ্যাবৃদ্ধি (Callus formation & multiplication): 0.35/0.35 The student correctly identified 'ক্যালাসসৃষ্টি' (Callus formation), which is the primary part of this step. | মূল উৎপাদক মাধ্যমে স্থানান্তর ও চারা উৎপাদন (Transfer to rooting medium & plantlet production): 0.25/0.35 The student wrote 'অনুচারা সৃষ্টি' (Microplantlet creation). This covers the production of plantlets but omits the 'transfer to rooting medium' aspect, making it less complete than the model solution. | চারা টবে স্থানান্তর (Plantlet transfer to pot): 0.35/0.35 The student correctly identified 'টবে স্থানান্তর' (Transfer to pot). | প্রাকৃতিক পরিবেশ তথা মাঠ পর্যায়ে স্থানান্তর (Transfer to natural environment/field): 0.35/0.35 The student correctly identified 'মাঠ পর্যায়ে স্থানান্তর' (Transfer to field level)."
942889830864,Biology,2/2,BN_UNICODE,ওমাটিডিয়াম ক ী ? একটি আদশ ওমাটিডিয়ামের গঠন লিখ ।,2.0,02,,NO_MARKSCOL,2.0,,,2.5,rubric,True,True,1.75,৪। ঘাসফড়িং এর পুঞ্জাক্ষির একক হলো ও মাটিডিয়াম। কর্নিয়া ক্রিস্টালাইন কোন দ কোষ কর্নিয়াজের কোষ আইরিশ রঞ্জক অবর নী র‍্যাবডোম চিত্র: ও মাটিডিয়াম,0.9,"Definition of Ommatidium as a vision unit: 0.5/0.5 The student correctly identified Ommatidium as the unit of the compound eye of a grasshopper, which implies its function as a vision unit. | Identification of 8 parts of an ideal Ommatidium (0.25 marks each): 1.25/2.0 The student correctly identified 5 distinct parts: Cornea, Crystalline cone, Corneagen cell, Iris pigment sheath, and Rhabdom. The label 'দ কোষ' was too ambiguous and poorly written to be awarded marks for a specific part.",1.75,৪। ঘাসফড়িং এর পুঞ্জাক্ষির একক হলো ও মাটিডিয়াম। কর্নিয়া ক্রিস্টালাইন কোন দ কোষ কর্নিয়াজেন কোষ আইরিশ রঞ্জক অবর নী র‍্যাবডোম চিত্র: ও মাটিডিয়াম,0.9,"Definition of Ommatidium: 0.5/0.5 The student correctly defined ommatidium as the unit of the grasshopper's compound eye. | Diagram quality and representation of structure: 0.4/0.5 The diagram is clear and accurately represents the basic structure of an ommatidium, although it could be more detailed. | Labeled components of Ommatidium: 0.85/1.5 The student correctly identified 5 out of 10 key components (Cornea, Crystalline cone, Corneagen cell, Iris pigment sheath, Rhabdome). One label ('দ কোষ') was ambiguous but likely intended as 'Crystalline cone cell'. Missing Retinular cell, Retinal pigment sheath, Basal membrane, and Nerve fibre."
189506906847,Biology,5/2,BN_UNICODE,রক্ত তআন কাকে বলে ? রক্ত তআনের অতি গুরুতaপূণ চারটি ফ্যা ±রের নাম লিখ ।,2.5,2.5,,NO_MARKSCOL,2.5,,,7.0,rubric,True,True,3.36,৫। শরীরের রক্তনালী ক্ষতিগ্রস্থ হলে যে জটিল প্রক্রিয়ায় তরুণ ফ্যাক্টরসমূহের সাহায্যে ক্ষয়পূরণ হয় ও রক্তপাত বন্ধহয় রক্ত তঞ্চন Factor: 1 ফাইব্রিনোকে। 2 প্রোপাকি 3 টিসু প্রজারাদিন 4 Catt,0.85,"Definition of blood clotting: 0.25/0.5 The student provided a partial definition that captures the essence of stopping bleeding when blood vessels are damaged, but it lacks the precision and standard terminology (e.g., fibrin network) found in the model answer. The phrase 'তরুণ ফ্যাক্টরসমূহের সাহায্যে' (with the help of young factors) is also non-standard in this context. | Name of Factor 1 (Fibrinogen): 0.25/0.5 The student wrote 'ফাইব্রিনোকে।' which is a recognizable but significantly misspelled version of 'ফাইব্রিনোজেন'. | Name of Factor 2 (Prothrombin): 0.1/0.5 The student wrote 'প্রোপাকি' which is a very poor and barely recognizable misspelling of 'প্রোথ্রম্বিন'. | Name of Factor 3 (Thromboplastin): 0.1/0.5 The student wrote 'টিসু প্রজারাদিন'. While 'টিসু' (Tissue) is often associated, 'প্রজারাদিন' is a very poor and almost unrecognizable misspelling of 'থ্রম্বোপ্লাস্টিন'. | Name of Factor 4 (Ca2+): 0.5/0.5 The student correctly identified 'Catt' as a representation for Calcium ions (Ca++).",6.0,৫। শরীরের রক্তনালী ক্ষতিগ্রস্থ হলে যে জটিল প্রক্রিয়ায় তরুণ ফ্যাক্টরসমূহের সাহায্যে ক্ষয়পূরণ হয় ও রক্তপাত বন্ধহয় রক্ত তঞ্চন।Factor:1. ফাইব্রিনোজেন2. প্রোথ্রম্বিন3. টিস্যু থ্রম্বোপ্লাস্টিন4. Ca++,0.95,"Definition of রক্ত তঞ্চন (Blood Clotting): 2.0/3.0 The student provided a correct definition of blood clotting, mentioning the complex process, damage to blood vessels, and stopping bleeding with the help of factors. However, it lacked the specific detail about fibrin mesh formation mentioned in the model solution. | Identification of Fibrinogen: 1.0/1.0 Correctly identified Fibrinogen as a clotting factor. | Identification of Prothrombin: 1.0/1.0 Correctly identified Prothrombin as a clotting factor. | Identification of Thromboplastin (Tissue Thromboplastin): 1.0/1.0 Correctly identified Tissue Thromboplastin, which is a valid and more specific form of Thromboplastin. | Identification of Calcium ions (Ca++): 1.0/1.0 Correctly identified Calcium ions (Ca++) as a clotting factor."
173972089106,Biology,5/2,BN_UNICODE,কায়াজমা ও সিন্যাপসিস বলতে ক ী বুঝ ? প্রোফেজ- ১ ধাপের উপ-পর্যায়গুে লার নাম লিখ ।,2.5,2.5,,NO_MARKSCOL,2.5,,,4.0,rubric,True,True,4.0,"৬। কায়াজমা: ক্রসিং ওভারের সময় ক্রোমোজোমের অংশ বিনিময়ের পর জোড়া লাগা অবস্থায় (X) আকৃতির গঠন।সিন্যাপসিস: সমসংস্থ ক্রোমোজোমগুলোর পরস্পর সমান্তরালে জোড় বাঁধার প্রক্রিয়া।লেপ্টোটিন, জাইগোটিন, প্যাকাইটিন, ডিপ্লোটিনডায়াকাইনেসিস।",0.95,"কায়াজমা সংজ্ঞা: 0.8/0.8 The definition for Chiasma is accurate, mentioning the X-shaped structure formed after crossing over and exchange of chromosomal parts. | সিন্যাপসিস সংজ্ঞা: 0.8/0.8 The definition for Synapsis is accurate, correctly identifying it as the process of homologous chromosomes pairing up parallel to each other. | প্রোফেজ-১ ধাপের উপ-পর্যায়: 2.4/2.4 All 5 sub-stages of Prophase-I (Leptotene, Zygotene, Pachytene, Diplotene, Diakinesis) are correctly listed.",4.0,"১। কায়াজমা: ক্রসিং ওভারের সময় ক্রোমোজোমের অংশ বিনিময়ের পর জোড়া লাগা অবস্থায় (x) আকৃতির গঠন। সিন্যাপসিস: সমসংস্থ ক্রোমোজোমগুলোর পরস্পর সমান্তরালে জোড় বাঁধার প্রক্রিয়া। লেপ্টোটিন, জাইগোটিন, প্যাকাইটিন, ডিপ্লোটিন, ডায়াকাইনেসিস।",1.0,"Definition of Chiasma: 1.0/1.0 The student correctly defines chiasma as the X-shaped structure formed after crossing over of chromosomal parts. | Definition of Synapsis: 1.0/1.0 The student correctly defines synapsis as the process of homologous chromosomes pairing up parallel to each other. | Sub-stages of Prophase-I: 2.0/2.0 All five sub-stages (Leptotene, Zygotene, Pachytene, Diplotene, Diakinesis) are correctly listed."
167933181061,Biology,5/2,BN_UNICODE,ম্যালেরিয়া পরজীবীর ে হপাটিক ও এরি থ্রে াসাইটিক সাইজোগনির মধে ্য পা্চটি পার্থক ্য লিখ ।,2.5,2.5,,NO_MARKSCOL,2.5,,,2.5,rubric,True,True,2.5,৭। বিষয় হেপাটিক এরিথ্রোসাইটিক ক্রিপ্টোজয়েট দশা দেখা যায় দেখা যায় না মেটাক্রিপ্টোমেরোজয়েট দেখা যায় দেখা যায় না রোজেট দশা দেখা যায় না দেখা যায় গ্যংটি তৈরি হয় না তৈরি হয় সংঘটন স্থান যকৃতকোষ RBC,0.9,"Presence of Cryptozoite stage: 0.5/0.5 Student correctly identifies cryptozoite stage in hepatic schizogony and its absence in erythrocytic schizogony. | Presence of Metacryptomerozoite stage: 0.5/0.5 Student correctly identifies metacryptomerozoite stage in hepatic schizogony and its absence in erythrocytic schizogony. | Presence of Rosette stage: 0.5/0.5 Student correctly identifies rosette stage as absent in hepatic and present in erythrocytic schizogony. This is a valid difference, though not explicitly listed in the model solution's stages, it's a known morphological feature. | Hemozoin/Fever/Schüffner's dots (interpretation of 'গ্যংটি'): 0.5/0.5 The student wrote 'গ্যংটি তৈরি হয় না' (not formed) for hepatic and 'তৈরি হয়' (formed) for erythrocytic. Given the model solution mentions 'হিমোজয়েন উৎপন্ন হয় না' for hepatic and 'হিমোজয়েন উৎপন্ন হয়' for erythrocytic, and 'জ্বর হয় না' vs 'কাপুনিসহ জ্বর আসে', and 'সাফনাস দানা দেখা যায় না' vs 'সাফনাস দানা পাওয়া যায়', 'গ্যংটি' is likely a phonetic or handwritten representation of one of these. The most plausible interpretation that fits the 'not formed/formed' pattern and is a key difference is 'Hemozoin' or 'Schüffner's dots'. Assuming it refers to one of these, the distinction is correct. If it refers to 'fever', the phrasing 'তৈরি হয়' (is formed) is less direct than 'আসে' (comes), but the core difference is still valid. Given the ambiguity, and the fact that a difference is stated and is biologically plausible, partial credit is appropriate. Awarding full 0.5 for a plausible interpretation. | Site of occurrence: 0.5/0.5 Student correctly identifies hepatic schizogony in 'যকৃতকোষ' (liver cells) and erythrocytic schizogony in 'RBC' (red blood cells).",2.5,১। বিষয় হেপাটিক এরিথ্রোসাইটিক ক্রিপ্টোজয়েট দশা দেখা যায় দেখা যায় না মেটাক্রিপ্টোমেরোজয়েট দেখা যায় দেখা যায় না রোজেট দশা দেখা যায় না দেখা যায় গ্যামেট তৈরি হয় না তৈরি হয় সংঘটন স্থান যকৃতকোষ RBC,0.95,Presence of Cryptozoyte stage: 0.5/0.5 Correctly states Cryptozoyte stage is seen in hepatic but not erythrocytic schizogony. | Presence of Metacryptomerozoite stage: 0.5/0.5 Correctly states Metacryptomerozoite stage is seen in hepatic but not erythrocytic schizogony. | Presence of Rosette stage: 0.5/0.5 Correctly states Rosette stage is not seen in hepatic but is seen in erythrocytic schizogony (associated with schizonts). | Formation of Gametes: 0.5/0.5 Correctly states gametes are not formed in hepatic but are formed in erythrocytic schizogony (referring to gametocyte formation). | Site of occurrence: 0.5/0.5 Correctly identifies liver cells for hepatic and RBC for erythrocytic schizogony.
857536204464,Biology,2/2,BN_UNICODE,প্রক…তকোষী জীবে শ্বসনের বিভিন্ন ধাপ সংগঠিত হওয়ার স্থান লেখ।,0.0,0/,,NO_MARKSCOL,0.0,,,2.5,rubric,True,True,2.25,গ্লাইকোলাইসিস → Cytoplasm অ্যাসটাইল কো-এ → mitochondria ক্রেবস চক্র → u ETC → mitochondria inner membrane,0.9,"Location for processes outside mitochondria (Cytoplasm): 1.0/1.0 Student correctly identified 'Cytoplasm' as the location for 'Glycolysis'. | Location for processes in mitochondrial matrix: 0.5/0.75 Student identified 'mitochondria' for 'Acetyl CoA' formation and 'Krebs cycle', which is the correct organelle, but did not specify 'matrix' as the compartment. Partial credit awarded for correct organelle. | Location for processes in mitochondrial inner membrane: 0.75/0.75 Student correctly identified 'mitochondria inner membrane' as the location for 'ETC'.",2.0,সাইকোলাইসিস -> Cytoplasm অ্যাসটাইল কো-এ -> mitochondria ক্রেবস চক্র -> u ETC -> mitochondria এর inner membrane,0.9,Glycolysis location: 0.5/0.5 The student correctly identified Cytoplasm as the location for Glycolysis. | Fermentation location: 0.0/0.5 Fermentation and its location were not mentioned by the student. | Pyruvic acid oxidation / Acetyl-CoA formation location: 0.5/0.5 The student correctly identified mitochondria as the location for Acetyl-CoA formation (which is part of pyruvic acid oxidation). | Krebs cycle location: 0.5/0.5 The student correctly identified mitochondria (implied by 'u' for ditto) as the location for the Krebs cycle. | Electron Transport Chain (ETC) location: 0.5/0.5 The student correctly identified the inner mitochondrial membrane as the location for ETC.
198674982032,Biology,5/2,BN_UNICODE,ফুসফুসের কার্যকরী একক ক ী ? রক্তে অক্সিে জনের পরিবহন প্রক্রিয়া লিখ ।,5.0,5,,NO_MARKSCOL,5.0,,,2.5,inconsistent(gold>full),False,False,2.0,১। অ্যালভিওলাস। O₂ পরিবহন: ① ভৌত দ্রবণ রূপে (২%) রক্তে দ্রবীভূত হয়ে ② অক্সি হিমোগ্লোবিনরপে Hb + O₂ → HbO₂ RBC এর Hb এর সাথে O₂ মিশে HbO₂ রূপে,0.9,"Functional unit of lungs (অ্যালভিওলাস): 0.5/0.5 The student correctly identified 'অ্যালভিওলাস' (Alveolus) as the functional unit of the lungs. | Oxygen transport: Physical solution (ভৌত দ্রবণরূপে): 0.5/1.0 The student mentioned 'ভৌত দ্রবণ রূপে' (as physical solution) and 'রক্তে দ্রবীভূত হয়ে' (dissolved in blood), fulfilling the 'at least 2 pieces of information' requirement. However, the percentage mentioned '(২%)' is incorrect; the model solution states 0.2%. | Oxygen transport: Chemical compound (রাসায়নিক যৌগরূপে): 1.0/1.0 The student correctly identified 'অক্সি হিমোগ্লোবিনরপে' (as oxyhemoglobin), provided the reaction 'Hb + O₂ → HbO₂', and explained that 'RBC এর Hb এর সাথে O₂ মিশে HbO₂ রূপে' (O2 mixes with Hb of RBC to form HbO2). This provides more than two correct pieces of information.",1.7,৯। অ্যালভিওলাস। O₂ পরিবহন: ① ভৌত দ্রবণ রূপে (২%) রক্তে দ্রবীভূত হয়ে ② অক্সি হিমোগ্লোবিনরুপে Hb + O₂ → HbO₂ RBC এর Hb এর সাথে O₂ মিশে HbO₂ রূপে,0.9,"Functional unit of lungs: 0.5/0.5 Correctly identified Alveolus (অ্যালভিওলাস) as the functional unit. | Identification of two modes of O2 transport: 0.5/0.5 Correctly identified both 'physical solution' (ভৌত দ্রবণ রূপে) and 'chemical compound as oxyhemoglobin' (অক্সি হিমোগ্লোবিনরুপে) as modes of oxygen transport. | Details on physical solution transport: 0.1/0.5 Mentioned oxygen is dissolved in blood (রক্তে দ্রবীভূত হয়ে), but provided an incorrect percentage (2% instead of 0.2%) and lacked further details on its role as described in the model solution. | Details on chemical compound (oxyhemoglobin) transport: 0.6/1.0 Correctly identified transport as oxyhemoglobin, its formation with Hb in RBCs (RBC এর Hb এর সাথে O₂ মিশে HbO₂ রূপে), and provided a simplified chemical equation (Hb + O₂ → HbO₂). However, it missed details about the reaction's reversibility, stoichiometry (e.g., Hb4 + 4O2 ⇌ 4HbO2), and the nature of oxyhemoglobin as a loose compound that dissociates under low oxygen pressure."
904663885735,Biology,5/2,BN_UNICODE,টিসু ্য কাকে বলে ? ভাজক টিসু্যর তিনটি কাজ লিখ ।,2.0,2.,,NO_MARKSCOL,2.0,,,2.5,rubric,True,True,2.5,"১০। একই উৎস হতে উৎপন্ন একগুচ্ছ কোষ যখন একই কাজ করে, তখন তাকে টিসু বলে। ভাজক টিস্যুর কাজ: ① দৈহিক বৃদ্ধি ঘটানো ② বিভিন্ন টিসু তৈরি ③ ক্ষয়পূরণ",0.95,"টিস্যুর সংজ্ঞা: 1.0/1.0 The definition provided is largely correct, covering the key aspects of origin, cell group, and function, although it lacks some details present in the model answer. | ভাজক টিস্যুর প্রথম কাজ: 0.5/0.5 Correctly identified 'দৈহিক বৃদ্ধি ঘটানো' (physical growth) as a function, which aligns with the model's points on longitudinal and radial growth. | ভাজক টিস্যুর দ্বিতীয় কাজ: 0.5/0.5 Correctly identified 'বিভিন্ন টিসু তৈরি' (forms different tissues) as a function, which aligns with the model's point on forming permanent tissues. | ভাজক টিস্যুর তৃতীয় কাজ: 0.5/0.5 Correctly identified 'ক্ষয়পূরণ' (repairs damage) as a function, which directly matches the model's point on wound repair.",2.0,"১০। একই উৎস হতে উৎপন্ন আবুচ্ছ কোষ যখন একই কাজ করে, তখন তাকে টিসু বলে। ভাজক টিস্যুর কাজ: ① দৈহিক বৃদ্ধি ঘটানো ② বিভিন্ন টিসু তৈরি ③ ক্ষয়পূরণ",0.9,"Definition of Tissue: 0.5/1.0 The student correctly identified that tissue originates from the same source and performs the same function. However, the definition is incomplete, missing key aspects like 'homogeneous' (সমধর্মী), 'continuous' (অবিচ্ছিন্ন), and 'group of cells' (কোষ গুচ্ছ). The term 'আবুচ্ছ' appears to be incorrect or a miswriting. | First function of Meristematic Tissue: 0.5/0.5 'দৈহিক বৃদ্ধি ঘটানো' (Causes physical growth) is a correct and fundamental function of meristematic tissue. | Second function of Meristematic Tissue: 0.5/0.5 'বিভিন্ন টিসু তৈরি' (Forms various tissues) is a correct function, as meristematic tissue differentiates into permanent tissues. | Third function of Meristematic Tissue: 0.5/0.5 'ক্ষয়পূরণ' (Wound healing/repair) is a correct function, as meristematic tissue helps in repairing damaged parts of the plant."
152097007282,Biology,5/2,BN_UNICODE,স্যাট ক্রে ামোসোম কাকে বলে ? ে কাষঝিল্লীর ৪টি কাজ লিখ ।,2.5,2.5,,NO_MARKSCOL,2.5,,,2.5,rubric,True,True,2.5,"১২। যে ক্রোমোজোমের যৌন কুঞ্চন হতে নিউক্লিওলাস তৈরি হয়, সেটিই স্যাট ক্রোমোজোম। কোষঝিল্লির কাজ: ১। ভেতরের অঙ্গাণুসমূহ রক্ষা ২। সাইটোপ্লাজমিক সংযোগ রক্ষা ৩। এতে এনজাইম সাজানো থাকে ৪। কোষীয় আদান প্রদান নিয়ন্ত্রণ করে।",0.95,Definition of SAT chromosome: 0.5/0.5 The student correctly defined SAT chromosome as the chromosome from whose secondary constriction the nucleolus is formed. | Function 1 of Cell Membrane: 0.5/0.5 Student correctly stated that it protects internal organelles. | Function 2 of Cell Membrane: 0.5/0.5 Student correctly stated that it maintains cytoplasmic connection. | Function 3 of Cell Membrane: 0.5/0.5 Student correctly stated that enzymes are arranged in it. | Function 4 of Cell Membrane: 0.5/0.5 Student correctly stated that it controls cellular exchange/transport.,2.325,"১২। যে ক্রোমোজোমের গৌণ কুঞ্চন হতে নিউক্লিওলাস তৈরি হয়, সেটিই স্যাট ক্রোমোজোম। কোষঝিল্লির কাজ: ① ভেতরের অঙ্গাণুসমূহ রক্ষা ② সাইটোপ্লাজমিক সংযোগ রক্ষা ③ এতে এনজাইম সাজানো থাকে ④ কোষীয় আদান প্রদান নিয়ন্ত্রণ করে।",0.95,"Definition of Sat chromosome: 1.0/1.0 The student correctly defined Sat chromosome as the chromosome where the nucleolus is formed from the secondary constriction, which aligns with the model solution's alternative definition. | Cell membrane function 1: Protection of internal organelles: 0.375/0.375 The function 'ভেতরের অঙ্গাণুসমূহ রক্ষা' (Protects internal organelles) is a correct and fundamental role of the cell membrane. | Cell membrane function 2: Maintenance of cytoplasmic connection: 0.2/0.375 The function 'সাইটোপ্লাজমিক সংযোগ রক্ষা' (Maintains cytoplasmic connection) is somewhat vague. While the cell membrane is involved in cell-to-cell communication and adhesion (which could be broadly interpreted as maintaining connections), it's not as precise as other functions. Partial credit awarded. | Cell membrane function 3: Arrangement of enzymes: 0.375/0.375 The function 'এতে এনজাইম সাজানো থাকে' (Enzymes are arranged on it) is a correct function, as the cell membrane acts as a framework for various enzymes. | Cell membrane function 4: Control of cellular exchange: 0.375/0.375 The function 'কোষীয় আদান প্রদান নিয়ন্ত্রণ করে' (Controls cellular exchange/transport) is a crucial and correct role of the cell membrane, regulating the passage of substances in and out of the cell."
916235938706,Biology,5/2,BN_UNICODE,ে রপ্লিকেশন কমপ্লে ক্স কী? এর চারটি উপাদান উল্লেখ করে কাজ লিখ ।,2.0,2,,NO_MARKSCOL,2.0,,,2.5,rubric,True,True,0.25,"১৩। যে এনজাইম সন্মূহ মিলে mRNA তৈরি করে করে তাদের এক DNA পলিমারেজ-I, II, III, ও অন্যান্য এনজাইম যারা DNA রেপ্লিকেশন অংশনেয় তাদের একত্রে রেপ্লিকেশন কমপ্লেক্স বলে। বেকন → জিন রকম্বিনেশনের একক রেপ্লিকন → রেপ্লিকেশনের একক সিস্ট্রন → জিন কার্যের একক",0.95,"Definition of Replication Complex: 0.25/0.5 The student provided a basic definition stating that DNA Polymerase-I, II, III, and other enzymes involved in DNA replication collectively form the replication complex. While it correctly identifies some key players, it lacks the detail of the model answer regarding the involvement of proteins, the replication fork, and the formation of a complex molecular mechanical structure. The initial phrase about mRNA synthesis is incorrect and irrelevant to the definition of a replication complex. | Four components of Replication Complex and their functions: 0/2 The student listed 'recon', 'replicon', and 'cistron' along with their definitions. These are genetic units (units of recombination, replication, and gene function, respectively) and are not components of the DNA replication complex (e.g., helicase, primase, ligase, DNA polymerase, etc.). Therefore, this part of the answer is completely incorrect and irrelevant to the question.",0.25,"DNA পলিমারেজ-I, II, III, ও অন্যান্য এনজাইম যারা DNA রেপ্লিকেশন অংশনেয় তাদের একত্রে রেপ্লিকেশন কমপ্লেক্স বলে। বেকন → জিন রকম্বিনেশনের একক মিউটন মিউটেশনের একক রেপ্লিকন → রেপ্লিকেশনের একক সিট্রন → জিন কার্যের একক",0.95,"Definition of Replication Complex: 0.25/0.5 The student partially defined the replication complex by mentioning DNA Polymerases and other enzymes involved in DNA replication. However, it lacks the crucial context of the replication fork and the description of it as a complex molecular mechanical structure. | Four components and their functions: 0.0/2.0 The student did not list any components of the replication complex or their functions. Instead, they provided definitions for 'recon', 'replicon', and 'cistron', which are not components of the replication complex and are irrelevant to the question."
780572062847,Biology,2/2,BN_UNICODE,নিচের প্রাণী গুে লার ৈ বÁানিক নাম লিখ : ( ধ ) সাগর কুসুম ( ন ) যক …ত ক… মি ( প ) রুইমাছ ( ফ ) দে ায়েল ( ব ) ে গাখরা সাপ,2.0,02,,NO_MARKSCOL,2.0,,,2.5,rubric,True,True,2.0,b) Fasciola hepatica c) Labeo rohita d) Copsychus saularis e) Naja naja Naza naza,0.95,"Scientific name for সাগর কুসুম (Sea Anemone): 0.0/0.5 Not attempted by the student. | Scientific name for যক …ত ক… মি (Liver Fluke): 0.5/0.5 Correct scientific name (Fasciola hepatica), correctly formatted with underlining and capitalization. | Scientific name for রুইমাছ (Rohu fish): 0.5/0.5 Correct scientific name (Labeo rohita), correctly formatted with underlining and capitalization. | Scientific name for দে ায়েল (Oriental Magpie-Robin): 0.5/0.5 Correct scientific name (Copsychus saularis), correctly formatted with underlining and capitalization. | Scientific name for ে গাখরা সাপ (King Cobra): 0.5/0.5 Correct scientific name (Naja naja), correctly formatted with underlining and capitalization. The incorrect 'Naza naza' was crossed out by the student.",2.0,b) Fasciola hepatica c) Labeo rohita d) Copsychus saularis e) Naja naja Naja naja,0.95,Scientific name for যক …ত ক… মি (Fasciola hepatica): 0.5/0.5 Correctly identified as Fasciola hepatica. | Scientific name for রুইমাছ (Labeo rohita): 0.5/0.5 Correctly identified as Labeo rohita. | Scientific name for দে ায়েল (Copsychus saularis): 0.5/0.5 Correctly identified as Copsychus saularis. | Scientific name for ে গাখরা সাপ (Naja naja): 0.5/0.5 Correctly identified as Naja naja. The subsequent crossed-out text does not negate the initial correct answer. | Scientific name for সাগর কুসুম (Metridium senile): 0.0/0.5 This part was not attempted by the student.
176704149378,Biology,5/2,BN_UNICODE,ে মসোগ্লিয়া কাকে বলে ? হাইড্রার এপিডামর্িস ও গ্যা স্ট্রে াডামি সের ে কাষ গুে লার নাম উল্লেখ কর।,1.5,1.5,,NO_MARKSCOL,1.5,,,2.5,rubric,True,True,1.25,১৫। হাইড্রার দুই ঘারের মাঝে স্থিতিস্থাপক আলো অকোষীয় যেটার থাকে নাম: ⅰ) পুষ্টি কোস ⅱ) গ্রহি কোষ ⅲ) ইন্টারস্টিশিয়ান ⅳ) সংবেদী কোষ ⅴ) ফ্লাজেলীয় দ,0.88,"মেসোগ্লিয়া র সংÁা লেখার জন্য: 0.25/0.5 The student correctly identified that mesoglea is an elastic, acellular layer between two layers of Hydra. However, the answer contains spelling errors (""ঘারের"" instead of ""স্তরের"", ""আলো"" instead of ""স্বচ্ছ"" or ""জেলির মতো"") and lacks the specific names of the layers (epidermis and gastrodermis) and the ""jelly-like"" characteristic. | হাইড্রার এপিডামি সের ৪টি ে কাষের নাম ে লখার জন্য: 0.75/1.0 The student listed ""গ্রহি কোষ"" (Gland cell), ""ইন্টারস্টিশিয়ান"" (Interstitial cell), and ""সংবেদী কোষ"" (Sensory cell), which are all correct cell types found in the epidermis according to the model solution. However, the student did not explicitly categorize them as epidermal cells and only provided 3 correct types for this category. | হাইড্রার গ্যা স্ট্রে াডামি সের ৪টি ে কাষের নাম ে লখার জন্য: 0.25/1.0 The student listed ""পুষ্টি কোস"" (Nutritive cell), which is a correct cell type found in the gastrodermis according to the model solution. However, the student did not explicitly categorize it as a gastrodermal cell and only provided 1 correct type for this category. ""ফ্লাজেলীয় দ"" was considered incorrect as a distinct cell type.",1.5,১৫। হাইড্রার দুই স্তরের মাঝে স্থিতিস্থাপক আলো অকোষীয় স্তর থাকে। নাম: ⅰ) পুষ্টি কোষ ⅱ) গ্রন্থি কোষ ⅲ) ইন্টারস্টিশিয়ান ⅳ) সংবেদী কোষ ⅴ) ফ্লাজেলীয় দ,0.9,"Mesoglea Definition: 0.75/1.0 Correctly identified as an elastic, acellular layer between two layers of Hydra. However, missed 'jelly-like' and used 'light' (আলো) instead of 'transparent' (স্বচ্ছ). | Cell Names (Correctness): 0.75/1.0 Identified 4 correct cell types (পুষ্টি কোষ, গ্রন্থি কোষ, ইন্টারস্টিশিয়ান, সংবেদী কোষ) out of 8 unique types mentioned in the model solution. The 5th listed cell 'ফ্লাজেলীয় দ' is incomplete and unclear. | Cell Names (Structure/Completeness): 0.0/0.5 Did not differentiate between epidermal and gastrodermal cells as requested by the question and shown in the model solution. Only listed a mixed set of cells."
852164929288,Biology,1/2,BN_UNICODE,চবি বা লিপিড জাতীয় খা দ্যব স্তু র ে শাষণের রূপরেখা দে খাও ।,,,,NO_REDMARK,,,,2.75,rubric,True,False,0.5,ক্ষুদ্র লিপিড → ব্যাপন বৃহৎ লিপিড → মাইসেল ↓ কাইলোমাইক্রন ↓ ল্যাকটিয়াল নালী,0.85,"Specific initial components (Fatty acids, Cholesterol): 0/0.25 Student used general 'বৃহৎ লিপিড' instead of specific components mentioned in the model solution. | Process of secretion/absorption: 0/0.25 Missing explicit mention of the secretion process ('সিক্রেশন'). | Specific location of absorption (Intestinal villi columnar epithelium): 0/0.25 Missing specific location ('অন্ত্রের ভিলাই এর কলামনার এপিথেলিয়াম'). | Re-esterification of fatty acids to Triglycerides (TAG): 0/0.25 This detailed step is implied by 'মাইসেল → কাইলোমাইক্রন' but not explicitly stated. | Re-esterification of cholesterol to cholesterol esters: 0/0.25 This detailed step is implied by 'মাইসেল → কাইলোমাইক্রন' but not explicitly stated. | Formation of Chylomicron (with protein): 0.25/0.25 Correctly identified 'কাইলোমাইক্রন' as the formed lipoprotein. | Entry into Lacteal: 0.25/0.25 Correctly identified 'ল্যাকটিয়াল নালী' as the entry point into the lymphatic system. | Lymphatic pathway (Thoracic lymphatic duct): 0/0.25 Missing the subsequent lymphatic pathway ('থোরাসিক লসিকা নালি'). | Entry into bloodstream (Vein): 0/0.25 Missing the entry into the bloodstream ('শিরা'). | Circulation to heart: 0/0.25 Missing the circulation to the heart ('হৃদপিণ্ড'). | Delivery to cells: 0/0.25 Missing the final delivery to cells ('কোষ').",2.5,ক্ষুদ্র লিপিড → ব্যাপন বৃহৎ লিপিড → মাইসেল কাইলোমাইক্রন ল্যাকটিয়াল নালী,0.95,"Differentiation of lipid absorption pathways (small vs. large lipids): 0.25/0.25 Student correctly distinguishes between 'ক্ষুদ্র লিপিড' (small lipids) and 'বৃহৎ লিপিড' (large lipids) for absorption. | Absorption of small lipids via diffusion: 0.5/0.5 Student correctly identifies 'ব্যাপন' (diffusion) as the mechanism for 'ক্ষুদ্র লিপিড' absorption. | Formation of micelles for large lipids: 0.5/0.5 Student correctly identifies 'মাইসেল' (micelle) as an intermediate step for 'বৃহৎ লিপিড' absorption. | Formation of chylomicrons (representing intracellular processing): 0.75/0.75 Student correctly identifies 'কাইলোমাইক্রন' (chylomicron) as the transport unit formed after intracellular processing. | Entry into lacteal: 0.5/0.5 Student correctly identifies 'ল্যাকটিয়াল নালী' (lacteal duct) as the entry point into the lymphatic system. | Subsequent transport steps (lymphatic duct, blood, heart, cells): 0.0/0.25 Student did not include the subsequent transport steps such as thoracic lymphatic duct, veins, heart, and target cells."
259246239544,Biology,5/2,BN_UNICODE,ম্যালেরিয়া পরজীবীর নাম ও তা দে র সু্াব স্থা লিখ ।,1.5,1.5,,NO_MARKSCOL,1.5,,,2.5,rubric,True,True,0.9375,plasmodium falcicanum → N-15 দিন plasmodium ovale → plasmodium vivax → 12-16 দিন plasmodium malanne → 18-40 দিন,0.95,Plasmodium falciparum name: 0.0/0.3125 Incorrect spelling of the parasite name ('falcicanum' instead of 'falciparum'). | Plasmodium falciparum incubation period: 0.0/0.3125 Incorrect incubation period ('N-15 দিন' instead of '8-15 দিন'). | Plasmodium ovale name: 0.3125/0.3125 Correct parasite name. | Plasmodium ovale incubation period: 0.0/0.3125 Incubation period is missing. | Plasmodium vivax name: 0.3125/0.3125 Correct parasite name. | Plasmodium vivax incubation period: 0.0/0.3125 Incorrect incubation period range ('12-16 দিন' instead of '12-20 দিন'). | Plasmodium malariae name: 0.0/0.3125 Incorrect spelling of the parasite name ('malanne' instead of 'malariae'). | Plasmodium malariae incubation period: 0.3125/0.3125 Correct incubation period.,1.4,plasmodium falcicanum → N-15 দিন plasmodium ovale plasmodium vivax → 12-16 দিন plasmodium malanne → 18-40 দিন,0.95,"Plasmodium falciparum name and incubation period: 0.25/0.625 The name ""falcicanum"" is misspelled (should be ""falciparum""). The incubation period ""N-15 দিন"" is partially correct (15 days is the upper limit) but misses the lower limit (8 days) and the 'N' is ambiguous. Partial credit awarded. | Plasmodium ovale name and incubation period: 0.25/0.625 The name ""plasmodium ovale"" is correct. However, the incubation period is completely missing. Partial credit awarded only for the correct name. | Plasmodium vivax name and incubation period: 0.4/0.625 The name ""plasmodium vivax"" is correct. The incubation period range ""12-16 দিন"" is incorrect; the model solution states ""12-20 দিন"". The lower bound (12) is correct, but the upper bound (16 vs 20) is incorrect. Partial credit awarded. | Plasmodium malariae name and incubation period: 0.5/0.625 The name ""malanne"" is misspelled (should be ""malariae""). The incubation period ""18-40 দিন"" is correct. Partial credit awarded for the correct incubation period despite the name misspelling."
160229540988,Biology,,BN_UNICODE,ঐড়ষড়ঃয্ৎরধ ঃ্ন্ষড়ংধ কোন পর্বভুক্ত প্রাণী? উক্ত পবর্ের ৪টি বৈশিষ্ট্য লিখ।,,,,NO_REDMARK,,,,,none,True,False,0.0,,1.0,Identifying the phylum: 0/0.5 Student did not identify the phylum. | Listing 4 characteristics of the phylum: 0/2 Student did not list any characteristics.,0.0,,1.0,Identifying the phylum: 0/0.5 Student did not identify the phylum. | Listing 4 characteristics of the phylum: 0/2 Student did not list any characteristics.
432456680882,Biology,1/2,BN_UNICODE,উঘঅ রেপ্লিকেশনে নিম্ে্নাক্ত এনজাইম গুলোর ভূমিকা লিখ। (র) টপোআইসোমারেজ (রর) উঘঅ হেলিকেজ (ররর) লাইগেজ (রা) প্রাইমেজ (া) ঝঝইচ,,,,NO_REDMARK,,,,2.5,rubric,True,False,1.0,(i) টপোআইসোমারেজ → সূত্র জোড়া না লাগতে দেয়া (ii) DNA হেলিকেজ → সূত্র কাটা (iii) লাইগেজ → (iv) প্রাইমেজ → RNA প্রাইমার সংযুক্ত করা (v) SSBP → সূত্র দুটির মধ্যে H-bond গঠন না করা,0.9,"টপোআইসোমারেজ: 0.0/0.5 The student stated that it 'prevents strands from joining', which is incorrect. Topoisomerase prevents supercoiling. | DNA হেলিকেজ: 0.0/0.5 The student stated that it 'cuts strands', which is incorrect. Helicase unwinds the DNA double helix. | লাইগেজ: 0.0/0.5 The student left this answer blank. | প্রাইমেজ: 0.5/0.5 The student correctly stated that it 'attaches RNA primer'. | SSBP: 0.5/0.5 The student correctly stated that it 'prevents H-bond formation between the two strands', which is its function to prevent re-annealing.",1.25,১। (i) টপোআইসোমারেজ -> সূত্র জোডা না লাগতে দেয়া (ii) DNA হেলিকেজ -> সূত্র কাটা (iii) লাইগেজ -> (iv) প্রাইমেজ -> RNA প্রাইমার সংযুক্ত করা (v) SSBP -> সূত্র দুটির মধ্যে H-bond গঠন না করা,0.9,"Topoisomerase: 0.25/0.5 Partially correct. The student states 'prevents strands from joining/getting tangled', which vaguely relates to relieving supercoiling, but lacks precision. | DNA Helicase: 0/0.5 Incorrect. Helicase unwinds DNA, it does not 'cut' the strands. | Ligase: 0/0.5 No answer provided. | Primase: 0.5/0.5 Correct. Primase attaches RNA primers. | SSBP: 0.5/0.5 Correct. SSBP prevents hydrogen bond formation between the two strands, thus preventing re-annealing."
500692421242,Biology,,BN_UNICODE,ে পশিটিসু্যর ৩টি সাধারণ ৈ বশিষ্ট ্য ও ২টি কাজ উল্লেখ কর।,,,,NO_REDMARK,,,,2.5,rubric,True,False,0.0,৪।,1.0,3 general characteristics of muscle tissue: 0/1.5 No characteristics were provided by the student. | 2 functions of muscle tissue: 0/1 No functions were provided by the student.,0.0,,1.0,3 general characteristics of muscle tissue: 0.0/1.5 No characteristics were provided by the student. | 2 functions of muscle tissue: 0.0/1.0 No functions were provided by the student.
935318069383,Biology,5/2,BN_UNICODE,সালোকসংশ্লেষণ কাকে বলে ? সালোকসংশ্লেষণের তিনটি গু রুত a উল্লেখ কর।,2.0,2,,NO_MARKSCOL,2.0,,,2.5,rubric,True,True,2.5,"১। যে প্রক্তি শারিবৃত্তীয় প্রক্রিয়ায় উদ্ভিদ সূর্যালোক ও ক্লোরোফিলের সাহায্যে পানি ও CO2 থেকে শর্করা জাতীয় খাদ্য ও O2 তৈরি করে, তাকে সালোকসংশ্লেষণ বলে।গুরুত্বঃⅰ) O2 উৎপন্ন করে ও CO2 শোষণ করে। ফলে, বায়ুমন্ডলে ভারসাম্য জায় থাকে।ⅱ) সবুজ উদ্ভিদ শর্করা প্রস্তুত করে। ⅲ) রাবার, নাইলন ইত্যাদি তৈরি করা হয়।",0.98,"Definition of Photosynthesis: 1.0/1.0 The student provided a correct and concise definition of photosynthesis, including key elements like physiological process, plant, sunlight, chlorophyll, water, CO2, and the production of carbohydrate food and O2. | First importance of Photosynthesis: 0.5/0.5 The student correctly stated that photosynthesis produces O2 and absorbs CO2, thereby maintaining atmospheric balance, which is a crucial importance. | Second importance of Photosynthesis: 0.5/0.5 The student correctly identified that green plants produce carbohydrates (food), which is a fundamental importance of photosynthesis. | Third importance of Photosynthesis: 0.5/0.5 The student correctly mentioned that products like rubber and nylon are derived from processes linked to photosynthesis, which is a valid importance for human civilization.",2.3,"১। যে প্রক্তি শারিবৃত্তীয় প্রক্রিয়ায় উদ্ভিদ সূর্যালোক ও ক্লোরোফিলের সাহায্যে পানি ও CO2 থেকে শর্করা জাতীয় খাদ্য ও O2 তৈরি করে, তাকে সালোকসংশ্লেষণ বলে। গুরুত্বঃ ⅰ) O2 উৎপন্ন করে ও CO2 শোষণ করে। ফলে, বায়ুমন্ডলে ভারসাম্য বজায় থাকে। ⅱ) সবুজ উদ্ভিদ শর্করা প্রস্তুত করে। ⅲ) রাবার, নাইলন ইত্যাদি তৈরি করা হয়।",0.95,"Definition of Photosynthesis: 0.8/1.0 The student provides a largely correct and comprehensive definition, mentioning the key inputs (sunlight, water, CO2), catalyst (chlorophyll), and outputs (carbohydrates, oxygen). It accurately describes the process as a physiological one in plants. It misses the detail about light energy conversion to chemical energy (ATP, NADPH) as mentioned in the model solution, hence a slight deduction. | Importance of Photosynthesis - Point 1: 0.5/0.5 The student correctly states that photosynthesis produces O2 and absorbs CO2, maintaining atmospheric balance. This is a crucial and accurate point, aligning with the model solution. | Importance of Photosynthesis - Point 2: 0.5/0.5 The student correctly identifies that green plants produce carbohydrates (food) through photosynthesis. This is a fundamental importance, aligning with the model solution's point about food production for all living beings. | Importance of Photosynthesis - Point 3: 0.5/0.5 The student mentions that products like rubber and nylon are made. While 'nylon' is not directly a photosynthetic product, the broader idea of industrial products derived from plant materials (which are products of photosynthesis, like rubber, rayon mentioned in the model) is valid. This point is acceptable as an importance of photosynthesis for human civilization."
