id,fid,subject,group,path,marks,questionEN,questionBN,solution,rubric
612397795268,1000001,ICT,other,other/612397795268.jpg,10/10,Write the Boolean expression for the logic circuit shown below and construct its truth table.,[ চিত্রে দে খানো লজিক বর্তনীর বুলিয়ান সম্পক লিখ এবং এর ট্রু থ ে টবিল তৈরি কর। ],\(Y=AB+\overline{A}\overline{B}\) \(=\) \(\overline{A⊕B}\) \(Y=AB+\overline{A}\overline{B}\) \(=\) \(\overline{A⊕B}\),
971018234283,1000001,General Knowledge,other,other/971018234283.jpg,5/2,,উ্ঃঃধঢ়যৎুহ্ং সবষধহড়ংঃরপঃ্ং রং ধহ ধহরসধষ ড়ভ যিরপয পষধংং? ডৎরঃব ৪ পযধৎধপঃবৎরংঃরপং ড়ভ ঃযরং পষধংং.,উ্ঃঃধঢ়যৎুহ্ং সবষধহড়ংঃরপঃ্ং রং ধহ ধহরসধষ ড়ভ অসঢ়যরনরধ পষধংং. ০.৫ সধৎশ ভড়ৎ ৎিরঃরহম ঃযব উ্ঃঃধঢ়যৎুহ্ং সবষধহড়ংঃরপঃ্ং রং ধহ ধহরসধষ ড়ভ অসঢ়যরনরধ পষধংং. \(\times \),
388557965760,1000001,Biology,other,other/388557965760.jpg,5/2,Define: ( i ) Bivalent (ii) Synapsis ( iii) Tetrad ( iv) Chiasma (v) Crossing over,,\(\times 5)=\),
894483107494,1000001,Biology,other,other/894483107494.jpg,5/2,What is multiple allelism? Which gametes will be formed from \(AaBb\) genotypic organism?,\(AaBb\),\(\times \) \(AaBb\),
994080720760,1000001,Bangla,other,other/994080720760.jpg,,,"নিচের শãগুলোর বিপরীতার্থক শã লেখ: মূর্ত, প্রাচীন, ক্ষয়িòু, তীব্র, নিগ্রহ",বিপরীত শã: মূর্ত - বিমূর্ত প্রাচীন - অর্বাচীন /নবীন/আধুনিক/ নতুন ক্ষয়িòু - বধর্িòু তীব্র - মৃদু/লঘু নিগ্রহ - অনুগ্রহ,নম্বর বণ্টন: প্রতিটি বিপরীত শãের জন্য (০.৫ \(\times \) ৫) = ২.৫ নম্বর। [বিঃ দ্রঃ বিপরীত শãের বানান ভুল হলে বরাদ্দক…ত নম্বর কাটা যাবে]
657037053129,1000001,Biology,other,other/657037053129.jpg,1/2,Write the names of malaria parasite and their latent period.,,( র ) চষধংসড়ফর্স ভধষপরঢ়ধৎ্স ( র ) চষধংসড়ফর্স ভধষপরঢ়ধৎ্স : ৮-১৫ ফধুং,
754323170721,1000001,Bangla,other,other/754323170721.jpg,,,বাক্য কাকে বলে? গঠন অনুসারে বাক্যের শ্রেণিবিভাগ আলোচনা কর।,"অর্থবহ কথাকে বাক্য বলে। অর্থাৎ কিছু শãসমন্বয়ে মনের ভাব প্রকাশের প্রক্রিয়াকে বাক্য বলে। যে সুবিন্যস্ত পদসমষ্টি দ্বারা কোনো বিষয়ে বক্তার মনোভাব সম্পূর্ণরূপে প্রকাশিত হয়, তাকে বাক্য বলে। ড. সুনীতিকুমার চÆোপাধ্যায়ের মতে, Ôকোনও ভাষায় যে উক্তির সার্থকতা এবং গঠনের দিক থেকে যা স্বয়ংসম্পূর্ণ, সেরূপ একক উক্তিকে ব্যাকরণে বাক্য বলে।Õ গঠন অনুসারে বাংলা বাক্য তিন প্রকার। যথা: ১. সরল বাক্য ২. জটিল বাক্য ৩. যেৌগিক বাক্য। ১. সরল বা সাধারণ বাক্য: যে বাক্যে একটিমাত্র কর্তা বা উদ্দেশ্য থাকে এবং একটিমাত্র সমাপিকা ক্রিয়া বা বিধেয় থাকে তাকে সরল বাক্য বলে। যেমন- মুনীরা কলেজে যায়। ত…ণা বই পড়ে। এখানে ÔমুনীরাÕ, Ôত…ণাÕ উদ্দেশ্য বা কর্তা এবং Ôযায়Õ, Ôপড়েÕ সমাপিকা ক্রিয়া বা বিধেয়। ২. জটিল বা মিশ্র বাক্য: যে বাক্য পরস্পর সাপেক্ষ প্রধান ও অপ্রধান খণ্ডবাক্যের সমন্বয়ে বা দুটো খণ্ডবাক্যের সমন্বয়ে গঠিত হয় বা যে বাক্যে প্রধান খণ্ডবাক্যের অধীন এক বা একাধিক অপ্রধান খণ্ডবাক্য থাকে তাকে জটিল বাক্য বলে। এখানে প্রধান খণ্ডবাক্যটি স্বাধীন এবং অপ্রধান খণ্ডবাক্যটি তার অধীন বা আশ্রিত। যেমন- যদিও তিনি পণ্ডিত, তথাপি তিনি বিনয়ী নন। যিনি পরের উপকার করেন, ত্াকে সবাই শ্রদ্ধা করে। এসব বাক্যে- Ôযদিও তিনি পণ্ডিতÕ; Ôযিনি পরের উপকার করেনÕ এগুলো হলো অপ্রধান বা আশ্রিত খণ্ডবাক্য এবং Ôতথাপি তিনি বিনয়ী ননÕ, Ôত্াকে সবাই শ্রদ্ধা করেÕ-এগুলো হলো প্রধান খণ্ডবাক্য। মনে রাখতে হবে জটিল বাক্যের খণ্ডবাক্যগুলোতে যদিও, তথাপি, যিনি, তিনি, ত্াকে, যে, সে, যখন, তখন ইত্যাদি সাপেক্ষ সর্বনাম ও যোজক শã থাকে। ৩. যেৌগিক বা সংযুক্ত বাক্য: পরস্পর নিরপেক্ষ দুই বা ততোধিক সরল বাক্য বা জটিল বাক্য যদি কোনো যোজক শã সংযুক্ত হলে একটি সম্পূর্ণ বাক্য গঠন করে তবে তাকে যেৌগিক বাক্য বলে বা সংযুক্ত বাক্য বলে। যেৌগিক বাক্যের অন্তর্গত নিরপেক্ষ বাক্যগুলো এবং, ও, কিন্তু, সুতরাং, অথবা, নইলে, কিংবা, বরং, তথাপি প্রভ…তি যোজক শã সংযুক্ত বা সমন্বিত থাকে। যেমন-তারা দুজনে ওত পেতে বসেছিল, নইলে চোর ধরা সম্ভব ছিল না। তুমি অন্যায় করেছ, সুতরাং তোমাকে শাস্িত পেতেই হবে। বেশ রাত হলো এবং আমরা বাড়ি ফিরলাম।",নম্বর বণ্টন: বাক্য কাকে বলে লেখার জন্য ০১ নম্বর। গঠন অনুসারে ১ টি শ্রেণিবিভাগ সংÁা ও উদাহরণসহ লেখার জন্য ০২ নম্বর। গঠন অনুসারে ২ টি শ্রেণিবিভাগ সংÁা ও উদাহরণসহ লেখার জন্য ০৩ নম্বর। গঠন অনুসারে ৩ টি শ্রেণিবিভাগ সংÁা ও উদাহরণসহ লেখার জন্য ০৪ নম্বর।
476536117705,1000001,Bangla,other,other/476536117705.jpg,,,"সারমর্ম লেখ: বহুদিন ধরে বহু ক্রোশ দূরে বহু ব্যয় করি বহু দেশ ঘুরে দেখিতে গিয়াছি পর্বতমালা, দেখিতে গিয়াছি সিন্ধু। দেখা হয় নাই চক্ষু মেলিয়া ঘর হতে শুধু দুই পা ফেলিয়া একটি ধানের শিষের উপরে একটি শিশির বিন্দু।",সারমর্ম: প্রচুর অর্থ ও সময় খরচ করে এবং যথেষ্ট কষ্ট করে মানুষ দূরদূরান্েতর সেৌন্দর্য উপভোগ করতে ছুটে যায়। কিন্তু ঘরের কাছের অনুপম সেৌন্দর্যটুকু লক্ষ না করলে সেৌন্দর্য উপভোগের বিষয়টি কখনোই পূর্ণতা পায় না।,নম্বর বণ্টন: প্রচুর অর্থ ও সময় খরচ করে এবং যথেষ্ট কষ্ট করে মানুষ দূরদূরান্েতর সেৌন্দর্য উপভোগ করতে ছুটে যায় - নির্ধারিত অংশে লেখার ভাব ঠিকমতো বোঝাতে পারলে ১.৫ নম্বর। কিন্তু ঘরের কাছের অনুপম সেৌন্দর্যটুকু লক্ষ না করলে সেৌন্দর্য উপভোগের বিষয়টি কখনোই পূর্ণতা পায় না - নির্ধারিত অংশে লেখার ভাব ঠিকমতো বোঝাতে পারলে ০১ নম্বর। [বিঃ দ্রঃ চার বাক্যের বেশি লিখলে ৫০% নম্বর পাবে । ]
499070507297,1000001,English,other,other/499070507297.jpg,,"Read the following extract and answer the questions that follow: My name is Ozymandias, king of kings; ‎ Look on my Works, ye Mighty, and despair! ‎ Nothing beside remains. Round the decay ‎ Of that colossal Wreck, boundless and bare ‎ The lone and level sands stretch far away. (a) How does the poem reflect the difference between Ozymandias's claim and reality? (b) What impression do the ‘lone and level sands’ create at the end of the poem?",,"(a) Ozymandias proudly calls himself ‘king of kings’ and tells others to admire his greatness. However, in reality, nothing of his kingdom remains except a ruined statue in a vast desert. This shows the contrast between his ambition and the emptiness left behind, emphasizing how time destroys all human achievements. (b) The ‘lone and level sands’ create an image of silence , emptiness, and timelessness. They suggest that nature and time have erased all traces of Ozymandias's power, reinforcing the idea that human glory is temporary. Marks Distribution: For writing ; Ozymandias proudly calls himself ‘king of kings’ and tells others to admire his greatness. However, in reality, nothing of his kingdom remains except a ruined statue in a vast desert. This shows the contrast between his ambition and the emptiness left behind, emphasizing how time destroys all human achievements ; 1.5 marks. For writing ; The ‘lone and level sands’ create an image of silence , emptiness, and timelessness. They suggest that nature and time have erased all traces of Ozymandias's power, reinforcing the idea that human glory is temporary ; 01 mark. [ N.B: 0.5 mark will be deducted for two grammar or spelling mistakes, 01 mark for three or more grammar or spelling mistakes.]",
167916560418,1000001,English,other,other/167916560418.jpg,,"Make meaningful sentences with the following words: Ambivalent, Exacerbate, Tenacity, Clandestine, Discern",,"Ambivalent – She felt ambivalent about moving abroad, torn between excitement and fear. Exacerbate – Cutting down more trees will only exacerbate the effects of climate change. Tenacity – His tenacity in the face of repeated failures eventually led to success. Clandestine – The journalist uncovered a clandestine operation involving illegal data trade. Discern – It was difficult to discern the truth amid so many conflicting reports. Marks Distribution: For making meaningful sentences with the given words, (0.5×5) =2.5 marks.",
174196253767,1000001,English,other,other/174196253767.jpg,,"Write a paragraph on ‘Online Learning and Its Impact on Traditional Classrooms,’ using a clear topic sentence, supporting details, and a concluding sentence.",,"Online Learning and Its Impact on Traditional Classrooms Online learning has revolutionized education by making knowledge more accessible, flexible, and self-paced. Students can now learn from global experts, attend virtual classes, and use digital tools to reinforce understanding. Especially during the COVID-19 pandemic, online platforms became essential for continuing education. However, the shift also exposed challenges such as unequal internet access, reduced student engagement, and lack of face-to-face interaction. Traditional classrooms offer a structured environment with real-time feedback and social bonding, which online systems sometimes lack. A balanced approach that blends digital tools with physical classrooms, known as hybrid learning, can offer the best of both worlds. Teachers must be trained to use technology effectively, and students need digital literacy to benefit fully. While online learning is not a perfect replacement, it is a powerful supplement to classroom teaching. If used wisely, it can enhance education and prepare students for a tech-driven future. Marks Distribution: For writing the Title “Online Learning and Its Impact on Traditional Classrooms ” ; 0.5 mark. For writing ; Introductory sentence; 01 mark. For writing ; Students can now learn from global experts, attend virtual classes, and use digital tools to reinforce understanding ; 01 mark. For writing ; Traditional classrooms offer a structured environment with real-time feedback and social bonding, which online systems sometimes lack ; 01 mark. For writing ; Teachers must be trained to use technology effectively, and students need digital literacy to benefit fully ; 01 mark. For writing conclusion; 0.5 mark . [ Instructions: * Students must write it within one single para. If it becomes more than one para , 50% marks have to be deducted from the obtained marks. * 0.5 mark will be deducted for one or two grammar or spelling mistakes, 01 mark for three or more grammar or spelling mistakes.]",
560244588512,1000001,Biology,other,other/560244588512.jpg,5/2,Write down five differences between Vertebrates and Invertebrate.,,\(\rightarrow \) \(\rightarrow \) \(\rightarrow \) \(\rightarrow \) \(\rightarrow \) \(\rightarrow \) \(\rightarrow \) \(\ \rightarrow \) \(\rightarrow \) \(\ \rightarrow \) \(\rightarrow \) \(\rightarrow \) \(\rightarrow \) \(\rightarrow \) \(\rightarrow \) \(\rightarrow \) \(\rightarrow \) \(\ \rightarrow \) \(\rightarrow \) \(\ \rightarrow \) \(\times 5\),
564641797057,1000001,Biology,other,other/564641797057.jpg,5/2,Write the name of sites of different steps of aerobic respiration. Which step is called the common pathway of respiration?,,\(\times \),
821465883373,1000001,Biology,other,other/821465883373.jpg,5/2,What is sex linked inheritance? Mention any four sex linked disorders with their symptoms.,,\(\times \),
229581767323,1000001,Biology,other,other/229581767323.jpg,5/2,Write down 5 differences between tissue culture and recombinant DNA technology.,,\(\times \),
413850273393,1000001,Bangla,other,other/413850273393.jpg,,,"নিচের শãগুলোর দুইটি করে সমার্থক শã লেখ: গগন, পিক, গৃহ, বসুন্ধরা , তটিনী","সমার্থক শã: গগন-আকাশ, আসমান, নীলিমা, নভোমন্ডল, দু্যলোক, অজ্ঞ, শূন্য, নভঃ, অনন্ত, সুরপথ, খলোক, খগোল, নক্ষত্রলোক, নভোলোক, নভস্তল, নভস্থল, অম্বর, ব্যোম, খ, অন্তরিক্ষ, শূন্যলোক । পিক-কোকিল, পরপুষ্ট, অন্যভ…ত, পরভ…ত, কাকপুষ্ট, অন্যপুষ্ট, কলকÉ, বসন্তদূত, মধুবন, কোয়েল, কলঘোষ, বসন্তসখ, বসন্তী, মধুঘোষ, কাকপুচ্ছ । তটিনী-নদী, তরঙ্গিনী, স্রোতস্বিনী, প্রবাহিণী, নদ, নদনদী, শৈবলিনী, স্রোতস্বতী, গাঙ, সরিৎ, সমুদ্রকান্তা, সমুদ্রদয়িতা, স্রোতোবহা, মন্দাকিনী, কল্লোলিনী। গৃহ-বাড়ি, নিকেতন, নিলয়, আবাস , আলয়, ভবন, সদন, আগার, বাটি, বাটিকা, গেহ, নিকেত, বাড়িঘর। বসুন্ধরা-পৃথিবী, বসুমতী, ভুবন, জগৎ , বসুধা, ভূ, অবনি, ধরণি, ধরা, ধরিত্রী, মহি, মেদিনী, ক্ষিতি, বিশ্ব, ধরাতল, ধরাধাম, বসুমাতা, ভূমণ্ডল, মর্ত, ভূতল, পৃথaী, দুনিয়া, জাহান।",নম্বর বণ্টনঃ প্রত্যেকটি শãের ২টি সঠিক সমার্থক শã লেখার জন্য (০.২৫ \(\times \) ২) = ০.৫ নম্বর। ৫টি শãের সঠিক সমার্থক শã লেখার জন্য (০.৫ \(\times \) ৫) = ২.৫ নম্বর। [বি. দ্রঃ শãের বানান ভুল করলে ০.২৫ নম্বর কাটা যাবে।]
827616542831,1000001,Bangla,other,other/827616542831.jpg,,,"Òউপসগর্ের অর্থবাচকতা নেই, কিন্তু অর্থদ্যোতকতা আছে।""- উদাহরণসহ উক্তিটি বিশ্লেষণ কর।","বাংলা ভাষায় এমন কতকগুলো অর্থহীন শãাংশ বা শã খণ্ড রয়েছে যেগুলো স্বাধীন শã হিসেবে বাক্যে ব্যবহৃত হতে পারে না। এগুলো অন্য শãের আগে বসে এর প্রভাবে নতুন অর্থবোধক শã তৈরি করে এবং শãের অথর্ের পূর্ণতা সাধিত হয় কিংবা শãের অথর্ের সম্প্রসারণ অথবা সংকোচন ঘটে। ভাষায় ব্যবহৃত এসব অর্থহীন শãাংশ বা শã খণ্ডের নাম উপসর্গ। উপরিউক্ত সংÁাথর্ে প্রমাণ করে যে, নাম শã বা ক…দন্ত শãের সঙ্গে যুক্ত না হয়ে স্বাধীনভাবে থাকলে উপসগর্ের কোনো অর্থ নেই। যেমন: উপ, প্রতি, বি ইত্যাদি উপসর্গগুলোর কোনো অর্থবাচকতা নেই অর্থাৎ নিজস্ব কোনো অর্থ নেই। কিন্তু অর্থদ্যোতনা আছে অর্থাৎ অন্য শãের আগে বসে অর্থদ্যোতক হয়ে ওঠে। যেমন: উপ + হার= উপহার (পারিতোষিক/উপঢেৌকন), প্রতি + বেশী = প্রতিবেশী (নিকট আত্মীয়); বি + হার = বিহার (জ্ঞমণ)। উপসর্গ যুক্ত হলে সাধারণত শãের প্াচ ধরনের পরিবর্তন ঘটে। যেমন: ১. নতুন অর্থবোধক শãের সৃষ্টি হয়। যেমন কাজ থেকে অকাজ (অর্থহীন)। ২. শãের অর্থ পরিপূর্ণ হয়ে ওঠে। যেমন: কাল থেকে বিকাল (অপরাহè)। ৩. শãের অর্থ সম্প্রসারিত হয়। যেমন: দান থেকে প্রতিদান (অনুরূপ) ৪. শãের অথর্ের সীমানা সংকুচিত হয়। যেমন: হার থেকে প্রহার (মারা) ৫. শãের অথর্ের পরিবর্তন ঘটে। যেমন: দ্বীপ থেকে উপদ্বীপ (ক্ষুদ্র ভূখণ্ড) উপসগর্ের উপযুক্ত সংÁার্থ, প্রক…তি ও ভূমিকা বিশ্লেষণ করলে তাদের যে বৈশিষ্ট্য পাওয়া যায় তা হচ্েছ- উপসর্গগুলো প্রত্যেকটি এক একটি শãাংশ বা শãখণ্ড। এদের নিজেদের কোনো অর্থ নেই, বা পৃথকভাবে ব্যবহৃত হয় না। কেবল ধাতু বা শãের পূবর্ে যুক্ত হলেই এরা শã গঠন করে এবং অথর্ের বৈচিত্র ‍ ্য সাধন ক ে র। উপয ু ক্ত উদাহরণসমূ ে হ যু ক্ত প ্র , পরি, উপ, অনু ইত ্য াদি উপসগ গুে লার আলাদাভা ে ব ে কা ে না অথ ে নই; অথচ এ গুে লা ধাতু বা শ ãে র পূ ে ব যু ক্ত হ ে য় অ ে থ র নানা ধর ে নর পরিবত ন সাধন করার পাশাপাশি নতুন শ ã গঠন ক ে র ে ছ। সুতরাং একথা নিি দ্র্ব ধায় বলা যায় ে য, ""উপস ে গ র অথ বাচকতা ে নই, কি ন্তু অথ ে দ ্য াতকতা আছে"" উক্তিটি যথার্থ।","নম্বর বণ্টনঃ উপসগর্ের সংÁা লেখার জন্য ০১ নম্বর। উপসগর্ের অর্থবাচকতা নেই- বুঝানোর জন্য ০১ নম্বর। দুটি উপসর্গ উদাহরণসহ লেখার জন্য (০.৫ \(\times \) ২)= ০১ নম্বর। ( যেমন : প্রতি, বি, প ্র , পরি, উপ ইত্যাদি) উপসগর্ের অর্থদ্যোতনা আছে - বুঝানোর জন্য ০১ নম্বর। অর্থপূর্ণ উপসর্গযুক্ত দুটি শã উদাহরণের জন্য (০.৫ \(\times \) ২) = ০১নম্বর। ( যেমন : উপদ্বীপ, প্রহার, প্রতিদান, উপহার ইত্যাদি)"
389474867916,1000001,Bangla,other,other/389474867916.jpg,,,"ভাব-সম্প্রসারণ কর: পথ পথিকের সৃষ্টি করে না, পথিকই পথের সৃষ্টি করে।","ভাব-সম্প্রসারণ: পথ ও পথিক পরস্পর সম্পকর্িত। পথিকের পদভারে রচিত হয় নতুন পথ। জীবন সন্ধানী পথিক তার প্রয়োজনেই নতুন পথ ও পন্থা সৃষ্টি করে। পথ পথিকের স্রষ্টা নয়। মানবজীবন চআল, গতিময়। চলমানতা এর বৈশিষ্ট্য। নিজেকে চেনা ও অজানাকে জানার জন্য মানুষ নিরন্তর নানা-দিকে, নানা জায়গায় পরিজ্ঞমণ করে বেড়ায়। জীবনের উদ্দেশ্য সাধনের জন্য গতানুগতিক পথ পরিহার করে নতুন পথ ও পন্থা তার নিজেকেই তৈরি করে নিতে হয়। নিজের চেষ্টা ও সাধনায় নতুন পথ সৃষ্টি করে পথিক তার অভীষ্ট লক্ষ্যে পে্ৌছাতে তৎপর হয়ে ওঠে। জীবন পথের দুরন্ত পথিক জানে, পুরানো পথ অনুসরণ করে নতুন সম্ভাবনার দ্বার উন্মুক্ত করা যায় না। তাই তাকে নতুন পথের সন্ধান করতে হয়। সকল বাধা-বিঘ্ন অতিক্রম করে পথিক তার সৃষ্ট নতুন পথে এগিয়ে যায়। আর এভাবেই এগিয়ে চলার নেশায় অবিরাম চলতে গিয়ে পৃথিবীতে অসংখ্য পথ তৈরি হয়েছে; নিমর্িত হয়েছে মানবসভ্যতা। আমরা বর্তমানে যে পৃথিবীতে জীবনের পথ অতিক্রম করছি, সে পৃথিবী একসময় ছিল দুর্গম, দুরধিগম্য। তখন সভ্য জীবনযাপনের কোনো পথ ও পন্থা ছিল না বললেই চলে। মানুষ তার জীবন রক্ষা ও জীবন বিকাশের জন্য প্রয়োজন মতো পথ ও পন্থা তৈরি করতে বাধ্য হয়েছে। ফলে আজকের পৃথিবী হয়েছে মানুষের পদানত। জগতের ক…তি মানুষেরা তাদের জীবনের গতিময় পথ নিজেরাই তৈরি করেছেন এবং মানুষকে নতুন পথ সৃষ্টিতে অনুপ্রাণিত করেছেন। যুগে যুগে অসংখ্য উদ্যমী মানুষ অসংখ্য পথ সৃষ্টি করে মানুষের জীবনকে করেছেন সহজতর। সকল পথ ও পন্থা মানুষেরই তৈরি। কোনো পথ আপনা থেকে সৃষ্ট হয়ে মানুষকে তার পথিক হতে বলেনি। পথের নির্মাতা ও স্রষ্টা মানুষ নিজেই। নিজের সৃষ্ট পথেই মানুষ পথিকরূপে পৃথিবীর সকল প্রান্েত বিচরণ করে। পথ কখনো পথিক সৃষ্টি করেনি। বরং পথিকই নিত্য-নতুন পথের স্রষ্টা।","নম্বর বণ্টন: মানবজীবন চআল, গতিময়। চলমানতা এর বৈশিষ্ট্য - নির্ধারিত অংশে লেখার ভাব ঠিকমতো বোঝাতে পারলে ০.৫ নম্বর। জীবনের উদ্দেশ্য সাধনের জন্য গতানুগতিক পথ পরিহার করে নতুন পথ ও পন্থা তার নিজেকেই তৈরি করে নিতে হয় - নির্ধারিত অংশে লেখার ভাব ঠিকমতো বোঝাতে পারলে ০.৫ নম্বর। সকল বাধা-বিঘ্ন অতিক্রম করে পথিক তার সৃষ্ট নতুন পথে এগিয়ে যায়। আর এভাবেই এগিয়ে চলার নেশায় অবিরাম চলতে গিয়ে পৃথিবীতে অসংখ্য পথ তৈরি হয়েছে; নিমর্িত হয়েছে মানবসভ্যতা - নির্ধারিত অংশে লেখার ভাব ঠিকমতো বোঝাতে পারলে ০.৫ নম্বর। মানুষ তার জীবন রক্ষা ও জীবন বিকাশের জন্য প্রয়োজন মতো পথ ও পন্থা তৈরি করতে বাধ্য হয়েছে - নির্ধারিত অংশে লেখার ভাব ঠিকমতো বোঝাতে পারলে ০.৫ নম্বর। যুগে যুগে অসংখ্য উদ্যমী মানুষ অসংখ্য পথ সৃষ্টি করে মানুষের জীবনকে করেছেন সহজতর - নির্ধারিত অংশে লেখার ভাব ঠিকমতো বোঝাতে পারলে ০.৫ নম্বর। [বিঃ দ্রঃ দুইটি বানান ভুল করলে ০.৫ নম্বর, তিন বা ততোধিক বানান ভুল করলে ০১ নম্বর কাটা যাবে, তবে নির্ধারিত অংশে লেখার ভাব ঠিকমতো বোঝাতে না পারলে বরাদ্দক…ত নম্বর কাটা যাবে।]"
240054866205,1000001,English,other,other/240054866205.jpg,,"Read the following extract and answer questions that follow: I love to rise in a summer morn, ‎When the birds sing on every tree; ‎The distant huntsman winds his horn, ‎And the skylark sings with me: ( a) What literary device does the poet use to describe the skylark, and how does it contribute to the mood of the poem? ( b) Considering the overall theme of the poem, how does this happy scene contrast with the boy’s feelings about school, and what does this reveal about childhood?",,"(a) The poet uses personification by describing the skylark as singing “with me,” giving the bird human-like companionship. This device creates a cheerful and harmonious mood, emphasizing the boy’s joyful connection with nature. (b) The joyful, free atmosphere of the natural morning sharply contrasts with the boy’s later feelings about school, which is implied to be restrictive and oppressive. This contrast reveals the tension in childhood between natural innocence and joy versus imposed discipline and loss of freedom. Marks Distribution: For writing, the poet uses personification by describing the skylark as singing “with me,” giving the bird human-like companionship. This device creates a cheerful and harmonious mood, emphasizing the boy’s joyful connection with nature ; 01 mark. For writing, the joyful, free atmosphere of the natural morning sharply contrasts with the boy’s later feelings about school, which is implied to be restrictive and oppressive. This contrast reveals the tension in childhood between natural innocence and joy versus imposed discipline and loss of freedom ; 1.5 marks. [ N.B: 0.5 mark will be deducted for two grammar or spelling mistakes, 01 mark for three or more grammar or spelling mistakes.]",
174685397209,1000001,English,other,other/174685397209.jpg,,"Compose a paragraph in approximately 100 words exploring how war between states affects economic progress, education, and human rights. Maintain a critical tone and present your points with clarity and logical flow.",,"War’s Shadow on Progress and Human Rights War between states is not just a political conflict, it is also a human crisis. Armed conflicts destroy infrastructure, displace populations, collapse economies, and halt education and healthcare systems. The Ukraine-Russia war, for example, disrupted global food supply chains, caused mass migrations, and shattered thousands of lives. Wars also consume national budgets, diverting resources from development to destruction. Children grow up without schooling, hospitals are reduced to rubble, and entire generations are psychologically scarred. Beyond physical damage, war fuels mistrust, division, and long-term instability. It reverses decades of progress in poverty reduction, education, and gender equality. Peace, on the other hand, allows nations to invest in people, not weapons. The true cost of war is measured not in borders won or lost, but in human potential wasted. To build a just and prosperous world, diplomacy must triumph over violence. Marks Distribution: For writing the Title “ War’s Shadow on Progress and Human Rights ”; 0.5 mark. For writing ; Introductory sentence; 01 mark. For writing ; Armed conflicts destroy infrastructure, displace populations, collapse economies, and halt education and healthcare systems ; 01 mark. For writing ; Wars also consume national budgets, diverting resources from development to destruction. Children grow up without schooling, hospitals are reduced to rubble, and entire generations are psychologically scarred ; 01 mark. For writing ; Beyond physical damage, war fuels mistrust, division, and long-term instability. It reverses decades of progress in poverty reduction, education, and gender equality ; 01 mark. For writing conclusion; 0.5 mark . [ Instructions: * Students must write it within one single para. If it becomes more than one para , 50% marks have to be deducted from the obtained marks. * 0.5 mark will be deducted for one or two grammar or spelling mistakes, 01 mark for three or more grammar or spelling mistakes.] [ N.B. The student will get the allotted marks if he/she writes a proper alternative title .]",
872283639724,1000001,English,other,other/872283639724.jpg,,"Make meaningful sentences with the following words: Ambiguous, Circumvent, Advocate, Pragmatic, Perspicacious",,"Ambiguous – His ambiguous statement left everyone confused about his true intentions. Circumvent – They found ways to circumvent the strict regulations to complete the project on time. Advocate – She is a strong advocate for human rights and social justice. Pragmatic – The manager took a pragmatic approach to solving the company’s financial problems. Perspicacious – Her perspicacious mind allowed her to solve the puzzle faster than anyone else. Marks Distribution: For making meaningful sentences with the given words, (0.5×5) =2.5 marks.",
147621488614,1000001,Biology,other,other/147621488614.jpg,5/2,Write the pathway of coronary circulation. Write six names of cardiovascular diseases.,,\(\times 6\),
845588502403,1000001,Biology,other,other/845588502403.jpg,5/2,Write down the chemical reaction of respiration. Mention three main significances of this process.,,\({C}_{6}{H}_{12}{O}_{6}+6{O}_{2}+6{H}_{2}O{\underset{co-enzyme}{ \xrightarrow{\ \ \ \ \ \ enzyme\ \ \ \ \ \ \ }}}6C{O}_{2}+12{H}_{2}O+36ATP\) \(C{O}_{2}\) \({O}_{2}\) \(C{O}_{2}\) \(\times \),
494485476898,1000001,Biology,other,other/494485476898.jpg,5/2,Write five identifying internal characteristics of monocot stem.,,\(\times \),
993629439125,1000001,Bangla,other,other/993629439125.jpg,,,বাংলা একাডেমি প্রণীত প্রমিত বাংলা বানানের প্াচটি নিয়ম উদাহরণসহ লেখ।,"বাংলা একাডেমি প্রণীত প্রমিত বাংলা বানানের নিয়ম : ক. তৎসম শãে রেফের পর ব্যÄনবণর্ের দ্বিতa হবে না। যেমন- অর্জন, কর্ম, কার্য, সূর্য। খ. সকল অ-তৎসম শãে (ত™্ভব, দেশি, বিদেশি) ই, উ-কার হবে। যেমন- আসামি, দাদি, মাস্টারি, হিজরি, ধুলো, সুয্যি। গ. এগারো থেকে আঠারো পর্যন্ত সংখ্যাবাচক শãে ও-কার বসে। যেমন- এগারো, বারো, তেরো, পনেরো, ষোলো, আঠারো। ঘ. তৎসম শãে ট, ঠ, ড, ঢ-এর পূবর্ে যুক্তনাসিক্যবর্ণ ণ হয়। যেমন- কণ্টক, প্রচণ্ড, লÉন। ঙ. বিদেশি শãে শ/স বসে। যেমন- শয়তান, পুলিশ, স্টল, স্টেশন। চ.শãের শেষে বিসর্গ (ঃ) থাকবে না। যেমন: কার্যত, ক্রমশ, প্রথমত, প্রধানত ইত্যাদি। তবে নিম্নলিখিত শãগুলোর ক্ষেত্রে শãমধ্যস্থ বিসর্গবজর্িত রূপ গৃহীত হবে। যেমন: দুস্থ, নিস্তক্ষ, নিস্প…হ, নিশ্বাস। ছ. হস-চিহ্ন যথাসম্ভব বর্জন করতে হবে। যেমন: টক, টন, টাক, জজ, শখ, হুক। জ. ঊধর্Ÿ-কমা যথাসম্ভব বর্জন করতে হবে। যেমন: ব'লে (বলিয়া), হ'য়ে (হইয়া), চা'ল (চাউল), আ'ল (আইল)।",নম্বর বণ্টন: বাংলা একাডেমি প্রণীত প্রমিত বাংলা বানানের যেকোনো সঠিক প্াচটি নিয়ম লেখার জন্য (০.৫ দ্ধ ৫) = ২.৫ নম্বর। বাংলা একাডেমি প্রণীত প্রমিত বাংলা বানানের যেকোনো সঠিক প্াচটি নিয়মের উদাহরণ লেখার জন্য (০.৫ দ্ধ ৫) = ২.৫ নম্বর। [বি. দ্রঃ উত্তরপত্রের বাইরেও সঠিক নিয়ম লিখলে নম্বর পাবে]
745744448664,1000001,Bangla,other,other/745744448664.jpg,,,"সারাংশ ে লখ : নীরব ভাষায় বৃক্ষ আমা দে র সার্থ কতার গান ে গয়ে ে শানায় । অনুভূতির কান দিয়ে সে গান শুনতে হবে । তাহলে বুঝতে পারা যাবে জীবনের মানে বৃি দ্ধ, ধমর্ের মানেও তাই । প্রক … তির যে ধর্ম মানুষেরও সে ধর্ম। পার্থক ্য কেবল তরুলতা ও জীবজন্তুর উপর তা দে র নিজে দে র ে কান হাত ে নই , মানুষের বৃদ্ধির উপরে তার নিজের হাত রয়েছে । আর এখানেই মানুষের মর্যাদা । মানুষকে আত্মা সৃষ্টি করে নিতে হয়, তা তৈরি পাওয়া যায় না । সুখ -দ ুঃখ -ে বদনা উপলক্ষির ফলে অন্তরের যে পরিপকaতা , তাই ে তা আত্মা ।",সারাংশ : জীবনের বৃদ্ধির দিক থেকে গাছ ও মানুষের মধে ্য মিল থ াকলেও অমিলও রয়েছে । তরুলতা ও জীবজন্তু র বৃি দ্ধতে তা দে র নিজের ে কানো প্রভাব ে নই কিন্ তু মানুষ নিজের সৃজনশীলতা দিয়ে নিজেকে বৃি দ্ধ করতে পারে । মানুষের নিজের ে চষ্টায় আত্মার সৃষ্টি ও বিকাশ সাধিত হয়।,নম্ব র বণ্টন : জীবনের বৃদ্ধির দিক থেকে গাছ ও মানুষের মধে ্য মিল থ াকলেও অমিলও রয়েছে ; ঠিকমতো ে বাঝাতে পারলে ০১ নম্ব র । তরুলতা ও জীবজন্তু র বৃি দ্ধতে তা দে র নিজের ে কানো প্রভাব ে নই কিন্ তু মানুষ নিজের সৃজনশীলতা দিয়ে নিজেকে বৃি দ্ধ করতে পারে ; ঠিকমতো ে বাঝাতে পারলে ০১ নম্ব র । মানুষের নিজের ে চষ্টায় আত্মার সৃষ্টি ও বিকাশ সাধিত হয়; ঠিকমতো ে বাঝাতে পারলে ০.৫ নম্ব র । [বিঃ দ্রঃ সারাংশ মূল অনু চ্েছ দে র এক ত… তীয়াংশের বড় হলে ১.৫ নম্ব র পাবে তবে নির্ধারিত অং শে ে লখার ভাব ঠিকমতো ে বাঝাতে না পারলে বরাদ্দক …ত নম্ব র কাটা যাবে ]
680909995289,1000001,Bangla,other,other/680909995289.jpg,,,"নিচের উপসগ গুে লা দিয়ে দ ুÕটি করে শã গঠন কর: নি , প্র , আম, অনু, স","উপসগ দিয়ে শã গঠন : নি-নিখু্ত , নিখে্াজ , নিখা দ, নির্ভর , নির্ণয় , নিবারণ , নিবৃত্তি , নিগূঢ় , নিথর , নিপুণ , নিবিষ্ট , নিবেদন , নিমগ্ন , নিক …ষ্ট, নিদাঘ , নিদারুণ , নিকষ , নিতল , নিপীড়ন , নিবিড় , নিস্তক্ষ । প্র-প্রভাত , প্রকাশ , প্রভাব , প্রতাপ , প্রবাহ , প্রগাঢ় , প্রচার , প্রবল , প্রসার , প্রকোপ , প্রখর , প্রচণ্ড , প্রমত্ত , প্রগতি , প্রণতি , প্রণাম , প্রাগ্রসর , প্রবেশ , প্র স্থ ান , প্রচার , প্রজনন , প্রদান , প্রপেৌত্র , প্রশাখা , প্রশিষ ্য, প্রজন ্ম। আম- আমদরবার , আমমোক্তার, আমজনতা । অনু- অনুগমন , অনুসরণ , অনুধাবন , অনুবাদ, অনুশোচনা , অনুগামী , অনুজ , অনুচর , অনুতাপ , অনুকরণ , অনুরূপ , অনুকার , অনুদান , অনুক্ষণ , অনুদিন , অনুশীলন , অনুকূল , অনুকম্পা । স- সঠিক , সলাজ , সজোরে , সরব , সপাট ।",নম্ব র বণ্টন : প্রত্যেকটি উপসগর্ের ২ টি করে সঠিক শã গঠন করার জন্য (০.২৫ \(\times \) ২) = ০.৫ নম্বর। ৫টি উপসগর্ের শã গঠন করার জন্য (০.৫ \(\times \) ৫) = ২.৫ নম্বর। [বি. দ্রঃ শãের বানান ভুল করলে ০.২৫ নম্ব র কাটা যাবে ।]
354478596665,1000001,Biology,other,other/354478596665.jpg,1/2,Which membrane separates alveoli? Write the importance of respiratory pigments in oxygen and carbon dioxide transport?,,\({CO}_{2}\) \({CO}_{2}\),
788053386181,1000001,English,other,other/788053386181.jpg,,"How does human activity contribute to climate change, and why must individuals and nations take responsibility? Write a paragraph in approximately 100 words maintaining proper structure with a clear topic sentence, logical development, and a concluding sentence.",,"Responsibility and Action Against Global Warming Human activity is a major cause of climate change because it releases large amounts of greenhouse gases like carbon dioxide and methane into the atmosphere. These gases come from burning fossil fuels for energy, deforestation, industrial processes, and farming. As a result, the Earth’s temperature rises, causing problems like extreme weather, rising sea levels, and loss of biodiversity. Both individuals and nations must take responsibility to reduce these harmful effects. Individuals can adopt eco-friendly habits such as saving energy, reducing waste, and using public transport. Nations need to create and enforce policies that limit pollution, promote renewable energy, and protect natural resources. Taking responsibility at all levels is essential to slow down climate change and protect the planet for future generations. Marks Distribution: For writing the Title, “Responsibility and Action Against Global Warming” ; 0.5 mark . For writing; Introductory sentence; 01 mark. For writing, these gases come from burning fossil fuels for energy, deforestation, industrial processes, and farming. As a result, the Earth’s temperature rises, causing problems like extreme weather, rising sea levels, and loss of biodiversity ; 1.5 marks. For writing, Individuals can adopt eco-friendly habits such as saving energy, reducing waste, and using public transport ; 01 mark For writing conclusion; 01 mark . [ Instructions: * Students must write it within one single para. If it becomes more than one para , 50% marks have to be deducted from the obtained marks. * 0.5 mark will be deducted for one or two grammar or spelling mistakes, 01 mark for three or more grammar or spelling mistakes.] [ N.B. The student will get the allotted marks if he/she writes a proper alternative title .]",
289914064526,1000001,English,other,other/289914064526.jpg,,"Make meaningful sentences with the following words: Dogmatic , Recess, Obsession, Absurdity, Dissolve.",,\(\left(0.5\times 5\right)=2.5\),
605128809239,1000001,English,other,other/605128809239.jpg,,"Read the following extract and answer the following question: The woods are lovely, dark and deep, But I have promises to keep, And miles to go before I sleep, And miles to go before I sleep. – Robert Frost Identify and explain any one literary device used in the above extract.",,"One important literary device used in this extract is repetition. The line “And miles to go before I sleep” is repeated for emphasis. This repetition highlights the speaker’s sense of duty and ongoing responsibilities. It creates a rhythmic and reflective tone, showing that although the woods are peaceful and inviting, the speaker cannot stop—he has commitments to fulfill before he can rest. The repeated line may also symbolize the journey of life, suggesting that rest (or even death) will only come after completing one’s duties. Marks Distribution: For writing, one important literary device used in this extract is repetition; 0.5 mark. For writing, the line “And miles to go before I sleep” is repeated for emphasis. This repetition highlights the speaker’s sense of duty and ongoing responsibilities ; 01 mark. For writing, it creates a rhythmic and reflective tone, showing that although the woods are peaceful and inviting, the speaker cannot stop—he has commitments to fulfill before he can rest. The repeated line may also symbolize the journey of life, suggesting that rest (or even death) will only come after completing one’s duties ; 01 mark. [ N.B: 0.5 mark will be deducted for two grammar or spelling mistakes, 01 mark for three or more grammar or spelling mistakes.]",
964503901727,1000001,Biology,other,other/964503901727.jpg,5/2,Write down 5 differences between active and passive salt absorption.,,\(\times \),
414303411594,1000001,Biology,other,other/414303411594.jpg,1/2,Present the transport of absorbed food and its fate in the human body by a flowchart.,,\( \xrightarrow{\ \ Active\ transport\ \ }\) \( \xrightarrow{\ \ Active\ transport\ \ }\) \( \xrightarrow{\ \ Inactive\ secration\ \ }\),
987747916853,1000001,Biology,other,other/987747916853.jpg,5/2,Describe mitotic metaphase in brief.,,\(\times \),
225465474823,1000001,Biology,other,other/225465474823.jpg,5/2,Define: ( i ) Lymph (ii) Locus (iii) Allele (iv) Phenotype (v) Gluconeogenesis,,"( i ) Lymph: Lymph is a pale fluid that contains white blood cells and that passes through channels in the body and helps to keep bodily tissues healthy. ‎ Or, ‎The clear waterly fluid present within the lymphatic system, which includes lymphatic capillaries, lymphatic vessels, and lymph nodes is called lymph. (ii) Locus: The specific location of a gene in a chromosome is called locus . Alleles of a specific gene are located in the same locus of homologous chromosomes. (iii) Allele: The specific paired genes situated in the specific locus of homologous chromosome pair are alleles of each other. (iv) Phenotype: Controlled by genotype, the external characteristic of an organism is called phenotype. ‎ (v) Gluconeogenesis: Gluconeogenesis is the biochemical process in which glucose is synthesized from non-carbohydrate sources such as amino acids, lactic acid and glycerol. Mark distribution: (0.5×5) = 2.5 marks for writing five definitions .",
480114976523,1000001,Bangla,other,other/480114976523.jpg,,,অর্থ গতভাবে বাংলা ভাষার শãসমূহকে কয় ভাগে ভাগ করা যায় ? সংÁাসহ উদাহরণ ে লখ ।,"অর্থ গতভাবে শãকে তিন ভাগে ভাগ করা যায় । যথা : (ক) ে যৌগিক শã : ে যসব শãের বু্যৎপত্তিগত অর্থ ও ব্যাবহারিক অর্থ একই রকম ে সসব শãকে ে যৌগিক শã বলে । অথবা ে যসব শãের অর্থ তা দে র প্রক … তি ও প্রত ্যয়ের অর্থ অনুযায়ী হয়ে থ াকে তা দে র ে যৌগিক শã বলে । ে যমন - পড়–য়া = \(√\) পড় + উয়া। এখানে পড় ধাতু এবং উয়া-প্রত্যয়ের বু্যৎপত্তিগত অর্থ যে পড়ে। মিতালি , গায়ক ইত্যাি দ। (খ) রূঢ় বা রূঢ়ি শã : ে যসব শã গঠনের উপাদান অর্থ াৎ প্রক … তি-প্রত্যয় অনুসারে অর্থ প্রকাশ না করে অন্য ে কানো অর্থ প্রকাশ করে ে সসব শãকে রূঢ় বা রূঢ়ি শã বলে । ে যমন - ' সন্েদশ ' শãটির প্রক … তি-প্রত্যয় (সম& + দেশ) অনুসারে অর্থ হলো সংবা দ। কিন্ তু সন্েদশ বলতে আমরা বুঝি এক ধরনের মিষ্টি । হস্তী , ব্াশি , ৈ তল , প্রবীণ ইত্যাি দ। (গ) ে যাগরূঢ় শã : সমাস নি®পন্ন ে যসব শã , সমস্যমান পদসম ূে হর অথর্ে র অনুগামী না হয়ে অন্য এক বিশেষ অথর্ে ব্যবহৃত হয় ে সসব শãকে ে যাগরূঢ় শã বলে । যেমন-পঙ্কজ-যা পঙ্কে বা কাদায় জনে ্ম। রাজপুত , মহাযাত্রা , জলধি ইত্যাি দ।",নম্ব র বণ্টনঃ তিন ভাগে ভাগ করা যায় ে লখার জন্য ০.৫ নম্ব র । তিনটি সংÁা ে লখার জন্য (০১ \(\times \) ৩) = ০৩ নম্ব র । তিন প্রকারের উদাহরণ ে লখার জন্য (০.৫ \(\times \) ৩) = ১.৫ নম্ব র ।
924507082545,1000001,Bangla,other,other/924507082545.jpg,,,"নিচের শã গুে লার সঠিক উচ্চারণ ে লখ : আবৃত্তি , নক্ষত্র , চর্যাপ দ, প্রÁা , অধ্যক্ষ",সঠিক উচ্চারণ নির্ণয়ঃ আবৃত্তি - আবৃত&তি নক্ষত্র - ে নাক &ে খাত &ে ত্রা চর্যাপ দ- ে চার&জাপ দ& প্রÁা - ে প্রাগ&গ্া অধ্যক্ষ - ওদ&ে ধাক &ে খা,নম্ব র বণ্টনঃ চিহ্নিত শãসম ূে হর সঠিক উচ্চারণ ে লখার জন্য (০.৫ \(\times \) ৫) = ২.৫ নম্বর। [ বি.দ ্রঃ বানান ভুলে বরাদ্দক …ত নম্ব র কাটা যাবে । ]
805479093758,1000001,English,other,other/805479093758.jpg,,"Make meaningful sentences with the following words: Resilient, Discretionary, Undermine, Speculative, Conundrum",,"Resilient - Despite repeated failures, her resilient spirit kept her moving forward. Discretionary - The manager allocated a portion of the budget for discretionary spending on team development. Undermine - Spreading false rumors can seriously undermine a person's reputation. Speculative - Investing in cryptocurrency is considered highly speculative due to market volatility. Conundrum - Deciding between two excellent job offers put her in a real conundrum . Mark Distribution: For making meaningful sentences with the given words, (0.5×5) =2.5 marks.",
296702171379,1000001,English,other,other/296702171379.jpg,,"Write a well-organized paragraph on ‘Role of Youth in Shaping the Future of Bangladesh’ in the space provided, considering the elements of a paragraph, such as topic sentence, supporting detail sentences and conclusion.",,"‘Role of Youth in Shaping the Future of Bangladesh’ The youth of Bangladesh play a pivotal role in shaping the nation's future. As the backbone of the country, young people bring fresh ideas, innovation, and energy to various sectors such as education, politics, and technology. In recent years, the youth have been at the forefront of social movements, advocating for better governance, environmental sustainability, and economic reforms. Their active participation in protests, digital activism, and entrepreneurial ventures demonstrates their commitment to creating a progressive society. Additionally, the growing number of educated youths is contributing to the country’s development by pursuing careers in science, business, and education. In conclusion, the youth of Bangladesh, with their enthusiasm and forward-thinking mindset, are not only key to overcoming the challenges the nation faces but also instrumental in driving the country toward a brighter, more prosperous future. Marks Distribution: For writing Title, “ Role of Youth in Shaping the Future of Bangladesh ”; 0.5 mark. For writing topic sentence ; 0.5 mark. For mentioning, youth contribution to various sectors; 01 mark. For mentioning, social and political involvement; 01 mark. For mentioning, economic and educational impact; 1.5 marks. For writing conclusion; 0.5 mark. [ Instructions: * Students must write it within one single para. If it becomes more than one para , 50% marks have to be deducted from the obtained marks. * 0.5 mark will be deducted for one or two grammar or spelling mistakes, 01 mark for three or more grammar or spelling mistakes.]",
350190572191,1000001,Bangla,other,other/350190572191.jpg,,,"উদাহরণসহ সংÁা দ াও : সমাস , উপসগ , সমীভবন ।","উদাহরণসহ সংÁা : সমাস : একাধিক পদকে বিশেষ ে কৌশলে ব্যাকরে ণ র রীতি অনুসারে একপ দে নিয়ে আসার পদ্ধতিকে সমাস বলা হয়। ে যমন : সিংহ চিহ্নিত আসন = সিংহাসন উপসগ : ে যসব অর্থ হীন শãাংশ / অব্যয় অন্য শãের শুরুতে বসে নতুন শã গঠন করে , সেগুে লাকে উপসগ বলে । ে যমন : ÔপরিÕ উপসগ ে যাগে গঠিত শã পরিহার , পরিমাণ ইত্যাি দ সমীভবন : পাশাপাশি অবি স্থত দ ুটি ব্যÄনধŸনির একটির প্রভাবে অপরটি পরিবতর্িত হয়ে সমান রূপ ধারণ করলে , তাকে সমীভবন বলে । ে যমন : ধর্ম > ধম্ম, পÙ > পদ্দ ইত্যাি দ।",নম্ব র বণ্টনঃ উদাহরণসহ ১ টি সংÁা ে লখার জন্য ০১ নম্ব র । উদাহরণসহ ২ টি সংÁা ে লখার জন্য ০২ নম্ব র । উদাহরণসহ ৩ টি সংÁা ে লখার জন্য ২.৫ নম্ব র ।
257397946379,1000001,English,other,other/257397946379.jpg,,"Read the following extract and answer questions that follow: ‎ ""I wandered lonely as a cloud That floats on high o’er vales and hills, When all at once I saw a crowd, A host, of golden daffodils; Beside the lake, beneath the trees, Fluttering and dancing in the breeze."" – William Wordsworth (a) How does the poet use nature as a metaphor for emotional transformation? ‎(b) What kind of image does the phrase ‘floats on high’ create?",,"(a) Wordsworth uses the daffodils as a metaphor for spontaneous joy and healing. The unexpected sight of the flowers contrasts with his earlier loneliness, reflecting how nature transforms the poet’s emotional state from isolation to delight. ‎(b) The phrase ‘floats on high’ creates a visual image of lightness, elevation, and freedom. It suggests the poet’s sense of detachment from the world, as if he is peacefully drifting above it all like a cloud, lost in thought and observation. ‎ Mark Distribution: For writing, Wordsworth uses the daffodils as a metaphor for spontaneous joy and healing. The unexpected sight of the flowers contrasts with his earlier loneliness, reflecting how nature transforms the poet’s emotional state from isolation to delight . ; 01 mark. ‎For writing, The phrase ‘floats on high’ creates a visual image of lightness, elevation, and freedom. It suggests the poet’s sense of detachment from the world, as if he is peacefully drifting above it all like a cloud, lost in thought and observation . ; 1.5 marks. ‎[ N.B: 0.5 mark will be deducted for two grammar or spelling mistakes, 01 mark for three or more grammar or spelling mistakes.]",
141436348430,1000001,Biology,other,other/141436348430.jpg,5/2,What is lethal gene? Write the names of 6 diseases caused by lethal genes.,,\(\times \),
919509166679,1000001,Biology,other,other/919509166679.jpg,5/2,Which cycle produces urea in liver? Explain the synthesis and breakdown of hormone in liver.,,\()\ \),
863086104593,1000001,Biology,other,other/863086104593.jpg,5/2,How many limiting factors of photosynthesis process and what are they? Write down 3 differences between Glycolysis and Photolysis?,,\(C{O}_{2}\) \(C{O}_{2}\) \(\times \) \()\),
108705065284,1000001,Biology,other,other/108705065284.jpg,5/2,What is gene? Mention the components that are necessary for Transcription process.,,\(\times \),
450520536248,1000001,Bangla,other,other/450520536248.jpg,,,ভাব-সম্প্রসারণ কর: দ ুর্জন বিদ্বান হইলেও পরিত্যাজ ্য।,"ভাব-সম্প্রসারণ : বিদ্বান সব সমাজেই আদৃত ও সম্ম ানিত । কিন্ তু দ ুর্জন বিদ্বান হলেও সকল সমাজেই ঘৃণিত । ে কননা দ ুর্জন বিদ্বানের ে মাড়কে নিজেকে জড়িয়ে ে রখে নি ®‹ লুষ ে লাককে কলুষিত করতে পারে । দ ুর্জন শãের আভিধানিক অর্থ দ ুষ্ট বা খল ব্যক্তি আর বিদ্বান হলো পণ্ডিত , সুশিক্ষিত , Áানী ইত্যাি দ। কিন্ তু একজন খারাপ ে লাকের শিক্ষার ে জার থ াকলেও তার ে সই শিক্ষার শক্তি মূল্যহীন হয়ে পড়ে তার চারিত্রিক ত্রুটির কারণে । চরিত্র হলো প্রতিটি মানুষের অলংকার । কল্যাণ ও স ত্যের প্রতি তীব ্র অনুরাগই চরিত্রের ৈ বশিষ্ট ্য। চরিত্রবান ব্যক্তি তার সমস্ত Áানকে সত ্য ও কল্যাণের পথে চালিত করে । মানবকল্যাণে নিমগ্ন চরিত্রবান ব্যক্তি অহংকারহীন ও হিংসাদ্বেষহীন সংযত জীবনেই সুখ খু্জে পান । বিদ্যা শিক্ষার উদ্দেশ্যই হচ্েছ চরিত্র গঠন । কিন্ তু, দ ুজ ে নর চিন্তা ও ে চতনা বিদ্যার এ ধারা থেকে বিচু্যত , ফলে সে হয় দ ুর্জন । তাই ে কানো দুর্জ ন ব ্যক্তি বিদ্বান হলে সে তার সমস্ত Áান অমঙ্গলের পথে, অসুন্দরের পথে কাজে লাগানোর ে চষ্টা করে , যা সমাজের জন্য কখনোই কল্যাণকর নয় । দ ুর্জন সমাজের দ ুষ্টক্ষত । তার সাহচযে সুস্থ চিন্তার অধিকারী ও সুন্দ র মনের মানুষের চারিত্রিক öলন হতে পারে । তাই দুর্জ ন ব ্যক্তির বিদ্যার কাছে নত না হয়ে তার সঙ্গ পরিত্যাগ করাই ে শ্রয় । ড. মুহম্মদ এনামুল হকের মতে - ' বাকে ্য, কাযে এবং চিন্তায় সামÄস ্য রক্ষিত হইলে মানুষের মধে ্য যে পবিত্র ভাব ফুটিয়া উঠে তাহাকে চরিত্র বলিয়া অভিহিত করা যায় ।' তাই Áানের পাশাপাশি চরিত্রের এই সত ্য পাঠ সবাইকে মনে রাখতে হবে । দ ুজ ে নর চরিত্রে এতসব গুণের সমাবেশ দে খা যায় না । তাই তাকে সমাজের সুজনও ভাবা যায় না । বিদ্যা অমূল ্য সম্প দ। বিদ্যা মানুষের ে চাখ , মন খুলে দেয় এবং চিন্তাকে করে পরিশু দ্ধ। যার মাধ ্যমে একজন মানুষ তার চরিত্র গঠনের শিক্ষা ে নওয়ার পাশাপাশি বিদ্যা শিক্ষার গুণে সমাজের চারপাশকেও আলোকিত করার স্ব প্ন দেখে। কিন্ তু দ ুর্জন বিদ্বান তার বিদ্যার সফল প্রয়োগ করে না । তার বিদ্য াকে অন্যায় কাজে লাগিয়ে সমাজজীবনকে হুমকির দিকে ে ঠলে দেয়। প্রবা দে আছে যে, ে কানো ে কানো বিষধর সাপের মাথায় মণি থ াকে । মণি বহু মূল্যবান পদা র্থ বটে । কিন্ তু তাই বলে ে যমন মণি লাভের জন্য সাপের সাহচয কামনা বুদ্ধিমানের কাজ নয় , ঠিক ে তমনই দ ুর্জন বিদ্বান হলেও বিদ্য ালাভের জন্য দ ুজ ে নর সাহচর্যও বুদ্ধিমানের কাজ নয় । অসৎ সঙ্গে নিজের সর্বনাশ না করে দুর্জ ন ব ্যক্তিকে এড়িয়ে চলাই উচিত । সমাজে বিদ্বান ও দ ুর্জন ে কানো ে লাকেরই অভাব ে নই । চরিত্রবান বিদ্বানের সাহচযর্ে ই ব ্যক্তিজীবনকে উন্নত করা উচিত । তবেই বিদ্যার প্রক …ত মূল্যায়ন করা হবে ।","নম্ব র বণ্টন : বিদ্বান সব সমাজেই আদৃত ও সম্ম ানিত । কিন্ তু দ ুর্জন বিদ্বান হলেও সকল সমাজেই ঘৃণিত - নির্ধারিত অং শে ে লখার ভাব ঠিকমতো ে বাঝাতে পারলে ০১ নম্ব র । কল্যাণ ও স ত্যের প্রতি তীব ্র অনুরাগই চরিত্রের ৈ বশিষ্ট ্য - নির্ধারিত অং শে ে লখার ভাব ঠিকমতো ে বাঝাতে পারলে ০.৫ নম্ব র । চরিত্রবান ব্যক্তি তার সমস্ত Áানকে সত ্য ও কল্যাণের পথে চালিত করে । মানবকল্যাণে নিমগ্ন চরিত্রবান ব্যক্তি অহংকারহীন ও হিংসাদ্বেষহীন সংযত জীবনেই সুখ খু্জে পান - নির্ধারিত অং শে ে লখার ভাব ঠিকমতো ে বাঝাতে পারলে ০১ নম্ব র । কিন্ তু , দ ুজ ে নর চিন্তা ও ে চতনা বিদ্যার এ ধারা থেকে বিচু্যত , ফলে সে হয় দ ুর্জন - নির্ধারিত অং শে ে লখার ভাব ঠিকমতো ে বাঝাতে পারলে ০.৫ নম্ব র । বিদ্যা মানুষের ে চাখ , মন খুলে দেয় এবং চিন্তাকে করে পরিশু দ্ধ। যার মাধ ্যমে একজন মানুষ তার চরিত্র গঠনের শিক্ষা ে নওয়ার পাশাপাশি বিদ্যা শিক্ষার গুণে সমাজের চারপাশকেও আলোকিত করার স্ব প্ন দেখে - নির্ধারিত অং শে ে লখার ভাব ঠিকমতো ে বাঝাতে পারলে ০১ নম্ব র । প্রবা দে আছে যে, ে কানো ে কানো বিষধর সাপের মাথায় মণি থ াকে । মণি বহু মূল্যবান পদা র্থ বটে । কিন্ তু তাই বলে ে যমন মণি লাভের জন্য সাপের সাহচয কামনা বুদ্ধিমানের কাজ নয় , ঠিক ে তমনই দ ুর্জন বিদ্বান হলেও বিদ্য ালাভের জন্য দ ুজ ে নর সাহচর্যও বুদ্ধিমানের কাজ নয় - নির্ধারিত অংশে ে লখার ভাব ঠিকমতো ে বাঝাতে পারলে ০১ নম্ব র । [বিঃ দ্রঃ দ ুইটি বানান ভুল করলে ০.৫ নম্ব র , তিন বা ততোধিক বানান ভুল করলে ০১ নম্ব র কাটা যাবে , তবে নির্ধারিত অং শে ে লখার ভাব ঠিকমতো ে বাঝাতে না পারলে বরাদ্দক …ত নম্ব র কাটা যাবে ।]"
664023048628,1000001,English,other,other/664023048628.jpg,,"Make meaningful sentences with the following words: ‎ Imminent, Resilient, Thrive, Vigilant, Ephemeral",,"Imminent – The dark clouds signaled an imminent storm. Resilient – Despite many hardships, she remained resilient and hopeful. Thrive – Plants thrive when they receive enough sunlight and water. Vigilant – The guard remained vigilant throughout the night. Ephemeral – The beauty of a rainbow is ephemeral , lasting only a few moments before it fades. Mark Distribution: For making meaningful sentence with the following words (0.5×5) =2.5 marks. [ N.B: Any sentence that is meaningful and correct will get allocated marks]",
937406640013,1000001,English,other,other/937406640013.jpg,,"Fill in the blanks with appropriate words from the following list: (List: efficient, unity, goal, helpful, sincere, leadership) ‎ Achieving a significant (a) ______ in any organization or group requires not only clear vision but also (b) ______ effort and dedication from all members. Success dep ends on careful and (c) ______ planning, which ensures that resources are used wisely and obstacles are minimized. Effective (d) ______ plays a crucial role in motivating the team, making decisions, and maintaining focus on the objective. Moreover, (e) ___ ___ among team members nurtures cooperation, mutual respect, and trust, which are essential for smooth collaboration. Every individual should be helpful and ready to assist others, understanding that collective progress depends on everyone’s contribution.",,(a) goal (b) sincere (c) efficient (d) leadership (e) unity Mark Distribution: For filling the blanks with suitable words; (0.5×5) =2.5 marks.,
941445935563,1000001,Bangla,other,other/941445935563.jpg,,,"নিচের শãগুলোর প্রমিত বানানরূপ লেখ: বুদ্ধিজীবি, পোষ্টমাষ্টার, নিশীথীনি, সমিচীন, মূচ্র্ছনা।",প্রমিত বানানরূপঃ বুদ্ধিজীবি-বুদ্ধিজীবী পোষ্টমাষ্টার- পোস্টমাস্টার নিশীথীনি-নিশীথিনী সমিচীন-সমীচীন মূচ্র্ছনা-মূর্ছনা,নম্বর বণ্টন: শã গুলোর প্রমিত বানানরূপ লেখার করার জন্য (০.৫ \(\times \) ৫) = ২.৫ নম্বর।
170140699424,1000001,Bangla,other,other/170140699424.jpg,,,"সারমর্ম লেখ: অ™্ভুত অ্াধার এক এসেছে এ পৃথিবীতে আজ, যারা অন্ধ সবচেয়ে বেশি আজ চোখে দ্যাখে তারা; যাদের হৃদয়ে কোনো প্রেম নেই- প্রীতি নেই- করুণার আলোড়ন নেই পৃথিবী অচল আজ তাদের সুপরামর্শ ছাড়া। যাদের গভীর আস্থা আছে আজো মানুষের প্রতি এখনো যাদের কাছে স্বাভাবিক মনে হয় মহৎ সত্য বা রীতি, কিংবা শিল্প অথবা সাধনা শকুন ও শেয়ালের খাদ্য আজ তাদের হৃদয়।","সারমর্ম: অযোগ্য, অর্বাচীন আর অত্যাচারীরাই পৃথিবী পরিচালনা করছে দোর্দণ্ড প্রতাপে। অথচ আজ যারা মানবীয় গুণে গুণান্বিত, শিল্প-সাহিত্যের সাধনা করে, তাদের কোনো মর্যাদা নেই। তাদের সমস্ত চিন্তা-চেতনাকে আজ চরম অবÁা করা হচ্েছ।","নম্বর বণ্টন: অযোগ্য, অর্বাচীন আর অত্যাচারীরাই পৃথিবী পরিচালনা করছে দোর্দণ্ড প্রতাপে - নির্ধারিত অংশে লেখার ভাব ঠিকমতো বোঝাতে পারলে ০১ নম্বর। অথচ আজ যারা মানবীয় গুণে গুণান্বিত, শিল্প-সাহিত্যের সাধনা করে, তাদের কোনো মর্যাদা নেই - নির্ধারিত অংশে লেখার ভাব ঠিকমতো বোঝাতে পারলে ০১ নম্বর। তাদের সমস্ত চিন্তা-চেতনাকে আজ চরম অবÁা করা হচ্েছ - নির্ধারিত অংশে লেখার ভাব ঠিকমতো বোঝাতে পারলে ০.৫ নম্বর। [বিঃ দ্রঃ চার বাক্যের বেশি লিখলে ৫০% নম্বর পাবে।]"
821521536471,1000001,English,other,other/821521536471.jpg,,"Write a well organised paragraph on ‘The Importance of Honesty’ in the space provided, considering the element of a paragraph, such as topic sentence, supporting detail sentences and conclusion.",,"‘The Importance of Honesty’ Honesty is one of the most essential virtues that builds the foundation of trust in both personal and social life. It means speaking the truth, being sincere, and acting in a morally upright way. An honest person earns the respect and confidence of others, which strengthens relationships and creates a sense of integrity in society. In academic and professional life, honesty promotes fairness, accountability, and transparency—qualities that lead to long-term success and inner peace. Dishonesty, on the other hand, may offer temporary gain but ultimately results in distrust, shame, and failure. Therefore, honesty is not only a personal value but also a pillar of social harmony and moral strength. In every sphere of life, honesty truly proves to be the best policy. Marks Distribution: For writing Title, ‘The Importance of Honesty’ ; 0.5 mark. For writing topic sentence such as, an honest person earns the respect and confidence of others, which strengthens relationships and creates a sense of integrity in society; 1.5 marks. For writing supporting detail sentences such as, in academic and professional life, honesty promotes fairness, accountability, and transparency—qualities that lead to long-term success and inner peace. Dishonesty, on the other hand, may offer temporary gain but ultimately results in distrust, shame, and failure; 1.5 marks. For writing conclusion such as, honesty is not only a personal value but also a pillar of social harmony and moral strength. In every sphere of life, honesty truly proves to be the best policy; 1.5 marks. [ Instructions: * Students must write it within one single para. If it becomes more than one para , 50% marks have to be deducted from the obtained marks. * 0.5 mark will be deducted for one or two grammar or spelling mistakes , 01 mark for three or more grammar or spelling mistakes .]",
402360196427,1000001,Biology,other,other/402360196427.jpg,10/10,"(a) Explain: Mechanism of food preservation with sugar. (b) Classify the following preservatives: Citric acid, Beta carotene, Calcium propanoate, BHA, EDTA",,\(65\ -\ 70\%\) \(\rightarrow \) \(\rightarrow \) \(\rightarrow \) \(\rightarrow \) \(\rightarrow \) \(\rightarrow \ \) \((b)\) \(\times \),
335795720850,1000002,English,other,other/335795720850.jpg,5/10,"Correct the following sentences: (a) He did not pay attention on what the teacher said. ‎(b) She insisted to go there alone. ‎(c) The police caught the thief red handed. ‎(d) He is superior than me in mathematics. ‎(e) Despite of his illness, he attended the meeting. ‎(f) The teacher emphasized on the importance of discipline. ‎(g) He was prevented to enter the room. ‎(h) I am not accustomed with such behavior. ‎( i ) The news are very surprising. ‎(j) He described about the incident in detail.",,\(\left(01\times 10\right)=10\),
113999100138,1000002,English,other,other/113999100138.jpg,10/10,Change the sentences as directed. (a) She sings beautifully. (Negative) ‎(b) The teacher is very kind. (Exclamatory) ‎(c) I am going to school. (Interrogative) ‎(d) They will win the match. (Negative) ‎(e) What a lovely day it is! (Assertive) ‎(f) The scenery is very beautiful. (Exclamatory) ‎(g) We have completed the task. (Interrogative) ‎(h) None but the brave deserve the fair. (Affirmative) ‎( i ) I can always count on you. (Interrogative) ‎(j) I like chocolate. (Negative),,\(\left(01\times 10\right)=10\),
105513979628,1000002,English,other,other/105513979628.jpg,7/10,"Fill in the blanks with appropriate preposition: Drug addiction has become a serious social problem (a) _____ Bangladesh, especially (b) _____ young people. Many youths fall (c) _____ addiction due (d) _____ peer pressure, frustration, and lack (e) _____ proper guidance. In some cases, drug dealers take advantage (f) _____ unemployed youths and lure them (g) _____ criminal activities. Families often suffer (h) _____ emotional and financial stress because ( i ) _____ addiction. Effective measures must be taken (j) _____ control this growing problem.",,\(\left(01\times 10\right)=10\),
551750351093,1000002,English,other,other/551750351093.jpg,7/10,"Fill in the blanks with suitable articles: Lake Baikal is known as (a) _____ deepest freshwater lake in the world and is situated in (b) _____ Siberia. It holds almost one-fifth of (c) _____ world’s unfrozen fresh water. Due to (d) _____ unique ecosystem, the lake supports (e) _____ wide variety of rare plants and animals found nowhere else. During (f) _____ winter season, (g) _____ surface of the lake freezes completely. This natural phenomenon turns Baikal into (h) _____ vast sheet of ice, creating ( i ) _____ spectacular sight that attracts tourists from around (j) _____ world.",,\(\times \) \(\left(01\times 10\right)=10\),
468436163814,1000002,English,other,other/468436163814.jpg,8/10,"Fill in the blanks with the right forms of the verbs given in the bracket: (a) It is they who _____ to be blamed for the mistake. (to be) ‎(b) So long as the patient _____ under observation, the doctor stayed alert. (remain) ‎(c) We heard the birds _____ sweetly in the morning. (sing) ‎(d) The leader spoke clearly so that the people _____ understand his message. (can) ‎(e) By _____ regularly, she maintains good health. (exercise) ‎(f) The teacher noticed the boy _____ the truth. (tell) ‎(g) If he _____ honest, he would not have cheated others. (be) ‎(h) The martyrs sacrificed their lives so that the nation _____ live in freedom. (may) ‎( i ) She avoided _____ about the matter unnecessarily. (talk) ‎(j) The child was made _____ the medicine on time. (take)",,\(\left(01\times 10\right)=10\),
536698817462,1000002,ICT,other,other/536698817462.jpg,10/10,Prepare a Truth Table for the logic circuit shown in Figure.,[ চিত্রে প্রদশর্িত লজিক বর্তনীটির জন্য ট্রু থ ে টবিল তৈরি কর। ],\({y}_{1}=\overline{AB}\ \) \(\ {y}_{2}=\overline{A{y}_{1}}=\overline{A.\ \overline{AB}}=\overline{A(\overline{A}+\overline{B})}=\overline{A\ \overline{B}}=\overline{A}+B\) \({y}_{3}=\overline{B{y}_{1}}=\overline{B.\ \ \overline{AB}}=\overline{B.\left(\overline{A}+\overline{B}\right)}=\overline{B.\ \overline{A}}=\overline{B}+A\) \(Y=\overline{{y}_{2}{\ y}_{3}}=\overline{{y}_{2}}+\overline{{y}_{3}}=\overline{\overline{A}+B}+\overline{\overline{B}+A}\) \(=\overline{\overline{{A.}}}\ \overline{B}+\overline{\overline{{B.}}}\ \overline{A}=A.\ \overline{B}+B.\ \overline{A}\) \(=A⊕B\),নম্ব র বণ্টনঃ \({y}_{1}=\overline{AB}\ \) ; নির্ণয় করার জন্য ০১ নম্ব র । \({y}_{2}=\overline{A}+B\) ; নির্ণয় করার জন্য ০১ নম্বর। \({y}_{3}=\overline{B}+A\) ; নির্ণয় করার জন্য ০১ নম্বর। \(Y=A⊕B\) ; নির্ণয় করার জন্য ০২ নম্ব র ।
542981034587,1000002,General Knowledge,other,other/542981034587.jpg,5/10,\((i)\) \((ii)\) \((ii)\) \((iv)\),"ডৎরঃব রিঃয ৎবধপঃরড়হং যড়ি ঃযবংব পধহ নব ড়নঃধরহবফ . (র) উউঞ ভৎড়স ঈযষড়ৎড়নবহুবহব (রর) ঊঃযবহব ভৎড়স ঊঃযধহড়রপ ধপরফ (ররর) অহরষরহব ভৎড়স ঘরঃৎড়নবহুবহব (রা) ঞড়ষ্বহব ভৎড়স ইবহুবহব [ কীভাবে পাওয়া যায় , বিক্রিয়াসহ লিখ । \((i)\) ক্লোরোবেনজিন থেকে ডিডিটি \((ii)\) ইথানয়িক এসিড থেকে ইথিন \((ii)\) নাইট্রোবেনজিন থেকে অ্যানিলিন \((iv)\) বেনজিন থেকে টলুইন ]",(র) (রর) (ররর) (রা),ন ম্বর বণ্টনঃ ৪ টি প্র স্তু তি সঠিকভাবে দে খানো র জন্য (২.৫ দ্ধ ৪) = ১০ নম্বর।
535684849357,1000002,Biology,other,other/535684849357.jpg,9/10,\((a)\) \((b)\) \(EDTA\),"\((a)\) ব্যাখ্যা কর: চিনি দ্বারা খাদ্য সংরক্ষণ প্রক্রিয়া। \((b)\) নিম্ে্নাক্ত প্রিজারভেটিভসগুলোকে শ্রেণিভুক্ত কর: সাইট্রিক এসিড, বিটা ক্যারোটিন, ক্যালসিয়াম প্রোপানোয়েট, ইঐঅ , \(EDTA\)","\((a)\) চিনি দ্বারা খাদ্যবস্তু সংরক্ষণ : চিনি দ্বারা খাদ্যবস্তু সংরক্ষণ চিনির ঘনমাত্রার ওপর নির্ভর করে। কাবর্োহাইড্রেট বা শর্করা যেমন, আটা বা চালের গু্ড়া দিয়ে তৈরি খাদ্যবস্তুকে চিনির সিরাপে বা \(65\ -\ 70\%\) চিনির দ্রবণে ডুবিয়ে নিলে ঐ খাদ্যবস্তু দীর্ঘদিন অবিক…ত থাকে। চিনির গাঢ় দ্রবণ বা সিরাপের সংস্পশর্ে ব্যাকটেরিয়া কোষের জলীয় অংশকে চিনির গাঢ় দ্রবণ অভিস্রবণ বা অসমোসিস \((osmosis)\) প্রক্রিয়ায় শুষে নেয়। ফলে ব্যাকটেরিয়া বিনষ্ট হয়। \((b)\) প্রিজারভেটিভস \(\rightarrow \) শ্রেণি সাইট্রিক এসিড \(\ \rightarrow \) অ্যান্িট মাইক্রোবিয়াল বিটা ক্যারোটিন \(\rightarrow \) অ্যান্িট অক্সিডেন্ট ক্যালসিয়াম প্রোপানোয়েট \(\rightarrow \) অ্যান্িট মাইক্রোবিয়াল ইঐঅ \(\rightarrow \) অ্যান্িট অক্সিডেন্ট \(EDTA\) \(\rightarrow \) কিলেটিং এজেন্ট নম্বর বন্টনঃ \((a)\) ব্যাকটেরিয়া কোষের জলীয় অংশকে চিনির গাঢ় দ্রবণ অভিস্রবণ বা অসমোসিস \((osmosis)\) প্রক্রিয়ায় শুষে নেয়, লেখার জন্য ০৩ নম্বর। প্রাসঙ্গিক ব্যাখ্যা লেখার জন্য ০২ নম্বর। \((b)\) প্রিজারভেটিভস এর শ্রেণি সঠিকভাবে উল্লেখ করার জন্য (০১ \(\times \) ৫) = ৫ নম্বর।",
457394298384,1000004,English,other,other/457394298384.jpg,7/10,"Fill in the blanks with appropriate preposition: Bangladesh is rich (a) _____ biodiversity, including forests, rivers, wetlands, and wildlife. However, many species are now (b) _____ threat due (c) _____ deforestation, pollution, and climate change. The Sundarbans, known (d) _____ the largest mangrove forest in the world, plays an important role (e) _____ maintaining ecological balance. Various laws have been introduced (f) _____ protect wildlife, but lack (g) _____ awareness among people hampers conservation efforts. Active participation (h) _____ local communities is essential ( i ) _____ the success (j) _____ biodiversity conservation programs.",,\(\left(01\times 10\right)=10\),
665396007446,1000004,English,other,other/665396007446.jpg,7/10,"Fill in the blanks with suitable articles: Niagara Falls is (a) _____ world-famous waterfall located on (b) _____ border between the United States and Canada. Every year, (c) _____ large number of tourists travel from different countries to witness (d) _____ natural beauty and force of the falling water. During (e) _____ summer months, the area becomes crowded with visitors. At night, (f) _____ illumination of the falls creates (g) _____ breathtaking view. For many travelers, seeing the falls is (h) _____ unforgettable experience and remains ( i ) _____ highlight of their journey to (j) _____ region.",,\(\left(01\times 10\right)=10\),
827993948441,1000004,English,other,other/827993948441.jpg,8/10,"Correct the following sentences: (a) He did not pay attention on what the teacher said. ‎(b) She insisted to go there alone. ‎(c) The police caught the thief red handed. ‎(d) He is superior than me in mathematics. ‎(e) Despite of his illness, he attended the meeting. ‎(f) The teacher emphasized on the importance of discipline. ‎(g) He was prevented to enter the room. ‎(h) I am not accustomed with such behavior. ‎( i ) The news are very surprising. ‎(j) He described about the incident in detail.",,\(\left(01\times 10\right)=10\),
324443608444,1000004,English,other,other/324443608444.jpg,7/10,"Fill in the blanks with the right forms of the verbs given in the bracket: (a) It is she who _____ responsible for organizing the event. (to be) ‎(b) As long as the weather _____ fine, we continued our journey. (to remain) ‎(c) The teacher saw the students _____ attentively in the class. (listen) ‎(d) He spoke loudly so that everyone _____ hear him clearly. (can) ‎(e) By _____ hard, one can achieve success in life. (work) ‎(f) We noticed the baby _____ loudly in the next room. (cry) ‎(g) Unless he _____ careful, he may fall into trouble. (to be) ‎(h) The soldier fought bravely so that his country _____ remain free. (may) ‎( i ) She prefers _____ alone rather than in a group. (work) ‎(j) The man pretended _____ unaware of the situation. (be)",,\(\left(01\times 10\right)=10\),
160810261587,1000004,English,other,other/160810261587.jpg,9/10,Change the sentences as directed. (a) He is reading a book. (Interrogative) ‎(b) What a beautiful piece of painting it is! (Assertive) ‎(c) They are playing in the garden. (Interrogative) ‎(d) I will help you. (Interrogative) ‎(e) She dances very gracefully. (Exclamatory) ‎(f) The cat is on the roof. (Negative) ‎(g) We visited the museum yesterday. (Interrogative) ‎(h) He is nothing but 15 years old. (Affirmative) ‎( i ) How wonderful the sunset is! (Assertive) ‎(j) She loves singing. (Negative),,\(\left(01\times 10\right)=10\),
711177325799,1000004,English,other,other/711177325799.jpg,2/5,Answer the following questions : (a) The idiom ‘going south’ refers to _____. (b) British Bangalis are _____ important part of _____ Bangladeshi diaspora who are living abroad. (Use appropriate articles in the gaps.) (c) What is the adjective of the word “Enthusiasm”? (d) What does the phrase “Sine Die” mean? (e) Pick the correct sentence: ( i ) I owe to you (ii) I am owing to you (iii) I owe you (iv) I owe at you,,\(\times \),
575892002432,1000004,English,other,other/575892002432.jpg,3/5,"Answer the following questions according to the instructions: (a) Which collective noun is used to describe a number of sheep? (b) What type of phrase the underlined part is- “He could not go to school on account of illness.”? (c) ‘The experiment has been a resounding success’. Here ‘resounding’ means- (d) What is the meaning of the proverb, ‘The pot calling the kettle black? (e) Which one is the correct sentence? (i) Neither of those mattresses feel comfortable. (ii) Neither of those mattresses are feeling comfortable. (iii) Neither of those mattresses feels comfortable. (iv) Neither of those mattresses have felt comfortable.",,\(\times \),
377936192482,1000004,English,other,other/377936192482.jpg,5/5,Transform the following sentences as directed : (a) Only Allah can help us. (Make it negative) (b) My hair grows very fast. (Make it exclamatory) (c) Let the boy be warned. (Make it active) (d) I read books for pleasure. (Make it complex) (e) I am sure that he will succeed. (Make it simple),,\(\times \),
180052742843,1000004,English,other,other/180052742843.jpg,1/5,Change the following words as instructed in the brackets : (a) I nquisitive (synonym) (b) Patriot (adjective) (c) Inimical (antonym) (d) Propound (synonym) e) Sire (feminine),,\(\times \),
584854412293,1000004,ICT,other,other/584854412293.jpg,0/10,Write the Boolean expression for the logic circuit shown below and construct its truth table.,[ চিত্রে দে খানো লজিক বর্তনীর বুলিয়ান সম্পক লিখ এবং এর ট্রু থ ে টবিল তৈরি কর। ],বুলিয়ান সম্পর্ক: \(Y=AB+\overline{A}\overline{B}\) \(=\) \(\overline{A⊕B}\),নম্বর বণ্টনঃ \(Y=AB+\overline{A}\overline{B}\) \(=\) \(\overline{A⊕B}\) ; লেখার জন্য ০২ নম্বর। সঠিকভাবে ট্রুথ টেবিল তৈরি করার জন্য ০৮ নম্বর।
142467723386,1000004,General Knowledge,other,other/142467723386.jpg,10/10,\((i)\) \((ii)\) \((ii)\) \((iv)\),"ডৎরঃব রিঃয ৎবধপঃরড়হং যড়ি ঃযবংব পধহ নব ড়নঃধরহবফ . (র) উউঞ ভৎড়স ঈযষড়ৎড়নবহুবহব (রর) ঊঃযবহব ভৎড়স ঊঃযধহড়রপ ধপরফ (ররর) অহরষরহব ভৎড়স ঘরঃৎড়নবহুবহব (রা) ঞড়ষ্বহব ভৎড়স ইবহুবহব [ কীভাবে পাওয়া যায় , বিক্রিয়াসহ লিখ । \((i)\) ক্লোরোবেনজিন থেকে ডিডিটি \((ii)\) ইথানয়িক এসিড থেকে ইথিন \((ii)\) নাইট্রোবেনজিন থেকে অ্যানিলিন \((iv)\) বেনজিন থেকে টলুইন ]",(র) (রর) (ররর) (রা),ন ম্বর বণ্টনঃ ৪ টি প্র স্তু তি সঠিকভাবে দে খানো র জন্য (২.৫ দ্ধ ৪) = ১০ নম্বর।
968642887479,1721470,English,other,other/968642887479.jpg,9/10,"Fill in the blanks with the right forms of the verbs given in the bracket: (a) It is she who _____ responsible for organizing the event. (to be) ‎(b) As long as the weather _____ fine, we continued our journey. (to remain) ‎(c) The teacher saw the students _____ attentively in the class. (listen) ‎(d) He spoke loudly so that everyone _____ hear him clearly. (can) ‎(e) By _____ hard, one can achieve success in life. (work) ‎(f) We noticed the baby _____ loudly in the next room. (cry) ‎(g) Unless he _____ careful, he may fall into trouble. (to be) ‎(h) The soldier fought bravely so that his country _____ remain free. (may) ‎( i ) She prefers _____ alone rather than in a group. (work) ‎(j) The man pretended _____ unaware of the situation. (be)",,\(\left(01\times 10\right)=10\),
363190904411,1721470,English,other,other/363190904411.jpg,9/10,"Fill in the blanks with appropriate preposition: Bangladesh is rich (a) _____ biodiversity, including forests, rivers, wetlands, and wildlife. However, many species are now (b) _____ threat due (c) _____ deforestation, pollution, and climate change. The Sundarbans, known (d) _____ the largest mangrove forest in the world, plays an important role (e) _____ maintaining ecological balance. Various laws have been introduced (f) _____ protect wildlife, but lack (g) _____ awareness among people hampers conservation efforts. Active participation (h) _____ local communities is essential ( i ) _____ the success (j) _____ biodiversity conservation programs.",,\(\left(01\times 10\right)=10\),
859733660028,1721470,English,other,other/859733660028.jpg,10/10,Change the sentences as directed. (a) He is reading a book. (Interrogative) ‎(b) What a beautiful piece of painting it is! (Assertive) ‎(c) They are playing in the garden. (Interrogative) ‎(d) I will help you. (Interrogative) ‎(e) She dances very gracefully. (Exclamatory) ‎(f) The cat is on the roof. (Negative) ‎(g) We visited the museum yesterday. (Interrogative) ‎(h) He is nothing but 15 years old. (Affirmative) ‎( i ) How wonderful the sunset is! (Assertive) ‎(j) She loves singing. (Negative),,\(\left(01\times 10\right)=10\),
324382323270,1721470,English,other,other/324382323270.jpg,10/10,"Fill in the blanks with suitable articles: Lake Baikal is known as (a) _____ deepest freshwater lake in the world and is situated in (b) _____ Siberia. It holds almost one-fifth of (c) _____ world’s unfrozen fresh water. Due to (d) _____ unique ecosystem, the lake supports (e) _____ wide variety of rare plants and animals found nowhere else. During (f) _____ winter season, (g) _____ surface of the lake freezes completely. This natural phenomenon turns Baikal into (h) _____ vast sheet of ice, creating ( i ) _____ spectacular sight that attracts tourists from around (j) _____ world.",,\(\times \) \(\left(01\times 10\right)=10\),
753982680878,1721470,English,other,other/753982680878.jpg,6/10,"Correct the following sentences: (a) He did not pay attention on what the teacher said. ‎(b) She insisted to go there alone. ‎(c) The police caught the thief red handed. ‎(d) He is superior than me in mathematics. ‎(e) Despite of his illness, he attended the meeting. ‎(f) The teacher emphasized on the importance of discipline. ‎(g) He was prevented to enter the room. ‎(h) I am not accustomed with such behavior. ‎( i ) The news are very surprising. ‎(j) He described about the incident in detail.",,\(\left(01\times 10\right)=10\),
239002911613,1721470,English,other,other/239002911613.jpg,2/5,Transform the following sentences as directed: (a) It was raining and I was home. (Simple) (b) Very few countries of the world are as green as Bangladesh. (Comparative) (c) Who knows him here? (Assertive) (d) Only the moon was visible in the sky. (Negative) (e) Mamun worked hard so that he might win the prize. (Compound),,\(\times \),
185338487986,1721470,English,other,other/185338487986.jpg,2/5,"Answer the following questions according to the instructions: (a) In English if two different words have the same spelling and pronunciation they are called- (b) “You can go wherever you like. ” The underlined clause is a/an- (c) Choose the appropriate gender for the blank space of the sentence- ‘The ____ gave birth to three puppies.’ (d) What is the correct meaning of the idiom, ‘A sleeping partner’? (e) Identify the correct sentence. ( i ) Which color you prefer, the red or the blue (ii) Which colour you prefer, the red or blue (iii) Which colour do you prefer, the red or the blue? (iv) Which colour you prefer more, the red or blue?",,\(\times \),
283999259127,1721470,English,other,other/283999259127.jpg,0/5,Change the following words as instructed in the brackets : (a) Spinster (masculine) (b) Acquisition (verb) (c) Residual (antonym) (d) Propagate (synonym) (e) Maintain (Noun),,\(\times \),
209043646177,1721470,English,other,other/209043646177.jpg,2/5,Answer the following questions : (a) The idiom ‘going south’ refers to _____. (b) British Bangalis are _____ important part of _____ Bangladeshi diaspora who are living abroad. (Use appropriate articles in the gaps.) (c) What is the adjective of the word “Enthusiasm”? (d) What does the phrase “Sine Die” mean? (e) Pick the correct sentence: ( i ) I owe to you (ii) I am owing to you (iii) I owe you (iv) I owe at you,,\(\times \),
869211785023,1721470,ICT,other,other/869211785023.jpg,7/10,Prepare a Truth Table for the logic circuit shown in Figure.,[ চিত্রে প্রদশর্িত লজিক বর্তনীটির জন্য ট্রু থ ে টবিল তৈরি কর। ],\({y}_{1}=\overline{AB}\ \) \(\ {y}_{2}=\overline{A{y}_{1}}=\overline{A.\ \overline{AB}}=\overline{A(\overline{A}+\overline{B})}=\overline{A\ \overline{B}}=\overline{A}+B\) \({y}_{3}=\overline{B{y}_{1}}=\overline{B.\ \ \overline{AB}}=\overline{B.\left(\overline{A}+\overline{B}\right)}=\overline{B.\ \overline{A}}=\overline{B}+A\) \(Y=\overline{{y}_{2}{\ y}_{3}}=\overline{{y}_{2}}+\overline{{y}_{3}}=\overline{\overline{A}+B}+\overline{\overline{B}+A}\) \(=\overline{\overline{{A.}}}\ \overline{B}+\overline{\overline{{B.}}}\ \overline{A}=A.\ \overline{B}+B.\ \overline{A}\) \(=A⊕B\),নম্ব র বণ্টনঃ \({y}_{1}=\overline{AB}\ \) ; নির্ণয় করার জন্য ০১ নম্ব র । \({y}_{2}=\overline{A}+B\) ; নির্ণয় করার জন্য ০১ নম্বর। \({y}_{3}=\overline{B}+A\) ; নির্ণয় করার জন্য ০১ নম্বর। \(Y=A⊕B\) ; নির্ণয় করার জন্য ০২ নম্ব র ।
295597453093,1721470,ICT,other,other/295597453093.jpg,10/10,Write the Boolean expression for the logic circuit shown in the figure and create its truth table.,[ চিত্রে দে খানো লজিক বর্তনীর বুলিয়ান সম্পক লিখ এবং এর ট্রু থ ে টবিল তৈরি কর। ],বুলিয়ান সম্পক : \(Y=AB+\overline{A}\overline{B}\),নম্ব র বণ্টনঃ \(Y=AB+\overline{A}\overline{B}\) ; ে লখার জন্য ০৪ নম্ব র । সঠিকভাবে ট্রু থ ে টবিল তৈরি করার জন্য ০৬ নম্ব র ।
660390427750,1721470,English,other,other/660390427750.jpg,3/5,Rewrite the following sentences using right form of verbs: (a) It was nearly seven years since I (see) you. (b) Progress always (involve) risk. (c) It is high time he (change) his bad habits. (d) He ran away having (see) the police. (e) His pocket has been (tear).,,\(\left(01\times 05\right)=05\),
336054967593,1721470,English,other,other/336054967593.jpg,1/5,"Transform the following sentences as directed: (a) The slaughtering of the monster was one of the toughest jobs that he performed. (Make it positive) (b) Bangladesh is one of the strongest teams in the one-day cricket. (Make it comparative) (c) Evil thoughts made up his mind. (Make it passive) (d) What has been expected by the poor from the rich? (Make it active) (e) According to the story, no other man in the village was as wise as Nambi. (Make it superlative)",,\(\left(01\times 05\right)=05\),
324529993555,1721470,English,other,other/324529993555.jpg,3/5,Fill in the gaps with appropriate preposition: (a) The driver stopped just__ time to avoid an accident. (b) Mills and factories in our country throw poisonous chemicals and waste products___ water. (c) The guard left the office key___ security-in-charge. (d) Quinine cures a man___ malaria. (e) Virtue will prevail___ evils one day.,,\(\left(01\times 05\right)=05\),
375756398314,1721470,English,other,other/375756398314.jpg,4/5,Fill in the gaps with appropriate articles: (a) This is ___ unique opportunity. (b) We had___ good breakfast yesterday. (c) The teacher pulled the boy by__ ear. (d) The horse is ___ faithful animal. (e) ___ poet Nazrul is our pride.,,\(\left(01\times 05\right)=05\),
961221651128,1721470,Biology,other,other/961221651128.jpg,5/2,,উঘঅ রেপ্লিকেশনে নিম্ে্নাক্ত এনজাইম গুলোর ভূমিকা লিখ। (র) টপোআইসোমারেজ (রর) উঘঅ হেলিকেজ (ররর) লাইগেজ (রা) প্রাইমেজ (া) ঝঝইচ,উঘঅ রেপ্লিকেশনে এনজামের ভূমিকা: (র) টপোআইসোমারেজ: উঘঅ অণুকে অতিমাত্রায় প্য্াচানো অবস্থা থেকে মুক্ত করে থাকে। (রর) উঘঅ হেলিকেজ: রেপ্লিকেশন ফকর্ে উঘঅ ডাবল হেলিক্স প্য্াচগুলো খুলে দেয়। (ররর) লাইগেজ: ওকাজাকি খণ্ডকে পরিপূরক স্ট্র্যান্ডে যুক্ত করে। (রা) প্রাইমেজ: জঘঅ প্রাইমারকে স্ট্র্যান্ডের প্রান্েত যুক্ত করে। (া) ঝঝইচ: উঘঅ অণুর একক স্ট্র্যান্ডে সংযুক্ত হয় যাতে এরা পুনরায় দ্বি-তন্¿ী অবস্থায় ফিরে না আসে।,নম্বর বণ্টন: পা্চটি এনজাইমের ভূমিকা লেখার জন্য (০.৫ \(\times \) ৫) = ২.৫ নম্বর।
124380011140,1721470,Biology,other,other/124380011140.jpg,5/2,,উ্ঃঃধঢ়যৎুহ্ং সবষধহড়ংঃরপঃ্ং ে কান শ্রেণীভুক্ত প্রাণী ? উক্ত ে শ্রণির ৪টি ৈ বশিষ্ট ্য লিখ ।,"উ্ঃঃধঢ়যৎুহ্ং সবষধহড়ংঃরপঃ্ং ( কু ্যে নাব্যাঙ ) অসঢ়যরনরধ শ্রেণীভুক্ত প্রাণী । অসঢ়যরনরধ ে শ্রণির ৈ বশিষ্ট ্য: ১। গ্রন্িথময় তaকবিশিষ্ট , এ±ে াথামর্িক (বপঃড়ঃযবৎসরপ; দেে হর তাপমাত্রা পরিবেশের তাপমাত্রার সাথে উঠানামা করে ) চতু®পদী ে মরুদণ্ড প্রাণী । ২। লার্ভা অবস্থ ায় জলচর , কিন্ তু প ূর্ণাঙ্গ অবস্থ ায় জলচর বা স্থ লচর । ৩। তaক মসৃণ , আদ্র্র, গ্রন্িথময় ; শ্বসনেও সাহায ্য করে । ৪। অগ্রপ দে চারটি ও পðাৎপ দে প্াচটি করে নখরবিহীন আঙ্গুল থ াকে । ৫। লার্ভা দ শায় ফুলকা ও পরিণত অবস্থ ায় ফুসফুস , তaক ও মুখবিবরীয় মিউকাস ঝিল্লির মাধ ্যমে শ্বসন ঘটে। ৬। হৃৎপিণ্ড তিন প্রকোষ্ঠবিশিষ্ট - দ ুটি অ্যাট্রিয়া (অলিন্দ) এবং একটি ে ভন্িট্রকল ( নিলয় ); ে রনাল ও ে হপাটিক ে পার্টাল তন্ ¿ উন্নত । ৭। একলিঙ্গ প্রাণী ; জননকালে বহিঃনিষেক ঘটে; জীবন চক্রে ট্যাডপোল লার্ভা দ শা বিদ্য মান । নম্ব র বন্টন : উ্ঃঃধঢ়যৎুহ্ং সবষধহড়ংঃরপঃ্ং ( কু ্যে নাব্যাঙ ) অসঢ়যরনরধ শ্রেণীভুক্ত প্রাণী ে লখার জন্য ০.৫ নম্ব র । অসঢ়যরনরধ শ্রেণীভুক্ত প্রাণীর ৪টি শনাক্তকারী ৈ বশিষ্ট ্য ে লখার জন্য (০.৫ \(\times \) ৪) = ০২ নম্বর।",
753891173941,1721470,Biology,other,other/753891173941.jpg,5/2,,"প্রাথমিক , মাধ্যমিক ও চূড়ান্ত পর্যায় থেকে ম্যালেরিয়া ে রাগের ৫ টি লক্ষণ লিখ ।( প্রত্যেক পর্যায় থেকে ে লখা আবশ্যক )","ম্যালেরিয়া ে রাগের লক্ষণসমূহ : ১। ে রাগের প্রাথমিক পর্যায়ে - ( র ) বমিবমি ভাব , ক্ষুধাম ন্দা, অনিদ্রা , ে কাষ্ঠকাঠিন ্য এবং খাবারে অনীহা দে খা দেয়। (রর) মাথা ব্যথা , অস্িথ সন্ধিতে ব্যথা , ে পশির ব্যথা এবং শীত শীত ভাব অনুভূত হয়। ২। ে রাগের মাধ্যমিক পর্যায়ে : ( র ) প্রচন্ড কা্পুনি দিয়ে ৪৮ ঘণ্টা পর পর জ্বর আসে । (রর) জ্বর উচ্চ তাপমাত্রার হয় \(\left(104^{\circ} -106^{\circ} F\right)\) পর্যন্ত। (ররর) কয়েক ঘণ্টা পর ঘাম দিয়ে জ্বর ে ছড়ে যায় । (রা) জ্বরের প্রকোপ সাধারণত পূর্বাহ্নে বা অপরাহ্নে হয়। (া) জ্বর প্রতি ২-৩ দিন পরপর আসে । (ার) ম্যালেরিয়া জ্বরের তিনটি অবস্থা লক্ষ ্য করা যায় - (ক) শীত অবস্থা (২০ মিনিট থেকে ১ ঘণ্টা স্থ ায়ী হয়), (খ) উত্তাপ অবস্থা (২-৪ ঘণ্টা স্থ ায়ী হয়) এবং (গ) ঘাম অবস্থা (২-৩ ঘণ্টা স্থ ায়ী হয়)। ৩। ে রাগের চূড়ান্ত পর্যায়ে : ( র ) দ ীর্ঘদিন ধরে এ ে রাগে আক্রান্ত ে রাগীর যক …ত ও প্লীহা অস্ব াভাবিকভাবে ùীত হয়। আক্রান্ত ে রাগীর প্লীহা থেকে লাইসোলেসিথিন নামক পদা র্থ নিঃসৃত হয় যা অনেক স্ব াভাবিক রক্তকণিকা ধŸংস করে । (রর) ে রাগীর খা দ্য পরিপাকে ব্যাঘাত ঘটে। (ররর) পরজীবী হিমোলাইসিন নামক অ্যান্িটবডি উৎপন্ন করে যা ে লাহিত রক্তকণিকাগুে লার ব্যাপকভাবে ধŸংস সাধন করে , ফলে দেহে মারাত্মক রক্তশূন্যতা দে খা দেয় এবং ে রাগী দ ুর্বল হয়ে শেষ পর্যন্ত মারা যায় । নম্ব র বন্টন : প্রাথমিক , মাধ্যমিক ও চূড়ান্ত পর্যায় থেকে ম্যালেরিয়া ে রাগের ৫ টি লক্ষণ ে লখার জন ্য( ০.৫ \(\times \) ৫) = ২.৫ নম্বর।",
206521547934,1721470,Biology,other,other/206521547934.jpg,5/2,\(({X}^{c}{X}^{c})\),বর্ণান্ধ কন্যার \(({X}^{c}{X}^{c})\) বাবা ও মায়ের জিনোটাইপ কী হবে? মেন্ডেলের ১ম সূত্রের ব্যতিক্রমগুলোর ফিনোটাইপিক অনুপাত উল্লেখ কর।,বর্ণান্ধ কন্যার \(({X}^{c}{X}^{c})\) বাবা ও মায়ের জিনোটাইপ হবে যথাক্রমে \({X}^{c}Y\) এবং \({X}^{c}{X}^{c}.\) ে মন্ডেলের ১ম সূে ত্রর ব্যতিক্রম ও ফিনোটাইপিক অনুপাত : ( র ) অসম্পূণ প্রকটতা ( ১:২:১ ) ( রর ) সমপ্রকটতা ( ১:২:১ ) (ররর) লিথাল জিন (২:১) নম্ব র বন্টন : বর্ণান্ধ কন্যার \(({X}^{c}{X}^{c})\) বাবা ও মায়ের জিনোটাইপ হবে যথাক্রমে \({X}^{c}Y\) এবং \({X}^{c}{X}^{c}\) লেখার জন্য (০.৫+০.৫) = ০১ নম্বর। ে মন্ডেলের ১ম সূে ত্রর ব্যতিক্রম গুে লার ফিনোটাইপিক অনুপাত ে লখার জন্য (০.৫ \(\times \) ৩) = ১.৫ নম্বর।,
704307458042,1721470,Bangla,other,other/704307458042.jpg,,,বাক ্য বলতে কী ে বাঝ ? একটি সার্থক বাক ্য গঠনে কী কী ৈ বশিষ্ট ্য থ াকা আবশ্যক ? উদাহরণসহ আলোচনা কর।,"অর্থ বহ কথাকে বাক ্য বলে । অর্থ াৎ কিছু শãসমন্ ্বয়ে মনের ভাব প্রকাশের প্রক্রিয়াকে বাক ্য বলে । যে সুবিন ্যস্ত শãসমষ্টি দ্বারা ে কানো বিষয়ে বক্তার মনোভাব সম্পূর্ণরূপে প্রকাশিত হয়, তাকে বাক ্য বলে । বাক্যের পূর্ণতা সুশ ৃ• খল এবং ভাবগত ও অর্থগত ে মলবন্ধনকে বাক্যের গুণ বলে । একটি সার্থক বাক্যের তিনটি গুণ থ াকা জরুরি । যথা । ১. আকা •ক্ষা ২. আসত্তি ৩. ে যাগ্যতা । ১. আকা •ক্ষা: বাক্যের অর্থ পরি ®‹ ারভাবে ে বাঝার জন্য এক পদে র পরে অন্য পদ ে শানার যে ইচ্ছা , তাকে আকা •ক্ষা বলে ।। ে যমন - সূয দিনে আলো ...। এই বাকে ্য 'দেয়' শãটি বসালে বাক্যের আকা •ক্ষা পূরণ হয়। ২. আসত্তি : বাক্যের অর্থসঙ্গতি রক্ষার জন্য সুশ ৃ• খল শãবিন্যাসই আসত্তি । ে যমন - স্ব াধীন দেশ করেছেন বীর সন্তানরা । এই বাক্যের আসত্তি বজায় থ াকে এভাবে লিখলে - বীর সন্তানরা দেশ স্ব াধীন করেছেন । ৩. ে যাগ্যতা : বাক্যের অন্তর্গত শãসম ূে হর অর্থগত ও ভাবগত মিলকে ে যাগ্যতা বলে । বাহুল ্য বর্জন , গু রুচণ্ডালী দে াষ মুক্ত, রীতিসি দ্ধ অর্থ বাচকতা ইত্যাি দ বজায় রাখলে বাক্যের ে যাগ্যতা রক্ষা হয়। ে যমন - সকল ছাত্রছাত্রীব ৃন্দরা ক্লাসে উপি স্থত রয়েছে । এখানে ' বৃন্দরা ' না বসালে বাক্যের ে যাগ্যতা রক্ষা পায় ।",নম্ব র বণ্টন : বাক ্য কাকে বলে ে লখার জন্য ০১ নম্ব র সার্থক বাক ্য গঠনের ৩ টি গুণ/ৈ বশিষ্ট্যের নাম ে লখার জন্য ০১ নম্ব র । ১ টি ৈ বশিষ্ট ্য সংÁা ও উদাহরণ সহ ে লখার জন্য ০১ নম্ব র । ২ টি ৈ বশিষ্ট ্য সংÁা ও উদাহরণ সহ ে লখার জন্য ০২ নম্ব র । ৩ টি ৈ বশিষ্ট ্য সংÁা ও উদাহরণ সহ ে লখার জন্য ০৩ নম্ব র ।
328993196534,1721470,Bangla,other,other/328993196534.jpg,,,"সারমর্ম লেখ: বহুদিন ধরে বহু ক্রোশ দূরে বহু ব্যয় করি বহু দেশ ঘুরে দেখিতে গিয়াছি পর্বতমালা, দেখিতে গিয়াছি সিন্ধু। দেখা হয় নাই চক্ষু মেলিয়া ঘর হতে শুধু দুই পা ফেলিয়া একটি ধানের শিষের উপরে একটি শিশির বিন্দু।",সারমর্ম: প্রচুর অর্থ ও সময় খরচ করে এবং যথেষ্ট কষ্ট করে মানুষ দূরদূরান্েতর সেৌন্দর্য উপভোগ করতে ছুটে যায়। কিন্তু ঘরের কাছের অনুপম সেৌন্দর্যটুকু লক্ষ না করলে সেৌন্দর্য উপভোগের বিষয়টি কখনোই পূর্ণতা পায় না।,নম্বর বণ্টন: প্রচুর অর্থ ও সময় খরচ করে এবং যথেষ্ট কষ্ট করে মানুষ দূরদূরান্েতর সেৌন্দর্য উপভোগ করতে ছুটে যায় - নির্ধারিত অংশে লেখার ভাব ঠিকমতো বোঝাতে পারলে ১.৫ নম্বর। কিন্তু ঘরের কাছের অনুপম সেৌন্দর্যটুকু লক্ষ না করলে সেৌন্দর্য উপভোগের বিষয়টি কখনোই পূর্ণতা পায় না - নির্ধারিত অংশে লেখার ভাব ঠিকমতো বোঝাতে পারলে ০১ নম্বর। [বিঃ দ্রঃ চার বাক্যের বেশি লিখলে ৫০% নম্বর পাবে । ]
204017073423,1721470,Bangla,other,other/204017073423.jpg,,,"নিচের শãগুলোর বিপরীতার্থক শã লেখ: মূর্ত, প্রাচীন, ক্ষয়িòু, তীব্র, নিগ্রহ",বিপরীত শã: মূর্ত - বিমূর্ত প্রাচীন - অর্বাচীন /নবীন/আধুনিক/ নতুন ক্ষয়িòু - বধর্িòু তীব্র - মৃদু/লঘু নিগ্রহ - অনুগ্রহ,নম্বর বণ্টন: প্রতিটি বিপরীত শãের জন্য (০.৫ \(\times \) ৫) = ২.৫ নম্বর। [বিঃ দ্রঃ বিপরীত শãের বানান ভুল হলে বরাদ্দক…ত নম্বর কাটা যাবে]
419745239827,1721470,English,other,other/419745239827.jpg,,"Read the following extract and answer the questions that follow: My name is Ozymandias, king of kings; ‎ Look on my Works, ye Mighty, and despair! ‎ Nothing beside remains. Round the decay ‎ Of that colossal Wreck, boundless and bare ‎ The lone and level sands stretch far away. (a) How does the poem reflect the difference between Ozymandias's claim and reality? (b) What impression do the ‘lone and level sands’ create at the end of the poem?",,"(a) Ozymandias proudly calls himself ‘king of kings’ and tells others to admire his greatness. However, in reality, nothing of his kingdom remains except a ruined statue in a vast desert. This shows the contrast between his ambition and the emptiness left behind, emphasizing how time destroys all human achievements. (b) The ‘lone and level sands’ create an image of silence , emptiness, and timelessness. They suggest that nature and time have erased all traces of Ozymandias's power, reinforcing the idea that human glory is temporary. Marks Distribution: For writing ; Ozymandias proudly calls himself ‘king of kings’ and tells others to admire his greatness. However, in reality, nothing of his kingdom remains except a ruined statue in a vast desert. This shows the contrast between his ambition and the emptiness left behind, emphasizing how time destroys all human achievements ; 1.5 marks. For writing ; The ‘lone and level sands’ create an image of silence , emptiness, and timelessness. They suggest that nature and time have erased all traces of Ozymandias's power, reinforcing the idea that human glory is temporary ; 01 mark. [ N.B: 0.5 mark will be deducted for two grammar or spelling mistakes, 01 mark for three or more grammar or spelling mistakes.]",
615656408111,1721470,English,other,other/615656408111.jpg,,"Write a paragraph on ‘Online Learning and Its Impact on Traditional Classrooms,’ using a clear topic sentence, supporting details, and a concluding sentence.",,"Online Learning and Its Impact on Traditional Classrooms Online learning has revolutionized education by making knowledge more accessible, flexible, and self-paced. Students can now learn from global experts, attend virtual classes, and use digital tools to reinforce understanding. Especially during the COVID-19 pandemic, online platforms became essential for continuing education. However, the shift also exposed challenges such as unequal internet access, reduced student engagement, and lack of face-to-face interaction. Traditional classrooms offer a structured environment with real-time feedback and social bonding, which online systems sometimes lack. A balanced approach that blends digital tools with physical classrooms, known as hybrid learning, can offer the best of both worlds. Teachers must be trained to use technology effectively, and students need digital literacy to benefit fully. While online learning is not a perfect replacement, it is a powerful supplement to classroom teaching. If used wisely, it can enhance education and prepare students for a tech-driven future. Marks Distribution: For writing the Title “Online Learning and Its Impact on Traditional Classrooms ” ; 0.5 mark. For writing ; Introductory sentence; 01 mark. For writing ; Students can now learn from global experts, attend virtual classes, and use digital tools to reinforce understanding ; 01 mark. For writing ; Traditional classrooms offer a structured environment with real-time feedback and social bonding, which online systems sometimes lack ; 01 mark. For writing ; Teachers must be trained to use technology effectively, and students need digital literacy to benefit fully ; 01 mark. For writing conclusion; 0.5 mark . [ Instructions: * Students must write it within one single para. If it becomes more than one para , 50% marks have to be deducted from the obtained marks. * 0.5 mark will be deducted for one or two grammar or spelling mistakes, 01 mark for three or more grammar or spelling mistakes.]",
268771546942,1721470,English,other,other/268771546942.jpg,,"Make meaningful sentences with the following words: Ambivalent, Exacerbate, Tenacity, Clandestine, Discern",,"Ambivalent – She felt ambivalent about moving abroad, torn between excitement and fear. Exacerbate – Cutting down more trees will only exacerbate the effects of climate change. Tenacity – His tenacity in the face of repeated failures eventually led to success. Clandestine – The journalist uncovered a clandestine operation involving illegal data trade. Discern – It was difficult to discern the truth amid so many conflicting reports. Marks Distribution: For making meaningful sentences with the given words, (0.5×5) =2.5 marks.",
457450007635,1721470,ICT,other,other/457450007635.jpg,1/5,\(1+4+7+\) .............................. \(+40\) ;,\(1+4+7+\) \(+40\) ধারাটির জোড় ও বিজোড় সংখ্যাগুলোর পৃথক পৃথক যোগফল নির্ণয়ের জন্য প্রবাহচিত্র অঙ্কন কর।,"ধারাটির ে জাড় ও বি ে জাড় সংখ ্য া গু ে লার প ৃ থক প ৃ থক ে যাগফল নিণ ে য়র জন ্য প ্র বাহচি ত্র : নম্বর বন্টন: সঠিকভাবে ঝঃধৎঃ, এবং ঊহফ দেখানো জন্য ০১ নম্বর । \(i≤40\) পড়হফরঃরড়হ সহ ষড়ড়ঢ় লেখার জন্য ০১ নম্বর। \(i\ \%\ 2==0\) (অর্থাৎ& জোড়-বিজোড় সংখ্যা আলাদা করার পড়হফরঃরড়হ ) লেখার জন্য ০১ নম্বর। \({S}_{e}+=i\) (জোড় পদের যোগ) \({S}_{o}+=i\) (বিজোড় পদের যোগ) ; লেখার জন্য ০১ নম্বর । \(i\ +\ =\ 3\) লেখার জন্য ০১ নম্বর। [ বি.দ্রঃ নিমে্নাক্ত প্রতিটি ভুলের জন্য ০.৫ নম্বর কর্তন করা হবেঃ ভুল ঝুসনড়ষ ব্যবহার করলে অৎৎড়ি না থাকলে বা দিক ভুল হলে এবং উবপরংরড়হ চিহ্নে ণবং/ঘড় বা ঞৎ্ব/ঋধষংব না দেখালে]",
637151931826,1721470,English,other,other/637151931826.jpg,5/5,"Write a well-organised paragraph on ‘River Systems of Bangladesh and Their Economic Importance’ in the space provided, considering the elements of a paragraph, such as topic sentence, supporting detail sentences and conclusion.",,"River Systems of Bangladesh and Their Economic Importance Bangladesh is home to one of the most intricate and vast river systems in the world, formed by the confluence of major rivers such as the Padma, Brahmaputra, Jamuna, Meghna, Karnaphuli etc. These rivers play a crucial role in the country's economy, providing water for agriculture, transportation, and supporting fisheries. The fertile floodplains created by these rivers are ideal for rice cultivation, which is the backbone of Bangladesh’s agriculture, ensuring food security and employment for millions. Furthermore, the river systems facilitate inland transportation, with many areas relying on boats for the movement of goods and people, especially in rural regions. The rivers also contribute to the fishing industry, which is vital to the nation's food supply and exports. However, the river systems face challenges, including flooding, erosion, and pollution, which threaten agriculture and livelihoods. Managing these rivers effectively is essential for the continued economic stability and development of Bangladesh. Mark distribution: For writing Title “ River Systems of Bangladesh and Their Economic Importance ”; 0.5 mark. For writing topic sentence such as Bangladesh's river systems are crucial to its economy, driving agriculture, transportation, and fisheries ; 0.5 mark. For writing the economic benefits such as support agriculture by providing irrigation and fertile land, facilitate and sustain the fishing industry, contributing to food supply and exports etc. ; 3.5 marks . For writing conclusion such as effective river management is crucial to overcoming challenges and ensuring Bangladesh’s economic stability ; 0.5 mark. [ Instructions: * Students must write it within one single para. If it becomes more than one para , 50% marks have to be deducted from the obtained marks. * 0.5 mark will be deducted for one or two grammar or spelling mistakes, 01 mark for three or more grammar or spelling mistakes. ]",
521599907930,1721470,Biology,other,other/521599907930.jpg,5/2,,টিসু্য কালচার ও রিকম্বিনেন্ট উঘঅ প্রযুক্তির মধ্যে ৫টি পার্থক্য লিখ।,"টিসু্য কালচার ও রিকম্বিনেন্ট উঘঅ প্রযুক্তির মধ্যে পার্থক্য: টিসু্য কালচার: (র) জীবদেহের বিচ্িছন্ন করা কোনো বিভাজনক্ষম টিসু্য ক…ত্রিম পুষ্টি মাধ্যমে কালচার (আবাদ) করে চারা উ™্ভিদ সৃষ্টি বা টিসু্য বৃদ্ধির (প্রাণীর ক্ষেত্রে) প্রক্রিয়াই হলো টিসু্য কালচার। (রর) এ পদ্ধতিতে অল্প সময়ের মধ্যে অধিক সংখ্যক উ™্ভিদের চারা উৎপাদন করা সম্ভব। (ররর) ভাইরাস ও রোগমুক্ত উ™্ভিদ সৃষ্টির জন্য ব্যবহার হয়। (রা) অপেক্ষাক…ত কম জটিল প্রক্রিয়া। (া) এক্ষেত্রে প্লাসমিডের প্রয়োজন হয় না, কারণ জিন স্থানান্তরণ বিনিময়ের কোনো সুযোগ নেই। (ার) এক্ষেত্রে জিন ম্যানিপুলেশন করে জীবের জিনোটাইপ পরিবর্তন করা হয় না। (ারর) উৎপন্ন উ™্ভিদ মাত…উ™্ভিদের সমগুণসম্পন্ন হয়। রিকম্বিনেন্ট উঘঅ প্রযুক্তি: (র) কোনো জীবের উঘঅ- তে ভিন্ন উৎস থেকে সংগৃহীত এক বা একাধিক কা•িক্ষত জিন বা উঘঅ খণ্ড সংযুক্ত করে সংকর (হাইব্রিড) উঘঅ তৈরির কেৌশলই হলো রিকম্বিনেন্ট উঘঅ প্রযুক্তি। (রর) এ পদ্ধতিতে অল্প সময়ের মধ্যে আকা•িক্ষত বৈশিষ্ট্যসম্পন্ন উ™্ভিদ উৎপাদন করা সম্ভব নয়। (ররর) কা•িক্ষত বৈশিষ্ট্যসম্পন্ন উ™্ভিদ সৃষ্টিতে ব্যবহৃত হয়। (রা) অপেক্ষাক…ত বেশি জটিল প্রক্রিয়া। (া) এক্ষেত্রে প্লাসমিডের প্রয়োজন হয়, কারণ জিন স্থানান্তর বা বিনিময়ের সুযোগ রয়েছে। (ার) এক্ষেত্রে জিন ম্যানিপুলেশন করে জীবের জিনোটাইপ পরিবর্তন করা হয়। (ারর) উৎপন্ন জীব প্যারেন্ট জীব থেকে ভিন্নগুণসম্পন্ন। নম্বর বন্টন: টিসু্য কালচার ও রিকম্বিনেন্ট উঘঅ প্রযুক্তির মধ্যে ৫টি পার্থক্য লেখার জন্য (০.৫ \(\times \) ৫) = ২.৫ নম্বর।",
994661494801,1721470,Biology,other,other/994661494801.jpg,5/2,,সবাত শ্বসনের বিভিন্ন ধাপগুলো সংঘটিত হবার স্থানগুলোর নাম লেখ। কোন ধাপটিকে শ্বসনের সাধারণ গতিপথ বলা হয়?,সবাত শ্বসন ৪টি ধাপে সংঘটিত হয়। সবাত শ্বসনের বিভিন্ন ধাপগুলো সংঘটিত হবার স্থানগুলোর নাম: (র) গ্লাইকোলাইসিস → কোষের সাইটোপ্লাজম। (রর) পাইরুভিক অ্যাসিডের অক্সিডেশন → মাইটোকন্ড্রিয়নের ম্যাট্রিক্স। (ররর) সাইট্রিক অ্যাসিড চক্র বা ক্রেব&&স চক্র → মাইটোকন্ড্রিয়নের ম্যাট্রিক্স। (রা) ইলেকট্রন স্থানান্তর ও অক্সিডেটিভ ফসফোরাইলেশন → মাইটোকন্ড্রিয়্যাল মেমব্রেন। গ্লাইকোলাইসিসকে শ্বসনের সাধারণ গতিপথ বলা হয়।,নম্বর বণ্টন: ৪টি স্থানের নাম লিখলে (০.৫ \(\times \) ৪) = ০২ নম্বর। গ্লাইকোলাইসিস লিখলে ০.৫ নম্বর।
505966053266,1721470,Biology,other,other/505966053266.jpg,5/2,,কডর্েট প্রাণী ও নন-কডর্েট প্রাণীর মধ্যে ৫টি পার্থক্য লিখ।,"কডর্েট প্রাণী ও ননকডর্েট প্রাণীর মধ্যে পার্থক্য নিম্নরূপ : পার্থক্যের বিষয় → কডর্েট প্রাণী: (র) নটোকর্ড → জীবনের কোনো না কোনো দশায় থাকে। (রর) স্নায়ুর¾ু → পৃষ্ঠীয় ও ফা্পা। (ররর) গলবিলীয় ফুলকারন্ধ্র → জীবনের যেকোন দশায় থাকে। (রা) পায়ু-উত্তর লেজ → জীবনের কোনো না কোনো দশায় থাকে। (া) হৃৎপিণ্ড → পেৌষ্টিকনালির নিচে অবস্থান করে। (ার) কঙ্কাল → অন্তঃকঙ্কাল ও বহিঃকঙ্কাল বিদ্যমান। (ারর) চক্ষু → মস্িত®‹ থেকে সৃষ্টি হয়। (াররর) হিমোগ্লোবিন → লোহিত কণিকার ভিতরে অবস্িথত। পার্থক্যের বিষয় → ননকডর্েট প্রাণী: (র) নটোকর্ড → কখনো থাকে না। (রর) স্নায়ুর¾ু → সাধারণত থাকে না, থাকলেও তা অঙ্কীয় ও নিরেট। (ররর) গলবিলীয় ফুলকারন্ধ্র → কখনোই থাকে না। (রা) পায়ু-উত্তর লেজ → থাকে না। (া) হৃৎপিণ্ড → যদি থাকে, তা পেৌষ্টিকনালির উপরে বা পাশে অবস্থান করে। (ার) কঙ্কাল → থাকলেও সেটি বহিঃকঙ্কাল। (ারর) চক্ষু → তaক থেকে সৃষ্টি লাভ করে। (াররর) হিমোগ্লোবিন → নাও থাকতে পারে, থাকলে রক্তরসে।",নম্বর বণ্টন: কডর্েট প্রাণী ও নন-কডর্েট প্রাণীর মধ্যে ৫টি পার্থক্য লেখার জন্য; (০.৫ \(\times \) ৫) = ২.৫ নম্বর।
180283350813,1721470,Biology,other,other/180283350813.jpg,2/2,,সেক্স লিংকড ইনহেরিট্যাÝ কী? যেকোনো ৪টি সেক্স লিংকড ডিজিসের নাম ও লক্ষণ উল্লেখ কর।,"সেক্স ক্রোমোজোমের মাধ্যমে সেক্স লিংকড বৈশিষ্ট্যের বংশ পরম্পরায় সআারিত হওয়াকে সেক্স লিংকড ইনহেরিট্যাÝ বলে। মানুষে এ পর্যন্ত প্রায় ৬০টি (মতভেদে ৫০ টির অধিক) সেক্স লিংকড জিন পাওয়া যায়। সেক্স লিংকড ডিজিসের নাম \(\rightarrow \) লক্ষণ র. লাল- সবুজ বর্ণান্ধতা \(\rightarrow \) লাল ও সবুজ বণর্ের পার্থক্য বুঝতে না পারা। রর. হিমোফিলিয়া \(\rightarrow \) রক্ততআন বিলম্বিত হয়, ফলে ক্ষতস্থান থেকে অবিরাম রক্তক্ষরিত হয়ে মৃতু্য পর্যন্ত ঘটে। ররর. মাসকু্যলার ডিস্ট্রফি/ ডুশিনি মাসকুলার ডিস্ট্রফি \(\rightarrow \) পেশি জটিলতা, দশ বছর বয়সেই চলন শক্তি লোপ পাওয়া। রা. রাতকানা \(\rightarrow \) রাতে কোনো জিনিস স্পষ্ট দেখতে না পাওয়া। া. ডায়াবেটিস ইনসিপিডাস \(\rightarrow \) অস্বাভাবিক মূত্র ত্যাগ, শারীরিক অক্ষমতা। ার. ফ্রাজাইল ঢ সিনড্রম \(\rightarrow \) অটিজম ও মানসিক ভারসাম্যহীনতা দেখা দেয়। ারর. হাইপারট্রাইকোসিস \(\rightarrow \) সমগ্র দেহে ঘন লোমের উপস্িথতি। াররর. টেস্টিকুলার ফেমিনাইজেশন \(\rightarrow \) পুরুষ ধীরে ধীরে স্¿ীতে পরিণত হয়। রী. এ±োডার্মাল ডিসপ্লেসিয়া \(\rightarrow \) দ্াত, লোম ও ঘর্ম গ্রন্িথও অনুপস্িথতি। ী. মায়োপিয়া \(\rightarrow \) দূরের জিনিস ভালো করে দেখতে না পাওয়া। ীর. অপটিক এ্যাট্রোফি \(\rightarrow \) অপটিক নাভর্ের ক্ষয়িòুতা। ীরর. জুভেনাইল গ্লুকোমা \(\rightarrow \) চক্ষু গোলকের কাঠিন্য ও ছানিপড়া। ীররর. ইকথাইয়োসিস \(\rightarrow \) অমসৃণ আ্ইশময় তaক। ীরা. হোয়াইট ফোরলক \(\rightarrow \) মাথার চুলের আংশিক সাদা হওয়া। ীা. স্প্যাজটিক প্যারাপেলাজিয়া \(\rightarrow \) নিম্নাঙ্গ পেশির আংশিক অবশতা ও অনিয়ত কাঠিন্য।",নম্বর বণ্টন: সেক্স লিংকড ইনহেরিট্যাÝ এর সংÁা লিখলে ০.৫ নম্বর। ৪টি সেক্স লিংকড ডিজিসের নাম ও লক্ষণ লিখলে (০.৫ \(\times \) ৪) = ০২ নম্বর।
708479059222,1721470,Bangla,other,other/708479059222.jpg,,,"Òউপসগর্ের অর্থবাচকতা নেই, কিন্তু অর্থদ্যোতকতা আছে।""- উদাহরণসহ উক্তিটি বিশ্লেষণ কর।","বাংলা ভাষায় এমন কতকগুলো অর্থহীন শãাংশ বা শã খণ্ড রয়েছে যেগুলো স্বাধীন শã হিসেবে বাক্যে ব্যবহৃত হতে পারে না। এগুলো অন্য শãের আগে বসে এর প্রভাবে নতুন অর্থবোধক শã তৈরি করে এবং শãের অথর্ের পূর্ণতা সাধিত হয় কিংবা শãের অথর্ের সম্প্রসারণ অথবা সংকোচন ঘটে। ভাষায় ব্যবহৃত এসব অর্থহীন শãাংশ বা শã খণ্ডের নাম উপসর্গ। উপরিউক্ত সংÁাথর্ে প্রমাণ করে যে, নাম শã বা ক…দন্ত শãের সঙ্গে যুক্ত না হয়ে স্বাধীনভাবে থাকলে উপসগর্ের কোনো অর্থ নেই। যেমন: উপ, প্রতি, বি ইত্যাদি উপসর্গগুলোর কোনো অর্থবাচকতা নেই অর্থাৎ নিজস্ব কোনো অর্থ নেই। কিন্তু অর্থদ্যোতনা আছে অর্থাৎ অন্য শãের আগে বসে অর্থদ্যোতক হয়ে ওঠে। যেমন: উপ + হার= উপহার (পারিতোষিক/উপঢেৌকন), প্রতি + বেশী = প্রতিবেশী (নিকট আত্মীয়); বি + হার = বিহার (জ্ঞমণ)। উপসর্গ যুক্ত হলে সাধারণত শãের প্াচ ধরনের পরিবর্তন ঘটে। যেমন: ১. নতুন অর্থবোধক শãের সৃষ্টি হয়। যেমন কাজ থেকে অকাজ (অর্থহীন)। ২. শãের অর্থ পরিপূর্ণ হয়ে ওঠে। যেমন: কাল থেকে বিকাল (অপরাহè)। ৩. শãের অর্থ সম্প্রসারিত হয়। যেমন: দান থেকে প্রতিদান (অনুরূপ) ৪. শãের অথর্ের সীমানা সংকুচিত হয়। যেমন: হার থেকে প্রহার (মারা) ৫. শãের অথর্ের পরিবর্তন ঘটে। যেমন: দ্বীপ থেকে উপদ্বীপ (ক্ষুদ্র ভূখণ্ড) উপসগর্ের উপযুক্ত সংÁার্থ, প্রক…তি ও ভূমিকা বিশ্লেষণ করলে তাদের যে বৈশিষ্ট্য পাওয়া যায় তা হচ্েছ- উপসর্গগুলো প্রত্যেকটি এক একটি শãাংশ বা শãখণ্ড। এদের নিজেদের কোনো অর্থ নেই, বা পৃথকভাবে ব্যবহৃত হয় না। কেবল ধাতু বা শãের পূবর্ে যুক্ত হলেই এরা শã গঠন করে এবং অথর্ের বৈচিত্র ‍ ্য সাধন ক ে র। উপয ু ক্ত উদাহরণসমূ ে হ যু ক্ত প ্র , পরি, উপ, অনু ইত ্য াদি উপসগ গুে লার আলাদাভা ে ব ে কা ে না অথ ে নই; অথচ এ গুে লা ধাতু বা শ ãে র পূ ে ব যু ক্ত হ ে য় অ ে থ র নানা ধর ে নর পরিবত ন সাধন করার পাশাপাশি নতুন শ ã গঠন ক ে র ে ছ। সুতরাং একথা নিি দ্র্ব ধায় বলা যায় ে য, ""উপস ে গ র অথ বাচকতা ে নই, কি ন্তু অথ ে দ ্য াতকতা আছে"" উক্তিটি যথার্থ।","নম্বর বণ্টনঃ উপসগর্ের সংÁা লেখার জন্য ০১ নম্বর। উপসগর্ের অর্থবাচকতা নেই- বুঝানোর জন্য ০১ নম্বর। দুটি উপসর্গ উদাহরণসহ লেখার জন্য (০.৫ \(\times \) ২)= ০১ নম্বর। ( যেমন : প্রতি, বি, প ্র , পরি, উপ ইত্যাদি) উপসগর্ের অর্থদ্যোতনা আছে - বুঝানোর জন্য ০১ নম্বর। অর্থপূর্ণ উপসর্গযুক্ত দুটি শã উদাহরণের জন্য (০.৫ \(\times \) ২) = ০১নম্বর। ( যেমন : উপদ্বীপ, প্রহার, প্রতিদান, উপহার ইত্যাদি)"
143699716928,1721470,Bangla,other,other/143699716928.jpg,,,"ভাব-সম্প্রসারণ কর: পথ পথিকের সৃষ্টি করে না, পথিকই পথের সৃষ্টি করে।","ভাব-সম্প্রসারণ: পথ ও পথিক পরস্পর সম্পকর্িত। পথিকের পদভারে রচিত হয় নতুন পথ। জীবন সন্ধানী পথিক তার প্রয়োজনেই নতুন পথ ও পন্থা সৃষ্টি করে। পথ পথিকের স্রষ্টা নয়। মানবজীবন চআল, গতিময়। চলমানতা এর বৈশিষ্ট্য। নিজেকে চেনা ও অজানাকে জানার জন্য মানুষ নিরন্তর নানা-দিকে, নানা জায়গায় পরিজ্ঞমণ করে বেড়ায়। জীবনের উদ্দেশ্য সাধনের জন্য গতানুগতিক পথ পরিহার করে নতুন পথ ও পন্থা তার নিজেকেই তৈরি করে নিতে হয়। নিজের চেষ্টা ও সাধনায় নতুন পথ সৃষ্টি করে পথিক তার অভীষ্ট লক্ষ্যে পে্ৌছাতে তৎপর হয়ে ওঠে। জীবন পথের দুরন্ত পথিক জানে, পুরানো পথ অনুসরণ করে নতুন সম্ভাবনার দ্বার উন্মুক্ত করা যায় না। তাই তাকে নতুন পথের সন্ধান করতে হয়। সকল বাধা-বিঘ্ন অতিক্রম করে পথিক তার সৃষ্ট নতুন পথে এগিয়ে যায়। আর এভাবেই এগিয়ে চলার নেশায় অবিরাম চলতে গিয়ে পৃথিবীতে অসংখ্য পথ তৈরি হয়েছে; নিমর্িত হয়েছে মানবসভ্যতা। আমরা বর্তমানে যে পৃথিবীতে জীবনের পথ অতিক্রম করছি, সে পৃথিবী একসময় ছিল দুর্গম, দুরধিগম্য। তখন সভ্য জীবনযাপনের কোনো পথ ও পন্থা ছিল না বললেই চলে। মানুষ তার জীবন রক্ষা ও জীবন বিকাশের জন্য প্রয়োজন মতো পথ ও পন্থা তৈরি করতে বাধ্য হয়েছে। ফলে আজকের পৃথিবী হয়েছে মানুষের পদানত। জগতের ক…তি মানুষেরা তাদের জীবনের গতিময় পথ নিজেরাই তৈরি করেছেন এবং মানুষকে নতুন পথ সৃষ্টিতে অনুপ্রাণিত করেছেন। যুগে যুগে অসংখ্য উদ্যমী মানুষ অসংখ্য পথ সৃষ্টি করে মানুষের জীবনকে করেছেন সহজতর। সকল পথ ও পন্থা মানুষেরই তৈরি। কোনো পথ আপনা থেকে সৃষ্ট হয়ে মানুষকে তার পথিক হতে বলেনি। পথের নির্মাতা ও স্রষ্টা মানুষ নিজেই। নিজের সৃষ্ট পথেই মানুষ পথিকরূপে পৃথিবীর সকল প্রান্েত বিচরণ করে। পথ কখনো পথিক সৃষ্টি করেনি। বরং পথিকই নিত্য-নতুন পথের স্রষ্টা।","নম্বর বণ্টন: মানবজীবন চআল, গতিময়। চলমানতা এর বৈশিষ্ট্য - নির্ধারিত অংশে লেখার ভাব ঠিকমতো বোঝাতে পারলে ০.৫ নম্বর। জীবনের উদ্দেশ্য সাধনের জন্য গতানুগতিক পথ পরিহার করে নতুন পথ ও পন্থা তার নিজেকেই তৈরি করে নিতে হয় - নির্ধারিত অংশে লেখার ভাব ঠিকমতো বোঝাতে পারলে ০.৫ নম্বর। সকল বাধা-বিঘ্ন অতিক্রম করে পথিক তার সৃষ্ট নতুন পথে এগিয়ে যায়। আর এভাবেই এগিয়ে চলার নেশায় অবিরাম চলতে গিয়ে পৃথিবীতে অসংখ্য পথ তৈরি হয়েছে; নিমর্িত হয়েছে মানবসভ্যতা - নির্ধারিত অংশে লেখার ভাব ঠিকমতো বোঝাতে পারলে ০.৫ নম্বর। মানুষ তার জীবন রক্ষা ও জীবন বিকাশের জন্য প্রয়োজন মতো পথ ও পন্থা তৈরি করতে বাধ্য হয়েছে - নির্ধারিত অংশে লেখার ভাব ঠিকমতো বোঝাতে পারলে ০.৫ নম্বর। যুগে যুগে অসংখ্য উদ্যমী মানুষ অসংখ্য পথ সৃষ্টি করে মানুষের জীবনকে করেছেন সহজতর - নির্ধারিত অংশে লেখার ভাব ঠিকমতো বোঝাতে পারলে ০.৫ নম্বর। [বিঃ দ্রঃ দুইটি বানান ভুল করলে ০.৫ নম্বর, তিন বা ততোধিক বানান ভুল করলে ০১ নম্বর কাটা যাবে, তবে নির্ধারিত অংশে লেখার ভাব ঠিকমতো বোঝাতে না পারলে বরাদ্দক…ত নম্বর কাটা যাবে।]"
580954011732,1721470,Bangla,other,other/580954011732.jpg,,,"নিচের শãগুলোর দুইটি করে সমার্থক শã লেখ: গগন, পিক, গৃহ, বসুন্ধরা , তটিনী","সমার্থক শã: গগন-আকাশ, আসমান, নীলিমা, নভোমন্ডল, দু্যলোক, অজ্ঞ, শূন্য, নভঃ, অনন্ত, সুরপথ, খলোক, খগোল, নক্ষত্রলোক, নভোলোক, নভস্তল, নভস্থল, অম্বর, ব্যোম, খ, অন্তরিক্ষ, শূন্যলোক । পিক-কোকিল, পরপুষ্ট, অন্যভ…ত, পরভ…ত, কাকপুষ্ট, অন্যপুষ্ট, কলকÉ, বসন্তদূত, মধুবন, কোয়েল, কলঘোষ, বসন্তসখ, বসন্তী, মধুঘোষ, কাকপুচ্ছ । তটিনী-নদী, তরঙ্গিনী, স্রোতস্বিনী, প্রবাহিণী, নদ, নদনদী, শৈবলিনী, স্রোতস্বতী, গাঙ, সরিৎ, সমুদ্রকান্তা, সমুদ্রদয়িতা, স্রোতোবহা, মন্দাকিনী, কল্লোলিনী। গৃহ-বাড়ি, নিকেতন, নিলয়, আবাস , আলয়, ভবন, সদন, আগার, বাটি, বাটিকা, গেহ, নিকেত, বাড়িঘর। বসুন্ধরা-পৃথিবী, বসুমতী, ভুবন, জগৎ , বসুধা, ভূ, অবনি, ধরণি, ধরা, ধরিত্রী, মহি, মেদিনী, ক্ষিতি, বিশ্ব, ধরাতল, ধরাধাম, বসুমাতা, ভূমণ্ডল, মর্ত, ভূতল, পৃথaী, দুনিয়া, জাহান।",নম্বর বণ্টনঃ প্রত্যেকটি শãের ২টি সঠিক সমার্থক শã লেখার জন্য (০.২৫ \(\times \) ২) = ০.৫ নম্বর। ৫টি শãের সঠিক সমার্থক শã লেখার জন্য (০.৫ \(\times \) ৫) = ২.৫ নম্বর। [বি. দ্রঃ শãের বানান ভুল করলে ০.২৫ নম্বর কাটা যাবে।]
313831667620,1721470,English,other,other/313831667620.jpg,,"Make meaningful sentences with the following words: Ubiquitous, Scrutinize, Mitigate, Benevolent, Incontrovertible",,"Ubiquitous – Smartphones have become ubiquitous, found in the hands of people worldwide. Scrutinize – The auditor will scrutinize the company’s financial records for any irregularities. Mitigate – Wearing masks helps mitigate the spread of infectious diseases. Benevolent – The benevolent donor contributed generously to the charity fund. Incontrovertible – The DNA evidence provided incontrovertible P roof of his innocence. Marks Distribution: For making meaningful sentences with the given words, (0.5×5) =2.5 marks.",
426347258079,1721470,English,other,other/426347258079.jpg,,"Compose a paragraph in approximately 100 words exploring how war between states affects economic progress, education, and human rights. Maintain a critical tone and present your points with clarity and logical flow.",,"War’s Shadow on Progress and Human Rights War between states is not just a political conflict, it is also a human crisis. Armed conflicts destroy infrastructure, displace populations, collapse economies, and halt education and healthcare systems. The Ukraine-Russia war, for example, disrupted global food supply chains, caused mass migrations, and shattered thousands of lives. Wars also consume national budgets, diverting resources from development to destruction. Children grow up without schooling, hospitals are reduced to rubble, and entire generations are psychologically scarred. Beyond physical damage, war fuels mistrust, division, and long-term instability. It reverses decades of progress in poverty reduction, education, and gender equality. Peace, on the other hand, allows nations to invest in people, not weapons. The true cost of war is measured not in borders won or lost, but in human potential wasted. To build a just and prosperous world, diplomacy must triumph over violence. Marks Distribution: For writing the Title “ War’s Shadow on Progress and Human Rights ”; 0.5 mark. For writing ; Introductory sentence; 01 mark. For writing ; Armed conflicts destroy infrastructure, displace populations, collapse economies, and halt education and healthcare systems ; 01 mark. For writing ; Wars also consume national budgets, diverting resources from development to destruction. Children grow up without schooling, hospitals are reduced to rubble, and entire generations are psychologically scarred ; 01 mark. For writing ; Beyond physical damage, war fuels mistrust, division, and long-term instability. It reverses decades of progress in poverty reduction, education, and gender equality ; 01 mark. For writing conclusion; 0.5 mark . [ Instructions: * Students must write it within one single para. If it becomes more than one para , 50% marks have to be deducted from the obtained marks. * 0.5 mark will be deducted for one or two grammar or spelling mistakes, 01 mark for three or more grammar or spelling mistakes.] [ N.B. The student will get the allotted marks if he/she writes a proper alternative title .]",
698439339209,1721470,English,other,other/698439339209.jpg,,"Read the following extract and answer questions that follow: I wandered lonely as a cloud That floats on high o’er vales and hills, When all at once I saw a crowd, A host, of golden daffodils; Beside the lake, beneath the trees, Fluttering and dancing in the breeze. ( a) Identify and explain any one literary device used in the extract. ( b) How does the imagery of the “host of golden daffodils” contribute to the poem’s emotional tone?",,"(a) Wordsworth uses personification by describing the daffodils as “fluttering and dancing.” This human-like quality creates a vivid, joyful image that mirrors the poet’s lifted spirits. (b) The image of countless bright, dancing daffodils evokes a feeling of beauty and elation. It transforms the poet’s loneliness into joy, reflecting the restorative power of nature. Marks Distribution: For writing, Wordsworth uses personification by describing the daffodils as “fluttering and dancing.” This human-like quality creates a vivid, joyful image that mirrors the poet’s lifted spirits ; 1.5 marks. For writing, the image of countless bright, dancing daffodils evokes a feeling of beauty and elation. It transforms the poet’s loneliness into joy, reflecting the restorative power of nature ; 01 mark. [ N.B: 0.5 mark will be deducted for two grammar or spelling mistakes, 01 mark for three or more grammar or spelling mistakes.]",
751115989690,1721470,Biology,other,other/751115989690.jpg,1/2,,শ্বসনের রাসায়নিক বিক্রিয়াটি লিখ । প্রক্রিয়াটির প্রধান তিনটি ভূমিকা / তাৎপয উল্লেখ কর।,"শ্বসনের রাসায়নিক বিক্রিয়া : \({C}_{6}{H}_{12}{O}_{6}+6{O}_{2}+6{H}_{2}O{\underset{co-enzyme}{ \xrightarrow{\ \ \ \ \ \ enzyme\ \ \ \ \ \ \ }}}6C{O}_{2}+12{H}_{2}O+36ATP\) শ্বসনের ভূমিকা নি ম্ে্ন উল্লেখ করা হলো : ( র ) জীবের দেহে শক্তি সরবরাহ : জীবের প্রতিটি প্রক্রিয়া (যা জীবনের ৈ বশিষ্ট ্য) পরিচালনার জন্য শক্তির প্রয়োজন , আর এ শক্তি আসে শ্বসন প্রক্রিয়ার মাধ ্যমে। কাজেই শক্তি উৎপা দে নর মাধ ্যমে জীবের সকল ৈ জবিক প্রক্রিয়া পরিচালিত করার মধ্যেই রয়েছে ে যকোনো জীবের জীবনে শ্বসন প্রক্রিয়ার প্রক …ত গু রুত a। (রর) খা দ্য প্র স্তু ত: শ্বসন প্রক্রিয়ায় নির্গত \(C{O}_{2}\) প্রত্যক্ষ বা পরোক্ষভাবে সালোকসংশ্লেষণ প্রক্রিয়ায় ব্যবহৃত হয় এবং খাদ্য উৎপন্ন করে। সে খাদ্য যেমন উ™্ভিদ জীবনকে রক্ষা করে, তেমনই আবার সমগ্র প্রাণী জগতকেও রক্ষা করে। (ররর) খনিজ লবণ পরিশোষণ : উি ™্ভদে র খনিজ লবণ পরিশোষণে শ্বসন প্রক্রিয়া গু রুতaপূণ ভূমিকা পালন করে । শ্বসনের হার কম হলে লবণ পরিশোষণ হার কমে যায় এবং বৃি দ্ধ ও অন্যান ্য ৈ জবিক ক্রিয়া ব্যাহত হয়। (রা) ে কাষ বিভাজন ও দৈ হিক বৃি দ্ধ : শ্বসন প্রক্রিয়ার প্রভাব ে কাষ বিভাজন প্রক্রিয়ার ওপরও প্রতিফলিত হয়। ে কাষ বিভাজনের প্রয়োজনীয় শক্তি ও কিছু আনুষঙ্গিক পদা র্থ শ্বসন প্রক্রিয়া হতে আসে । তাই এ প্রক্রিয়া জীবের দৈ হিক বৃদ্ধিও নিয়ন্¿ণ করে । (া) তাপমাত্রা রক্ষা : শ্বসনে সৃষ্ট তাপ জীবদেে হর প্রয়োজনীয় তাপমাত্রা বজায় রাখে । (ার) এনজাইম ও জৈব এসিড উৎপাদন : এ প্রক্রিয়া বিভিন্ন উপক্ষার ও জৈব এসিড সৃষ্টিতে সহায়তা করার মাধ ্যমে জীবনের অন্যান ্য ৈ জবিক কায ক্রে মও সহায়তা করে । (ারর) বায়ুমণ্ডলে \(C{O}_{2}\) ও \({O}_{2}\) এর ভারসাম ্য রক্ষা : সালোকসংশ্লেষণ প্রক্রিয়ায় বায়ুমণ্ডল হতে \(C{O}_{2}\) গৃহীত হয় এবং \({O}_{2}\) বজর্িত হয় কিন্তু শ ্বসন প্রক্রিয়ায় বায়ুমণ্ডল হতে \({O}_{2}\) গৃহীত হয় এবং \(C{O}_{2}\) বজর্িত হয়, তাই বায়ুমণ্ডলে \(C{O}_{2}\) ও \({O}_{2}\) এর ভারসাম্য রক্ষিত হয়। (াররর) শিল্পে ব্যবহার : বিভিন্ন অণুজীবের অবাত শ্বসন প্রক্রিয়াকে কাজে লাগিয়ে গড়ে উঠেছে অ্যালকোহল , মদ, সিরকা , আচার , মাছ ও মাংসের সস ইত্যাি দ উৎপাদন শিল্প প্রতিষ্ঠান । (রী) ে বকারি ও দ ু»জাত শিল্প : বিভিন্ন অণুজীবের অবাত শ্বসন প্রক্রিয়াকে কাজে লাগিয়ে মানুষের প্রয়োজনীয় ে বকারি ( পাউরুটি ) ও দ ু»জাত দ্র ব্যাি দ (দই, পনির ) উৎপাদন করা হয়।",নম্ব র বণ্টন : শ্বসনের রাসায়নিক বিক্রিয়াটি ে লখার জন্য ০১ নম্ব র । শ্বসনের প্রধান তিনটি ভূমিকা / তাৎপয ে লখার জন্য (০.৫ \(\times \) ৩ ) = ১.৫ নম্ব র ।
460192878615,1721470,Biology,other,other/460192878615.jpg,2/2,,অ্যালভিওলাই গুে লা ে কান ব্যবধায়ক পর্দার মাধ ্যমে পৃথক থ াকে ? অক্সিজেন ও কার্বন ডাইঅক্সাইড পরিবহণে শ্বাসরÄকের ভূমিকা ব্যাখ্যা কর।,"অ্যালভিওলাই গুে লা ট্রাবেকুলি ব্যবধায়ক পর্দার মাধ ্যমে পৃথক থ াকে । অক্সিজেন পরিবহণ : শ্বসনের সময় অক্সিজেন ব্যাপন প্রক্রিয়ায় ফুসফুস থেকে রক্তে প্রবেশ করে । রক্তে প্রবিষ্ট সমস্ত অক্সিে জনই মুক্ত অবস্থ ায় থ াকে না । এর এক বড় অংশ ে লাহিত কণিকার হিমোগ্লোবিনের সাথে যুক্ত হয়ে অক্সিহিমোগ্লোবিন নামে অস্থ ায়ী ে যৌগ গঠন করে । এ ে যৌগ গঠন রক্তরসে ( প্লাজমায় ) অক্সিে জনের পরিমাণের উপর নির্ভর করে । রক্তরসে যত ে বশি অক্সিজেন দ্র বীভূত হবে তার সাথে সংগতি ে রখে অক্সিহিমোগ্লোবিন ে যৌগ উৎপন্ন হবে । অন্যি দকে, অক্সিে জনের পরিমাণ যে হারে কমে যাবে ে যৌগ সে হারে ে ভঙে যাবে এবং অক্সিজেন মুক্ত হয়ে রক্তরসে প্রবেশ করবে । প্রতিটি হিমোগ্লোবিনে চারটি হিম অংশ থ াকায় এর চারটি ে ফরাস অণু চার অণু অক্সিজেন যুক্ত করতে পারে । কার্বন ডাইঅক্সাইড পরিবহণ : \(C{O}_{2}\) হিমোগ্লোবিনের সাথে বিক্রিয়া করে কার্বামিনো হিমোগ্লোবিন নামক অস্থায়ী যেৌগ গঠন করে। কার্বামিনো হিমোগ্লোবিন-সমৃদ্ধ রক্ত দেহের বিভিন্ন অঙ্গ থেকে হৃৎপিন্ড হয়ে পরিশোধনের জন্য ফুসফুসে গমন করে। দেহে রক্ত পরিবহনের সময় বেশ কিছু পরিমাণ অক্সিজেন ব্যাপন প্রক্রিয়ায় রক্তরস থেকে স্বল্প অক্সিজেনযুক্ত টিসু্যরসে চলে যায় । ফলে রক্তরসে অক্সিে জনের মাত্রা কমে যায় । হিমোগ্লোবিন তখন তার সাথে যুক্ত অক্সিজেন ছড়াতে শুরু করে । এভাবে অক্সিজেন প্র থমে রক্তরসে ও পরে টিসু্যরসে চলে যায় ।",নম্ব র বণ্টন : অ্যালভিওলাই গুে লা ট্রাবেকুলি ব্যবধায়ক পর্দার মাধ ্যমে পৃথক থ াকে ে লখার জন্য ০.৫ নম্ব র । শ্বসনের সময় অক্সিজেন ব্যাপন প্রক্রিয়ায় ফুসফুস থেকে রক্তে প্রবেশ করে । রক্তে প্রবিষ্ট সমস্ত অক্সিে জনই মুক্ত অবস্থ ায় থ াকে না । এর এক বড় অংশ ে লাহিত কণিকার হিমোগ্লোবিনের সাথে যুক্ত হয়ে অক্সিহিমোগ্লোবিন নামে অস্থ ায়ী ে যৌগ গঠন করে ে লখার জন্য ০.৫ নম্ব র । অক্সিে জনের পরিমাণ যে হারে কমে যাবে ে যৌগ সে হারে ে ভঙে যাবে এবং অক্সিজেন মুক্ত হয়ে রক্তরসে প্রবেশ করবে । প্রতিটি হিমোগ্লোবিনে চারটি হিম অংশ থ াকায় এর চারটি ে ফরাস অণু চার অণু অক্সিজেন যুক্ত করতে পারে ে লখার জন্য ০.৫ নম্ব র । \(C{O}_{2}\) হিমোগ্লোবিনের সাথে বিক্রিয়া করে কার্বামিনো হিমোগ্লোবিন নামক অস্থায়ী যেৌগ গঠন করে লেখার জন্য ০.৫ নম্বর। কার্বামিনো হিমোগ্লোবিন-সম ৃদ্ধ রক্ত দেে হর বিভিন্ন অঙ্গ থেকে হৃৎপিন্ড হয়ে পরিশোধনের জন্য ফুসফুসে গমন করে । ে লখার জন্য ০.৫ নম্ব র ।
303622322152,1721470,Biology,other,other/303622322152.jpg,2/2,,একবীজপত্রী উি ™্ভদে র মূলের অন্তর্গঠনগত শনাক্তকারী প্াচটি ৈ বশিষ্ট ্য লিখ ।,"একবীজপত্রী উি ™্ভদে র মূলের অন্তর্গঠনগত শনাক্তকারী ৈ বশিষ্ট ্য নিম্নরূপ : ( র ) তaকে কিউটিকল অনুপি স্থত। এতে এককোষী মূলরোম থ াকে । (রর) অধঃতaক অনুপি স্থত। (ররর) কটর্েক্স-এ অধঃতaক ে নই , কেবল অন্তঃতaক আছে । (রা) পরিচ ক্র একসারি ে কাষ দিয়ে গঠিত । (া) ভা স্‹ ুলার বান্ডল অরীয় এবং একান্তরভাবে স¾িত। (ার) ে মটাজাইলেম কেন্েদ্র র দিকে এবং ে প্রাটোজাইলেম পরিধির দিকে অবি স্থত। (ারর) জাইলেম ও ে ফ্লায়েম গু চ্েছর সংখ্যা ৬ এর অধিক। (াররর) ম¾া বৃহৎ ও সুগঠিত ।",নম্ব র বণ্টন : একবীজপত্রী উি ™্ভদে র মূলের অন্তর্গঠনের প্াচটি শনাক্তকারী ৈ বশিষ্ট ্য লিখলে (০.৫ \(\times \) ৫) = ২.৫ নম্বর।
533108892492,1721470,Biology,other,other/533108892492.jpg,5/2,,ে পশিটিসু্যর ৩টি সাধারণ ৈ বশিষ্ট ্য ও ২টি কাজ উল্লেখ কর।,"ে পশিটিসু্যর সাধারণ ৈ বশিষ্ট ্য: ১। ে পশিটিসু্যর প্রতিটি ে কাষ সারকোলেমা নামক ঝিল্লিতে আবৃত এবং এর ভিতরের সাইটোপ্লাজমকে সারকোপ্লাজম বলে । ২। ে পশিকোষের মায়োফাইব্রিল গুে লা অ্যাকটিন ও মায়োসিন নামক দ ুধরনের সঙ্কোচী ে প্রাটিনে নিমর্িত । এদে র একত্রে সারকোমিয়ার বলে এবং ে পশিতন্তু ও কার্যকরি একক হিসেবে গণ্য করা হয়। ৩। ে পশিতন্ তু গুে লা স্িথ তি স্থ াপক এবং সংকোচন-প্রসারণ ক্ষমতা সম্পন্ন । ৪। ে পশিটিসু্যর ে কাষ গুে লা লম্বা তন্তু র মতো হওয়ার এদে রকে ে পশিতন্তু ও বলে । ৫। ে পশিকোষকে মায়োসাইট বলে যা মায়োব্লা স্ট নামক আি দ ে পশিকোষ থেকে রূপান্তরের মাধ ্যমে উৎপন্ন হয়। ৬। ে কাষ গুে লা এক বা একাধিক সুস্পষ্ট নিউক্লিয়াসযুক্ত। ৭। ে পশিকোষের সারকোপ্লাজমে মায়োফাইব্রিল নামক অসংখ ্য সূ² উপতন্ তু অনু দৈঘ্যর্ে পরস্পর সমান্তরালে বিন্যস্ত থ াকে । ৮। ে পশিটিসু্যর আন্তঃকোষীয় পদা র্থ বা মাত … কা খুব কম থ াকে এবং আন্তঃকোষীয় ফা্কগুলো নানা ধরনের টিসু ্যতে পূণ থ াকে । ৯। কিছু ব্যতিক্রম ছাড়া জ্ঞূণীয় ে মসোডাম থেকে ে পশির উৎপত্তি হয়। ১০। ে পশিটিসু ্য প্রায় ৭৫ শতাংশ পানি ও অবশিষ্টাংশ বিভিন্ন ধরনের কঠিন পদা থর্ে গঠিত । ে পশিটিসু্যর কাজ : ১। দেে হর আক … তি প্রদান : কঙ্কাল সংলগ্ন থেকে ে পশি দেে হর আক … তি প্রদান করে । ২। অভ্যন্তরী ণ গঠন তৈরি ও সুরক্ষা : ভিসেরাল ে পশি সিলোমিক প্রাচীর তৈরি ও দেে হর অভ্যন্তরী ণ অঙ্গসমূহকে রক্ষা করে । ৩। রক্ত সআালন : হৃৎপেশি রক্ত সআালনে গু রুতaপূণ ভূমিকা পালন করে । ৪। সআালন নিয়ন্¿ণ : ে পশির সংকোচন - প্রসারণের ফলে বিভিন্ন অঙ্গেও সুষ্ঠু সআালন ঘটে। ৫। শারীরবৃত্তীয় কাজে সহায়তা : ে পশিটিসু ্য সংশ্লিষ্ট অঙ্গের সংকোচন-প্রসারণ ঘটিয়ে পরিপাক , ে রচন , প্রজনন ইত্যাি দ শারীরবৃত্তীয় কাজে সহায়তা করে । ৬। ে দহভঙ্গি ি নয়ন্¿ণ : কঙ্কালপেশির সমদৈঘ ্র্য সংকোচন ও ে পশিটান বজায় ে রখে দেহভঙ্গি নিয়ন্¿ণ করে ।",নম্ব র বণ্টন : ে পশিটিসু্যর ৩টি সাধারণ ৈ বশিষ্ট ্য ে লখার জন্য (০.৫ \(\times \) ৩) = ১.৫ নম্বর। ২টি কাজ ে লখার জন্য (০.৫ \(\times \) ২) = ০১ নম্বর।
326509362829,1721470,Bangla,other,other/326509362829.jpg,,,বাংলা একাডেমি প্রণীত প্রমিত বাংলা বানানের প্াচটি নিয়ম উদাহরণসহ লেখ।,"বাংলা একাডেমি প্রণীত প্রমিত বাংলা বানানের নিয়ম : ক. তৎসম শãে রেফের পর ব্যÄনবণর্ের দ্বিতa হবে না। যেমন- অর্জন, কর্ম, কার্য, সূর্য। খ. সকল অ-তৎসম শãে (ত™্ভব, দেশি, বিদেশি) ই, উ-কার হবে। যেমন- আসামি, দাদি, মাস্টারি, হিজরি, ধুলো, সুয্যি। গ. এগারো থেকে আঠারো পর্যন্ত সংখ্যাবাচক শãে ও-কার বসে। যেমন- এগারো, বারো, তেরো, পনেরো, ষোলো, আঠারো। ঘ. তৎসম শãে ট, ঠ, ড, ঢ-এর পূবর্ে যুক্তনাসিক্যবর্ণ ণ হয়। যেমন- কণ্টক, প্রচণ্ড, লÉন। ঙ. বিদেশি শãে শ/স বসে। যেমন- শয়তান, পুলিশ, স্টল, স্টেশন। চ.শãের শেষে বিসর্গ (ঃ) থাকবে না। যেমন: কার্যত, ক্রমশ, প্রথমত, প্রধানত ইত্যাদি। তবে নিম্নলিখিত শãগুলোর ক্ষেত্রে শãমধ্যস্থ বিসর্গবজর্িত রূপ গৃহীত হবে। যেমন: দুস্থ, নিস্তক্ষ, নিস্প…হ, নিশ্বাস। ছ. হস-চিহ্ন যথাসম্ভব বর্জন করতে হবে। যেমন: টক, টন, টাক, জজ, শখ, হুক। জ. ঊধর্Ÿ-কমা যথাসম্ভব বর্জন করতে হবে। যেমন: ব'লে (বলিয়া), হ'য়ে (হইয়া), চা'ল (চাউল), আ'ল (আইল)।",নম্বর বণ্টন: বাংলা একাডেমি প্রণীত প্রমিত বাংলা বানানের যেকোনো সঠিক প্াচটি নিয়ম লেখার জন্য (০.৫ দ্ধ ৫) = ২.৫ নম্বর। বাংলা একাডেমি প্রণীত প্রমিত বাংলা বানানের যেকোনো সঠিক প্াচটি নিয়মের উদাহরণ লেখার জন্য (০.৫ দ্ধ ৫) = ২.৫ নম্বর। [বি. দ্রঃ উত্তরপত্রের বাইরেও সঠিক নিয়ম লিখলে নম্বর পাবে]
150340314370,1721470,Bangla,other,other/150340314370.jpg,,,"সারাংশ ে লখ : আজকের দ ুনিয়াটা আðর্যভাবে অথর্ে র বা বিত্তের উপর নির্ভরশীল । লাভ ও ে লাভের দ ুনর্িবার গতি কেবল আগে যাবার ে নশায় লক্ষ্য হীন প্রচণ্ড ে বগে শুধুই আত্মবিনাশের পথে এগিয়ে চলেছে ; মানুষ যি দ এই মূঢ়তাকে জয় না করতে পারে , তবে মনুষ্যত a কথাটাই হয়তো ে লাপ ে পয়ে যাবে । মানুষের জীবন আজ এমন এক পর্যায়ে এসে ে পৌ্ছেছে , ে যখান থেকে আর হয়তো নামবার উপায় ে নই ; এবার উঠবার সি্ড়িটা না খু্জলেই নয় ।",সারাংশ : মানুষ অর্থ আর বিত্তের ে পছনে প্রচণ্ড ে নশায় ছুটছে আর ছুটছে । ফলে মানুষের মনুষ্যত a আজ সর্বনাশের দ্বারপ্রান্েত উপনীত । বর্তমান সভ্যতার জন্য এ এক ভয়াবহ অশনি-সংকেত । এ থেকে মুক্তির পথ ে খ্াজা জরুরি হয়ে পড়েছে ।,নম্ব র বণ্টন : মানুষ অর্থ আর বিত্তের ে পছনে প্রচণ্ড ে নশায় ছুটছে আর ছুটছে ; ঠিকমতো ে বাঝাতে পারলে ০১ নম্ব র । ফলে মানুষের মনুষ্যত a আজ সর্বনাশের দ্বারপ্রান্েত উপনীত ; ঠিকমতো ে বাঝাতে পারলে ০.৫ নম্ব র । বর্তমান সভ্যতার জন্য এ এক ভয়াবহ অশনি-সংকেত । এ থেকে মুক্তির পথ ে খ্াজা জরুরি হয়ে পড়েছে ; ঠিকমতো ে বাঝাতে পারলে ০১ নম্ব র । [ বিঃ দ্রঃ সারাংশ মূল অনু চ্েছ দে র এক ত… তীয়াংশের বড় হলে ১.৫ নম্ব র পাবে তবে নির্ধারিত অং শে ে লখার ভাব ঠিকমতো ে বাঝাতে না পারলে বরাদ্দক …ত নম্ব র কাটা যাবে ]
492951634920,1721470,Bangla,other,other/492951634920.jpg,,,"নিচের উপসগ গুে লা দিয়ে দ ুÕটি করে শã গঠন কর: নি , প্র , আম, অনু, স","উপসগ দিয়ে শã গঠন : নি-নিখু্ত , নিখে্াজ , নিখা দ, নির্ভর , নির্ণয় , নিবারণ , নিবৃত্তি , নিগূঢ় , নিথর , নিপুণ , নিবিষ্ট , নিবেদন , নিমগ্ন , নিক …ষ্ট, নিদাঘ , নিদারুণ , নিকষ , নিতল , নিপীড়ন , নিবিড় , নিস্তক্ষ । প্র-প্রভাত , প্রকাশ , প্রভাব , প্রতাপ , প্রবাহ , প্রগাঢ় , প্রচার , প্রবল , প্রসার , প্রকোপ , প্রখর , প্রচণ্ড , প্রমত্ত , প্রগতি , প্রণতি , প্রণাম , প্রাগ্রসর , প্রবেশ , প্র স্থ ান , প্রচার , প্রজনন , প্রদান , প্রপেৌত্র , প্রশাখা , প্রশিষ ্য, প্রজন ্ম। আম- আমদরবার , আমমোক্তার, আমজনতা । অনু- অনুগমন , অনুসরণ , অনুধাবন , অনুবাদ, অনুশোচনা , অনুগামী , অনুজ , অনুচর , অনুতাপ , অনুকরণ , অনুরূপ , অনুকার , অনুদান , অনুক্ষণ , অনুদিন , অনুশীলন , অনুকূল , অনুকম্পা । স- সঠিক , সলাজ , সজোরে , সরব , সপাট ।",নম্ব র বণ্টন : প্রত্যেকটি উপসগর্ের ২ টি করে সঠিক শã গঠন করার জন্য (০.২৫ \(\times \) ২) = ০.৫ নম্বর। ৫টি উপসগর্ের শã গঠন করার জন্য (০.৫ \(\times \) ৫) = ২.৫ নম্বর। [বি. দ্রঃ শãের বানান ভুল করলে ০.২৫ নম্ব র কাটা যাবে ।]
252249661658,1721470,English,other,other/252249661658.jpg,,"Read the following extract and answer the following question: Two roads diverged in a wood, and I — I took the one less traveled by, And that has made all the difference . Yet still I doubt if I should ever come back To where the yellow leaves lay half in sun, Half in shade beneath the autumn sky. – Robert Frost Identify and explain any one literary device used in the above extract.",,"A major literary device used in this extract is metaphor. The ‘two roads’ represent life choices or decisions that people must make. The speaker’s choice of the ‘one less traveled by’ symbolizes taking an unconventional or difficult path in life. This metaphor shows how the choices we make shape our journey and identity. The phrase ‘made all the difference’ suggests that even small decisions can have a lasting impact, emphasizing the importance of individual choice and its consequences. Marks Distribution: For writing, A major literary device used in this extract is metaphor ; 0.5 mark . For writing, the ‘two roads’ represent life choices or decisions that people must make. The speaker’s choice of the ‘one less traveled by’ symbolizes taking an unconventional or difficult path in life ; 01 mark. For writing, this metaphor shows how the choices we make shape our journey and identity. The phrase ‘made all the difference’ suggests that even small decisions can have a lasting impact, emphasizing the importance of individual choice and its consequences ; 01 mark. [ N.B: 0.5 mark will be deducted for two grammar or spelling mistakes, 01 mark for three or more grammar or spelling mistakes.]",
339328124351,1721470,English,other,other/339328124351.jpg,,"Why are ethical guidelines essential in fields like medical testing, genetic engineering, and AI (Artificial Intelligence) research? Write a paragraph in approximately 100 words maintaining proper structure with a clear topic sentence, logical development, and a concluding sentence.",,"The Importance of Ethical Guidelines in Modern Scientific Research Ethical guidelines are extremely important in fields like medical testing, genetic engineering, and artificial intelligence (AI) research because they protect people’s rights and ensure safety while encouraging responsible progress. In medical testing, these guidelines require that patients give informed consent and are not exposed to unnecessary risks. This helps prevent harm and builds trust between doctors and patients. Genetic engineering deals with changing the genes of living organisms, which can have long-lasting effects on health and the environment. Therefore, strict ethical rules are needed to avoid misuse, such as creating harmful organisms or unfairly altering human traits. In AI research, ethical principles help address concerns about privacy, bias, job loss, and decision-making transparency. Without ethical oversight, scientific advancements could cause social problems or harm individuals. In short, ethics guide researchers to use science in ways that are safe, fair, and beneficial for all. Marks Distribution: For writing the Title, ‘ ’ The Importance of Ethical Guidelines in Modern Scientific Research ”; 0.5 mark . For writing; Introductory sentence; 01 mark. For writing, in medical testing, these guidelines require that patients give informed consent and are not exposed to unnecessary risks. This helps prevent harm and builds trust between doctors and patients ; 1.5 marks. For writing, Therefore, strict ethical rules are needed to avoid misuse, such as creating harmful organisms or unfairly altering human traits; 01 mark. For writing conclusion; 01 mark . [ Instructions: * Students must write it within one single para. If it becomes more than one para , 50% marks have to be deducted from the obtained marks. * 0.5 mark will be deducted for one or two grammar or spelling mistakes, 01 mark for three or more grammar or spelling mistakes.] [ N.B. The student will get the allotted marks if he/she writes a proper alternative title .]",
172783502475,1721470,English,other,other/172783502475.jpg,,"Make meaningful sentences with the following words: Dogmatic , Recess, Obsession, Absurdity, Dissolve.",,\(\left(0.5\times 5\right)=2.5\),
382229685986,1721470,Biology,other,other/382229685986.jpg,5/2,,রক্ত তআন প্রক্রিয়াটি প্রবাহচিত্রের মাধ ্যমে বর্ণনা কর।,রক্ত তআন প্রক্রিয়াটির প্রবাহচিত্র ঃ,নম্ব র বণ্টনঃ ১/২ টি ধাপ বর্ণনার জন্য ০১ নম্ব র । ৩ টি ধাপ বর্ণনার জন্য ০২ নম্ব র । ৪ টি ধাপ বর্ণনার জন্য ২.৫ নম্ব র । [ বি. দ্র : যে ে কানো একটি ফ্যা±র ভুল করলে / না লিখলে ০.৫ নম্ব র কর্তন করা হবে । ধাপগুলি ধারাবাহিকভাবে লিখতে হবে ]
274957135464,1721470,ICT,other,other/274957135464.jpg,25/2,,রিকি ম্বে নন্ট উঘঅ প্রযুক্তির ধাপসমূহ উল্লেখ কর।,"রিকি ম্বে নন্ট উঘঅ প্র স্তু ত করার প্রধান ধাপসমূহ নিম্নরূপ : ( র ) কা•িক্ষত উঘঅ ( টাগর্েট উঘঅ ) নির্বাচন ও পৃথ কীকরণ । ( রর ) একটি বাহক নির্বাচন , যার মধে ্য কা•িক্ষত উঘঅ খণ্ডটি প্রতি স্থ াপন করা যাবে । এক্ষেত্রে প্লাসমিড উঘঅ কে ব্যবহার করা হয়। (ররর ) টাগর্েট এবং বাহকের উঘঅ অণুর নিি র্দষ্ট স্থ ানে ( ঝঢ়বপরভরপ ংরঃব ) ে ছদন করার জন্য প্রয়োজনীয় ে রি স্ট্র কশন এনজাইম নির্বাচন । উভয় ে ক্ষত্রে একই এনজাইম ব্যবহার করা হয়। ( ার ) ে ছদনক …ত উঘঅ খণ্ডসমূহ ( কা•িক্ষত উঘঅ ও বাহক ) উঘঅ লাইগেজ এনজাইম দ্বারা সংযুক্ত করা হয়। ( া ) কা•িক্ষত উঘঅ সহ বাহক উঘঅ এর অনুলিপনের জন্য একটি ে পাষক ( যড়ংঃ ) নির্বাচন (ে যমন - ঊ.পড়ষর )। ( ার ) কা•িক্ষত উঘঅ খণ্ড সমন্ ্বয়ে প্র স্তু তক…ত রিকি ম্বে নন্ট উঘঅ- এর বহিঃপ্রকাশ মূল্যায়ন । (ারর) রিকি ম্বে নন্ট উঘঅ ৈ তরির সময় বাহক হিসেবে ঞর প্লাসমিড ব্যবহার করা হয়ে থ াকলে রিকি ম্বে নন্ট উঘঅ কে অমৎড়নধপঃবৎর্স- এ স্থ ানান্তর করানো । (াররর) কা•িক্ষত উি ™্ভদে কাষে রিকি ম্বে নন্ট উঘঅ প্রবেশ করানো ।",নম্ব র বণ্টন : রিকি ম্বে নন্ট উঘঅ প্রযুক্তির ৮টি ধাপ ে লখার জন্য ২.৫ নম্ব র । [বি: দ্র: ে কান ১টি ধাপ না লিখলে বা ভুল লিখলে ০.২৫ নম্ব র কর্তন করা হবে । ধাপ গুে লা অবশ্যই ধারাবাহিকভাবে উল্লেখ করতে হবে । ]
901511162623,1721470,Biology,other,other/901511162623.jpg,1/2,,ৈ বÁানিক নাম লিখ : ( র ) কবুতর (রর) ে গালক … মি (ররর) গিনিপিগ (রা) দে ায়েল (া) ে গাখরা সাপ,ৈ বÁানিক নাম নিম্নরূপ : ( র ) কবুতর - ঈড়ষ্সনধ ষরারধ (রর) ে গালক … মি - অংপধৎরং ষ্সনৎরপড়রফবং (ররর) গিনিপিগ - ঈধারধ ঢ়ড়ৎপবষষ্ং (রা) দে ায়েল - ঈড়ঢ়ংুপয্ং ংধ্ষধৎরং (া) ে গাখরা সাপ - ঘধলধ হধলধ,নম্বর বণ্টন: ৫টি বৈÁানিক নাম লেখার জন্য (০.৫ \(\times \) ৫) = ২.৫ নম্বর। [ বি.দ্রঃ বৈÁানিক নাম হাতে লিখলে নামে আন্ডার লাইন বাধ্যতামূলক। আন্ডারলাইন না করলে বা গণ ও প্রজাতির নামের মধ্যে যেকোন একটির বানান ভুল করলে বরাদ্দকৃত নম্বর কর্তন করা হবে।]
413009580656,1721470,Biology,other,other/413009580656.jpg,5/2,,সক্রিয় ও নি®িŒয় লবণ পরিশোষণের মধে ্য ৫টি পার্থক ্য লিখ ।,সক্রিয় ও নি®িŒয় লবণ পরিশোষণের ৫টি পার্থক ্য নিম্নরূপ : সক্রিয় পরিশোষণ → নি®িŒয় পরিশোষণ ( র ) এই পরিশোষণে শ্বসন হার বৃি দ্ধ পায় → এই পরিশোষণে শ্বসন হার স্ব াভাবিক থ াকে । (রর) এই পরিশোষণে আয়ন বাহকের দ রকার হয় → এই পরিশোষণে আয়ন বাহকের দ রকার হয় না । (ররর) সক্রিয় ে শাষণে এনজাইম গু রুতaপূণ ভূমিকা রাখে → এখানে এনজাইমের ে কানো ভূমিকা ে নই । (রা) বিপাকীয় শক্তির প্রত্যক্ষ প্রয়োগে সক্রিয় পরিশোষণ ঘটে → বিপাকীয় শক্তির প্রত্যক্ষ প্রয়োজন পড়ে না । (া) ক্যাটায়ন ও অ ্যানায়নের ে শাষণ একই সাথে ঘটে → ক্যাটায়ন ও অ ্যানায়ন একই সাথে ে শাষিত হয় না ।,নম্ব র বণ্টন : সক্রিয় ও নি®িŒয় লবণ পরিশোষণের মধে ্য ৫টি পার্থক ্য ে লখার জন্য (০.৫ \(\times \) ৫) = ২.৫ নম্বর।
267410433906,1721470,Bangla,other,other/267410433906.jpg,,,"নিচের শã গুে লার সঠিক উচ্চারণ ে লখ : আবৃত্তি , নক্ষত্র , চর্যাপ দ, প্রÁা , অধ্যক্ষ",সঠিক উচ্চারণ নির্ণয়ঃ আবৃত্তি - আবৃত&তি নক্ষত্র - ে নাক &ে খাত &ে ত্রা চর্যাপ দ- ে চার&জাপ দ& প্রÁা - ে প্রাগ&গ্া অধ্যক্ষ - ওদ&ে ধাক &ে খা,নম্ব র বণ্টনঃ চিহ্নিত শãসম ূে হর সঠিক উচ্চারণ ে লখার জন্য (০.৫ \(\times \) ৫) = ২.৫ নম্বর। [ বি.দ ্রঃ বানান ভুলে বরাদ্দক …ত নম্ব র কাটা যাবে । ]
621290130824,1721470,Bangla,other,other/621290130824.jpg,,,"উদাহরণসহ সংÁা দ াও : সন্ধি , অপিনিহিতি , বচন ।","উদাহরণসহ সংÁাঃ সন্ধি : সন্ধি শãের অর্থ ÔমিলনÕ । ড. মুহম্মদ শহীদুল্লাহ&র মতে Ôবর্ণদ্বয়ের মিলনকে সন্ধি বলে।Õ অর্থ াৎ পাশাপাশি অবি স্থত দ ুটি বণ একটি বণে পরিণত হলে সন্ধি হয়। ে যমন : সম + সার = সংসার । অপিনিহিতি : শãের মধ্যি স্থত বা অন্তি স্থত ই- কার বা উ- কার ধŸনি থ াকলে এটিকে আগে থেকেই উচ্চারণ করার রীতিকে অপিনিহিতি বলে ।/ শãের মধে ্য ব্যÄনের সঙ্গে যুক্ত 'ই' বা 'উ' উচ্চারণের সময় স্বস্থ ানে উচ্চারিত না হয়ে অব্যবহিত পূবর্ে উচ্চারিত হওয়ার রীতিকে অপিনিহিতি বলে । ে যমন : আজি > আইজ , সাধু > সাউধ , রাখিয়া > রাইখ্যা , বাক ্য > বাইক ্য, সত ্য > সইত ্য, চারি > চাইর , মারি > মাইর ইত্যাি দ। বচন : বচন পারিভাষিক শãটির অর্থ Ôসংখ্যার ধারণাÕ । বিশেষ ্য বা সর্বনাম পদে র সংখ্যার ধারণা প্রকাশের উপায় বা সংখ্যাত্মক প্রকাশের ব্যাকরণ নি দর্ে শিত ে কৌশল বা উপায়কে বচন বলে । অথবা , বিশেষ ্য বা সর্বনাম পদ ে য ব ্যক্তি, ব স্তু বা প্রাণীর প্রতিনিধিত a করে বা নি দর্েশ করে ; ে সই ব্যক্তি, ব স্তু বা প্রাণীর সংখ্যা বা পরিমাণকে বচন বলা হয়। ে যমন : একটি পাখি , দ ুটি মানুষ , তিন ে কজি চাউল ইত্যাি দ।",নম্ব র বণ্টন : উদাহরণসহ ১ টি সংÁা ে লখার জন্য ০১ নম্ব র । উদাহরণসহ ২ টি সংÁা ে লখার জন্য ০২ নম্ব র । উদাহরণসহ ৩ টি সংÁা ে লখার জন্য ২.৫ নম্ব র ।
919273509886,1721470,Bangla,other,other/919273509886.jpg,,,অর্থ গতভাবে বাংলা ভাষার শãসমূহকে কয় ভাগে ভাগ করা যায় ? সংÁাসহ উদাহরণ ে লখ ।,"অর্থ গতভাবে শãকে তিন ভাগে ভাগ করা যায় । যথা : (ক) ে যৌগিক শã : ে যসব শãের বু্যৎপত্তিগত অর্থ ও ব্যাবহারিক অর্থ একই রকম ে সসব শãকে ে যৌগিক শã বলে । অথবা ে যসব শãের অর্থ তা দে র প্রক … তি ও প্রত ্যয়ের অর্থ অনুযায়ী হয়ে থ াকে তা দে র ে যৌগিক শã বলে । ে যমন - পড়–য়া = \(√\) পড় + উয়া। এখানে পড় ধাতু এবং উয়া-প্রত্যয়ের বু্যৎপত্তিগত অর্থ যে পড়ে। মিতালি , গায়ক ইত্যাি দ। (খ) রূঢ় বা রূঢ়ি শã : ে যসব শã গঠনের উপাদান অর্থ াৎ প্রক … তি-প্রত্যয় অনুসারে অর্থ প্রকাশ না করে অন্য ে কানো অর্থ প্রকাশ করে ে সসব শãকে রূঢ় বা রূঢ়ি শã বলে । ে যমন - ' সন্েদশ ' শãটির প্রক … তি-প্রত্যয় (সম& + দেশ) অনুসারে অর্থ হলো সংবা দ। কিন্ তু সন্েদশ বলতে আমরা বুঝি এক ধরনের মিষ্টি । হস্তী , ব্াশি , ৈ তল , প্রবীণ ইত্যাি দ। (গ) ে যাগরূঢ় শã : সমাস নি®পন্ন ে যসব শã , সমস্যমান পদসম ূে হর অথর্ে র অনুগামী না হয়ে অন্য এক বিশেষ অথর্ে ব্যবহৃত হয় ে সসব শãকে ে যাগরূঢ় শã বলে । যেমন-পঙ্কজ-যা পঙ্কে বা কাদায় জনে ্ম। রাজপুত , মহাযাত্রা , জলধি ইত্যাি দ।",নম্ব র বণ্টনঃ তিন ভাগে ভাগ করা যায় ে লখার জন্য ০.৫ নম্ব র । তিনটি সংÁা ে লখার জন্য (০১ \(\times \) ৩) = ০৩ নম্ব র । তিন প্রকারের উদাহরণ ে লখার জন্য (০.৫ \(\times \) ৩) = ১.৫ নম্ব র ।
175959327933,1721470,English,other,other/175959327933.jpg,,"Make meaningful sentences with the following words: Articulate, Transcend, Ambiguous, Formidable, Magnanimous",,"Articulate - The professor was able to articulate complex theories in a way that students could easily understand. Transcend - True leadership transcends titles and positions; it inspires people at every level. Ambiguous - The politician's speech was deliberately ambiguous to avoid direct criticism. Formidable - Climbing Mount Everest is a formidable challenge even for seasoned climbers. Magnanimous - Despite the harsh criticism, he remained magnanimous and thanked everyone for their feedback. Mark Distribution: For making meaningful sentences with the given words, (0.5×5) =2.5 marks.",
626333847650,1721470,English,other,other/626333847650.jpg,,Write a paragraph in approximately 100 words analyzing how digital communication is changing the way people connect and interact. Focus on both positive and negative effects with an academic tone and paragraph structure.,,"Digital Communication and the Transformation of Human Interaction Digital communication has fundamentally altered human interaction, producing both empowering and troubling consequences. While it enables unprecedented global connectivity and rapid information exchange, it often reduces communication to superficial exchanges, undermining deeper, empathetic understanding. The ease of online interaction can foster isolation, as people increasingly prefer virtual contacts over face-to-face relationships, weakening social skills and emotional intelligence. Additionally, digital platforms can amplify misinformation, echo chambers, and cyberbullying, eroding public trust and social cohesion. Therefore, despite its benefits, digital communication demands critical scrutiny to address its profound impact on the quality and authenticity of human connections. Mark Distribution: For writing title like, “ Digital Communication and the Transformation of Human Interaction ” ; 0.5 mark. For writing introductory sentence like, Digital communication has fundamentally altered human interaction, producing both empowering and troubling consequences; 01 mark. For writing positive effects like, the ease of online interaction can foster isolation, as people increasingly prefer virtual contacts over face-to-face relationships, weakening social skills and emotional intelligence; 1.5 marks. For writing negative effects like, digital platforms can amplify misinformation, echo chambers, and cyberbullying, eroding public trust and social cohesion; 1.5 marks. For writing conclusion such as , despite its benefits, digital communication demands critical scrutiny to address its profound impact on the quality and authenticity of human connections; 0.5 mark.",
267270135286,1721470,English,other,other/267270135286.jpg,,"Read the following extract and answer questions that follow: ""Success is counted sweetest By those who ne’er succeed. To comprehend a nectar Requires sorest need. Not one of all the purple Host Who took the Flag today Can tell the definition So clear of Victory…"" – Emily Dickinson (a) Who values success most according to the poet? ‎(b) What do the words ‘nectar’ and ‘sorest need’ symbolize?",,"(a) According to the poet, those who never succeed understand success the best. Their deep desire and longing help them feel its true value. ‎(b) ‘Nectar’ symbolizes success or reward, while ‘sorest need’ stands for great desire or suffering. Together, they show that success feels most precious to those who need it the most. ‎ Mark Distribution: For writing, According to the poet, those who never succeed understand success the best. Their deep desire and longing help them feel its true value; 01 mark. For writing, ‘‘Nectar’ symbolizes success or reward, while ‘sorest need’ stands for great desire or suffering. Together, they show that success feels most precious to those who need it the most . ; 1.5 marks. [ N.B: 0.5 mark will be deducted for two grammar or spelling mistakes, 01 mark for three or more grammar or spelling mistakes.]",
321887054967,1721470,Biology,other,other/321887054967.jpg,5/2,,অ্যানজাইনা কাকে বলে? উচ্চ রক্তচাপজনিত হৃদযন্ে¿র ৩টি রোগ উল্লেখ কর।,অ্যানজাইনা: হৃদপেশি যখন \({O}_{2}\) সমৃদ্ধ পর্যা্ রক্ত সরবরাহ পায় না তখন বুক নি®েপষিত হচ্েছ বা দম বন্ধ হয়ে আসছে এমন মারাত্মক অস্বস্িত অনুভূত হলে সে ধরনের বুক ব্যথাকে অ্যানজাইনা বা অ্যানজাইনা পেকটোরিস বলে। অ্যানজাইনাকে সাধারণত হার্ট অ্যাটাকের পূর্বাবস্থা মনে করা হয়। হৃদযন্ে¿র জটিলতা: উচ্চ রক্তচাপের কারণে হৃৎপিণ্ডে জটিলতার সৃষ্টি হয়। তাদের নাম করোনারি হার্ট ডিজিজ বা ইস্ে‹মিক হার্ট ডিজিজ ( রংপযধবসরপ যবধৎঃ ফরংবধংব )। তিনটি রোগ এর আওতাভুক্ত। যথা : ( র ) এনজাইনা পেকটোরিস ( ধহমরহধ ঢ়বপঃড়ৎরং ) ( রর ) মায়োকাডর্িয়াল ইনফার্কশন ( সুড়পধৎফরধষ রহভধৎপঃরড়হ ) / হার্ট অ্যাটার্ক ( ররর ) হার্ট ফেইলিউর ( ঐবধৎঃ ভধরষ্ৎব ),নম্বর বণ্টন: অ্যানজাইনা এর সংÁা লিখলে ০১ নম্বর। উচ্চ রক্তচাপজনিত হৃদযন্ে¿র ৩টি রোগের নাম লিখলে (০.৫ \(\times \) ৩) = ১.৫ নম্বর।
618445189310,1721470,Biology,other,other/618445189310.jpg,5/2,,পুÄাক্ষির গঠন ও কাজের একক কী? পুÄাক্ষি ও ওসেলির/ সরলাক্ষির অবস্থান ও সংখ্যা উল্লেখ কর।,"পুÄাক্ষির গঠন ও কাজের একক ওমাটিডিয়াম/ ওমাটিডিয়া। অসংখ্য ওমাটিডিয়ার ( ঙসসধঃরফরধ ) সমন্বয়ে একেকটি পুÄাক্ষি গঠিত হয়। পুÄাক্ষিঃ অবস্থান: মস্তকের, ১ম খণ্ডকে। সংখ্যা: এক জোড়া। ওসেলি/ সরলাক্ষিঃ অবস্থান: দুটি পুÄাক্ষির মাঝখানে। সংখ্যা: তিনটি।",নম্বর বণ্টন: ওমাটিডিয়াম/ওমাটিডিয়া লিখলে ০.৫ নম্বর। পুÄাক্ষির অবস্থান ও সংখ্যা লিখলে (০.৫ \(\times \) ২) = ০১ নম্বর। ওসেলির/ সরলাক্ষির অবস্থান ও সংখ্যা লিখলে (০.৫ \(\times \) ২) = ০১ নম্বর।
745689380091,1721470,Biology,other,other/745689380091.jpg,5/2,,জিন কাকে বলে? ট্রাÝক্রিপশন প্রক্রিয়ার জন্য প্রয়োজনীয় উপাদানসমূহ উল্লেখ কর।,"জিন হলো ক্রোমোসোমের লোকাসে অবস্িথত উঘঅ অণুর সুনিদর্িষ্ট সিকোয়েÝ যা জীবের একটি নিদর্িষ্ট কার্যকর সংকেত আবদ্ধ ( বহপড়ফব) করে এবং প্রোটিন হিসেবে আত্মপ্রকাশ করে বৈশিষ্টের বিকাশ ঘটায়। অথবা, জীবের চারিত্রিক বৈশিষ্ট্য নিয়ন্¿ণকারী ক্ষুদ্রতম একককে জিন বলা হয়। অথবা, উঘঅ অণুর নূন্যতম যে অংশটুকু একটি পলিপেপটাইড উৎপাদনের সংকেত বহন করে, তাকে জিন বলে। ট্রাÝক্রিপশন প্রক্রিয়ার জন্য যেসব উপাদান প্রয়োজন: (র ) উঘঅ ছ্াচ (ঃবসঢ়ষধঃব) (রর ) জঘঅ- পলিমারেজ এনজাইম যা তিন প্রকার হতে পারে। (ররর ) মুক্ত রাইবোনিউক্লিওটাইড ট্রাইফসফেট ( অঞচ, এঞচ, ঈঞচ এবং টঞচ ) (রা ) রাসায়নিক শক্তি, ট্রাইফসফেট ভেঙ্গে নিউক্লিওটাইড এবং পাইরোফসফেট সৃষ্টিকালে মুক্ত হয়। পাইরোফসফেট ভেঙ্গে দুই আয়ন ফসফেট তৈরি কালেও কিছু অতিরিক্ত শক্তি পাওয়া যায়। (া) কিছু সহযোগী প্রোটিন।",নম্বর বণ্টন: জিন এর সংÁা লিখলে ০.৫ নম্বর। ৪টি উপাদান লিখলে (০.৫ \(\times \) ৪) = ০২ নম্বর।
894235977578,1721470,Biology,other,other/894235977578.jpg,2/2,,গ্াজন কাকে বলে? ফটোফসফোরাইলেশন ও অক্সিডেটিভ ফসফোরাইলেশনের মধ্যে ৩টি পার্থক্য লিখ।,"গ্াজন: কোষের বাইরে অক্সিজেনের অনুপস্িথতিতে জাইমেজ এনজাইমের উপস্িথতিতে গ্লুকোজ অণু অসম্পূর্ণভাবে জারিত হয়ে ইথানল (অ্যালকোহল) বা ল্যাকটিক অ্যাসিড সৃষ্টি ও অল্প পরিমাণ শক্তি উৎপাদন প্রক্রিয়াকে ফামর্েন্েটশন বা গ্াজন বলে। অথবা, ে য প্রক্রিয়ায় অক্সিজেন ব্যবহার না করে কোষের বাইরে শর্করা জাতীয় পদার্থকে অসম্পূর্ণভাবে জারিত করে অ্যালকোহল বা জৈব এসিড তৈরি হয় তাকে ফামর্েন্েটশন বা গ্াজন বলে। ফটোফসফোরাইলেশন ও অক্সিডেটিভ ফসফোরাইলেশনের মধ্যে পার্থক্য: ১. কোনো প্রক্রিয়ায় ঘটে → সালোকসংশ্লেষণ প্রক্রিয়ায় বিদ্যমান। → সবাত শ্বসন প্রক্রিয়ায় বিদ্যমান। ২. কোন ক্ষুদ্রাঙ্গে ঘটে → ক্লোরোপ্লাস্টের থাইলাকয়েড মেমব্রেনে ঘটে। → মাইটোকন্ড্রিয়ার ক্রিস্টিতে ঘটে। ৩. আণবিক \({O}_{2}\) -এর প্রয়োজনীয়তা → আণবিক \({O}_{2}\) -এর প্রয়োজন হয় না। → আণবিক \({O}_{2}\) -এর প্রয়োজন হয়। ৪. ফটোসিস্টেম → ফটোসিস্টেম জড়িত। → ফটোসিস্টেম জড়িত নয়। ৫. শক্তির উৎস → শক্তির মূল উৎস সূর্যালোক। → ইলেকট্রন পরিবহণের সময় জারণ-বিজারণের ফলে শক্তি মুক্ত হয় এবং তা দিয়ে অঞচ তৈরি হয়।",নম্বর বণ্টন: গ্াজনের সংÁা লেখার জন্য ০১ নম্বর। ফটোফসফোরাইলেশন ও অক্সিডেটিভ ফসফোরাইলেশনের মধ্যে ৩টি পার্থক্য লেখার জন্য (০.৫ \(\times \) ৩) = ১.৫ নম্বর।
695530849669,1721470,Bangla,other,other/695530849669.jpg,,,"নিচের শã গুলোর প্রমিত বানানরূপ লেখ: শিরোচ্েছদ, শান্তনা, পিপিলীকা, কথপোকথন, মরিচিকা",প্রমিত বানানরূপঃ শিরোচ্েছদ-শিরñেদ শান্তনা-সান্তaনা পিপিলীকা-পিপীলিকা কথপোকথন-কথোপকথন মরিচিকা-মরীচিকা,নম্বর বণ্টন: শã গুলোর প্রমিত বানানরূপ লেখার করার জন্য (০.৫ \(\times \) ৫) = ২.৫ নম্বর।
409687897136,1721470,Bangla,other,other/409687897136.jpg,,,"সারমর্ম লেখ: অ™্ভুত অ্াধার এক এসেছে এ পৃথিবীতে আজ, যারা অন্ধ সবচেয়ে বেশি আজ চোখে দ্যাখে তারা; যাদের হৃদয়ে কোনো প্রেম নেই- প্রীতি নেই- করুণার আলোড়ন নেই পৃথিবী অচল আজ তাদের সুপরামর্শ ছাড়া। যাদের গভীর আস্থা আছে আজো মানুষের প্রতি এখনো যাদের কাছে স্বাভাবিক মনে হয় মহৎ সত্য বা রীতি, কিংবা শিল্প অথবা সাধনা শকুন ও শেয়ালের খাদ্য আজ তাদের হৃদয়।","সারমর্ম: অযোগ্য, অর্বাচীন আর অত্যাচারীরাই পৃথিবী পরিচালনা করছে দোর্দণ্ড প্রতাপে। অথচ আজ যারা মানবীয় গুণে গুণান্বিত, শিল্প-সাহিত্যের সাধনা করে, তাদের কোনো মর্যাদা নেই। তাদের সমস্ত চিন্তা-চেতনাকে আজ চরম অবÁা করা হচ্েছ।","নম্বর বণ্টন: অযোগ্য, অর্বাচীন আর অত্যাচারীরাই পৃথিবী পরিচালনা করছে দোর্দণ্ড প্রতাপে - নির্ধারিত অংশে লেখার ভাব ঠিকমতো বোঝাতে পারলে ০১ নম্বর। অথচ আজ যারা মানবীয় গুণে গুণান্বিত, শিল্প-সাহিত্যের সাধনা করে, তাদের কোনো মর্যাদা নেই - নির্ধারিত অংশে লেখার ভাব ঠিকমতো বোঝাতে পারলে ০১ নম্বর। তাদের সমস্ত চিন্তা-চেতনাকে আজ চরম অবÁা করা হচ্েছ - নির্ধারিত অংশে লেখার ভাব ঠিকমতো বোঝাতে পারলে ০.৫ নম্বর। [বিঃ দ্রঃ চার বাক্যের বেশি লিখলে ৫০% নম্বর পাবে।]"
868526713453,1721470,Bangla,other,other/868526713453.jpg,,,ভাব-সম্প্রসারণ কর: স্বদেশের উপকারে নাই যার মন কে বলে মানুষ তারে? পশু সেই জন।,"ভাব-সম্প্রসারণ: দেশপ্রেমহীন ব্যক্তিকে মানুষ বলা যায় না, তারা পশুর চেয়েও নিক…ষ্ট। পবিত্র হাদিসে আছে, Ôদেশপ্রেম ইমানের অঙ্গÕ। মানবজীবনে-শ্রেষ্ঠতম কর্তব্য এই দেশপ্রেম। যে যে দেশে জন্মগ্রহণ করে, সে সেই দেশকে মায়ের মতো ভালোবাসে, আর এই ভালোবাসা প্রকাশ পায় মাত…ভূমির কল্যাণ কামনায়। নিজের জন্মভূমিকে যারা ভালোবাসে না, তারা নরাধম, তাদের তুলনা চলে কেবল পশুর সঙ্গে। দেশপ্রেম বজর্িত এসব মানুষ নামধারী ব্যক্তি পশুর সমতুল্যই বটে। মানুষ নিজের মাত…ভূমিকে অন্য যে কোনো দেশের চেয়ে প্রিয় ও শ্রেষ্ঠ বিবেচনা করে। তাই সে মাত…ভূমির জন্য জীবন দিতেও কুÉাবোধ করে না। নিজের দেশ ছেড়ে মানুষ অন্য কোথাও বসবাস করতে চায় না। কখনো বিদেশে গেলে স্বদেশের জন্য তার মন ক্াদে। প্রাণের চেয়েও প্রিয় যে জন্মভূমি তার উন্নতি ও কল্যাণের জন্য মানুষ সর্বদা কাজ করে যাবে- এটিই স্বাভাবিক। দেশপ্রেমিক মানুষের প্রধান কাজ নিজের কল্যাণের পাশাপাশি দেশ ও জাতির কল্যাণে নিজেকে নিয়োজিত রাখা। ত্ারা দেশ ও জাতির মঙ্গলের জন্য নিজের জীবন উৎসর্গ করতেও প্রস্তুত থাকেন। দেশের কল্যাণের জন্য ত্ারা নিবেদিত প্রাণ। মানুষের এই দেশপ্রেমের বৈশিষ্ট্য যার মধ্যে থাকে না, তাকে প্রক…ত মানুষ বলা যায় না। দেশ প্রেমহীন মানুষ পশুর মতো বিবেকহীন। তাই তাকে পশুর সঙ্গে তুলনা করা চলে। দেশপ্রেমিক ব্যক্তিরা মহান। তারা দেশের প্রতি, দেশের মানুষের প্রতি মমতার বন্ধনে আবদ্ধ থাকেন। স্বদেশপ্রেমের বশবতর্ী হয়ে দেশ ও জাতির কল্যাণের জন্য নিজের স্বার্থকে জলাÄলি দিতে তারা কখনো পিছপা হন না।","নম্বর বণ্টন: দেশপ্রেমহীন ব্যক্তিকে মানুষ বলা যায় না, তারা পশুর চেয়েও নিক…ষ্ট - নির্ধারিত অংশে লেখার ভাব ঠিকমতো বোঝাতে পারলে ০.৫ নম্বর। মানবজীবনে-শ্রেষ্ঠতম কর্তব্য এই দেশপ্রেম। যে যে দেশে জন্মগ্রহণ করে, সে সেই দেশকে মায়ের মতো ভালোবাসে, আর এই ভালোবাসা প্রকাশ পায় মাত…ভূমির কল্যাণ কামনায় - নির্ধারিত অংশে লেখার ভাব ঠিকমতো বোঝাতে পারলে ০১ নম্বর। নিজের জন্মভূমিকে যারা ভালোবাসে না, তারা নরাধম, তাদের তুলনা চলে কেবল পশুর সঙ্গে। দেশপ্রেম বজর্িত এসব মানুষ নামধারী ব্যক্তি পশুর সমতুল্যই বটে - নির্ধারিত অংশে লেখার ভাব ঠিকমতো বোঝাতে পারলে ০১ নম্বর। জন্মভূমি তার উন্নতি ও কল্যাণের জন্য মানুষ সর্বদা কাজ করে যাবে- এটিই স্বাভাবিক - নির্ধারিত অংশে লেখার ভাব ঠিকমতো বোঝাতে পারলে ০.৫ নম্বর। দেশপ্রেমিক মানুষের প্রধান কাজ নিজের কল্যাণের পাশাপাশি দেশ ও জাতির কল্যাণে নিজেকে নিয়োজিত রাখা। ত্ারা দেশ ও জাতির মঙ্গলের জন্য নিজের জীবন উৎসর্গ করতেও প্রস্তুত থাকেন - নির্ধারিত অংশে লেখার ভাব ঠিকমতো বোঝাতে পারলে ০১ নম্বর। দেশপ্রেমিক ব্যক্তিরা মহান। স্বদেশপ্রেমের বশবতর্ী হয়ে দেশ ও জাতির কল্যাণের জন্য নিজের স্বার্থকে জলাÄলি দিতে তারা কখনো পিছপা হন না - নির্ধারিত অংশে লেখার ভাব ঠিকমতো বোঝাতে পারলে ০১ নম্বর। [বিঃ দ্রঃ দুইটি বানান ভুল করলে ০.৫ নম্বর, তিন বা ততোধিক বানান ভুল করলে ০১ নম্বর কাটা যাবে, তবে নির্ধারিত অংশে লেখার ভাব ঠিকমতো বোঝাতে না পারলে বরাদ্দক…ত নম্বর কাটা যাবে।]"
599527796836,1721470,English,other,other/599527796836.jpg,,"Write a well organised paragraph on ‘The Value of Time’ in the space provided, considering the element of a paragraph, such as topic sentence, supporting detail sentences and conclusion.",,"‘The Value of Time’ Time is one of the most precious resources in our lives, and once lost, it can never be regained. It waits for no one and moves forward constantly, making it essential to use every moment wisely. People who understand the value of time tend to lead more disciplined, productive, and successful lives. Time management helps us set priorities, meet deadlines, and reduce stress. Wasting time, on the other hand, leads to missed opportunities and regret. Whether in studies, work, or personal growth, using time effectively brings long-term benefits. Therefore, we must respect time and make the best use of it to build a brighter future. Marks Distribution: For writing Title, ‘The Value of Time’; 0.5 mark. For writing topic sentence such as, People who understand the value of time tend to lead more disciplined, productive, and successful lives. Time management helps us set priorities, meet deadlines, and reduce stress. 1.5 marks. For writing supporting detail sentences such as, Time management helps us set priorities, meet deadlines, and reduce stress. Wasting time, on the other hand, leads to missed opportunities and regret. Whether in studies, work, or personal growth, using time effectively brings long-term benefits. 1.5 marks. For writing conclusion such as, whether in studies, work, or personal growth, using time effectively brings long-term benefits. Therefore, we must respect time and make the best use of it to build a brighter future; 1.5 marks. [ Instructions: * Students must write it within one single para. If it becomes more than one para , 50% marks have to be deducted from the obtained marks. * 0.5 mark will be deducted for one or two grammar or spelling mistakes , 01 mark for three or more grammar or spelling mistakes .]",
979630435902,1721470,English,other,other/979630435902.jpg,,"Fill in the blanks with suitable words from the list below: (List: attentive, stress, creative, harmony, support, respectful)‎ In order to build a positive and effective learning environment, both students and teachers must fulfill their roles with dedication. A good student should always be (a) ______ during lessons, actively listening and engaging with the content, while also being (b) _____ toward teachers and classmates to maintain a polite and inclusive atmosphere. On the other hand, teachers should offer emotional and academic (c) ______ to students who may be experiencing (d) ______ due to pressure or workload. They must also promote a classroom environment filled with harmony and understanding, where (e) ______ thinking is encouraged and celebrated as a part of learning.",,(a) attentive (b) respectful (c) support (d) stress (e) creative Mark Distribution: For filling the blanks with suitable words; (0.5×5) =2.5 marks.,
237336347153,1721470,English,other,other/237336347153.jpg,,"Make meaningful sentences with the following words: Euphoria, Reluctant, Mitigate, Omnipresent, Proactive",,"Euphoria – The entire stadium erupted in euphoria after the team’s last-minute victory. Reluctant – She was reluctant to speak in front of the large crowd. Mitigate – Proper planning can help mitigate the risks of failure. Omnipresent – In the digital age, social media has become almost omnipresent in our lives. Proactive - He played a very proactive role in implementing the project. Mark Distribution: For making meaningful sentence with the following words (0.5×5) =2.5 marks. [ N.B: Any sentence that is meaningful and correct will get allocated marks]",
246216617197,1721470,Biology,other,other/246216617197.jpg,5/2,,"হিমোফিলিয়া ে রাগের বাহক মাতা ও স্ব াভাবিক পিতার হিমোফিলিক পুত্র জন্ম ে নবার সম্ভ াবনা ২৫ %, ে চকার ে বাডর্ের মাধ ্যমে দে খাও ।",\(∴\) হিমোফিলিক পুত্র জন্ম নেবার সম্ভাবনা ২৫ %।,নম্ব র বণ্টন : ে চকার ে বাডর্ের মাধ ্যমে দে খানোর জন্য ২.৫ নম্ব র । [বি. দ্র: ে যকোনো ১টি অংশ না লিখলে বা ভুল লিখলে ০.৫ নম্ব র কাটা যাবে । ]
330554413803,1721470,Biology,other,other/330554413803.jpg,5/2,,অপঃরহড়ঢ়ঃবৎুমরর ও ঝধৎপড়ঢ়ঃবৎুমরর ে শ্রণির মধে ্য ৫টি তুলনা কর ।,"তুলনীয় বিষয় → অপঃরহড়ঢ়ঃবৎুমরর → ঝধৎপড়ঢ়ঃবৎুমরর ১. আ্ইশ → সাইক ্লে য়ড বা টিনয়েড বা গ্যানয়েড → গ্যানয়েড বা কসময়েড । ২. অন্তঃকঙ্কাল → অস্িথ ময় → অস্িথ ময় । ৩. ফুলকারন্ধ ্র → মাথার দ ুÕপাশে একটি করে ; কানকো দিয়ে আবৃত । → মাথার দ ুÕপাশে একটি করে ; কানকো দিয়ে আবৃত । ৪. পুচ্ছ পাখনা → ে হামোসার্কাল → ডাইফাইসার্কাল । ৫. বায়ুথলি → দে হকে পানিতে ে ভসে থ াকতে সাহায ্য করে → দে হকে পানিতে ে ভসে থ াকতে সাহায ্য করে । ৬. পাখনা → দেে হর সকল পাখনা লম্বা তaকীয় রশি ্ম দ্বারা সমি র্থত → এদে র দেে হর মাংসল খণ্ডক বিশিষ্ট যুগ ্ম পাখনা বিদ্য মান যেগুে লা একটি অস্িথ দিয়ে দেে হর সাথে যুক্ত থ াকে । ৭. নিষেক → একলিঙ্গ প্রাণী ; বহি:নি ষেক ঘটে, পরিùুটন পরোক্ষ বা প্রত্যক্ষ → একলিঙ্গ প্রাণী ; বহি:নি ষেক বা অন্ত:নি ষেক ঘটে।",নম্ব র বণ্টন : অপঃরহড়ঢ়ঃবৎুমরর ও ঝধৎপড়ঢ়ঃবৎুমরর ে শ্রণির মধে ্য ৫টি তুলনা ে লখলে (০.৫ দ্ধ ৫) = ২.৫ নম্ব র ।
319564135948,1721470,Biology,other,other/319564135948.jpg,5/2,,টিসু ্য কালচার পদ্ধতির ধাপসমূহ উল্লেখ কর।,টিসু ্য কালচারের ধাপ সমূহ : ( র ) মাত … উি ™্ভদ বা এক্সপ্লান্ট নির্বাচন (রর) কালচার মিডিয়াম বা আবা দ মাধ্যম তৈরি (ররর) জীবাণুমুক্তকরণ বা নিবর্ীজকরণ (রা) মিডিয়ামে এক্সপ্লান্ট বা টিসু ্য স্থ াপন (া) ক্যালাস সৃষ্টি ও সংখ্যাবৃি দ্ধ (ার) মূল উৎপাদক মাধ ্যমে স্থ ানান্তর ও চারা উৎপাদন (ারর) চারা টবে স্থ ানান্তর (াররর) প্রাক … তিক পরিবেশ তথা মাঠ পর্যায়ে স্থ ানান্তর,নম্ব র বণ্টন : টিসু ্য কালচার পদ্ধতির ৮টি ধাপ ে লখার জন্য ২.৫ নম্ব র । [বি: দ্র: ে কান ১টি ধাপ না লিখলে বা ভুল লিখলে ০.২৫ নম্ব র কর্তন করা হবে । ধাপ গুে লা অবশ্যই ধারাবাহিকভাবে উল্লেখ করতে হবে । ]
942889830864,1721470,Biology,other,other/942889830864.jpg,2/2,,ওমাটিডিয়াম ক ী ? একটি আদশ ওমাটিডিয়ামের গঠন লিখ ।,ওমাটিডিয়াম : ওমাটিডিয়াম ( একবচনে ) একেকটি দ র্শন একক হিসেবে কাজ করে । একটি আদশ ওমাটিডিয়ামের গঠন : ১। কনর্িয়া ( ঈড়ৎহবধ) । ২। কনর্িয়াজেন ে কাষ ( ঈড়ৎহবধমবহ পবষষ) । ৩। ক্রিস্ট ালাইন ে কাণ ে কাষ ( ঈৎুংঃধষষরহব পড়হব পবষষ) । ৪। ক্রিস্ট ালাইন ে কাণ ( ঈৎুংঃধষষরহব পড়হব) । ৫। আইরিশ রÄক আবরণ ( ওৎরং ঢ়রমসবহঃ ংযবধঃয) । ৬। ে রটিনুলার ে কাষ ( জবঃরহ্ষধৎ পবষষ) । ৭। র্যাবডোম ( জযধনফড়সব ) । ৮। ে রটিনাল রÄক আবরণ ( জবঃরহধষ ঢ়রমসবহঃ ংযবধঃয) । ৯। ভিত্তিপ র্দা ( ইধংধষ সবসনৎধহব) । ১০। স্ ্নায়ুতন্ তু ( ঘবৎাব ভরনৎব ) ।,নম্ব র বণ্টন : দ র্শন একক হিসেবে কাজ করে ে লখার জন্য ০.৫ নম্ব র । একটি আদশ ওমাটিডিয়ামের ৮টি গঠন ে লখার জন্য (০.২৫ \(\times \) ৮) = ০২ নম্ব র ।
189506906847,1721470,Biology,other,other/189506906847.jpg,5/2,,রক্ত তআন কাকে বলে ? রক্ত তআনের অতি গুরুতaপূণ চারটি ফ্যা ±রের নাম লিখ ।,"রক্ত তআন : যে জটিল জৈব রাসায়নিক প্রক্রিয়ায় ফাইব্রিন জালক সৃষ্টির মাধ ্যমে ক্ষত স্থ ানে রক্তকে থকথকে পিণ্ডে পরিণত করে সে প্রক্রিয়াকে রক্তের জমাট ব্াধা বা রক্ত তআন বলে । অথবা , ে য প্রক্রিয়ায় কেটে যাওয়া স্থ ানে বা ক্ষত স্থ ানের রক্ত জমাট ে ব্ধে দেহ হতে অবাআিত রক্তপাত বন্ধ হয় তাকে রক্ততআন বলে । রক্ত তআনের অতিগুরুতaপূণ চারটি ফ্যা ±রের নাম : ( র ) ফাইবি ্রে নাজেন (রর) ে প্রা থ্রম্বিন (ররর) থ্রম্বে াপ্লাস্টিন ও \(C{a}^{2+}\)",নম্ব র বণ্টন : রক্ত তআনের সংÁা ে লখার জন্য ০ .৫ নম্ব র । ৪টি ফ্যা ±রের নাম ে লখার জন্য (০.৫ \(\times \) ৪) = ০২ নম্ব র ।
173972089106,1721470,Biology,other,other/173972089106.jpg,5/2,,কায়াজমা ও সিন্যাপসিস বলতে ক ী বুঝ ? প্রোফেজ- ১ ধাপের উপ-পর্যায়গুে লার নাম লিখ ।,কায়াজমা : দ ুটি নন-সিস্টার ক্রে ামাটিডের তুঢথ আক … তির বা ক্রস চিহ্নের মতো ে জাড়া স্থ লকে একবচনে কায়াজমা এবং বহুবচনে কায়াজমাটা বলে । সিন্যাপসিস : দ ুটি ে হামোলোগাস ( সমসং স্থ) ক্রে ামোসোমের মধে ্য ে জাড়া সৃষ্টি হওয়াকে সিন্যাপসিস বলে । প্রোফেজ- ১ ধাপের উপ-পর্যায়: ে লÞোটিন জাইগোটিন প্যাকাইটিন ডিপ্লোটিন ডায়াকাইনেসিস,নম্ব র বণ্টন : কায়াজমা ও সিন্যাপসিসের সংÁা ে লখার জন্য (০.৫+০.৫) = ০১ নম্ব র । প্রোফেজ- ১ ধাপের ৫টি উপ-পর্যায়ের নাম ে লখার জন্য ১.৫ নম্ব র । প্রোফেজ- ১ ধাপের ৩/৪টি উপ-পর্যায়ের নাম ে লখার জন্য ০১ নম্ব র । প্রোফেজ- ১ ধাপের ১/২টি উপ-পর্যায়ের নাম ে লখার জন্য ০.৫ নম্ব র ।
167933181061,1721470,Biology,other,other/167933181061.jpg,5/2,,ম্যালেরিয়া পরজীবীর ে হপাটিক ও এরি থ্রে াসাইটিক সাইজোগনির মধে ্য পা্চটি পার্থক ্য লিখ ।,"ম্যালেরিয়া পরজীবীর ে হপাটিক ও এরি থ্রে াসাইটিক সাইজোগনির মধে ্য পার্থক ্য নিম্নরূপ : ে হপাটিক সাইজোগনি : ( র ) মানুষের যক …তে সংগঠিত হয়। (রর) হিমোজয়েন উৎপন্ন হয় না । (ররর) ক্রিে Þাজয়েট , ক্রিে Þামেরোজয়েট , ে মটাি ক্রে Þামেরোজয়েট নামক ধাপসমূহ পাওয়া যায় । (রা) সাফনাস দ ানা দে খা যায় না । (া) জaর হয় না । এরি থ্রে াসাইটিক সাইজোগনিঃ ( র ) মানুষের ে লাহিত কণিকায় সংগঠিত হয়। (রর) হিমোজয়েন উৎপন্ন হয়। (ররর) ে ট্রাফোজয়েট , সিগনেট রিং, সাইজন্ট , ে মরোজয়েট নামক ধাপসমূহ পাওয়া যায় । (রা) সাইজ ন্েটর বাইরে সাফনাস দ ানা পাওয়া যায় । (া) কা্পুনিসহ জaর আসে ।",নম্ব র বণ্টন : ম্যালেরিয়া পরজীবীর ে হপাটিক ও এরি থ্রে াসাইটিক সাইজোগনির মধে ্য পা্চটি পার্থক ্য ে লখার জন্য ; (০.৫ \(\times \) ৫) = ২.৫ নম্বর।
857536204464,1721470,Biology,other,other/857536204464.jpg,2/2,,প্রক…তকোষী জীবে শ্বসনের বিভিন্ন ধাপ সংগঠিত হওয়ার স্থান লেখ।,প্রক…তকোষী জীবে শ্বসনের বিভিন্ন ধাপ সংগঠিত হওয়ার স্থান: ক. মাইটোকন্ড্রিয়নের বাইরে (সাইটোপ্লাজমে): ১. গ্লাইকোলাইসিস ২. ফামর্েন্েটশন খ. মাইটোকন্ড্রিয়নের ভেতরে ম্যাট্রিক্স-এ: ৩. পাইরুভিক অ্যাসিড অক্সিডেশন ৪. ক্রেব&&স চক্র গ. মাইটোকন্ড্রিয়নের ইনার মেমব্রেন-এ ৫. ইলে±্রন ট্রাÝপোর্ট চেইন।,"নম্বর বণ্টন: মাইটোকন্ড্রিয়নের বাইরে স্থান সাইটোপ্লাজম লেখলে ০১ নম্বর। মাইটোকন্ড্রিয়নের ভেতরে স্থান ম্যাট্রিক্স, ইনার মেমব্রেন লেখলে ১.৫ নম্বর।"
198674982032,1721470,Biology,other,other/198674982032.jpg,5/2,,ফুসফুসের কার্যকরী একক ক ী ? রক্তে অক্সিে জনের পরিবহন প্রক্রিয়া লিখ ।,"ফুসফুসের কার্যকরী একক: অ্যালভিওলাস ফুসফুসের কার্যকরী একক। রক্তে অক্সিজেন দ ুভাবে পরিবাহিত হয়-১. ে ভৌত দ্র বণরূপে ও ২. রাসায়নিক ে যৌগরূপে । ১. ে ভৌত দ্র বণরূপে : প্রতি ১০০ মি.লি . রক্তে ০.২ মি.লি . অক্সিজেন ে ভৌত দ্র বণরূপে পরিবাহিত হয়। তবে অং শের পরিমাণ খুব সামান ্য বলে তা টিসু ্যে কাষে অক্সিজেন সরবরাহ কাজে বিশেষ ভূমিকা পালন করে না । তবে অক্সিজেন ও হিমোগ্লোবিনের সংযোজন কাজে এর বিশেষ ভূমিকা রয়েছে । ২. রাসায়নিক ে যৌগরূপে : \({O}_{2}\) রক্তে প্রবেশের পর লোহিত কণিক ায় অবস্িথত হিমোগ্লোবিন-এর সাথে যুক্ত হয়ে অক্সি-হিমোগ্লোবিন গঠন করে। এটি এক ধরনের শিথিল রাসায়নিক যেৌগ, যা অক্সিজেনের চাপ কমে গেলে পুনরায় বিযুক্ত হয়। এ সংযোজন রক্তে অক্সিজেনের দ্রবীভূত অংশের চাপের উপর নির্ভরশীল। এ চাপ যত বাড়ে হিমোগ্লোবিন অক্সিজেনের সাথে তত বেশি সংযুক্ত হয়। \(H{b}_{4}+4{O}_{2}⇌4Hb{O}_{2}\) [ ঐন = হিমোগ্লোবিন ]",নম্ব র বণ্টন : অ্যালভিওলাস ে লখলে ০.৫ নম্ব র । ে ভৌত দ্র বণরূপে ব্যাখ্যার জন্য ০১ নম্ব র । ( কমপক্ষে ২টি তথ্য) রাসায়নিক ে যৌগরূপে ব্যাখ্যার জন্য ০১ নম্ব র । ( কমপক্ষে ২টি তথ্য)
904663885735,1721470,Biology,other,other/904663885735.jpg,5/2,,টিসু ্য কাকে বলে ? ভাজক টিসু্যর তিনটি কাজ লিখ ।,"টিসু ্য: একই উৎস থেকে সৃষ্ট , একই ধরনের কাজ সম্পন্নকারী সমধর্মী একটি অবিচ্িছন্ন ে কাষ গুচ্ছ কে বলা হয় টিসু ্য বা ে কাষকলা । ভাজক টিসু্যর কাজ : ( র ) শীষ স্থ ভাজক টিসু্যর ে কাষ বিভাজনের মাধ ্যমে উি ™্ভদ দৈঘ্যর্ে বৃি দ্ধ পায় । এতে ে ছাট গাছ ক্রমে উ্চু ও লম্বা হয়। (রর) পাশ্বর্ীয় ভাজক টিসু্যর ে কাষ বিভাজনের ফলে উি ™্ভদে র ব্যাস বৃি দ্ধ পায় । এতে সরু কাণ্ড ক্রমে ে মাটা হয়। (ররর) ভাজক টিসু ্য হতে স্থ ায়ী টিসু ্য সৃষ্টি হয়। ( রা ) ভাজক টিসু্যর ে কাষ বিভাজনের মাধ ্যমে ক্ষত স্থ ান পূরণ হয়। ( া ) এরা প্রয়োজনে অন্যান ্য টিসু ্যতে পরিণত হতে পারে ।",নম্ব র বণ্টন : টিসু্যর সংÁা ে লখার জন্য ০১ নম্ব র । ভাজক টিসু্যর তিনটি কাজ ে লখার জন্য (০.৫ \(\times \) ৩) = ১.৫ নম্বর।
677699408713,1721470,Bangla,other,other/677699408713.jpg,2/2,,তরুণাি স্থ র সংÁা লিখ । তরুণাি স্থ র প্রকারভে দ উদাহরণসহ লিখ ।,"তরুণাি স্থ: রক্তবাহিকাবিহীন, নমনীয় , মজবুত , অভঙ্গুর, স্িথ তি স্থ াপক গঠনবিশিষ্ট ে যাজক টিসু ্যকে তরুণাি স্থ বা কাটি ে লজ বলে । মাত … কা বা ম্যাটি ্রক্সে র গঠনের উপর ভিত্তি করে নিম্ন বণর্িত চার ধরনের তরুণাি স্থ পাওয়া যায় : ( র ) স্ ্বচ্ছ বা হায়ালিন তরুণাি স্ থ: পূর্ণাঙ্গ ে মরুদণ্ডী প্রাণীর অস্িথ সন্ধি স্থল, পশর্ুকার প্রান্তভাগ , নাসিকা , শ্বাসনালি , কর্ণকূহর ইত্যাি দ স্থ ানে এ ধরনের তরুণাি স্থ পাওয়া যায় । (রর ) স্িথ তি স্থ াপক বা পীত তন্তু ময় তরুণাি স্থ : বহি:কণ বা পিনা , ইউস্টে শিয়ান নালি , এপিগ্লটিস প্রভ … তি অং শে এ ধরনের তরুণাি স্থ পাওয়া যায় । (ররর ) ে শ্বত তন্তু ময় তরুণাি স্থ: দ ুটি কশেরুকার মধ্যবতী অআলে , অস্িথ র সাথে ে টনডন বা লিগামে ন্েটর সংযোগ স্থল প্রভ … তি স্থ ানে এ ধরনের তরুণাি স্থ পাওয়া যায় । (রা ) চুনময় বা ক্যালসিফাইড তরুণাি স্থ: হিউমেরাস ও ফিমারের মস্তকে এ ধরনের তরুণাি স্থ পাওয়া যায় ।",নম্ব র বণ্টন : তরুণাি স্থ র সংÁা ে লখার জন্য ০.৫ নম্ব র । তরুণাি স্থ র ৪ প্রকারের নাম ে লখার জন্য; (০.২৫ \(\times \) ৪) = ০১ নম্বর। তরুণাি স্থ র ৪ প্রকারের উদাহরণ ে লখার জন্য; (০.২৫ \(\times \) ৪) = ০১ নম্বর।
152097007282,1721470,Biology,other,other/152097007282.jpg,5/2,,স্যাট ক্রে ামোসোম কাকে বলে ? ে কাষঝিল্লীর ৪টি কাজ লিখ ।,"স্যাট ক্রে ামোসোম : ে কানো ে কানো ক্রে ামোসোমের এক বাহুর প্রান্েত ক্রে ামাটিন সূত্র দ্বারা সংযুক্ত প্রায় ে গালাক … তির একটি অংশ দে খা যায় । ক্রে ামোসোমের প্রান্েতর দিকের এ ে গালাক … তি অআলকে স্যাটেলাইট এবং এ ধরনের ক্রে ামোসোমকে Ôস্যাট ক্রে ামোসোমÕ ( ংধঃ পযৎড়সড়ংড়সব ) বলে । অন্য কথায় - নিউক্লিওলাস বহনকারী ক্রে ামোসোমকে স্যাট ক্রে ামোসোম বলে । ে কাষঝিল্লীর কাজ : ( র ) এটি ে কাষীয় সব ব স্তু কে ঘিরে রাখে । ( রর ) বাইরের প্রতিকূল অবস্থা হতে অভ্যন্তরীণ ব স্তু কে রক্ষা করে । ( ররর ) ে কাষঝিল্লির মধ্যি দয়ে ব স্তু র স্থ ানান্তর , ব্যাপন নিয়ন্¿ণ ও সমন্বয় ( পড়হঃৎড়ষ ধহফ পড়ড়ৎফরহধঃব ) হয়। ( রা ) ঝিল্লিটি একটি কাঠামো হিসেবে কাজ করে যাতে বিশেষ এনজাইম এতে বিন্যস্ত থ াকতে পারে । ( া ) ে ভতর থেকে বাইরে এবং বাইরে থেকে ে ভতরে ব স্তু স্ থ ানান্তর করে । ( ার ) বিভিন্ন বৃহদাণু ( সধপৎড়-সড়ষবপ্ষব ) সংশ্লেষ করতে পারে । ( ারর ) বিভিন্ন রকম তথ্যে র ভিত্তি ( রহভড়ৎসধঃরড়হ ংড়্ৎপব ) হিসেবে কাজ করে । ( াররর ) পারস্পরিক বন্ধন , বৃি দ্ধ ও চলন ইত্যাি দ কাজেও এর ভূমিকা আছে । ( রী ) ফ্যাগোসাইটোসিস প্রক্রিয়ায় কঠিন ও পিনোসাইটোসিস প্রক্রিয়ায় তরল ব স্তু গ্রহণ করে । ( ী ) এনজাইম ও অ ্যান্িটজেন ারর ক্ষরণ করে । ( ীর ) ে কাষের বাইরে থেকে নিউরোট্রাÝমিটার , হরমোন ইত্যাি দ রূপে তথ্য সংগ্রহ করে । ( ীরর ) স্ ্নায়ু উদ্দীপনা সংবহন করে । ( ীররর ) ব্যাকটেরিয়ার ে কাষঝিল্লি ভা্জ হয়ে ে মসোসোম সৃষ্টি করে যা শক্তি উৎপাদন করে । ( ীরা ) গ্লাইকোক্যালি ক্স ে কাষের চিহ্নিত হিসেবে কাজ করে ।",নম্ব র বণ্টন : স্যাট ক্রে ামোসোম এর সংÁা ে লখলে ০.৫ নম্ব র । ে কাষঝিল্লীর ৪টি কাজ ে লখলে (০.৫ দ্ধ ৪) = ০২ নম্ব র ।
916235938706,1721470,Biology,other,other/916235938706.jpg,5/2,,ে রপ্লিকেশন কমপ্লে ক্স কী? এর চারটি উপাদান উল্লেখ করে কাজ লিখ ।,"ে রপ্লিকেশন কমপ্লে ক্স ( জবঢ়ষরপধঃরড়হ পড়সঢ়ষবী ): উঘঅ ে রপ্লিকেশনের সময় সৃষ্ট ে রপ্লিকেশন ফকর্ের নিকট গু রুতaপূণ কিছু এনজাইম ও ে প্রাটিন সমন্বিত হয়ে একটি জটিল আণবিক যান্ি¿ক গঠন সৃষ্টি করে , একে বলা হয় ে রপ্লিকেশন কমপ্লে ক্স বা ে রপ্লিসোম । এর প্রধান উপাদান গুে লা হলো : উপাদান → উঘঅ ে রপ্লিকেশনের কাজ ( র ) টপোআইসোমারেজ → উঘঅ অণুকে অতিমাত্রায় প্যা্চানো অবস্থা থেকে মুক্ত করে থ াকে । (রর) উঘঅ ে হলিকেজ → ে রপ্লিকেশন ফকে উঘঅ ডাবল ে হলি ক্স প্য্াচ গুে লা খুলে দেয়। ( ররর ) উঘঅ পলিমারেজ ওওও → নিউক্লিওটাইড অণু যুক্ত করে \(5{'}\) প্রান্ত ও \(3{'}\) প্রান্ত নিদর্েশিত পরিপূরক স্ট্র্যান্ড গঠন করে থাকে। উঘঅ প্রুফ রিডিং করে । ( রা ) সিঙ্গেল স্ট্র্য ান্ড বাইন্ডিং ে প্রাটিন ( ঝঝইচ ) → উঘঅ অণুর একক স্ট্র্য ান্ডে সংযুক্ত হয় যাতে এরা পুনরায় দ্বি-তন্¿ী অবস্থ ায় ফিরে না আসে । ( া ) লাইগেজ → ওকাজাকি খণ্ডকে পরিপূরক স্ট্র্য ান্ডে যুক্ত করে । ( ার ) প্রাইমেজ → জঘঅ প্রাইমারকে স্ট্র্য ান্ডের প্রান্েত যুক্ত করে । ( ারর ) উঘঅ পলিমারেজ ও → প্রাইমারকে উঘঅ দ্বারা প্রতি স্থ াপন করে দেয়।",নম্ব র বণ্টন : ে রপ্লিকেশন কমপ্লে ক্স এর সংÁা ে লখার জন্য ০.৫ নম্ব র । ে রপ্লিকেশন কমপ্লে ক্স এর চারটি উপাদান এর কাজ ে লখার জন্য; (০.৫ \(\times \) ৪ ) = ০২ নম্ব র । [বি. দ্র: শুধু উপাদান এর নাম লিখলে ০.২৫ করে নম্ব র পাবে ।]
780572062847,1721470,Biology,other,other/780572062847.jpg,2/2,,নিচের প্রাণী গুে লার ৈ বÁানিক নাম লিখ : ( ধ ) সাগর কুসুম ( ন ) যক …ত ক… মি ( প ) রুইমাছ ( ফ ) দে ায়েল ( ব ) ে গাখরা সাপ,প্রাণী গুে লার ৈ বÁানিক নাম নিম্নরূপ : (ধ) সাগর কুসুম - গবঃৎরফর্স ংবহরষব (ন) যক …ত ক… মি - ঋধংপরড়ষধ যবঢ়ধঃরপধ (প) রুইমাছ - খধনবড় ৎড়যরঃধ (ফ) দে ায়েল - ঈড়ঢ়ংুপয্ং ংধ্ষধৎরং (ব) ে গাখরা সাপ - ঘধলধ হধলধ,নম্ব র বণ্টন : পা্চটি প্রাণী র ৈ বÁানিক নাম ে লখার জন্য; (০.৫ \(\times \) ৫) = ২.৫ নম্বর। [বি. দ্র: ৈ বÁানিক নাম হাতে লিখলে নামে আন্ডারলাইন বাধ্যতামূলক । আন্ডারলাইন না করলে বা গণ ও প্রজাতির নামের মধে ্য ে যকোনো ১টি বানান ভুল করলে ঐ নামের জন্য বরাদ্দক …ত নম্ব র পাবে না ]
176704149378,1721470,Biology,other,other/176704149378.jpg,5/2,,ে মসোগ্লিয়া কাকে বলে ? হাইড্রার এপিডামর্িস ও গ্যা স্ট্রে াডামি সের ে কাষ গুে লার নাম উল্লেখ কর।,"ে মসোগ্লিয়া : ঐুফৎধ - র এপিডামর্িস ও গ্যা স্ট্রে াডামি সের মাঝখানে অবি স্থত ে জলির মতো , স্ ্বচ্ছ , অকোষীয় স্িথ তি স্থ াপক স্ তরকে ে মসোগ্লিয়া বলে । হাইড্রার এপিডামর্িস ও গ্যা স্ট্রে াডামি সের ে কাষ গুে লার নাম : হাইড্রার এপিডামি সের ে কাষসমূহ : ( র ) ে পশি - আবরণী ে কাষ ( রর ) ইন্টারস্টিশিয়াল ে কাষ ( ররর ) সংবেদী ে কাষ ( রা ) স্ ্নায়ু ে কাষ ( া) গ্রন্ি থ ে কাষ ( ার) জনন ে কাষ এবং ( ারর ) নিডোসাইট গ্যা স্ট্রে াডামি সের ে কাষসমূহ : ( র ) পুষ্টি ে কাষ (রর) গ্রন্ি থ ে কাষ (ররর) ইন্টারস্টিশিয়াল ে কাষ (রা) সংবেদী ে কাষ (া) স্নায়ু ে কাষ ।",নম্ব র বণ্টন : ে মসোগ্লিয়া র সংÁা ে লখার জন্য ০.৫ নম্ব র । হাইড্রার এপিডামি সের ৪টি ে কাষের নাম ে লখার জন্য; (০.২৫ \(\times \) ৪) = ০১ নম্বর। হাইড্রার গ্যা স্ট্রে াডামি সের ৪টি ে কাষের নাম ে লখার জন্য; (০.২৫ \(\times \) ৪) = ০১ নম্বর।
852164929288,1721470,Biology,other,other/852164929288.jpg,1/2,,চবি বা লিপিড জাতীয় খা দ্যব স্তু র ে শাষণের রূপরেখা দে খাও ।,"চবি বা লিপিড জাতীয় খা দ্যব স্তু র ে শাষণের রূপরেখা নিম্নরূপ - অথবা , ফ্যাটি এসিড , ে কালে স্টে রল → সি ক্র য় ে শাষণ → অ ন্ে¿ র ভিলাই এর কলামনার এপি ে থ লিয়াম → ব ৃ হৎ শিকল ফ ্য াটি এসিড আবার ট ্র াই গি ্ল সারাইড ( ঞএ ) এ পরিণত হয় এবং ে কা ে ল স্টে রল এ স্ট া ে র পরিণত হয় এবং অ ন্ে¿ র ে কাষীয় ে প ্র াটি ে নর সা ে থ মিলিত হ ে য় কাই ে লামাই ক্র ন নামক লি ে পা ে প ্র াটিন ৈ তরি হয় → ল ্য াকটিয়াল → ে থ ারাসিক লসিকা নালি → শিরা → হৃ দপি ণ্ড → ে কাষ ।",নম্ব র বণ্টন : চবি বা লিপিড জাতীয় খা দ্যব স্তু র ে শাষণের রূপরেখা নির্ভ ু লভাবে ে লখলে ২.৫ নম্ব র । [বি. দ্র: ে যকোন ১টি তথ্য ভুল করলে বা না লিখলে ০.২৫ নম্ব র কাটা যাবে ।]
297465335362,1721470,ICT,other,other/297465335362.jpg,5/2,,একটি পূর্ণ তরঙ্গ ব্রিজ রেকটিফায়ারের চড়ংরঃরাব ঐধষভ ঈুপষব এবং ঘবমধঃরাব ঐধষভ ঈুপষব এর জন্য আউটপুট সহ টোটাল আউটপুট সিগনাল অঙ্কন কর।,চড়ংরঃরাব ঐধষভ ঈুপষব এর সময় \({D}_{1}\) ও \({D}_{3}\) ডায়োড চালু হবে। ঘবমধঃরাব ঐধষভ ঈুপষব এর সময় \({D}_{2}\) ও \({D}_{4}\) ডায়োড চালু হবে।,নম্বর বণ্টন: ৩টি আউটপুট সিগনাল অঙ্কন করার জন্য; ২.৫ নম্বর। ২টি আউটপুট সিগনাল অঙ্কন করার জন্য; ১.৫ নম্বর। ১টি আউটপুট সিগনাল অঙ্কন করার জন্য; ০১ নম্বর।
870967429460,1721470,English,other,other/870967429460.jpg,5/2,Fill in the blanks with suitable modals: (a) You ___ wear a helmet while riding a motorcycle. (b) She ___ be at the library now; I saw her leave home an hour ago. (c) They ___ not enter the classroom without permission. (d) I ___ call him later to confirm the meeting. (e) We ___ finish the project today if we work together.,,"(a) must/should (b) can’t/cannot/may not (c) can/should (d) will/shall/should/can (e) can/may/should/might M a rk Distribution: ‎For each correct suitable modals get 0.5 mark, (0.5 × 5 = 2.5)",
390765459781,1733285,ICT,other,other/390765459781.jpg,10/10,Write the Boolean expression for the logic circuit shown below and construct its truth table.,[ চিত্রে দে খানো লজিক বর্তনীর বুলিয়ান সম্পক লিখ এবং এর ট্রু থ ে টবিল তৈরি কর। ],বুলিয়ান সম্পর্ক: \(Y=AB+\overline{A}\overline{B}\) \(=\) \(\overline{A⊕B}\),নম্বর বণ্টনঃ \(Y=AB+\overline{A}\overline{B}\) \(=\) \(\overline{A⊕B}\) ; লেখার জন্য ০২ নম্বর। সঠিকভাবে ট্রুথ টেবিল তৈরি করার জন্য ০৮ নম্বর।
259246239544,1733285,Biology,other,other/259246239544.jpg,5/2,,ম্যালেরিয়া পরজীবীর নাম ও তা দে র সু্াব স্থা লিখ ।,ম্যালেরিয়া পরজীবীর নাম - ( র ) চষধংসড়ফর্স ভধষপরঢ়ধৎ্স ম্যালেরিয়া পরজীবীর সু্াব স্থা: ( র ) চষধংসড়ফর্স ভধষপরঢ়ধৎ্স ৮-১৫ দিন । (রর) চষধংসড়ফর্স ড়াধষব ১১-১৬ দিন । (ররর) চষধংসড়ফর্স ারাধী ১২-২০ দিন । (রা) চষধংসড়ফর্স সধষধৎরধব ১৮-৪০ দিন ।,নম্ব র বণ্টন : ম্যালেরিয়ার ৪টি পরজীবীর নাম ও তা দে র সু্াব স্থা ে লখার জন্য ২.৫ নম্ব র ।
160229540988,1733285,Biology,other,other/160229540988.jpg,,,ঐড়ষড়ঃয্ৎরধ ঃ্ন্ষড়ংধ কোন পর্বভুক্ত প্রাণী? উক্ত পবর্ের ৪টি বৈশিষ্ট্য লিখ।,"ঐড়ষড়ঃয্ৎরধ ঃ্ন্ষড়ংধ ( সমুদ্র শশা ) ঊপযরহড়ফবৎসধঃধ পর্বভুক্ত প্রাণী। ঊপযরহড়ফবৎসধঃধ পবর্ের বৈশিষ্ট্য: ১। পূর্ণাঙ্গ প্রাণী পআঅরীয় প্রতিসম, অখণ্ডকায়িত, তারকাকার, গোলাকার, চাকতির মতো অথবা লম্বাক…তির, কিন্তু লার্ভা দশায় দ্বিপাশ্র্বীয় প্রতিসম। ২। দেহ কণ্টকময়, স্পাইন ও পেডিসিলারি নামক বহিঃকঙ্কালযুক্ত। ৩। দেহ মেৌখিক ও বিমেৌখিক তলে বিন্যস্ত; মেৌখিক তলে প্াচটি (অ্যাম্বুল্যাক্রাল খাদ; মুখছিদ্রের প্াচটি কোণা থেকে প্রতিটি বাহুর অঙ্কীয় মধ্যরেখা বরাবর অগভীর খ্াজ) উপস্িথত। ৪। অ্যাম্বুল্যাক্রাল খ্াজের দৈর্ঘ্য বরাবর দুই সারিতে স¾িত সরু, ফ্াপা, পেশিময় ও স্িথতিস্থাপক নালিকা পদ চলন অঙ্গ হিসেবে কাজ করে। ৫। দেহের ভিতরে সিলোম থেকে সৃষ্ট অনন্য গড়নের পানি সংবহনতন্¿ রয়েছে। ৬। রক্ত সংবহনতন্¿ নেই তবে হিমাল ও পেরিহিমালতন্¿ সংবহনতন্ে¿র কাজ করে; মস্িত®‹ ও রেচনতন্¿ অনুপস্িথত। ৭। একলিঙ্গ প্রাণী; নিষেক বাহ্যিক; জীবনচক্রে মুক্ত স্াতারু বাইপিনারিয়া, অরিকুলারিয়া, অফিউকিটাস কিংবা একাইনোকিটাস লার্ভা বিদ্যমান। ৮। সকল সদস্যই মুক্তজীবী সামুদ্রিক; এদের কোনো পরজীবী সদস্য নেই। নম্বর বন্টন: ঊপযরহড়ফবৎসধঃধ পর্বভুক্ত প্রাণী লেখার জন্য ০.৫ নম্বর। ঊপযরহড়ফবৎসধঃধ পর্বভুক্ত প্রাণীর ৪টি বৈশিষ্ট্য লেখার জন্য (০.৫ \(\times \) ৪) = ০২ নম্বর।",
108968420186,1733285,Bangla,other,other/108968420186.jpg,,,"সারমর্ম লেখ: বহুদিন ধরে বহু ক্রোশ দূরে বহু ব্যয় করি বহু দেশ ঘুরে দেখিতে গিয়াছি পর্বতমালা, দেখিতে গিয়াছি সিন্ধু। দেখা হয় নাই চক্ষু মেলিয়া ঘর হতে শুধু দুই পা ফেলিয়া একটি ধানের শিষের উপরে একটি শিশির বিন্দু।",সারমর্ম: প্রচুর অর্থ ও সময় খরচ করে এবং যথেষ্ট কষ্ট করে মানুষ দূরদূরান্েতর সেৌন্দর্য উপভোগ করতে ছুটে যায়। কিন্তু ঘরের কাছের অনুপম সেৌন্দর্যটুকু লক্ষ না করলে সেৌন্দর্য উপভোগের বিষয়টি কখনোই পূর্ণতা পায় না।,নম্বর বণ্টন: প্রচুর অর্থ ও সময় খরচ করে এবং যথেষ্ট কষ্ট করে মানুষ দূরদূরান্েতর সেৌন্দর্য উপভোগ করতে ছুটে যায় - নির্ধারিত অংশে লেখার ভাব ঠিকমতো বোঝাতে পারলে ১.৫ নম্বর। কিন্তু ঘরের কাছের অনুপম সেৌন্দর্যটুকু লক্ষ না করলে সেৌন্দর্য উপভোগের বিষয়টি কখনোই পূর্ণতা পায় না - নির্ধারিত অংশে লেখার ভাব ঠিকমতো বোঝাতে পারলে ০১ নম্বর। [বিঃ দ্রঃ চার বাক্যের বেশি লিখলে ৫০% নম্বর পাবে । ]
432456680882,1733285,Biology,other,other/432456680882.jpg,1/2,,উঘঅ রেপ্লিকেশনে নিম্ে্নাক্ত এনজাইম গুলোর ভূমিকা লিখ। (র) টপোআইসোমারেজ (রর) উঘঅ হেলিকেজ (ররর) লাইগেজ (রা) প্রাইমেজ (া) ঝঝইচ,উঘঅ রেপ্লিকেশনে এনজামের ভূমিকা: (র) টপোআইসোমারেজ: উঘঅ অণুকে অতিমাত্রায় প্য্াচানো অবস্থা থেকে মুক্ত করে থাকে। (রর) উঘঅ হেলিকেজ: রেপ্লিকেশন ফকর্ে উঘঅ ডাবল হেলিক্স প্য্াচগুলো খুলে দেয়। (ররর) লাইগেজ: ওকাজাকি খণ্ডকে পরিপূরক স্ট্র্যান্ডে যুক্ত করে। (রা) প্রাইমেজ: জঘঅ প্রাইমারকে স্ট্র্যান্ডের প্রান্েত যুক্ত করে। (া) ঝঝইচ: উঘঅ অণুর একক স্ট্র্যান্ডে সংযুক্ত হয় যাতে এরা পুনরায় দ্বি-তন্¿ী অবস্থায় ফিরে না আসে।,নম্বর বণ্টন: পা্চটি এনজাইমের ভূমিকা লেখার জন্য (০.৫ \(\times \) ৫) = ২.৫ নম্বর।
691252917980,1733285,Bangla,other,other/691252917980.jpg,,,বাক ্য বলতে কী ে বাঝ ? একটি সার্থক বাক ্য গঠনে কী কী ৈ বশিষ্ট ্য থ াকা আবশ্যক ? উদাহরণসহ আলোচনা কর।,"অর্থ বহ কথাকে বাক ্য বলে । অর্থ াৎ কিছু শãসমন্ ্বয়ে মনের ভাব প্রকাশের প্রক্রিয়াকে বাক ্য বলে । যে সুবিন ্যস্ত শãসমষ্টি দ্বারা ে কানো বিষয়ে বক্তার মনোভাব সম্পূর্ণরূপে প্রকাশিত হয়, তাকে বাক ্য বলে । বাক্যের পূর্ণতা সুশ ৃ• খল এবং ভাবগত ও অর্থগত ে মলবন্ধনকে বাক্যের গুণ বলে । একটি সার্থক বাক্যের তিনটি গুণ থ াকা জরুরি । যথা । ১. আকা •ক্ষা ২. আসত্তি ৩. ে যাগ্যতা । ১. আকা •ক্ষা: বাক্যের অর্থ পরি ®‹ ারভাবে ে বাঝার জন্য এক পদে র পরে অন্য পদ ে শানার যে ইচ্ছা , তাকে আকা •ক্ষা বলে ।। ে যমন - সূয দিনে আলো ...। এই বাকে ্য 'দেয়' শãটি বসালে বাক্যের আকা •ক্ষা পূরণ হয়। ২. আসত্তি : বাক্যের অর্থসঙ্গতি রক্ষার জন্য সুশ ৃ• খল শãবিন্যাসই আসত্তি । ে যমন - স্ব াধীন দেশ করেছেন বীর সন্তানরা । এই বাক্যের আসত্তি বজায় থ াকে এভাবে লিখলে - বীর সন্তানরা দেশ স্ব াধীন করেছেন । ৩. ে যাগ্যতা : বাক্যের অন্তর্গত শãসম ূে হর অর্থগত ও ভাবগত মিলকে ে যাগ্যতা বলে । বাহুল ্য বর্জন , গু রুচণ্ডালী দে াষ মুক্ত, রীতিসি দ্ধ অর্থ বাচকতা ইত্যাি দ বজায় রাখলে বাক্যের ে যাগ্যতা রক্ষা হয়। ে যমন - সকল ছাত্রছাত্রীব ৃন্দরা ক্লাসে উপি স্থত রয়েছে । এখানে ' বৃন্দরা ' না বসালে বাক্যের ে যাগ্যতা রক্ষা পায় ।",নম্ব র বণ্টন : বাক ্য কাকে বলে ে লখার জন্য ০১ নম্ব র সার্থক বাক ্য গঠনের ৩ টি গুণ/ৈ বশিষ্ট্যের নাম ে লখার জন্য ০১ নম্ব র । ১ টি ৈ বশিষ্ট ্য সংÁা ও উদাহরণ সহ ে লখার জন্য ০১ নম্ব র । ২ টি ৈ বশিষ্ট ্য সংÁা ও উদাহরণ সহ ে লখার জন্য ০২ নম্ব র । ৩ টি ৈ বশিষ্ট ্য সংÁা ও উদাহরণ সহ ে লখার জন্য ০৩ নম্ব র ।
761450492696,1733285,English,other,other/761450492696.jpg,,"Read the following extract and answer the questions that follow: My name is Ozymandias, king of kings; ‎ Look on my Works, ye Mighty, and despair! ‎ Nothing beside remains. Round the decay ‎ Of that colossal Wreck, boundless and bare ‎ The lone and level sands stretch far away. (a) How does the poem reflect the difference between Ozymandias's claim and reality? (b) What impression do the ‘lone and level sands’ create at the end of the poem?",,"(a) Ozymandias proudly calls himself ‘king of kings’ and tells others to admire his greatness. However, in reality, nothing of his kingdom remains except a ruined statue in a vast desert. This shows the contrast between his ambition and the emptiness left behind, emphasizing how time destroys all human achievements. (b) The ‘lone and level sands’ create an image of silence , emptiness, and timelessness. They suggest that nature and time have erased all traces of Ozymandias's power, reinforcing the idea that human glory is temporary. Marks Distribution: For writing ; Ozymandias proudly calls himself ‘king of kings’ and tells others to admire his greatness. However, in reality, nothing of his kingdom remains except a ruined statue in a vast desert. This shows the contrast between his ambition and the emptiness left behind, emphasizing how time destroys all human achievements ; 1.5 marks. For writing ; The ‘lone and level sands’ create an image of silence , emptiness, and timelessness. They suggest that nature and time have erased all traces of Ozymandias's power, reinforcing the idea that human glory is temporary ; 01 mark. [ N.B: 0.5 mark will be deducted for two grammar or spelling mistakes, 01 mark for three or more grammar or spelling mistakes.]",
810233930840,1733285,English,other,other/810233930840.jpg,,"Write a paragraph on ‘Online Learning and Its Impact on Traditional Classrooms,’ using a clear topic sentence, supporting details, and a concluding sentence.",,"Online Learning and Its Impact on Traditional Classrooms Online learning has revolutionized education by making knowledge more accessible, flexible, and self-paced. Students can now learn from global experts, attend virtual classes, and use digital tools to reinforce understanding. Especially during the COVID-19 pandemic, online platforms became essential for continuing education. However, the shift also exposed challenges such as unequal internet access, reduced student engagement, and lack of face-to-face interaction. Traditional classrooms offer a structured environment with real-time feedback and social bonding, which online systems sometimes lack. A balanced approach that blends digital tools with physical classrooms, known as hybrid learning, can offer the best of both worlds. Teachers must be trained to use technology effectively, and students need digital literacy to benefit fully. While online learning is not a perfect replacement, it is a powerful supplement to classroom teaching. If used wisely, it can enhance education and prepare students for a tech-driven future. Marks Distribution: For writing the Title “Online Learning and Its Impact on Traditional Classrooms ” ; 0.5 mark. For writing ; Introductory sentence; 01 mark. For writing ; Students can now learn from global experts, attend virtual classes, and use digital tools to reinforce understanding ; 01 mark. For writing ; Traditional classrooms offer a structured environment with real-time feedback and social bonding, which online systems sometimes lack ; 01 mark. For writing ; Teachers must be trained to use technology effectively, and students need digital literacy to benefit fully ; 01 mark. For writing conclusion; 0.5 mark . [ Instructions: * Students must write it within one single para. If it becomes more than one para , 50% marks have to be deducted from the obtained marks. * 0.5 mark will be deducted for one or two grammar or spelling mistakes, 01 mark for three or more grammar or spelling mistakes.]",
659235365915,1733285,Bangla,other,other/659235365915.jpg,,,"নিচের শã গুে লার বিপরীতা র্থক শã ে লখ : অশন , গৃহী , ভূত , ে সৌম ্য, বিনীত",বিপরীত শã : অশন-অনশন গৃহী-সন্ন্যাসী ভূত-ভবিষ্যৎ ে সৌম ্য- করাল বিনীত -দ ুবর্িনীত /উদ্ধত/ গবর্িত,নম্ব র বণ্টন : প্রতিটি বিপরীত শãের জন্য (০.৫ \(\times \) ৫) = ২.৫ নম্ব র । [বিঃ দ্রঃ বিপরীত শãের বানান ভুল হলে বরাদ্দক …ত নম্ব র কাটা যাবে ]
422735613177,1733285,English,other,other/422735613177.jpg,,"Make meaningful sentences with the following words: Ubiquity, Juxtapose, Meticulous, Transient, Debilitate",,"Ubiquity – The ubiquity of smartphones has transformed how people communicate and access information. Juxtapose – The photographer juxtaposed urban decay with natural beauty to create a powerful visual contrast. Meticulous – The editor is known for her meticulous attention to detail when reviewing manuscripts. Transient – The storm was transient, lasting only a few minutes before the sun came out again. Debilitate – The disease can debilitate patients to the point where they need constant care. Marks Distribution: For making meaningful sentences with the given words, (0.5×5) =2.5 marks.",
500692421242,1733285,Biology,other,other/500692421242.jpg,,,ে পশিটিসু্যর ৩টি সাধারণ ৈ বশিষ্ট ্য ও ২টি কাজ উল্লেখ কর।,"ে পশিটিসু্যর সাধারণ ৈ বশিষ্ট ্য: ১। ে পশিটিসু্যর প্রতিটি ে কাষ সারকোলেমা নামক ঝিল্লিতে আবৃত এবং এর ভিতরের সাইটোপ্লাজমকে সারকোপ্লাজম বলে । ২। ে পশিকোষের মায়োফাইব্রিল গুে লা অ্যাকটিন ও মায়োসিন নামক দ ুধরনের সঙ্কোচী ে প্রাটিনে নিমর্িত । এদে র একত্রে সারকোমিয়ার বলে এবং ে পশিতন্তু ও কার্যকরি একক হিসেবে গণ্য করা হয়। ৩। ে পশিতন্ তু গুে লা স্িথ তি স্থ াপক এবং সংকোচন-প্রসারণ ক্ষমতা সম্পন্ন । ৪। ে পশিটিসু্যর ে কাষ গুে লা লম্বা তন্তু র মতো হওয়ার এদে রকে ে পশিতন্তু ও বলে । ৫। ে পশিকোষকে মায়োসাইট বলে যা মায়োব্লা স্ট নামক আি দ ে পশিকোষ থেকে রূপান্তরের মাধ ্যমে উৎপন্ন হয়। ৬। ে কাষ গুে লা এক বা একাধিক সুস্পষ্ট নিউক্লিয়াসযুক্ত। ৭। ে পশিকোষের সারকোপ্লাজমে মায়োফাইব্রিল নামক অসংখ ্য সূ² উপতন্ তু অনু দৈঘ্যর্ে পরস্পর সমান্তরালে বিন্যস্ত থ াকে । ৮। ে পশিটিসু্যর আন্তঃকোষীয় পদা র্থ বা মাত … কা খুব কম থ াকে এবং আন্তঃকোষীয় ফা্কগুলো নানা ধরনের টিসু ্যতে পূণ থ াকে । ৯। কিছু ব্যতিক্রম ছাড়া জ্ঞূণীয় ে মসোডাম থেকে ে পশির উৎপত্তি হয়। ১০। ে পশিটিসু ্য প্রায় ৭৫ শতাংশ পানি ও অবশিষ্টাংশ বিভিন্ন ধরনের কঠিন পদা থর্ে গঠিত । ে পশিটিসু্যর কাজ : ১। দেে হর আক … তি প্রদান : কঙ্কাল সংলগ্ন থেকে ে পশি দেে হর আক … তি প্রদান করে । ২। অভ্যন্তরী ণ গঠন তৈরি ও সুরক্ষা : ভিসেরাল ে পশি সিলোমিক প্রাচীর তৈরি ও দেে হর অভ্যন্তরী ণ অঙ্গসমূহকে রক্ষা করে । ৩। রক্ত সআালন : হৃৎপেশি রক্ত সআালনে গু রুতaপূণ ভূমিকা পালন করে । ৪। সআালন নিয়ন্¿ণ : ে পশির সংকোচন - প্রসারণের ফলে বিভিন্ন অঙ্গেও সুষ্ঠু সআালন ঘটে। ৫। শারীরবৃত্তীয় কাজে সহায়তা : ে পশিটিসু ্য সংশ্লিষ্ট অঙ্গের সংকোচন-প্রসারণ ঘটিয়ে পরিপাক , ে রচন , প্রজনন ইত্যাি দ শারীরবৃত্তীয় কাজে সহায়তা করে । ৬। ে দহভঙ্গি ি নয়ন্¿ণ : কঙ্কালপেশির সমদৈঘ ্র্য সংকোচন ও ে পশিটান বজায় ে রখে দেহভঙ্গি নিয়ন্¿ণ করে ।",নম্ব র বণ্টন : ে পশিটিসু্যর ৩টি সাধারণ ৈ বশিষ্ট ্য ে লখার জন্য (০.৫ \(\times \) ৩) = ১.৫ নম্বর। ২টি কাজ ে লখার জন্য (০.৫ \(\times \) ২) = ০১ নম্বর।
935318069383,1733285,Biology,other,other/935318069383.jpg,5/2,,সালোকসংশ্লেষণ কাকে বলে ? সালোকসংশ্লেষণের তিনটি গু রুত a উল্লেখ কর।,"সালোকসংশ্লেষণঃ যে শারীরবৃত্তীয় প্রক্রিয়ায় সজীব উি ™্ভদে কাষ স্থ ে ক্লারোফিল আলোক শক্তিকে অঞচ ও \(NADPH+{H}^{+}\) রাসায়নিক শক্তিতে রূপান্তরিত করে ও এ শক্তিকে কাজে লাগিয়ে কার্বন-ডাই-অক্সাইড বিজারণের মাধ্যমে শর্করা জাতীয় খাদ্য উৎপন্ন ও উপজাত হিসেবে অক্সিজেন নির্গত করে তাকে সালোকসংশ্লেষণ বলে। সালোকসংশ্লেষণের গু রুত a নিম্নরূপ : ( র ) সবুজ উি ™্ভদ খা দ্য প্র স্তু ত করে উি ™্ভদ ও প্রাণী উভয়ের ে মৌলিক চাহিদা ে মটায় । (রর) জীবজগতের শক্তির একমাত্র উৎস এ প্রক্রিয়া । (ররর) এ প্রক্রিয়ায় কার্বন-ডাই-অক্সাইড ে শাষিত হয় ও অি ক্সজেন উৎপন্ন হয়। প্রাণিকুলের জন্য ক্ষতিকারক কার্বন-ডাই-অক্সাইড ে শাষণ করে এবং সকল জীবের শ্বসনের জন্য অত্যাবশ্যকীয় অক্সিজেন সরবরাহ করে এ প্রক্রিয়া পরিবেশ পরিশোধন করে থ াকে । (রা) সালোকসংশ্লেষণের সময় উি ™্ভদ প্রচুর সেৌরশক্তি ে শাষণ করায় ভূ-পৃে ষ্ঠর তাপমাত্রা সহনীয় পযা য়ে থ াকে । (া) উি ™্ভদে র স্ব াভাবিক বৃদ্ধির জন্য প্রয়োজনীয় খা দ্য, শক্তি ও অন্যান ্য উপাদান প্রত্যক্ষ বা পরোক্ষভাবে সালোকসংশ্লেষণের মাধ ্যে মই আসে । (ার) উি ™্ভদ ও প্রাণীর জীবন চক্রে বহু বিপাকীয় প্রক্রিয়া সংঘটিত হয়। এসব বিক্রিয়া পরিচালনার সকল শক্তি আসে সালোকসংশ্লেষণে সৃষ্ট জৈব রাসায়নিক দ্র ব্যসমূহ থেকে। (ারর) মানবসভ্যতার জন্য প্রয়োজনীয় কয়লা , ে পট্রোল , ে রয়ন , ে সলোফেন , ফিল ্ম কাগজ , রাবার , কুইনাইন ইত্যাি দ সবকিছুই প্রত্যক্ষ বা পরোক্ষভাবে সালোকসংশ্লেষণ প্রক্রিয়ার ফল ।",নম্ব র বণ্টন : সালোকসংশ্লেষণ এর সংÁা ে লখার জন্য ০১ নম্ব র । সালোকসংশ্লেষণের তিনটি গু রুত a ে লখার জন্য (০.৫ \(\times \) ৩) = ১.৫ নম্বর।
250182626529,1733285,Biology,other,other/250182626529.jpg,5/2,,অ্যালভিওলাই গুে লা ে কান ব্যবধায়ক পর্দার মাধ ্যমে পৃথক থ াকে ? অক্সিজেন ও কার্বন ডাইঅক্সাইড পরিবহণে শ্বাসরÄকের ভূমিকা ব্যাখ্যা কর।,"অ্যালভিওলাই গুে লা ট্রাবেকুলি ব্যবধায়ক পর্দার মাধ ্যমে পৃথক থ াকে । অক্সিজেন পরিবহণ : শ্বসনের সময় অক্সিজেন ব্যাপন প্রক্রিয়ায় ফুসফুস থেকে রক্তে প্রবেশ করে । রক্তে প্রবিষ্ট সমস্ত অক্সিে জনই মুক্ত অবস্থ ায় থ াকে না । এর এক বড় অংশ ে লাহিত কণিকার হিমোগ্লোবিনের সাথে যুক্ত হয়ে অক্সিহিমোগ্লোবিন নামে অস্থ ায়ী ে যৌগ গঠন করে । এ ে যৌগ গঠন রক্তরসে ( প্লাজমায় ) অক্সিে জনের পরিমাণের উপর নির্ভর করে । রক্তরসে যত ে বশি অক্সিজেন দ্র বীভূত হবে তার সাথে সংগতি ে রখে অক্সিহিমোগ্লোবিন ে যৌগ উৎপন্ন হবে । অন্যি দকে, অক্সিে জনের পরিমাণ যে হারে কমে যাবে ে যৌগ সে হারে ে ভঙে যাবে এবং অক্সিজেন মুক্ত হয়ে রক্তরসে প্রবেশ করবে । প্রতিটি হিমোগ্লোবিনে চারটি হিম অংশ থ াকায় এর চারটি ে ফরাস অণু চার অণু অক্সিজেন যুক্ত করতে পারে । কার্বন ডাইঅক্সাইড পরিবহণ : \(C{O}_{2}\) হিমোগ্লোবিনের সাথে বিক্রিয়া করে কার্বামিনো হিমোগ্লোবিন নামক অস্থায়ী যেৌগ গঠন করে। কার্বামিনো হিমোগ্লোবিন-সমৃদ্ধ রক্ত দেহের বিভিন্ন অঙ্গ থেকে হৃৎপিন্ড হয়ে পরিশোধনের জন্য ফুসফুসে গমন করে। দেহে রক্ত পরিবহনের সময় বেশ কিছু পরিমাণ অক্সিজেন ব্যাপন প্রক্রিয়ায় রক্তরস থেকে স্বল্প অক্সিজেনযুক্ত টিসু্যরসে চলে যায় । ফলে রক্তরসে অক্সিে জনের মাত্রা কমে যায় । হিমোগ্লোবিন তখন তার সাথে যুক্ত অক্সিজেন ছড়াতে শুরু করে । এভাবে অক্সিজেন প্র থমে রক্তরসে ও পরে টিসু্যরসে চলে যায় ।",নম্ব র বণ্টন : অ্যালভিওলাই গুে লা ট্রাবেকুলি ব্যবধায়ক পর্দার মাধ ্যমে পৃথক থ াকে ে লখার জন্য ০.৫ নম্ব র । শ্বসনের সময় অক্সিজেন ব্যাপন প্রক্রিয়ায় ফুসফুস থেকে রক্তে প্রবেশ করে । রক্তে প্রবিষ্ট সমস্ত অক্সিে জনই মুক্ত অবস্থ ায় থ াকে না । এর এক বড় অংশ ে লাহিত কণিকার হিমোগ্লোবিনের সাথে যুক্ত হয়ে অক্সিহিমোগ্লোবিন নামে অস্থ ায়ী ে যৌগ গঠন করে ে লখার জন্য ০.৫ নম্ব র । অক্সিে জনের পরিমাণ যে হারে কমে যাবে ে যৌগ সে হারে ে ভঙে যাবে এবং অক্সিজেন মুক্ত হয়ে রক্তরসে প্রবেশ করবে । প্রতিটি হিমোগ্লোবিনে চারটি হিম অংশ থ াকায় এর চারটি ে ফরাস অণু চার অণু অক্সিজেন যুক্ত করতে পারে ে লখার জন্য ০.৫ নম্ব র । \(C{O}_{2}\) হিমোগ্লোবিনের সাথে বিক্রিয়া করে কার্বামিনো হিমোগ্লোবিন নামক অস্থায়ী যেৌগ গঠন করে লেখার জন্য ০.৫ নম্বর। কার্বামিনো হিমোগ্লোবিন-সম ৃদ্ধ রক্ত দেে হর বিভিন্ন অঙ্গ থেকে হৃৎপিন্ড হয়ে পরিশোধনের জন্য ফুসফুসে গমন করে । ে লখার জন্য ০.৫ নম্ব র ।
105318187095,1733285,Biology,other,other/105318187095.jpg,5/2,,একবীজপত্রী উি ™্ভদে র মূলের অন্তর্গঠনগত শনাক্তকারী প্াচটি ৈ বশিষ্ট ্য লিখ ।,"একবীজপত্রী উি ™্ভদে র মূলের অন্তর্গঠনগত শনাক্তকারী ৈ বশিষ্ট ্য নিম্নরূপ : ( র ) তaকে কিউটিকল অনুপি স্থত। এতে এককোষী মূলরোম থ াকে । (রর) অধঃতaক অনুপি স্থত। (ররর) কটর্েক্স-এ অধঃতaক ে নই , কেবল অন্তঃতaক আছে । (রা) পরিচ ক্র একসারি ে কাষ দিয়ে গঠিত । (া) ভা স্‹ ুলার বান্ডল অরীয় এবং একান্তরভাবে স¾িত। (ার) ে মটাজাইলেম কেন্েদ্র র দিকে এবং ে প্রাটোজাইলেম পরিধির দিকে অবি স্থত। (ারর) জাইলেম ও ে ফ্লায়েম গু চ্েছর সংখ্যা ৬ এর অধিক। (াররর) ম¾া বৃহৎ ও সুগঠিত ।",নম্ব র বণ্টন : একবীজপত্রী উি ™্ভদে র মূলের অন্তর্গঠনের প্াচটি শনাক্তকারী ৈ বশিষ্ট ্য লিখলে (০.৫ \(\times \) ৫) = ২.৫ নম্বর।
418842030335,1733285,Bangla,other,other/418842030335.jpg,,,"সারাংশ ে লখ : আজকের দ ুনিয়াটা আðর্যভাবে অথর্ে র বা বিত্তের উপর নির্ভরশীল । লাভ ও ে লাভের দ ুনর্িবার গতি কেবল আগে যাবার ে নশায় লক্ষ্য হীন প্রচণ্ড ে বগে শুধুই আত্মবিনাশের পথে এগিয়ে চলেছে ; মানুষ যি দ এই মূঢ়তাকে জয় না করতে পারে , তবে মনুষ্যত a কথাটাই হয়তো ে লাপ ে পয়ে যাবে । মানুষের জীবন আজ এমন এক পর্যায়ে এসে ে পৌ্ছেছে , ে যখান থেকে আর হয়তো নামবার উপায় ে নই ; এবার উঠবার সি্ড়িটা না খু্জলেই নয় ।",সারাংশ : মানুষ অর্থ আর বিত্তের ে পছনে প্রচণ্ড ে নশায় ছুটছে আর ছুটছে । ফলে মানুষের মনুষ্যত a আজ সর্বনাশের দ্বারপ্রান্েত উপনীত । বর্তমান সভ্যতার জন্য এ এক ভয়াবহ অশনি-সংকেত । এ থেকে মুক্তির পথ ে খ্াজা জরুরি হয়ে পড়েছে ।,নম্ব র বণ্টন : মানুষ অর্থ আর বিত্তের ে পছনে প্রচণ্ড ে নশায় ছুটছে আর ছুটছে ; ঠিকমতো ে বাঝাতে পারলে ০১ নম্ব র । ফলে মানুষের মনুষ্যত a আজ সর্বনাশের দ্বারপ্রান্েত উপনীত ; ঠিকমতো ে বাঝাতে পারলে ০.৫ নম্ব র । বর্তমান সভ্যতার জন্য এ এক ভয়াবহ অশনি-সংকেত । এ থেকে মুক্তির পথ ে খ্াজা জরুরি হয়ে পড়েছে ; ঠিকমতো ে বাঝাতে পারলে ০১ নম্ব র । [ বিঃ দ্রঃ সারাংশ মূল অনু চ্েছ দে র এক ত… তীয়াংশের বড় হলে ১.৫ নম্ব র পাবে তবে নির্ধারিত অং শে ে লখার ভাব ঠিকমতো ে বাঝাতে না পারলে বরাদ্দক …ত নম্ব র কাটা যাবে ]
982850925268,1733285,Bangla,other,other/982850925268.jpg,,,"নিচের উপসগ গুে লা দিয়ে দ ুÕটি করে শã গঠন কর: নি , প্র , আম, অনু, স","উপসগ দিয়ে শã গঠন : নি-নিখু্ত , নিখে্াজ , নিখা দ, নির্ভর , নির্ণয় , নিবারণ , নিবৃত্তি , নিগূঢ় , নিথর , নিপুণ , নিবিষ্ট , নিবেদন , নিমগ্ন , নিক …ষ্ট, নিদাঘ , নিদারুণ , নিকষ , নিতল , নিপীড়ন , নিবিড় , নিস্তক্ষ । প্র-প্রভাত , প্রকাশ , প্রভাব , প্রতাপ , প্রবাহ , প্রগাঢ় , প্রচার , প্রবল , প্রসার , প্রকোপ , প্রখর , প্রচণ্ড , প্রমত্ত , প্রগতি , প্রণতি , প্রণাম , প্রাগ্রসর , প্রবেশ , প্র স্থ ান , প্রচার , প্রজনন , প্রদান , প্রপেৌত্র , প্রশাখা , প্রশিষ ্য, প্রজন ্ম। আম- আমদরবার , আমমোক্তার, আমজনতা । অনু- অনুগমন , অনুসরণ , অনুধাবন , অনুবাদ, অনুশোচনা , অনুগামী , অনুজ , অনুচর , অনুতাপ , অনুকরণ , অনুরূপ , অনুকার , অনুদান , অনুক্ষণ , অনুদিন , অনুশীলন , অনুকূল , অনুকম্পা । স- সঠিক , সলাজ , সজোরে , সরব , সপাট ।",নম্ব র বণ্টন : প্রত্যেকটি উপসগর্ের ২ টি করে সঠিক শã গঠন করার জন্য (০.২৫ \(\times \) ২) = ০.৫ নম্বর। ৫টি উপসগর্ের শã গঠন করার জন্য (০.৫ \(\times \) ৫) = ২.৫ নম্বর। [বি. দ্রঃ শãের বানান ভুল করলে ০.২৫ নম্ব র কাটা যাবে ।]
852500556569,1733285,English,other,other/852500556569.jpg,,"How does human activity contribute to climate change, and why must individuals and nations take responsibility? Write a paragraph in approximately 100 words maintaining proper structure with a clear topic sentence, logical development, and a concluding sentence.",,"Responsibility and Action Against Global Warming Human activity is a major cause of climate change because it releases large amounts of greenhouse gases like carbon dioxide and methane into the atmosphere. These gases come from burning fossil fuels for energy, deforestation, industrial processes, and farming. As a result, the Earth’s temperature rises, causing problems like extreme weather, rising sea levels, and loss of biodiversity. Both individuals and nations must take responsibility to reduce these harmful effects. Individuals can adopt eco-friendly habits such as saving energy, reducing waste, and using public transport. Nations need to create and enforce policies that limit pollution, promote renewable energy, and protect natural resources. Taking responsibility at all levels is essential to slow down climate change and protect the planet for future generations. Marks Distribution: For writing the Title, “Responsibility and Action Against Global Warming” ; 0.5 mark . For writing; Introductory sentence; 01 mark. For writing, these gases come from burning fossil fuels for energy, deforestation, industrial processes, and farming. As a result, the Earth’s temperature rises, causing problems like extreme weather, rising sea levels, and loss of biodiversity ; 1.5 marks. For writing, Individuals can adopt eco-friendly habits such as saving energy, reducing waste, and using public transport ; 01 mark For writing conclusion; 01 mark . [ Instructions: * Students must write it within one single para. If it becomes more than one para , 50% marks have to be deducted from the obtained marks. * 0.5 mark will be deducted for one or two grammar or spelling mistakes, 01 mark for three or more grammar or spelling mistakes.] [ N.B. The student will get the allotted marks if he/she writes a proper alternative title .]",
795269461511,1733285,English,other,other/795269461511.jpg,,"Read the following extract and answer the following question: The woods are lovely, dark and deep, But I have promises to keep, And miles to go before I sleep, And miles to go before I sleep. – Robert Frost Identify and explain any one literary device used in the above extract.",,"One important literary device used in this extract is repetition. The line “And miles to go before I sleep” is repeated for emphasis. This repetition highlights the speaker’s sense of duty and ongoing responsibilities. It creates a rhythmic and reflective tone, showing that although the woods are peaceful and inviting, the speaker cannot stop—he has commitments to fulfill before he can rest. The repeated line may also symbolize the journey of life, suggesting that rest (or even death) will only come after completing one’s duties. Marks Distribution: For writing, one important literary device used in this extract is repetition; 0.5 mark. For writing, the line “And miles to go before I sleep” is repeated for emphasis. This repetition highlights the speaker’s sense of duty and ongoing responsibilities ; 01 mark. For writing, it creates a rhythmic and reflective tone, showing that although the woods are peaceful and inviting, the speaker cannot stop—he has commitments to fulfill before he can rest. The repeated line may also symbolize the journey of life, suggesting that rest (or even death) will only come after completing one’s duties ; 01 mark. [ N.B: 0.5 mark will be deducted for two grammar or spelling mistakes, 01 mark for three or more grammar or spelling mistakes.]",
579478338914,1733285,Bangla,other,other/579478338914.jpg,,,বাংলা বানানে ই-কার ব্যবহারের প্াচটি নিয়ম উদাহরণসহ লেখ।,"বাংলা বানানে ই-কার ব্যবহারের নিয়ম: ১. তৎসম শã যদি ত™্ভব শãে রূপান্তরিত হয় তাহলে শãের অন্তর্গত ঈ ( ী )-কার পরিবতর্িত হয়ে ই-কার ( ি) হয়। যেমন: বাটী > বাড়ী> বাড়ি, শাড়ী > শাড়ি, কুম্ভীর > কুমীর > কুমির, বংশী > ব্াশি, ব্াশরী > ব্াশরি, মৃত্তিকা > মাটি, মাঝী > মাঝি, শিউলী > শিউলি, হস্িত > হাতি, পক্ষী > পাখী > পাখি ইত্যাদি। ২. স্¿ীবাচক অতৎসম শãে ই-কার ব্যবহৃত হয়। যেমন: পিসি, মাসি, মামি, দাদি, চাচি, গিনি্ন, বিবি, বেৌদি, কাকি, জেঠি, ভাইঝি, দিদি ইত্যাদি। ৩. অর্ধ-তৎসম শãে ই-কার ব্যবহৃত হয়। যেমন: রাত্তির, মিছে, ছিরি, বৃষ্টি, কুৎসিত ইত্যাদি। ৪. বাংলা ক্রিয়াবাচক শãে ই-কার ব্যবহৃত হয়। যেমন করি, লিখি, ধরি, শিখি, পড়ি, বলি ইত্যাদি। ৫. বাংলা দেশি শãে ই-কার ব্যবহৃত হয়। যেমন: ঢে্কি, বাটি, ঘুড়ি, ডিঙি, ঝিঙা, বুড়ি, ছু্ড়ি, ঢিলা, ঘড়ি, ছড়ি, ঢিল, ঝিনুক ইত্যাদি। ৬. বস্তুবাচক, ভাববাচক, কর্মবাচক এবং প্রাণিবাচক অতৎসম শãের শেষে ই-কার ব্যবহৃত হয়। যেমন: আলমারি, ওস্তাদি, চালাকি, ডাকাতি, ডাক্তারি, মাস্টারি ইত্যাদি। ৭. আধুনিক বাংলা বানানের নিয়মানুযায়ী জাতি ও ভাষার নামের শেষে ই-কার ব্যবহার করা হয়। যেমন: বাঙালি, ইহুদি, জাপানি, হিন্িদ, বিহারি, পাÄাবি, আরবি, ইংরেজি ইত্যাদি। ৮. বিদেশি শãে ই-কার ব্যবহৃত হয়। যেমন: কামিজ, কাহিল, অছিলা, দুনিয়া, মিছিল, খলিফা, শহিদ, খতিয়ান ইত্যাদি। ৯. ইংরেজি শãে ই-কার ব্যবহৃত হয়। যেমন: টেবিল, পুলিশ, সিস্টার, মিস্টার, স্টিমার, ব্রিটিশ, ক্রিকেট, ডিগ্রি, পেÝিল, অফিস ইত্যাদি। ১০. ব্যতিহার ক্রিয়ার ক্ষেত্রে ই-কার ব্যবহৃত হয়। যেমন: কানাকানি, হাতাহাতি, রক্তারক্তি, দলাদলি, হাসাহাসি, মারামারি, গলাগলি, লাঠালাঠি, বলাবলি, ঠেলাঠেলি, কোলাকুলি, চুলোচুলি, ঢলাঢলি ইত্যাদি। ১১. প্রাণিবাচক অতৎসম শãের শেষে সাধারণত ই-কার বসে। যেমন: তিমি, হাতি, প্রজাপতি, বুলবুলি, জোনাকি ইত্যাদি। ১২. মনুষ্যেতর জীব, বস্তু, গুণ, ভাব ও কর্মবাচক শãে ই-কার বসে। যেমন: বেঙাচি, বেজি, কাঠি, মিষ্টি, খু্টি, পাগলামি, কেরানি, বাবুগিরি, চুরি, কেরামতি ইত্যাদি। ১৩. সংস্‹…ত 'ইন& ‌ ' (ঈ = ী) প্রত্যয়ের শেষে বর্ণ বা শã যুক্ত হলে ঈ-কারের স্থলে ই-কার হবে। যেমন: মন্¿ী+তa = মন্ি¿তa, প্রতিযোগী + তা = প্রতিযোগিতা, জীবী+ কা = জীবিকা, প্রতিদ্বন্দ্বী + তা = প্রতিদ্বন্িদ্বতা ইত্যাদি। ১৪. সমাসের ক্ষেত্রে দুটি অর্থপূর্ণ শã একত্রিত হলে প্রথমোক্ত ঈ-কার ( ী ) ই-কারে ( ি) পরিণত হয়। যেমন: গুণী + গণ = গুণিগণ, প্রাণী + বিদ্যা = প্রাণিবিদ্যা, স্বামী+ গৃহ = স্বামিগৃহ ইত্যাদি। ১৫. বহুল প্রচলিত কিছু শãে সাধারণত ই-কার বসে। যেমন: অÄলি, গীতাÄলি, শ্রদ্ধাÄলি, পু®পাÄলি, সৃষ্টি, দৃষ্টি, বৃষ্টি, রাশি, ভূমি, হে্য়ালি, এলাজর্ি, আকুতি, মিনতি, জলাÄলি ইত্যাদি। ১৬. পদাশ্রিত নিদর্েশক টি-তে ই-কার ব্যবহৃত হয়। যেমন: বইটি, কলমটি, হাতিটি, গরুটি, লোকটি, ছেলেটি, শিশুটি, গানটি, কথাটি, বোনটি, ভাইটি, রান্নাটি, জামাটি ইত্যাদি। ১৭. 'দীপশলাকা'-এই তৎসম শãটির ত™্ভব রূপের ক্ষেত্রে কেবল ই-কার ব্যবহৃত হয়। যেমন: দীপশলাকা > দিয়াশলাই। ১৮. অতৎসম শãের শেষে বিশেষণবাচক 'ই' প্রত্যয় যুক্ত হলে শãের শেষে ই-কার বসে। যেমন: চালাকি, কয়েদি, খেয়ালি, গোলামি, কেতাবি, মেহনতি, বুনিয়াদি, শরিয়তি, দরকারি, কারবারি, বাহাদুরি ইত্যাদি। ১৯. শãের শেষে উরি, উনি, আলি, আনি, আরি, আমি, ইমা, তি, মি প্রভ…তি প্রত্যয় যুক্ত হলে ই-কার ব্যবহার করা হয়। যেমন: ধুনুরি, র্াধুনি, ঘটকালি, দুয়ানি, কাটারি, রকমারি, পাকামি, ন্যাকামি, পাগলামি, জ্যাঠামি, গরিমা, নীলিমা, কালিমা, চন্িদ্রমা, লালিমা, চলতি, ছেলেমি ইত্যাদি। ২০. সংস্‹…তি 'ক্তি' প্রত্যয়জাত শãে 'তি'-র ক্ষেত্রে ই-কার বসে। যেমন উক্তি, কীতর্ি, ভীতি, মুক্তি, শান্িত, স্মৃতি, বিক…তি, প্রক…তি, আবৃত্তি, ক্ষতি, গতি, খ্যাতি, গীতি, জাতি, ক…তি, ইতি, প্রক…তি ইত্যাদি। ২১. বিশেষণসূচক ও স্¿ীবাচক 'ঈ' প্রত্যয়ান্ত সংখ্যাবাচক শãগুলো ছাড়া সাধারণ সংখ্যাবাচক শãে বানানে ই-কার বসে। যেমন: তিন, আশি, কোটি, চল্লিশ, ত্রিশ, বিশ ইত্যাদি। ২২. ব্যক্তিবাচক অতৎসম শãে ই-কার ব্যবহৃত হয়। যেমন: মেৌলভি, মুহুরি, পাদ্রি, কেরাণি ইত্যাদি। ২৩. স্¿ীবাচক ল²ী, কালী, ষষ্ঠী শãের পরে 'দাস' যুক্ত হলে মূল শãের ঈ-কার ই-কার হয়ে যায়। যেমন: কালিদাস, ল²িদাস, ষষ্ঠিদাস ইত্যাদি।",নম্বর বণ্টন: বাংলা বানানে ই-কার ব্যবহারের যেকোনো সঠিক প্াচটি নিয়ম লেখার জন্য (০.৫ দ্ধ ৫) = ২.৫ নম্বর। বাংলা বানানে ই-কার ব্যবহারের যেকোনো সঠিক প্াচটি নিয়মের উদাহরণ লেখার জন্য (০.৫ দ্ধ ৫) = ২.৫ নম্বর। [বি. দ্রঃ উত্তরপত্রের বাইরেও সঠিক নিয়ম লিখলে নম্বর পাবে]
221931176278,1733285,English,other,other/221931176278.jpg,,"Make meaningful sentences with the following words: Brevity, Juvenile, Blossom, Strip, Acme.",,\(\left(0.5\times 5\right)=2.5\),
922223864558,1733285,Biology,other,other/922223864558.jpg,5/2,,"নিম্ে্ন উ ি ল্লখিত মানবদেহে সৃষ্ট রোগগুলোর জন্য দায়ী ভাইরাসের নাম লিখ। অওউঝ, ডেঙ্গুজ্বর, ঝরিহব ভষ্ , জলাতঙ্ক, গুটি বসন্ত, জলবসন্ত, ভাইরাল নিউমোনিয়া, হাম, ক্যাপোসি সাকর্োমা এবং এনোজেনিটাল ক্যাÝার।",মানবদেহে সৃষ্ট রোগগুলোর জন্য দায়ী ভাইরাসের নাম: অওউঝ - ঐওঠ ভাইরাস; ডেঙ্গুজ্বর - ফ্ল্যাভি ভাইরাস (ঋষধার ারৎ্ং); ঝরিহব ভষ্ - ইনফ্লুয়েÄা \(\left({H}_{1}{N}_{1}\right)\) ভাইরাস; জলাতঙ্ক - র্যাবিস ভাইরাস (জধনরং ারৎ্ং); গুটি বসন্ত - ভেরিওলা ভাইরাস (ঠধৎরড়ষধ ারৎ্ং); জলবসন্ত - ঠধৎরপবষষধ-তড়ংঃবৎ ারৎ্ং; ভাইরাল নিউমোনিয়া - অফবহড় ারৎ্ং; হাম - রুবিওলা ভাইরাস (জ্নবড়ষধ ারৎ্ং); ক্যাপোসি সাকর্োমা - হাপর্িস সিমপ্লেক্স (ঐবৎঢ়বং ংরসঢ়ষবী); এনোজেনিটাল ক্যাÝার - পেপিলোমা ভাইরাস (চবঢ়রষড়সধ ারৎ্ং).,নম্বর বণ্টন: উল্লেখিত মানবদেহে সৃষ্ট রোগগুলোর জন্য দায়ী ভাইরাসের নাম লেখার জন্য (০.২৫ \(\times \) ১০) = ২.৫ নম্বর ।
421735049431,1733285,Bangla,other,other/421735049431.jpg,,,"নিচের শã গুে লার প্রমিত বানানরূপ ে লখ : ইতিমধে ্য, সম্ম বর্ধনা , ৈ পত্রিক , অপোরাহ্ন , দৈ ন্যতা",প্রমিত বানানরূপঃ ইতিমধে ্য- ইতোমধে ্য সম্ম বর্ধনা-সংবর্ধনা ৈ পত্রিক -ৈ পত …ক অপোরাহ্ন-অপরাহè দৈ ন্যতা -দ ীনতা /দৈন্য,নম্ব র বণ্টন : শã গুে লার প্রমিত বানানরূপ ে লখার করার জন্য (০.৫ \(\times \) ৫) = ২.৫ নম্বর।
346523501851,1733285,Biology,other,other/346523501851.jpg,,,ক্ষরণকারী টিসু্যর প্রকারভেদ নামসহ উল্লেখ কর। নিবেশিত ও পাশ্র্বীয় ভাজক টিসু্যর মধ্যে তিনটি পার্থক্য লিখ।,ক্ষরণকারী টিসু্য দুই প্রকার: যথা তরুক্ষীর টিসু্য এবং গ্রন্িথ টিসু্য। নিবেশিত ও পাশ্র্বীয় ভাজক টিসু্যর মধ্যে পার্থক্য: নিবেশিত ভাজক টিসু্য: ১. কাণ্ডের পর্বমধ্যে থাকে। ২. লম্বাটে। ৩. প্রাথমিক বৃদ্ধির সঙ্গে যুক্ত। ৪. লম্বায় বাড়তে অংশগ্রহণ করে। পাশ্র্বীয় ভাজক টিসু্য: ১. কাণ্ডের পাশ্বর্ে ভাস্‹ুলার বান্ডলে থাকে। ২. আয়তক্ষেত্রাকার। ৩. গেৌণ বৃদ্ধির সঙ্গে যুক্ত। ৪. প্রস্থ বৃদ্ধিতে অংশগ্রহণ করে।,নম্বর বণ্টন: ক্ষরণকারী টিসু্যর দুই প্রকারের নাম লেখার জন্য (০.৫ \(\times \) ২) = ০১ নম্বর। নিবেশিত ও পাশ্র্বীয় ভাজক টিসু্যর মধ্যে ৩টি পার্থক্য লেখার জন্য (০.৫ \(\times \) ৩) = ১.৫ নম্বর। [বি. দ্র: ক্ষরণকারী টিসু্য দুই প্রকার লেখার জন্য ০.৫ নম্বর।]
883899188845,1733285,Biology,other,other/883899188845.jpg,5/2,,পাকস্থলির কোন অংশটি ডিওডেনামে উন্মুক্ত হয়? পাকস্থলিতে শর্করা ও আমিষের রাসায়নিক পরিপাক ব্যাখ্যা কর।,পাকস্থলির পাইলোরাস অংশটি ডিওডেনামে উন্মুক্ত হয়। শর্করা পরিপাক: পাকস্থলির থেকে শর্করাবিশ্লেষী কোনো এনজাইম নিঃসৃত হয় না। ফলে শর্করা জাতীয় খাদ্যের কোন পরিবর্তন ঘটে না। আমিষ পরিপাক: গ্যাস্ট্রিক জুসে পেপসিনোজেন ও প্রোরেনিন নামক নি®িŒয় প্রোটিওলাইটিক (আমিষ বিশ্লেষী) এনজাইম থাকে। নি®িŒয় এনজাইমটি গ্যাস্ট্রিক জুসের ঐঈষ- এর সাথে বিক্রিয়া করে যথাক্রমে পেপসিন ও রেনিন নামক সক্রিয় এনজাইমে পরিণত হয়। পেপসিন অম্লীয় মাধ্যমে জটিল আমিষের আদ্র্র বিশ্লেষণ ঘটিয়ে প্রোটিওজ ও পেপটোন-এ পরিণত করে। এছাড়া পাচকরসের জিলেটিনেজ নামক এনজাইম জিলেটিন ( মবষধঃরহ) নামক আমিষকে আংশিক পরিপাক করে পেপটোন ও পলিপেপটাইড উৎপন্ন করে। ১. আমিষ + পানি প্রোটিওজ + পেপটোন ২. কেসিন (দু» আমিষ) + পানি প্যারাকেসিন ৩. প্যারাকেসিন পেপটোন ৪. জিলেটিন পেপটোন + পলিপেপটাইড নম্বর বন্টন: পাক স্থ লির পাইলোরাস অংশটি ডিওডেনামে উন্মুক্ত হয় ে লখার জন্য ০.৫ ন ম্ব র । পাক স্থ লির থেকে শর্করাবিশ্লেষী ে কানো এনজাইম নিঃসৃত হয় না ে লখার জন্য ০.৫ নম্ব র । পাক স্থ লিতে আমিষের রাসায়নিক পরিপাকের ৩টি তথ্য/ বিক্রিয়া ে লখার জন্য (০.৫ \(\times \) ৩) = ১.৫ নম্ব র ।,
805978994997,1733285,Biology,other,other/805978994997.jpg,2/2,,অ্যানজাইনা কাকে বলে? উচ্চ রক্তচাপজনিত হৃদযন্ে¿র ৩টি রোগ উল্লেখ কর।,অ্যানজাইনা: হৃদপেশি যখন \({O}_{2}\) সমৃদ্ধ পর্যা্ রক্ত সরবরাহ পায় না তখন বুক নি®েপষিত হচ্েছ বা দম বন্ধ হয়ে আসছে এমন মারাত্মক অস্বস্িত অনুভূত হলে সে ধরনের বুক ব্যথাকে অ্যানজাইনা বা অ্যানজাইনা পেকটোরিস বলে। অ্যানজাইনাকে সাধারণত হার্ট অ্যাটাকের পূর্বাবস্থা মনে করা হয়। হৃদযন্ে¿র জটিলতা: উচ্চ রক্তচাপের কারণে হৃৎপিণ্ডে জটিলতার সৃষ্টি হয়। তাদের নাম করোনারি হার্ট ডিজিজ বা ইস্ে‹মিক হার্ট ডিজিজ ( রংপযধবসরপ যবধৎঃ ফরংবধংব )। তিনটি রোগ এর আওতাভুক্ত। যথা : ( র ) এনজাইনা পেকটোরিস ( ধহমরহধ ঢ়বপঃড়ৎরং ) ( রর ) মায়োকাডর্িয়াল ইনফার্কশন ( সুড়পধৎফরধষ রহভধৎপঃরড়হ ) / হার্ট অ্যাটার্ক ( ররর ) হার্ট ফেইলিউর ( ঐবধৎঃ ভধরষ্ৎব ),নম্বর বণ্টন: অ্যানজাইনা এর সংÁা লিখলে ০১ নম্বর। উচ্চ রক্তচাপজনিত হৃদযন্ে¿র ৩টি রোগের নাম লিখলে (০.৫ \(\times \) ৩) = ১.৫ নম্বর।
359592828133,1733285,Bangla,other,other/359592828133.jpg,,,"সারমর্ম লেখ: দৈন্য যদি আসে আসুক, ল¾া কিবা তাহে, মাথা উ্চু রাখিস। সুখের সাথী মুখের পানে যদি নাহি চাহে, ধৈর্য ধরে থাকিস। রুদ্র রূপে তীব্র দুঃখ যদি আসে নেমে বুক ফুলিয়ে দ্াড়াস, আকাশ যদি বজ্র নিয়ে মাথায় পড়ে ভেঙে ঊধের্Ÿ দু'হাত বাড়াস।","সারমর্ম: জীবন নিরবচ্িছন্ন সুখের নয়; রোগ, শোক, দুঃখ-দৈন্য অপ্রত্যাশিতভাবে ধŸংস করে দিতে পারে সকল কিছু। কিন্তু তারপরেও অসীম সাহস আর ধৈযর্ের সঙ্গে সকল বিপদ মোকাবিলা করতে হবে।","নম্বর বণ্টন: জীবন নিরবচ্িছন্ন সুখের নয়; রোগ, শোক, দুঃখ-দৈন্য অপ্রত্যাশিতভাবে ধŸংস করে দিতে পারে সকল কিছু - নির্ধারিত অংশে লেখার ভাব ঠিকমতো বোঝাতে পারলে ১.৫ নম্বর। কিন্তু তারপরেও অসীম সাহস আর ধৈযর্ের সঙ্গে সকল বিপদ মোকাবিলা করতে হবে- নির্ধারিত অংশে লেখার ভাব ঠিকমতো বোঝাতে পারলে ০১ নম্বর। [বিঃ দ্রঃ চার বাক্যের বেশি লিখলে ৫০% নম্বর পাবে।]"
993668544729,1733285,English,other,other/993668544729.jpg,,"Fill in the blanks with suitable words from the list below: (List: attentive, stress, creative, harmony, support, respectful)‎ In order to build a positive and effective learning environment, both students and teachers must fulfill their roles with dedication. A good student should always be (a) ______ during lessons, actively listening and engaging with the content, while also being (b) _____ toward teachers and classmates to maintain a polite and inclusive atmosphere. On the other hand, teachers should offer emotional and academic (c) ______ to students who may be experiencing (d) ______ due to pressure or workload. They must also promote a classroom environment filled with harmony and understanding, where (e) ______ thinking is encouraged and celebrated as a part of learning.",,(a) attentive (b) respectful (c) support (d) stress (e) creative Mark Distribution: For filling the blanks with suitable words; (0.5×5) =2.5 marks.,
488187628214,1733285,English,other,other/488187628214.jpg,,"Write a well organised paragraph on ‘The Importance of Honesty’ in the space provided, considering the element of a paragraph, such as topic sentence, supporting detail sentences and conclusion.",,"‘The Importance of Honesty’ Honesty is one of the most essential virtues that builds the foundation of trust in both personal and social life. It means speaking the truth, being sincere, and acting in a morally upright way. An honest person earns the respect and confidence of others, which strengthens relationships and creates a sense of integrity in society. In academic and professional life, honesty promotes fairness, accountability, and transparency—qualities that lead to long-term success and inner peace. Dishonesty, on the other hand, may offer temporary gain but ultimately results in distrust, shame, and failure. Therefore, honesty is not only a personal value but also a pillar of social harmony and moral strength. In every sphere of life, honesty truly proves to be the best policy. Marks Distribution: For writing Title, ‘The Importance of Honesty’ ; 0.5 mark. For writing topic sentence such as, an honest person earns the respect and confidence of others, which strengthens relationships and creates a sense of integrity in society; 1.5 marks. For writing supporting detail sentences such as, in academic and professional life, honesty promotes fairness, accountability, and transparency—qualities that lead to long-term success and inner peace. Dishonesty, on the other hand, may offer temporary gain but ultimately results in distrust, shame, and failure; 1.5 marks. For writing conclusion such as, honesty is not only a personal value but also a pillar of social harmony and moral strength. In every sphere of life, honesty truly proves to be the best policy; 1.5 marks. [ Instructions: * Students must write it within one single para. If it becomes more than one para , 50% marks have to be deducted from the obtained marks. * 0.5 mark will be deducted for one or two grammar or spelling mistakes , 01 mark for three or more grammar or spelling mistakes .]",
230010632374,1733285,Bangla,other,other/230010632374.jpg,,,ভাব-সম্প্রসারণ কর: দ ুর্জন বিদ্বান হইলেও পরিত্যাজ ্য।,"ভাব-সম্প্রসারণ : বিদ্বান সব সমাজেই আদৃত ও সম্ম ানিত । কিন্ তু দ ুর্জন বিদ্বান হলেও সকল সমাজেই ঘৃণিত । ে কননা দ ুর্জন বিদ্বানের ে মাড়কে নিজেকে জড়িয়ে ে রখে নি ®‹ লুষ ে লাককে কলুষিত করতে পারে । দ ুর্জন শãের আভিধানিক অর্থ দ ুষ্ট বা খল ব্যক্তি আর বিদ্বান হলো পণ্ডিত , সুশিক্ষিত , Áানী ইত্যাি দ। কিন্ তু একজন খারাপ ে লাকের শিক্ষার ে জার থ াকলেও তার ে সই শিক্ষার শক্তি মূল্যহীন হয়ে পড়ে তার চারিত্রিক ত্রুটির কারণে । চরিত্র হলো প্রতিটি মানুষের অলংকার । কল্যাণ ও স ত্যের প্রতি তীব ্র অনুরাগই চরিত্রের ৈ বশিষ্ট ্য। চরিত্রবান ব্যক্তি তার সমস্ত Áানকে সত ্য ও কল্যাণের পথে চালিত করে । মানবকল্যাণে নিমগ্ন চরিত্রবান ব্যক্তি অহংকারহীন ও হিংসাদ্বেষহীন সংযত জীবনেই সুখ খু্জে পান । বিদ্যা শিক্ষার উদ্দেশ্যই হচ্েছ চরিত্র গঠন । কিন্ তু, দ ুজ ে নর চিন্তা ও ে চতনা বিদ্যার এ ধারা থেকে বিচু্যত , ফলে সে হয় দ ুর্জন । তাই ে কানো দুর্জ ন ব ্যক্তি বিদ্বান হলে সে তার সমস্ত Áান অমঙ্গলের পথে, অসুন্দরের পথে কাজে লাগানোর ে চষ্টা করে , যা সমাজের জন্য কখনোই কল্যাণকর নয় । দ ুর্জন সমাজের দ ুষ্টক্ষত । তার সাহচযে সুস্থ চিন্তার অধিকারী ও সুন্দ র মনের মানুষের চারিত্রিক öলন হতে পারে । তাই দুর্জ ন ব ্যক্তির বিদ্যার কাছে নত না হয়ে তার সঙ্গ পরিত্যাগ করাই ে শ্রয় । ড. মুহম্মদ এনামুল হকের মতে - ' বাকে ্য, কাযে এবং চিন্তায় সামÄস ্য রক্ষিত হইলে মানুষের মধে ্য যে পবিত্র ভাব ফুটিয়া উঠে তাহাকে চরিত্র বলিয়া অভিহিত করা যায় ।' তাই Áানের পাশাপাশি চরিত্রের এই সত ্য পাঠ সবাইকে মনে রাখতে হবে । দ ুজ ে নর চরিত্রে এতসব গুণের সমাবেশ দে খা যায় না । তাই তাকে সমাজের সুজনও ভাবা যায় না । বিদ্যা অমূল ্য সম্প দ। বিদ্যা মানুষের ে চাখ , মন খুলে দেয় এবং চিন্তাকে করে পরিশু দ্ধ। যার মাধ ্যমে একজন মানুষ তার চরিত্র গঠনের শিক্ষা ে নওয়ার পাশাপাশি বিদ্যা শিক্ষার গুণে সমাজের চারপাশকেও আলোকিত করার স্ব প্ন দেখে। কিন্ তু দ ুর্জন বিদ্বান তার বিদ্যার সফল প্রয়োগ করে না । তার বিদ্য াকে অন্যায় কাজে লাগিয়ে সমাজজীবনকে হুমকির দিকে ে ঠলে দেয়। প্রবা দে আছে যে, ে কানো ে কানো বিষধর সাপের মাথায় মণি থ াকে । মণি বহু মূল্যবান পদা র্থ বটে । কিন্ তু তাই বলে ে যমন মণি লাভের জন্য সাপের সাহচয কামনা বুদ্ধিমানের কাজ নয় , ঠিক ে তমনই দ ুর্জন বিদ্বান হলেও বিদ্য ালাভের জন্য দ ুজ ে নর সাহচর্যও বুদ্ধিমানের কাজ নয় । অসৎ সঙ্গে নিজের সর্বনাশ না করে দুর্জ ন ব ্যক্তিকে এড়িয়ে চলাই উচিত । সমাজে বিদ্বান ও দ ুর্জন ে কানো ে লাকেরই অভাব ে নই । চরিত্রবান বিদ্বানের সাহচযর্ে ই ব ্যক্তিজীবনকে উন্নত করা উচিত । তবেই বিদ্যার প্রক …ত মূল্যায়ন করা হবে ।","নম্ব র বণ্টন : বিদ্বান সব সমাজেই আদৃত ও সম্ম ানিত । কিন্ তু দ ুর্জন বিদ্বান হলেও সকল সমাজেই ঘৃণিত - নির্ধারিত অং শে ে লখার ভাব ঠিকমতো ে বাঝাতে পারলে ০১ নম্ব র । কল্যাণ ও স ত্যের প্রতি তীব ্র অনুরাগই চরিত্রের ৈ বশিষ্ট ্য - নির্ধারিত অং শে ে লখার ভাব ঠিকমতো ে বাঝাতে পারলে ০.৫ নম্ব র । চরিত্রবান ব্যক্তি তার সমস্ত Áানকে সত ্য ও কল্যাণের পথে চালিত করে । মানবকল্যাণে নিমগ্ন চরিত্রবান ব্যক্তি অহংকারহীন ও হিংসাদ্বেষহীন সংযত জীবনেই সুখ খু্জে পান - নির্ধারিত অং শে ে লখার ভাব ঠিকমতো ে বাঝাতে পারলে ০১ নম্ব র । কিন্ তু , দ ুজ ে নর চিন্তা ও ে চতনা বিদ্যার এ ধারা থেকে বিচু্যত , ফলে সে হয় দ ুর্জন - নির্ধারিত অং শে ে লখার ভাব ঠিকমতো ে বাঝাতে পারলে ০.৫ নম্ব র । বিদ্যা মানুষের ে চাখ , মন খুলে দেয় এবং চিন্তাকে করে পরিশু দ্ধ। যার মাধ ্যমে একজন মানুষ তার চরিত্র গঠনের শিক্ষা ে নওয়ার পাশাপাশি বিদ্যা শিক্ষার গুণে সমাজের চারপাশকেও আলোকিত করার স্ব প্ন দেখে - নির্ধারিত অং শে ে লখার ভাব ঠিকমতো ে বাঝাতে পারলে ০১ নম্ব র । প্রবা দে আছে যে, ে কানো ে কানো বিষধর সাপের মাথায় মণি থ াকে । মণি বহু মূল্যবান পদা র্থ বটে । কিন্ তু তাই বলে ে যমন মণি লাভের জন্য সাপের সাহচয কামনা বুদ্ধিমানের কাজ নয় , ঠিক ে তমনই দ ুর্জন বিদ্বান হলেও বিদ্য ালাভের জন্য দ ুজ ে নর সাহচর্যও বুদ্ধিমানের কাজ নয় - নির্ধারিত অংশে ে লখার ভাব ঠিকমতো ে বাঝাতে পারলে ০১ নম্ব র । [বিঃ দ্রঃ দ ুইটি বানান ভুল করলে ০.৫ নম্ব র , তিন বা ততোধিক বানান ভুল করলে ০১ নম্ব র কাটা যাবে , তবে নির্ধারিত অং শে ে লখার ভাব ঠিকমতো ে বাঝাতে না পারলে বরাদ্দক …ত নম্ব র কাটা যাবে ।]"
269127190477,1733285,English,other,other/269127190477.jpg,,"Make meaningful sentences with the following words: Euphoria, Reluctant, Mitigate, Omnipresent, Proactive",,"Euphoria – The entire stadium erupted in euphoria after the team’s last-minute victory. Reluctant – She was reluctant to speak in front of the large crowd. Mitigate – Proper planning can help mitigate the risks of failure. Omnipresent – In the digital age, social media has become almost omnipresent in our lives. Proactive - He played a very proactive role in implementing the project. Mark Distribution: For making meaningful sentence with the following words (0.5×5) =2.5 marks. [ N.B: Any sentence that is meaningful and correct will get allocated marks]",
227634597690,1733285,Biology,other,other/227634597690.jpg,5/2,,শ্বসনের প্রকার ে ভ দ উল্লেখ কর এবং প্রত্যেক প্রকার শ্বসনের ধাপ বা পর্যায়স ম ূ ে হ র নাম লিখ ।,শ্বসন প্রক্রিয়াকে দ ুই ভাগে ভাগ করা যায় । ( ধ ) সবাত শ্বসন ধাপ সমূহ : ( র ) গ্লাইকোলাইসিস (রর) পাইরুভিক অ্যাসিডের অক্সিডেশন বা অ্যাসিটাইল ে কা -এ সৃষ্টি (ররর) ে ক্র বস চক্র বা সাইট্রিক অ্যাসিড চক্র (রা) ইলেকট্রন স্থ ানান্তর ও অি ক্সে ডটিভ ফসফোরাইলেশন ( ন ) অবাত শ্বসন ধাপ সমূহ : ( র ) গ্লাইকোলাইসিস (রর) পাইরুভিক অ্যাসিডের অসম্পূণ জারণ,নম্ব র বণ্টন : সবাত শ্বসন ( র ) গ্লাইকোলাইসিস (রর) পাইরুভিক অ্যাসিডের অক্সিডেশন বা অ্যাসিটাইল ে কা -এ সৃষ্টি (ররর) ক্রে বস চক্র বা সাইট্রিক অ্যাসিড চক্র (রা) ইলেকট্রন স্থ ানান্তর ও অি ক্সে ডটিভ ফসফোরাইলেশন ে লখার জন্য ১ .৫ নম্ব র । অবাত শ্বসন ( র ) গ্লাইকোলাইসিস (রর) পাইরুভিক অ্যাসিডের অসম্পূণ জারণ ে লখার জন্য ০১ নম্ব র । (ে যকোনো ধরনের ভুলে ০.৫ নম্ব র কাটা যাবে ।) [বি. দ্র: শ্বসন প্রক্রিয়াকে দ ুইভাগে ভাগ করা যায় ে লখার জন্য ০.৫ নম্ব র । ]
856389360693,1733285,Biology,other,other/856389360693.jpg,5/2,,"সংÁা লিখ : ( র ) ফ্যা±র , (রর) ে লাকাস , (ররর) ফিনোটাইপ , (রা) জিনোটাইপ , (া) অ্যালিল","সংÁাঃ ( র ) ফ্যা±র (ঋধপঃড়ৎ) বা জিন (এবহব): জীবের ৈ বশিষ্ট ্য নিয়ন্ ¿ণের একককে জিন বলে । অথবা , মূলত ক্রে ামোজোমে অবি স্থত যে ে কানো কার্যকরি একক যাতে রিকি ম্বে নশন সম্ভব এবং যা মিউটেশনে অংশ নিতে পারে তাই জিন । অথবা , উঘঅ এর যে বিশেষ বিশেষ অংশ তথা ে বস-অনুক্রম কমপক্ষে একটি পলিপেপটাইড উৎপা দনের ে কাড বা সংকেত ধারণ করে , তাকে জিন বলে । (রর) ে লাকাস (খড়প্ং): ক্রে ামোজোমে জিনের নিি র্দষ্ট স্থ ান -এর নাম ে লাকাস । (ররর) ফিনোটাইপ (চযবহড়ঃুঢ়ব): জিনোটাইপ দিয়ে নিয়ন্ি¿ত জীবের বাহ্যিক লক্ষণকে ফিনোটাইপ বলে । (রা) জিনোটাইপ (এবহড়ঃুঢ়ব): ে কানো জীবের লক্ষণ নিয়ন্¿ণকারী জিন যুগলের গঠনকে জিনোটাইপ বলে । (া) অ্যালিল বা অ্যালিলোমরফ (অষষবষব ড়ৎ অষষবষড়সড়ৎঢ়য) : সমসং স্থ (যড়সড়ষড়মড়্ং) ক্রে ামোজোম ে জাড়ের নিি র্দষ্ট ে লাকাসে অবস্থ ানকারী নিি র্দষ্ট জিন -ে জাড়ার একটিকে অপরটির অ্যালিল বলে ।",নম্ব র বণ্টন : ৫ টি সংÁা ে লখার জন্য (০.৫ \(\times \) ৫) = ২. ৫ নম্ব র ।
536956783653,1733285,Biology,other,other/536956783653.jpg,5/2,,প্রস্বেদন কী? প্রস্বেদনের প্রকারভেদ উল্লেখ কর এবং প্রত্যেক ক্ষেত্রে প্রস্বেদনের শতকরা হার লিখ।,"প্রস্বেদন: যে শারীরতাত্তিaক প্রক্রিয়ায় উ™্ভিদের বায়বীয় অঙ্গ হতে অতিরিক্ত পানি বা®পাকারে বের হয়ে যায়, তাকে প্রস্বেদন বা বা®পমোচন বলে। প্রস্বেদনের প্রকারভেদ ও প্রস্বেদনের হার নিম্নরূপ: ( র ) পত্ররন্ধ্রীয় প্রস্বেদন (শতকরা ৯৫-৯৮ ভাগ) ( রর ) লেন্িটকুলার প্রস্বেদন (শতকরা ১ ভাগ) ( ররর ) তaকীয় প্রস্বেদন (শতকরা ২-৫ ভাগ)",নম্বর বণ্টন: প্রস্বেদন এর সংÁা লেখার জন্য ০১ নম্বর। প্রস্বেদনের ৩ প্রকারের নাম ও শতকরা হার লেখার জন্য (০.৫ \(\times \) ৩) = ১.৫ নম্বর।
324007168410,1733285,Biology,other,other/324007168410.jpg,2/2,,পত্ররন্ধ্রের ৫টি কাজ লিখ।,পত্ররন্ধ্রের কাজ নিম্নরূপ : (র) সালোকসংশ্লেষণ ও শ্বসনের সময় পত্ররন্ধ্র গ্যাসীয় বিনিময় ঘটায়। (রর) পত্ররন্ধ্র প্রস্বেদন প্রক্রিয়ায় বা®পাকারে পানি বের করে। (ররর) পত্ররন্ধ্রের রক্ষীকোষ সালোকসংশ্লেষণে অংশগ্রহণ করে থাকে। (রা) লু°ায়িত পত্ররন্ধ্র প্রস্বেদনের হার হ্রাস করে। (া) পরিবেশ শীতল থাকে। (ার) অধিক তাপের ক্ষতি থেকে উ™্ভিদাঙ্গ রক্ষা পায়।,নম্বর বণ্টন: পত্ররন্ধ্রের প্াচটি কাজ লেখার জন্য (০.৫ \(\times \) ৫) = ২.৫ নম্বর।
614722037827,1733285,Biology,other,other/614722037827.jpg,5/2,,সাইট্রিক এসিড চক্র বলতে কী বুঝ? ক্রেবস চক্রের তিনটি গুরুতa উল্লেখ কর।,"সাইট্রিক এসিড চক্র ঃ যে চক্রপথে অ্যাসিটাইল ঈড়-অ অক্সালো এসিটিক এসিডের সাথে যুক্ত হয়ে \(C{O}_{2}\) , শক্তি অণু \(\left(ATP,\ NAD{H}_{2},\ FAD{H}_{2}\right)\) উৎপন্ন করে এবং অক্সালো অ্যাসিটিক এসিড পুনঃউৎপাদিত হয় সেটি হলো ক্রেবস চক্র। এ চক্রে প্রথম উৎপন্ন পদার্থ সাইট্রিক এসিড বলে এ চক্রকে সাইট্রিক এসিড চক্র বলে। ক্রেবস চক্রের গুরুতa নিম্ ্নরূপ : (র) ক্রেবস চক্র শক্তি উৎপাদনের প্রধান কেন্দ্রস্থল। শ্বসনে উৎপাদিত অধিকাংশ শক্তি এ চক্রের দ্বারা ঘটে। (রর) এ চক্রে উৎপাদিত জৈব এসিড উ™্ভিদের জৈব এসিড বিপাকে অংশ নেয়। (ররর) থাইমিন, পোরফাইরিন, সাইটোসিন, হিম প্রভ…তি তৈরি হয়। (রা) উৎপন্ন সাক&সিনিক এসিড ক্লোরোফিল অণু সৃষ্টির সাবস্ট্রেট হিসেবে ব্যবহৃত হয়। (া) আমরা শ্বসনে যে কার্বন-ডাই-অক্সাইড ত্যাগ করি তা এ চক্র হতেই উৎপন্ন হয়। (ার) ক্রেবস চক্রে উৎপাদিত একাধিক জৈব এসিড উ™্ভিদের অ্যামিনো এসিড সৃষ্টিতে ব্যবহৃত হয়ে থাকে। (ারর) একটি জীবের বিভিন্ন বিপাকীয় কাজকমর্ের জন্য প্রয়োজনীয় শক্তি ক্রেবস চক্র থেকেই পাওয়া যায়।",নম্বর বণ্টন: সাইট্রিক এসিড চক্র এর সংÁা লেখার জন্য ০.৫ নম্বর। ক্রেবস চক্রের চারটি গুরুতa লেখার জন্য (০.৫ \(\times \) ৪) = ০ ২ নম্বর।
422366546368,1733285,Biology,other,other/422366546368.jpg,,,ঘাসফড়িং - এর ট্রাকিয়া ও ট্রাকিওল এর মধে ্য পা্চটি পার্থক ্য লিখ ।,"ট্রাকিয়া ও ট্রাকিওল এর মধে ্য পার্থক ্য: ট্রাকিয়া : ( র ) শাখা-প্রশাখাযুক্ত বড় ব্যাস বি ি শষ্ট নালি ; ব্যাস প্রায় \(2.5\ μm\) । (রর) হিমোসিলে অবি স্থত। (ররর) বণ রূপার মতে চকচকে। (রা) অভ্যন্তর ভাগ বায়ুপূ ণ থ াকে । (া) অ্যাট্রিয়াম থেকে উৎপন্ন হয়। (ার) ট্রাকিওল ে কাষে পরিসমা্ । (ারর) দে হকোষের প্রত্যক্ষ সানি্নধে ্য থ াকে না । (াররর) অন্তঃপ্রাচীরে ইন্িটমা থ াকায় বায়ু শূন ্য অবস্থ ায় চুপসে যায় না । ( রী ) স্ পাইরাকল থেকে ট্রাকিওল পর্যন্ত \({O}_{2}\) ও \({CO}_{2}\) এর বিনিময় ঘটায়। ট্রাকিওল : ( র ) শাখা-প্রশাখাবিহীন সূক্ষ নালি ; ব্যাস \(1μm\) -এর কম \(\left(0.2μm-0.3μm\right)\) । ( রর ) ে দ হকোষের নিবিড় সানি্নধে ্য অবস্থ ান করে । (র রর ) বণ সাদাটে । ( র া) তরলে পূণ থ াকে । (া) ট্রাকিওল ে কাষ থেকে উৎপন্ন হয়। (ার) দে হকোষে পরিসমা্ । ( ারর ) দে হকোষের ঘনিষ্ট সানি্নধে ্য আসে । (াররর) অন্তঃপ্রাচীর ইন্িটমাবিহীন , বায়ুশূন ্য অবস্থ ায় চুপসে যায় । ( রী ) ট্রাকিওল ে কাষ থেকে দে হকোষ পর্যন্ত ব্যাপন প্রক্রিয়ায় \({O}_{2}\) ও \({CO}_{2}\) এর বিনিম য়ে সাহায ্য করে ।",নম্ব র বণ্টন : ঘাসফড়িং -এর ট্রাকিয়া ও ট্রাকিওল এর মধে ্য প্াচটি পার্থক ্য ে লখার জন্য (০.৫ \(\times \) ৫) = ২. ৫ নম্ব র ।
450055425481,1733285,General Knowledge,other,other/450055425481.jpg,5/2,,উঘঅ - এর ে যকোনো পা্চটি কাজ উল্লেখ কর।,উঘঅ- এর কাজ : ( র ) ক্রে ামোসোমের গাঠনিক উপাদান হিসেবে কাজ করে । (রর) বংশগতির আণবিক ভিত্তি হিসেবে কাজ করে । (ররর) জীবের সকল ৈ বশিষ্ট ্য ধারণ করে এবং নিয়ন্¿ণ করে । (রা) জীবের ৈ বশিষ্ট্যসমূহ বংশপরম্পরায় অধঃস্তন প্রজনে ্ম স্থ ানান্তর করে । (া) জীবের যাবতীয় ৈ বশিষ্ট্যের প্রকাশ ঘটায় । ( ার ) জীবের সকল শারীরতাত্তিaক ও ৈ জবিক কাজ-কমর্ের নিয়ন্¿ক হিসেবে কাজ করে । ( ার র) জীবের পরিবৃত্তির ভিত্তি হিসেবে কাজ করে । (াররর) উঘঅ এবং তার ে হলি ক্সে র ে কানো অংশে ে গালযোগ দে খা দিলে তা ে মরামত করে নিতে সক্ষম । (রী) উঘঅ ে রপ্লিকেশন বা প্রতিলিপন প্রক্রিয়া জীবের জাতিসত্তaা অটুট রাখে এবং প্রজাতি শনাক্তকরণে উঘঅ ভূমিকা রাখে । (ী) জীবকোষের ৈ জবিক সংকেত ে প্ররক হলো উঘঅ ।,নম্ব র বণ্টনঃ উঘঅ- এর ে যকোনো পা্চটি কাজ ে লখার জন্য (০.৫ \(\times \) ৫) = ২.৫ নম্বর।
159326826125,1733285,Biology,other,other/159326826125.jpg,5/2,,গ্যাি স্ট্রক গ্রন্িথর ে কাষ গুে লার নাম ও প্রত্যেকটির কাজ উল্লেখ কর।,গ্যাি স্ট্রক গ্রন্িথর ে কাষ গুে লার নাম ও কাজ নিম্নরূপ : ( র ) অক্সিনটিক ে কাষ : এগুে লা প্যারাইটাল ে কাষ নামে পরিচিত এবং হাইড্রোক্লোরিক এসিড ও ইনট্রিনসিক ফ্যা±র তৈরি করে । (রর) মিউকাস ে কাষ / ে ফি ভ ওলার ে কাষ / গবলেট ে কাষ : এসব ে কাষ পিচ্িছল ক্ষারীয় মিউকাস উৎপন্ন করে । (ররর) আজে ন্ টাফিন ে কাষ : দ ানাদার এসব ে কাষ ে সরো ট নিন নিঃসৃত করে পাক স্থ লির প্রাচীরে অবি স্থত বলয়াকার ে পশি গুে লার ছন্েদ াময় সঙ্কোচন প্রবাহ বা ে পরিসট্যালসিস নিয়ন্¿ণ করে । (রা) জাইমোজেনিক ে কাষ : এদে র চীফ ে কাষও বলে । এ ে কাষ থেকে ে পপসিনোজেন উৎপন্ন হয়। (া) গ্যাি স্ট্রন ে কাষ / জি -ে কাষ / অন্তঃক্ষরা ে কাষ : এরা পলিপেপটাইড হরমোন গ্যাি স্ট্রন ক্ষরণ করে যা গ্যাি স্ট্রক গ্রন্ি থকে এনজাইম ও ঐঈষ নিঃসরণে উদ্দীপিত করে । (ার) এন্টারো ক্রে ামাফিন ে কাষ : এরা হিস্টামিন নিঃসরণ ও সংরক্ষণ করে ।,নম্ব র বণ্টন : গ্যাি স্ট্রক গ্রন্িথর ১টি ে কাষের নাম ও কাজ ে লখার জন্য ০১ নম্ব র । গ্যাি স্ট্রক গ্রন্িথর ২টি ে কাষের নাম ও কাজ ে লখার জন্য ১.৫ নম্ব র । গ্যাি স্ট্রক গ্রন্িথর ৩টি ে কাষের নাম ও কাজ ে লখার জন্য ০২ নম্ব র । গ্যাি স্ট্রক গ্রন্িথর ৪টি ে কাষের নাম ও কাজ ে লখার জন্য ২.৫ নম্ব র । [বি. দ্র: শুধু ৪টি গ্যাি স্ট্রক গ্রন্ি থ ে কাষের নাম লিখলে ০১ নম্ব র পাবে ]
962838348932,1733285,Biology,other,other/962838348932.jpg,5/2,,সেন্ে ট্রাùিয়ার কাকে বলে ? ে সন্িট্রওলের তিনটি কাজ লিখ ।,সেন্ে ট্রাùিয়ার : ে সন্িট্রওলের চারপাশে অবি স্থত গাঢ় তরল পদা র্থকে সেন্ে ট্রাùিয়ার বলে । ে সন্িট্রওলের কাজ নিম্নরূপ : ( র ) ে কাষ বিভাজনের সময় মাকুতন্ তু গঠন করে । (রর) সিলিয়া ও ফ ্ল্যাজেলা সৃষ্টি করে । (ররর) শুক্রাণুর ে লজ গঠন করে । (রা) ে কাষ বিভাজনে সাহায ্য করে ।,নম্ব র বণ্টন : সেন্ে ট্রাùিয়ার এর সংÁা ে লখার জন্য ০১ নম্ব র । ে সন্িট্রওলের তিনটি কাজ ে লখার জন্য (০.৫ \(\times \) ৩) = ১.৫ নম্বর।
760185690049,1733285,Biology,other,other/760185690049.jpg,5/2,,উঘঅ এর ে ভৌত গঠন সম্পকে সংক্ষেপে বর্ণনা দ াও ।,উঘঅ এর ে ভৌত গঠন : ( র ) উঘঅ অণু দ্বিসূত্রক । (রর) সূত্র দ ুটি তৈরি হয় ডিঅক্সিরাইবোজ শু্যগার ও ফসফেটের পযর্ায়ক্রমিক সংযুক্তির মাধ ্যমে। (ররর) উঘঅ অণুর সূত্র দ ুটির প্রতিটি প্য্াচের দৈঘ্র্য \(34\ Å\) । (রা) প্রতিটি ে হলি ক্সে র ব্যাস ২০ \(\ Å\) । (া) প্রতিটি প্যা্চে হাইড্রোজেন বন্ড সংখ্যা ২৫ টি । (ার) উঘঅ অণুতে দ ুটি পরিপূরক পলিনিউক্লিওটাইড শিকল একটি অক্ষকে কেন্দ্র করে ডান আবতে প্যা্চানো থ াকে এবং এভাবে একটি ডবল ে হলি ক্স বা দ্বিতন্¿ী অবস্থা সৃষ্টি হয়। (ারর) ডবল ে হলি ক্সে র প্রতিটি প্যা্চে ১০ ে জাড়া নিউক্লিওটাইড মনোমার থ াকে । (াররর) সূত্র দ ুটি সমদূ রতে a পরস্পর বিপরীতমুখী ( একটি \({5}^{{'}}\rightarrow {3}^{{'}}\) কার্বনমুখী এবং অপরটি \({3}^{{'}}\rightarrow {5}^{{'}}\) কার্বনমুখী) হয়ে অবস্থান করে। (রী) ে হলি ক্সে র প্রতিটি সম্পূণ প্যা্চ বা ঘূর্ণনে শৃঙ্গলের বাইরের দিকে একটি গভীর খা্জ ও একটি অগভীর খা্জ সৃষ্টি হয়। (ী) উঘঅ এর আণবিক ওজন \({10}^{6}-{10}^{9}\) এর মধ্যে।,নম্ব র বণ্টনঃ উঘঅ এর ে ভৌত গঠন সম্পকে প্াচটি তথ্য ে লখার জন্য (০.৫ \(\times \) ৫) = ২.৫ নম্বর।
573244464395,1733285,Biology,other,other/573244464395.jpg,5/2,,ে কাষঝিল্লিতে উপি স্থত ে প্রাটিনসম ূে হর নাম লিখ । ে কাষঝিল্লির সাথে ে কাষ প্রাচীরের তিনটি প্রধান পার্থক ্য উল্লেখ কর।,"ে কাষ ঝিল্লিতে তিন ধরনের ে প্রাটিন থ াকে । যথা : ( র ) ইনটিগ্রাল ে প্রাটিন / অন্তনর্িহিত ে প্রাটিন (রর) ে পরিফেরাল ে প্রাটিন / প্রান্তীয় ে প্রাটিন / বাহ্যিক ে প্রাটিন (ররর) লিপিড সম্পৃক্ত ে প্রাটিন ে কাষঝিল্লির সাথে ে কাষ প্রাচীরের পার্থক ্য: ে কাষ প্রাচীর : ( র ) সজীবতা : ে কাষ প্রাচীর নিজর্ীব তথা জড় (রর) অবস্থ ান : ে কাষ প্রাচীর উি ™্ভদ ে কাষের ৈ বশিষ্ট ্য, ে কাষঝিল্লির বাইরে অবি স্থত। (ররর) গঠন : প্রধানত ে সলুলোজ নিমর্িত : জড়, শক্তি, ভেদ্য প্রাচীরযুক্ত। (রা) কাজ : প্রধান কাজ হলো ে কাষের আকার-আক … তি নিয়ন্¿ণ এবং ে কাষকে দৃ ঢ়তা প্রদান । (া) অলংকরণ : ে গৌণস্তরের বিশেষ বিন্যাসের জন্য নানাবিধ অলংকরণ দে খা যায় । ে কাষঝিল্লি : ( র ) সজীবতা : ে কাষঝিল্লি সজীব । (রর) অবস্থ ান : ে কাষঝিল্লি উি ™্ভদ ও প্রাণী উভয় প্রকার ে কাষে থ াকে । (ররর) গঠন : প্রধানত ে প্রাটিন ও লিপিড সমন্ ্বয়ে গঠিত : জীবন , স্িথ তি স্থ াপক ও অর্ধভেদ্য পর্দাযুক্ত। (রা) কাজ : প্রধান কাজ হলো ে কাষের ে ভতর-বাইরে প্রয়োজনীয় ব স্তু র চলাচল নিয়ন্¿ণ এবং ে কাষ স্থ ে প্রাটোপ্লাজমীয় অংশ সংরক্ষণ । (া) অলংকরণ : ে কানোরূপ অলংকরণ দে খা যায় না ।",নম্ব র বণ্টন : ে কাষঝিল্লিতে উপি স্থত ১/২টি ে প্রাটিনের নাম ে লখার জন্য ০.৫ নম্ব র । ে কাষঝিল্লিতে উপি স্থত ৩টি ে প্রাটিনের নাম ে লখার জন্য ০১ নম্ব র । ে কাষঝিল্লির তিনটি কাজ ে লখার জন্য (০.৫ \(\times \) ৩) = ১.৫ নম্বর।
853416882190,1733285,Biology,other,other/853416882190.jpg,5/2,,ঞৎধহংপৎরঢ়ঃরড়হ ও ঞৎধহংষধঃরড়হ এর মধে ্য প্াচটি পার্থক ্য লিখ ।,"ঞৎধহংপৎরঢ়ঃরড়হ ও ঞৎধহংষধঃরড়হ এর মধে ্য পার্থক ্য নিম্নরূপ : ( র ) উঘঅ অণুতে গ্রথিত রাসায়নিক তথ্যগুে লাকে জঘঅ ( সজঘঅ ) অনুতে কপি করার প্রক্রিয়াকে বলা হয় ট্রাÝক্রিপশন । ( রর) এক্ষেত্রে অঞচ , এঞচ , ঈঞচ ও টঞচ উপকরণ গুে লা ব্যবহৃত হয়। ( ররর) এ প্রক্রিয়াটি ে কাষের নিউক্লিয়াসের মধে ্য সংঘটিত হয়ে থ াকে । ( রা) ট্রাÝক্রিপশন প্রক্রিয়াটি রাইবোসোমের সাথে সম্পকর্িত নয় । ( া) এ প্রক্রিয়ায় জঘঅ পলিমারেজ এনজাইম গু রুতaপূণ ভূমিকা রাখে । ( ার) ে প্রামোটারে সংযুক্ত হওয়ার পর জঘঅ পলিমারেজ প্র থমে উঘঅ এর পাক খুলে ে নয় । ( র ) সজঘঅ ে থকে ে প্রাটিন ৈ তরির প্রক্রিয়াকে বলা হয় ট্রাÝলেশন । ( রর) এক্ষেত্রে সাধারণত ২০টি অ্যামিনো অ্যাসিড ব্যবহৃত হয়। ( ররর) এ প্রক্রিয়াটি সাইটোপ্লাজমে সংঘটিত হয়। ( রা) ট্রাÝলেশন প্রক্রিয়াটি ে কাষের রাইবোসোমের সাথে সংশ্লিষ্ট । ( া) এ প্রক্রিয়ায় অ্যাকটিভেটিং এনজাইম গু রুতaপূণ ভূমিকা পালন করে । ( ার) এনজাইমে ঃজঘঅ এর সাথে নিি র্দষ্ট অ্যামিনো অ্যাসিড সংযুক্তির পর ে বর হয়ে যায় এবং অগচ পরে এনজাইমে মুক্ত হয়।",নম্ব র বণ্টনঃ ঞৎধহংপৎরঢ়ঃরড়হ ও ঞৎধহংষধঃরড়হ এর মধে ্য প্াচটি পার্থক ্য ে লখার জন্য (০.৫ \(\times \) ৫) = ২.৫ নম্বর।
848842247572,1733285,Biology,other,other/848842247572.jpg,5/2,,ে হপাটিক সাইজোগনি কাকে বলে ? ম্যালেরিয়া পরজীবীর সাইজোগনি ও স্ে পারোগনির মধে ্য চার টি পার্থক ্য লিখ ।,"ে হপাটিক সাইজোগনিঃ মানুষের যক …ত ে কাষে সংঘটিত ম্যালেরিয়া পরজীবীর বহুভাজন প্রক্রিয়ায় অযেৌন জননই ে হপাটিক সাইজোগনি । ম্যালেরিয়া পরজীবীর সাইজোগনি ও স্ে পারোগনির মধে ্য পার্থক ্য: সাইজোগনি : (১) ে পাষকের যে স্থ ানে ঘটে: মানুষের যক …ত ও ে লাহিত কণিকায়। (২) মধ্যবতী ধাপসমূহ : ে মরোজয়েট , ট্রে ফাজয়েট , সাইজন্ট , সিগনেট রিং ও ে রাজেট এ চক্রে র মধ্যবতী ধাপ । (৩) সর্বশেষ ধাপ : গ্যামিটোসাইট । (৪) হিমোজয়েন : এ চক্রে র ে শষের দিকে হিমোজয়েন সৃষ্টি হয়। (৫) ে পাষক দেহে প্রতিক্রিয়া : কা্পুনিসহ জ্বর , ে স স ঙ্গে অন্যান ্য উপসগ । (৬) চক্রে র পুনরাবৃত্তি : ঘটে। (৭) গ্যামিট : সৃষ্টি হয় না । (৮) জাইগোট : ে যহেতু গ্যামিট সৃষ্টি হয় না তাই জাইগোট উৎপন্ন হওয়ার ে কানো সম্ভ াবনা ে নই । স্ে পারোগনি : (১) ে পাষকের যে স্থ ানে ঘটে: মশকী র ক্রপের মধে ্য এবং হিমোসিলে । (২) মধ্যবতী ধাপসমূহ : এ চক্রে গ্যামিট , জাইগোট , উওকিনেট , উওসি স্ট ও স্ে পারোজয়েট দে খা যায় । (৩) সর্বশেষ ধাপ : স্ে পারোজয়েট । (৪) হিমোজয়েন : কখনোই হিমোজয়েন সৃষ্টি হয় না । (৫) ে পাষক দেহে প্রতিক্রিয়া : ে তমন ে কানো প্রতিক্রিয়া দে খা যায় না । (৬) চক্রে র পুনরাবৃত্তি : ঘটে না । (৭) গ্যামিট : সৃষ্টি হয়। (৮) জাইগোট : পুং ও স্¿ী গ্যামিটের মিলন ঘটিয়ে জাইগোট সৃষ্টি করে ।",নম্ব র বণ্টনঃ ে হপাটিক সাইজোগনি সংÁা ে লখার জন্য ০.৫ নম্ব র । ম্যালেরিয়া পরজীবীর সাইজোগনি ও স্ে পারোগনির মধে ্য চারটি পার্থক ্য ে লখার জন্য (০.৫ \(\times \) ৪ ) = ০২ নম্ব র ।
573799693167,1733285,Biology,other,other/573799693167.jpg,5/2,,লোহিত রক্তকণিকার প্াচটি কাজ উল্লেখ কর।,লোহিত রক্তকণিকার কাজ নিম্নরূপ : (র) লোহিত কণিকার হিমোগ্লোবিন ফুসফুস থেকে দেহকোষে অধিকাংশ \({O}_{2}\) এবং সামান্য পরিমাণ \(C{O}_{2}\) পরিবহন করে। (রর) রক্তের ঘনতa ও সান্দ্রতা রক্ষা করে। (ররর) এগুলোর হিমোগ্লোবিন ও অন্যান্য অন্তঃকোষীয় ব স্তু বাফাররূ পে রক্তে অম্ল-ক্ষারের সমতা রক্ষা করে। (রা) প্লাজমাঝিল্লিতে অ্যান্িটজেন প্রোটিন সংযুক্ত থাকে যা মানুষের ব্লাড গ্রুপ নির্ণয়ে সহায়তা করে। (া) এসব কণিকা রক্তে বিলিরুবিন ও বিলিভাডর্িন উৎপন্ন করে । (ার) লোহিত রক্তকণিকা এনজাইমরূপী নাইট্রিক অক্সাইড উৎপাদন করতে পারে যা এন্ডোথেলিয়াল কোষের খ-ধৎমরহরহব এর মতো ব্যবহৃত হয়। (ারর) এরা হাইড্রোজেন সালফাইড গ্যাস উৎপাদন করে যা রক্তনালির সংকোচনের জন্য সংকেত প্রদান করে। (াররর) এরা অনেক সময় দেহের অনাক্রম্যতায় সাড়া প্রদান করে। ব্যাকটেরিয়া দ্বারা আক্রান্ত হলে লোহিত রক্তকণিকার হিমোগ্লোবিন থেকে এক ধরনের মুক্ত আয়ন সৃষ্টি হয় যা জীবাণুর কোষপ্রাচীর ভেঙ্গে দিয়ে একে ধŸংস করে।,নম্বর বণ্টন: লোহিত রক্তকণিকার ৫ টি কাজ লেখার জন্য (০.৫ \(\times \) ৫) = ২.৫ নম্বর।
213994525041,2146329,General Knowledge,other,other/213994525041.jpg,10/10,Fill in the blanks :,[ শূন ্যস্থ ান গুে লা পূরণ কর : ],\(\boxed{{H}_{2}O}+{C}_{12}{H}_{22}{O}_{11}{\underset{\boxed{37^{\circ} C}}{ \xrightarrow{\boxed{invertase}}}}{C}_{6}{H}_{12}{O}_{6}+\ \boxed{{C}_{6}{H}_{12}{O}_{6}}\) \({C}_{6}{H}_{12}{O}_{6}{\underset{\boxed{20-24^{\circ} C}}{ \xrightarrow{\boxed{zymase}}}}\ 2\ \boxed{C{H}_{3}C{H}_{2}OH}+2C{O}_{2}\) \(\boxed{C{H}_{3}C{H}_{2}OH}+{O}_{2} \xrightarrow[\boxed{acetobacter}]{}C{H}_{3}COOH+\boxed{{H}_{2}O}\),নম্বর বণ্টনঃ (র) এর ৪টি শূন ্যস্থ ানের (০১ \(\times \) ০৪) = ০৪ নম্ব র । (রর) এর ৩টি শূন ্যস্থ ানের (০১ \(\times \) ০৩) = ০৩ নম্ব র । (ররর) যেকোন সঠিক বিক্রিয়ার জন্য ০৩ নম্বর।
124368951392,2146329,English,other,other/124368951392.jpg,10/10,Change the sentences as directed. (a) She sings beautifully. (Negative) ‎(b) The teacher is very kind. (Exclamatory) ‎(c) I am going to school. (Interrogative) ‎(d) They will win the match. (Negative) ‎(e) What a lovely day it is! (Assertive) ‎(f) The scenery is very beautiful. (Exclamatory) ‎(g) We have completed the task. (Interrogative) ‎(h) None but the brave deserve the fair. (Affirmative) ‎( i ) I can always count on you. (Interrogative) ‎(j) I like chocolate. (Negative),,\(\left(01\times 10\right)=10\),
683897987713,2146329,English,other,other/683897987713.jpg,5/10,"Correct the following sentences: (a) He did not pay attention on what the teacher said. ‎(b) She insisted to go there alone. ‎(c) The police caught the thief red handed. ‎(d) He is superior than me in mathematics. ‎(e) Despite of his illness, he attended the meeting. ‎(f) The teacher emphasized on the importance of discipline. ‎(g) He was prevented to enter the room. ‎(h) I am not accustomed with such behavior. ‎( i ) The news are very surprising. ‎(j) He described about the incident in detail.",,\(\left(01\times 10\right)=10\),
580259111005,2146329,English,other,other/580259111005.jpg,9/10,"Fill in the blanks with appropriate preposition: Bangladesh is rich (a) _____ biodiversity, including forests, rivers, wetlands, and wildlife. However, many species are now (b) _____ threat due (c) _____ deforestation, pollution, and climate change. The Sundarbans, known (d) _____ the largest mangrove forest in the world, plays an important role (e) _____ maintaining ecological balance. Various laws have been introduced (f) _____ protect wildlife, but lack (g) _____ awareness among people hampers conservation efforts. Active participation (h) _____ local communities is essential ( i ) _____ the success (j) _____ biodiversity conservation programs.",,\(\left(01\times 10\right)=10\),
664868957852,2146329,English,other,other/664868957852.jpg,10/10,"Fill in the blanks with suitable articles: Niagara Falls is (a) _____ world-famous waterfall located on (b) _____ border between the United States and Canada. Every year, (c) _____ large number of tourists travel from different countries to witness (d) _____ natural beauty and force of the falling water. During (e) _____ summer months, the area becomes crowded with visitors. At night, (f) _____ illumination of the falls creates (g) _____ breathtaking view. For many travelers, seeing the falls is (h) _____ unforgettable experience and remains ( i ) _____ highlight of their journey to (j) _____ region.",,\(\left(01\times 10\right)=10\),
512541449269,2146329,English,other,other/512541449269.jpg,9/10,"Fill in the blanks with the right forms of the verbs given in the bracket: (a) It is she who _____ responsible for organizing the event. (to be) ‎(b) As long as the weather _____ fine, we continued our journey. (to remain) ‎(c) The teacher saw the students _____ attentively in the class. (listen) ‎(d) He spoke loudly so that everyone _____ hear him clearly. (can) ‎(e) By _____ hard, one can achieve success in life. (work) ‎(f) We noticed the baby _____ loudly in the next room. (cry) ‎(g) Unless he _____ careful, he may fall into trouble. (to be) ‎(h) The soldier fought bravely so that his country _____ remain free. (may) ‎( i ) She prefers _____ alone rather than in a group. (work) ‎(j) The man pretended _____ unaware of the situation. (be)",,\(\left(01\times 10\right)=10\),
294078379039,2146329,English,other,other/294078379039.jpg,3/5,Change the following words as instructed in the brackets : (a) Spinster (masculine) (b) Acquisition (verb) (c) Residual (antonym) (d) Propagate (synonym) (e) Maintain (Noun),,\(\times \),
883001385318,2146329,English,other,other/883001385318.jpg,5/5,Transform the following sentences as directed : (a) Only Allah can help us. (Make it negative) (b) My hair grows very fast. (Make it exclamatory) (c) Let the boy be warned. (Make it active) (d) I read books for pleasure. (Make it complex) (e) I am sure that he will succeed. (Make it simple),,\(\times \),
574696805907,2146329,English,other,other/574696805907.jpg,4/5,"Answer the following questions according to the instructions: (a) In English if two different words have the same spelling and pronunciation they are called- (b) “You can go wherever you like. ” The underlined clause is a/an- (c) Choose the appropriate gender for the blank space of the sentence- ‘The ____ gave birth to three puppies.’ (d) What is the correct meaning of the idiom, ‘A sleeping partner’? (e) Identify the correct sentence. ( i ) Which color you prefer, the red or the blue (ii) Which colour you prefer, the red or blue (iii) Which colour do you prefer, the red or the blue? (iv) Which colour you prefer more, the red or blue?",,\(\times \),
820364978208,2146329,English,other,other/820364978208.jpg,2/5,Answer the following questions : (a) The idiom ‘going south’ refers to _____. (b) British Bangalis are _____ important part of _____ Bangladeshi diaspora who are living abroad. (Use appropriate articles in the gaps.) (c) What is the adjective of the word “Enthusiasm”? (d) What does the phrase “Sine Die” mean? (e) Pick the correct sentence: ( i ) I owe to you (ii) I am owing to you (iii) I owe you (iv) I owe at you,,\(\times \),
725642146702,2146329,ICT,other,other/725642146702.jpg,10/10,Prepare a Truth Table for the logic circuit shown in Figure.,[ চিত্রে প্রদশর্িত লজিক বর্তনীটির জন্য ট্রু থ ে টবিল তৈরি কর। ],\({y}_{1}=\overline{AB}\ \) \(\ {y}_{2}=\overline{A{y}_{1}}=\overline{A.\ \overline{AB}}=\overline{A(\overline{A}+\overline{B})}=\overline{A\ \overline{B}}=\overline{A}+B\) \({y}_{3}=\overline{B{y}_{1}}=\overline{B.\ \ \overline{AB}}=\overline{B.\left(\overline{A}+\overline{B}\right)}=\overline{B.\ \overline{A}}=\overline{B}+A\) \(Y=\overline{{y}_{2}{\ y}_{3}}=\overline{{y}_{2}}+\overline{{y}_{3}}=\overline{\overline{A}+B}+\overline{\overline{B}+A}\) \(=\overline{\overline{{A.}}}\ \overline{B}+\overline{\overline{{B.}}}\ \overline{A}=A.\ \overline{B}+B.\ \overline{A}\) \(=A⊕B\),নম্ব র বণ্টনঃ \({y}_{1}=\overline{AB}\ \) ; নির্ণয় করার জন্য ০১ নম্ব র । \({y}_{2}=\overline{A}+B\) ; নির্ণয় করার জন্য ০১ নম্বর। \({y}_{3}=\overline{B}+A\) ; নির্ণয় করার জন্য ০১ নম্বর। \(Y=A⊕B\) ; নির্ণয় করার জন্য ০২ নম্ব র ।
183597678310,2146329,ICT,other,other/183597678310.jpg,10/10,Write the Boolean expression for the logic circuit shown in the figure and create its truth table.,[ চিত্রে দে খানো লজিক বর্তনীর বুলিয়ান সম্পক লিখ এবং এর ট্রু থ ে টবিল তৈরি কর। ],বুলিয়ান সম্পক : \(Y=AB+\overline{A}\overline{B}\) নম্ব র বন্টনঃ বুলিয়ান সম্পক লিখার জন্য ০৪ নম্ব র ট্রু থ ে টবিল তৈরি করার জন্য ০৬ নম্ব র,
641796692565,2146329,English,other,other/641796692565.jpg,2/5,Fill in the gaps with appropriate preposition: (a) The food is not___ my taste. (b) He drove__ a speed of 60 mile per hour. (c) Find out the clue___ the mystery. (d) His salary is not adequate___ the volume of work he has to do. (e) Water eats___ irons.,,\(\left(01\times 05\right)=05\),
527455387284,2146329,English,other,other/527455387284.jpg,5/5,Rewrite the following sentences using right form of verbs: (a) It was nearly seven years since I (see) you. (b) Progress always (involve) risk. (c) It is high time he (change) his bad habits. (d) He ran away having (see) the police. (e) His pocket has been (tear).,,\(\left(01\times 05\right)=05\),
153821641733,2146329,English,other,other/153821641733.jpg,2/5,"Transform the following sentences as directed: (a) The slaughtering of the monster was one of the toughest jobs that he performed. (Make it positive) (b) Bangladesh is one of the strongest teams in the one-day cricket. (Make it comparative) (c) Evil thoughts made up his mind. (Make it passive) (d) What has been expected by the poor from the rich? (Make it active) (e) According to the story, no other man in the village was as wise as Nambi. (Make it superlative)",,\(\left(01\times 05\right)=05\),
976635272060,2146329,English,other,other/976635272060.jpg,3/5,Fill in the gaps with appropriate articles: (a) This is ___ unique opportunity. (b) We had___ good breakfast yesterday. (c) The teacher pulled the boy by__ ear. (d) The horse is ___ faithful animal. (e) ___ poet Nazrul is our pride.,,\(\left(01\times 05\right)=05\),
890175580556,2146329,Biology,other,other/890175580556.jpg,5/2,,উ্ঃঃধঢ়যৎুহ্ং সবষধহড়ংঃরপঃ্ং ে কান শ্রেণীভুক্ত প্রাণী ? উক্ত ে শ্রণির ৪টি ৈ বশিষ্ট ্য লিখ ।,"উ্ঃঃধঢ়যৎুহ্ং সবষধহড়ংঃরপঃ্ং ( কু ্যে নাব্যাঙ ) অসঢ়যরনরধ শ্রেণীভুক্ত প্রাণী । অসঢ়যরনরধ ে শ্রণির ৈ বশিষ্ট ্য: ১। গ্রন্িথময় তaকবিশিষ্ট , এ±ে াথামর্িক (বপঃড়ঃযবৎসরপ; দেে হর তাপমাত্রা পরিবেশের তাপমাত্রার সাথে উঠানামা করে ) চতু®পদী ে মরুদণ্ড প্রাণী । ২। লার্ভা অবস্থ ায় জলচর , কিন্ তু প ূর্ণাঙ্গ অবস্থ ায় জলচর বা স্থ লচর । ৩। তaক মসৃণ , আদ্র্র, গ্রন্িথময় ; শ্বসনেও সাহায ্য করে । ৪। অগ্রপ দে চারটি ও পðাৎপ দে প্াচটি করে নখরবিহীন আঙ্গুল থ াকে । ৫। লার্ভা দ শায় ফুলকা ও পরিণত অবস্থ ায় ফুসফুস , তaক ও মুখবিবরীয় মিউকাস ঝিল্লির মাধ ্যমে শ্বসন ঘটে। ৬। হৃৎপিণ্ড তিন প্রকোষ্ঠবিশিষ্ট - দ ুটি অ্যাট্রিয়া (অলিন্দ) এবং একটি ে ভন্িট্রকল ( নিলয় ); ে রনাল ও ে হপাটিক ে পার্টাল তন্ ¿ উন্নত । ৭। একলিঙ্গ প্রাণী ; জননকালে বহিঃনিষেক ঘটে; জীবন চক্রে ট্যাডপোল লার্ভা দ শা বিদ্য মান । নম্ব র বন্টন : উ্ঃঃধঢ়যৎুহ্ং সবষধহড়ংঃরপঃ্ং ( কু ্যে নাব্যাঙ ) অসঢ়যরনরধ শ্রেণীভুক্ত প্রাণী ে লখার জন্য ০.৫ নম্ব র । অসঢ়যরনরধ শ্রেণীভুক্ত প্রাণীর ৪টি শনাক্তকারী ৈ বশিষ্ট ্য ে লখার জন্য (০.৫ \(\times \) ৪) = ০২ নম্বর।",
999770221428,2146329,Biology,other,other/999770221428.jpg,1/2,,"প্রাথমিক , মাধ্যমিক ও চূড়ান্ত পর্যায় থেকে ম্যালেরিয়া ে রাগের ৫ টি লক্ষণ লিখ ।( প্রত্যেক পর্যায় থেকে ে লখা আবশ্যক )","ম্যালেরিয়া ে রাগের লক্ষণসমূহ : ১। ে রাগের প্রাথমিক পর্যায়ে - ( র ) বমিবমি ভাব , ক্ষুধাম ন্দা, অনিদ্রা , ে কাষ্ঠকাঠিন ্য এবং খাবারে অনীহা দে খা দেয়। (রর) মাথা ব্যথা , অস্িথ সন্ধিতে ব্যথা , ে পশির ব্যথা এবং শীত শীত ভাব অনুভূত হয়। ২। ে রাগের মাধ্যমিক পর্যায়ে : ( র ) প্রচন্ড কা্পুনি দিয়ে ৪৮ ঘণ্টা পর পর জ্বর আসে । (রর) জ্বর উচ্চ তাপমাত্রার হয় \(\left(104^{\circ} -106^{\circ} F\right)\) পর্যন্ত। (ররর) কয়েক ঘণ্টা পর ঘাম দিয়ে জ্বর ে ছড়ে যায় । (রা) জ্বরের প্রকোপ সাধারণত পূর্বাহ্নে বা অপরাহ্নে হয়। (া) জ্বর প্রতি ২-৩ দিন পরপর আসে । (ার) ম্যালেরিয়া জ্বরের তিনটি অবস্থা লক্ষ ্য করা যায় - (ক) শীত অবস্থা (২০ মিনিট থেকে ১ ঘণ্টা স্থ ায়ী হয়), (খ) উত্তাপ অবস্থা (২-৪ ঘণ্টা স্থ ায়ী হয়) এবং (গ) ঘাম অবস্থা (২-৩ ঘণ্টা স্থ ায়ী হয়)। ৩। ে রাগের চূড়ান্ত পর্যায়ে : ( র ) দ ীর্ঘদিন ধরে এ ে রাগে আক্রান্ত ে রাগীর যক …ত ও প্লীহা অস্ব াভাবিকভাবে ùীত হয়। আক্রান্ত ে রাগীর প্লীহা থেকে লাইসোলেসিথিন নামক পদা র্থ নিঃসৃত হয় যা অনেক স্ব াভাবিক রক্তকণিকা ধŸংস করে । (রর) ে রাগীর খা দ্য পরিপাকে ব্যাঘাত ঘটে। (ররর) পরজীবী হিমোলাইসিন নামক অ্যান্িটবডি উৎপন্ন করে যা ে লাহিত রক্তকণিকাগুে লার ব্যাপকভাবে ধŸংস সাধন করে , ফলে দেহে মারাত্মক রক্তশূন্যতা দে খা দেয় এবং ে রাগী দ ুর্বল হয়ে শেষ পর্যন্ত মারা যায় । নম্ব র বন্টন : প্রাথমিক , মাধ্যমিক ও চূড়ান্ত পর্যায় থেকে ম্যালেরিয়া ে রাগের ৫ টি লক্ষণ ে লখার জন ্য( ০.৫ \(\times \) ৫) = ২.৫ নম্বর।",
401134773641,2146329,Bangla,other,other/401134773641.jpg,,,"সারমর্ম লেখ: বহুদিন ধরে বহু ক্রোশ দূরে বহু ব্যয় করি বহু দেশ ঘুরে দেখিতে গিয়াছি পর্বতমালা, দেখিতে গিয়াছি সিন্ধু। দেখা হয় নাই চক্ষু মেলিয়া ঘর হতে শুধু দুই পা ফেলিয়া একটি ধানের শিষের উপরে একটি শিশির বিন্দু।",সারমর্ম: প্রচুর অর্থ ও সময় খরচ করে এবং যথেষ্ট কষ্ট করে মানুষ দূরদূরান্েতর সেৌন্দর্য উপভোগ করতে ছুটে যায়। কিন্তু ঘরের কাছের অনুপম সেৌন্দর্যটুকু লক্ষ না করলে সেৌন্দর্য উপভোগের বিষয়টি কখনোই পূর্ণতা পায় না।,নম্বর বণ্টন: প্রচুর অর্থ ও সময় খরচ করে এবং যথেষ্ট কষ্ট করে মানুষ দূরদূরান্েতর সেৌন্দর্য উপভোগ করতে ছুটে যায় - নির্ধারিত অংশে লেখার ভাব ঠিকমতো বোঝাতে পারলে ১.৫ নম্বর। কিন্তু ঘরের কাছের অনুপম সেৌন্দর্যটুকু লক্ষ না করলে সেৌন্দর্য উপভোগের বিষয়টি কখনোই পূর্ণতা পায় না - নির্ধারিত অংশে লেখার ভাব ঠিকমতো বোঝাতে পারলে ০১ নম্বর। [বিঃ দ্রঃ চার বাক্যের বেশি লিখলে ৫০% নম্বর পাবে । ]
849935010702,2146329,Bangla,other,other/849935010702.jpg,,,বাক ্য বলতে কী ে বাঝ ? একটি সার্থক বাক ্য গঠনে কী কী ৈ বশিষ্ট ্য থ াকা আবশ্যক ? উদাহরণসহ আলোচনা কর।,"অর্থ বহ কথাকে বাক ্য বলে । অর্থ াৎ কিছু শãসমন্ ্বয়ে মনের ভাব প্রকাশের প্রক্রিয়াকে বাক ্য বলে । যে সুবিন ্যস্ত শãসমষ্টি দ্বারা ে কানো বিষয়ে বক্তার মনোভাব সম্পূর্ণরূপে প্রকাশিত হয়, তাকে বাক ্য বলে । বাক্যের পূর্ণতা সুশ ৃ• খল এবং ভাবগত ও অর্থগত ে মলবন্ধনকে বাক্যের গুণ বলে । একটি সার্থক বাক্যের তিনটি গুণ থ াকা জরুরি । যথা । ১. আকা •ক্ষা ২. আসত্তি ৩. ে যাগ্যতা । ১. আকা •ক্ষা: বাক্যের অর্থ পরি ®‹ ারভাবে ে বাঝার জন্য এক পদে র পরে অন্য পদ ে শানার যে ইচ্ছা , তাকে আকা •ক্ষা বলে ।। ে যমন - সূয দিনে আলো ...। এই বাকে ্য 'দেয়' শãটি বসালে বাক্যের আকা •ক্ষা পূরণ হয়। ২. আসত্তি : বাক্যের অর্থসঙ্গতি রক্ষার জন্য সুশ ৃ• খল শãবিন্যাসই আসত্তি । ে যমন - স্ব াধীন দেশ করেছেন বীর সন্তানরা । এই বাক্যের আসত্তি বজায় থ াকে এভাবে লিখলে - বীর সন্তানরা দেশ স্ব াধীন করেছেন । ৩. ে যাগ্যতা : বাক্যের অন্তর্গত শãসম ূে হর অর্থগত ও ভাবগত মিলকে ে যাগ্যতা বলে । বাহুল ্য বর্জন , গু রুচণ্ডালী দে াষ মুক্ত, রীতিসি দ্ধ অর্থ বাচকতা ইত্যাি দ বজায় রাখলে বাক্যের ে যাগ্যতা রক্ষা হয়। ে যমন - সকল ছাত্রছাত্রীব ৃন্দরা ক্লাসে উপি স্থত রয়েছে । এখানে ' বৃন্দরা ' না বসালে বাক্যের ে যাগ্যতা রক্ষা পায় ।",নম্ব র বণ্টন : বাক ্য কাকে বলে ে লখার জন্য ০১ নম্ব র সার্থক বাক ্য গঠনের ৩ টি গুণ/ৈ বশিষ্ট্যের নাম ে লখার জন্য ০১ নম্ব র । ১ টি ৈ বশিষ্ট ্য সংÁা ও উদাহরণ সহ ে লখার জন্য ০১ নম্ব র । ২ টি ৈ বশিষ্ট ্য সংÁা ও উদাহরণ সহ ে লখার জন্য ০২ নম্ব র । ৩ টি ৈ বশিষ্ট ্য সংÁা ও উদাহরণ সহ ে লখার জন্য ০৩ নম্ব র ।
262382796073,2146329,Biology,other,other/262382796073.jpg,5/2,,উঘঅ রেপ্লিকেশনে নিম্ে্নাক্ত এনজাইম গুলোর ভূমিকা লিখ। (র) টপোআইসোমারেজ (রর) উঘঅ হেলিকেজ (ররর) লাইগেজ (রা) প্রাইমেজ (া) ঝঝইচ,উঘঅ রেপ্লিকেশনে এনজামের ভূমিকা: (র) টপোআইসোমারেজ: উঘঅ অণুকে অতিমাত্রায় প্য্াচানো অবস্থা থেকে মুক্ত করে থাকে। (রর) উঘঅ হেলিকেজ: রেপ্লিকেশন ফকর্ে উঘঅ ডাবল হেলিক্স প্য্াচগুলো খুলে দেয়। (ররর) লাইগেজ: ওকাজাকি খণ্ডকে পরিপূরক স্ট্র্যান্ডে যুক্ত করে। (রা) প্রাইমেজ: জঘঅ প্রাইমারকে স্ট্র্যান্ডের প্রান্েত যুক্ত করে। (া) ঝঝইচ: উঘঅ অণুর একক স্ট্র্যান্ডে সংযুক্ত হয় যাতে এরা পুনরায় দ্বি-তন্¿ী অবস্থায় ফিরে না আসে।,নম্বর বণ্টন: পা্চটি এনজাইমের ভূমিকা লেখার জন্য (০.৫ \(\times \) ৫) = ২.৫ নম্বর।
378915491029,2146329,English,other,other/378915491029.jpg,,"Make meaningful sentences with the following words: Ubiquity, Juxtapose, Meticulous, Transient, Debilitate",,"Ubiquity – The ubiquity of smartphones has transformed how people communicate and access information. Juxtapose – The photographer juxtaposed urban decay with natural beauty to create a powerful visual contrast. Meticulous – The editor is known for her meticulous attention to detail when reviewing manuscripts. Transient – The storm was transient, lasting only a few minutes before the sun came out again. Debilitate – The disease can debilitate patients to the point where they need constant care. Marks Distribution: For making meaningful sentences with the given words, (0.5×5) =2.5 marks.",
561625564238,2146329,English,other,other/561625564238.jpg,,"Read the following extract and answer the questions that follow: My name is Ozymandias, king of kings; ‎ Look on my Works, ye Mighty, and despair! ‎ Nothing beside remains. Round the decay ‎ Of that colossal Wreck, boundless and bare ‎ The lone and level sands stretch far away. (a) How does the poem reflect the difference between Ozymandias's claim and reality? (b) What impression do the ‘lone and level sands’ create at the end of the poem?",,"(a) Ozymandias proudly calls himself ‘king of kings’ and tells others to admire his greatness. However, in reality, nothing of his kingdom remains except a ruined statue in a vast desert. This shows the contrast between his ambition and the emptiness left behind, emphasizing how time destroys all human achievements. (b) The ‘lone and level sands’ create an image of silence , emptiness, and timelessness. They suggest that nature and time have erased all traces of Ozymandias's power, reinforcing the idea that human glory is temporary. Marks Distribution: For writing ; Ozymandias proudly calls himself ‘king of kings’ and tells others to admire his greatness. However, in reality, nothing of his kingdom remains except a ruined statue in a vast desert. This shows the contrast between his ambition and the emptiness left behind, emphasizing how time destroys all human achievements ; 1.5 marks. For writing ; The ‘lone and level sands’ create an image of silence , emptiness, and timelessness. They suggest that nature and time have erased all traces of Ozymandias's power, reinforcing the idea that human glory is temporary ; 01 mark. [ N.B: 0.5 mark will be deducted for two grammar or spelling mistakes, 01 mark for three or more grammar or spelling mistakes.]",
987676864001,2146329,Bangla,other,other/987676864001.jpg,,,"নিচের শã গুে লার বিপরীতা র্থক শã ে লখ : অশন , গৃহী , ভূত , ে সৌম ্য, বিনীত",বিপরীত শã : অশন-অনশন গৃহী-সন্ন্যাসী ভূত-ভবিষ্যৎ ে সৌম ্য- করাল বিনীত -দ ুবর্িনীত /উদ্ধত/ গবর্িত,নম্ব র বণ্টন : প্রতিটি বিপরীত শãের জন্য (০.৫ \(\times \) ৫) = ২.৫ নম্ব র । [বিঃ দ্রঃ বিপরীত শãের বানান ভুল হলে বরাদ্দক …ত নম্ব র কাটা যাবে ]
690405350624,2146329,English,other,other/690405350624.jpg,,"Write a paragraph on ‘The Importance of Scientific Thinking in School Curricula,’ using a clear topic sentence, supporting details, and a concluding sentence.",,"The Importance of Scientific Thinking in School Curricula Scientific thinking is essential for building a curious, intelligent, and rational generation. Schools must teach students how to ask questions, test ideas, and analyze evidence instead of simply memorizing facts. Scientific thinking encourages inquiry, healthy skepticism, and logical reasoning, skills that are crucial not just for science students but for everyone in daily decision-making. In today’s world of misinformation and rapid change, the ability to think critically and question claims is more valuable than ever. It helps students become informed citizens, ready to engage with real-world problems like climate change, public health, and technology. Scientific education also nurtures creativity and problem-solving, which are vital for innovation and national progress. By promoting a mindset of discovery and evidence-based thinking, schools can prepare young minds to become thoughtful leaders and lifelong learners. Therefore, embedding scientific thinking in the curriculum is not optional, it is a necessity for a responsible society. Marks Distribution: For writing the Title “The Importance of Scientific Thinking in School Curricula”; 0.5 mark. For writing ; Introductory sentence; 01 mark. For writing ; Scientific thinking encourages inquiry, healthy skepticism, and logical reasoning, skills that are crucial not just for science students but for everyone in daily decision-making ; 01 mark. For writing ; Scientific education also nurtures creativity and problem-solving, which are vital for innovation and national progress ; 01 mark. For writing ; By promoting a mindset of discovery and evidence-based thinking, schools can prepare young minds to become thoughtful leaders and lifelong learners ; 01 mark. For writing conclusion; 0.5 mark . [ Instructions: * Students must write it within one single para. If it becomes more than one para , 50% marks have to be deducted from the obtained marks. * 0.5 mark will be deducted for one or two grammar or spelling mistakes, 01 mark for three or more grammar or spelling mistakes.]",
148298776225,2146329,Bangla,other,other/148298776225.jpg,,,"নিচের শãগুলোর দুইটি করে সমার্থক শã লেখ: গগন, পিক, গৃহ, বসুন্ধরা , তটিনী","সমার্থক শã: গগন-আকাশ, আসমান, নীলিমা, নভোমন্ডল, দু্যলোক, অজ্ঞ, শূন্য, নভঃ, অনন্ত, সুরপথ, খলোক, খগোল, নক্ষত্রলোক, নভোলোক, নভস্তল, নভস্থল, অম্বর, ব্যোম, খ, অন্তরিক্ষ, শূন্যলোক । পিক-কোকিল, পরপুষ্ট, অন্যভ…ত, পরভ…ত, কাকপুষ্ট, অন্যপুষ্ট, কলকÉ, বসন্তদূত, মধুবন, কোয়েল, কলঘোষ, বসন্তসখ, বসন্তী, মধুঘোষ, কাকপুচ্ছ । তটিনী-নদী, তরঙ্গিনী, স্রোতস্বিনী, প্রবাহিণী, নদ, নদনদী, শৈবলিনী, স্রোতস্বতী, গাঙ, সরিৎ, সমুদ্রকান্তা, সমুদ্রদয়িতা, স্রোতোবহা, মন্দাকিনী, কল্লোলিনী। গৃহ-বাড়ি, নিকেতন, নিলয়, আবাস , আলয়, ভবন, সদন, আগার, বাটি, বাটিকা, গেহ, নিকেত, বাড়িঘর। বসুন্ধরা-পৃথিবী, বসুমতী, ভুবন, জগৎ , বসুধা, ভূ, অবনি, ধরণি, ধরা, ধরিত্রী, মহি, মেদিনী, ক্ষিতি, বিশ্ব, ধরাতল, ধরাধাম, বসুমাতা, ভূমণ্ডল, মর্ত, ভূতল, পৃথaী, দুনিয়া, জাহান।",নম্বর বণ্টনঃ প্রত্যেকটি শãের ২টি সঠিক সমার্থক শã লেখার জন্য (০.২৫ \(\times \) ২) = ০.৫ নম্বর। ৫টি শãের সঠিক সমার্থক শã লেখার জন্য (০.৫ \(\times \) ৫) = ২.৫ নম্বর। [বি. দ্রঃ শãের বানান ভুল করলে ০.২৫ নম্বর কাটা যাবে।]
557333634054,2146329,Biology,other,other/557333634054.jpg,2/2,,সেক্স লিংকড ইনহেরিট্যাÝ কী? যেকোনো ৪টি সেক্স লিংকড ডিজিসের নাম ও লক্ষণ উল্লেখ কর।,"সেক্স ক্রোমোজোমের মাধ্যমে সেক্স লিংকড বৈশিষ্ট্যের বংশ পরম্পরায় সআারিত হওয়াকে সেক্স লিংকড ইনহেরিট্যাÝ বলে। মানুষে এ পর্যন্ত প্রায় ৬০টি (মতভেদে ৫০ টির অধিক) সেক্স লিংকড জিন পাওয়া যায়। সেক্স লিংকড ডিজিসের নাম \(\rightarrow \) লক্ষণ র. লাল- সবুজ বর্ণান্ধতা \(\rightarrow \) লাল ও সবুজ বণর্ের পার্থক্য বুঝতে না পারা। রর. হিমোফিলিয়া \(\rightarrow \) রক্ততআন বিলম্বিত হয়, ফলে ক্ষতস্থান থেকে অবিরাম রক্তক্ষরিত হয়ে মৃতু্য পর্যন্ত ঘটে। ররর. মাসকু্যলার ডিস্ট্রফি/ ডুশিনি মাসকুলার ডিস্ট্রফি \(\rightarrow \) পেশি জটিলতা, দশ বছর বয়সেই চলন শক্তি লোপ পাওয়া। রা. রাতকানা \(\rightarrow \) রাতে কোনো জিনিস স্পষ্ট দেখতে না পাওয়া। া. ডায়াবেটিস ইনসিপিডাস \(\rightarrow \) অস্বাভাবিক মূত্র ত্যাগ, শারীরিক অক্ষমতা। ার. ফ্রাজাইল ঢ সিনড্রম \(\rightarrow \) অটিজম ও মানসিক ভারসাম্যহীনতা দেখা দেয়। ারর. হাইপারট্রাইকোসিস \(\rightarrow \) সমগ্র দেহে ঘন লোমের উপস্িথতি। াররর. টেস্টিকুলার ফেমিনাইজেশন \(\rightarrow \) পুরুষ ধীরে ধীরে স্¿ীতে পরিণত হয়। রী. এ±োডার্মাল ডিসপ্লেসিয়া \(\rightarrow \) দ্াত, লোম ও ঘর্ম গ্রন্িথও অনুপস্িথতি। ী. মায়োপিয়া \(\rightarrow \) দূরের জিনিস ভালো করে দেখতে না পাওয়া। ীর. অপটিক এ্যাট্রোফি \(\rightarrow \) অপটিক নাভর্ের ক্ষয়িòুতা। ীরর. জুভেনাইল গ্লুকোমা \(\rightarrow \) চক্ষু গোলকের কাঠিন্য ও ছানিপড়া। ীররর. ইকথাইয়োসিস \(\rightarrow \) অমসৃণ আ্ইশময় তaক। ীরা. হোয়াইট ফোরলক \(\rightarrow \) মাথার চুলের আংশিক সাদা হওয়া। ীা. স্প্যাজটিক প্যারাপেলাজিয়া \(\rightarrow \) নিম্নাঙ্গ পেশির আংশিক অবশতা ও অনিয়ত কাঠিন্য।",নম্বর বণ্টন: সেক্স লিংকড ইনহেরিট্যাÝ এর সংÁা লিখলে ০.৫ নম্বর। ৪টি সেক্স লিংকড ডিজিসের নাম ও লক্ষণ লিখলে (০.৫ \(\times \) ৪) = ০২ নম্বর।
362578352241,2146329,Biology,other,other/362578352241.jpg,5/2,,নগ্নবীজী উি ™্ভদে র ৪টি বিভাগের নাম লিখ । একবীজপত্রী উি ™্ভদে র ৩টি শনাক্তকারী ৈ বশিষ্ট ্য লিখ ।,"নগ্নবীজী উি ™্ভদে র ৪টি বিভাগের নাম : ( র ) এরহশমড়ঢ়যুঃধ (রর) ঈুপধফড়ঢ়যুঃধ (ররর) ঈড়হরভবৎড়ঢ়যুঃধ এবং ( রা) এহবঃড়ঢ়যুঃধ . একবীজপত্রী উি ™্ভদে র শনাক্তকারী ৈ বশিষ্ট ্য: ১। বীজে বীজপত্র একটি থ াকে । ২। অস্থ ানিক মূল গুে লা গুচ্ছ মূলতন্ ¿ গঠন করে । ৩। পাতার শিরাবিন্যাস সাধারণত সমান্তরাল । ৪। পু®েপ পু®পপত্রের সংখ্যা ৩ বা এর গু ণিতক (৩টি, ৬টি বা ৯টি) অর্থ াৎ পু®প ট্রাইমেরাস । ৫। বীজপত্রের অবস্থ ান শীষ এবং জ্ঞূণ মুকুল পাশ ্র্ব ীয় । ৬। গেৌণ বৃি দ্ধ ঘটে না । নম্ব র বন্টন : নগ্নবীজী উি ™্ভদে র ৪টি বিভাগের নাম ে লখার জন্য (০.২৫ \(\times \) ৪) = ০১ নম্বর। একবীজপত্রী উি ™্ভদে র শনাক্তকারী ৩টি ৈ বশিষ্ট্যাবলি ে লখার জন্য (০.৫ \(\times \) ৩) = ১.৫ নম্ব র ।",
109450647559,2146329,Biology,other,other/109450647559.jpg,5/2,,আলোকশ্বসন প্রক্রিয়া প্রক …ত শ্বসন নয় ে কন ? এর সাথে জড়িত তিনটি অঙ্গানুর নাম লিখ ।,আলোকশ্বসন প্রক্রিয়া প্রক …ত শ্বসন নয় কারণ : আলোকশ্বসন প্রক্রিয়ায় কার্বন ে যৌগ ভেঙ্গে \(C{O}_{2}\) নির্গত হয় ও \({O}_{2}\) গৃহীত হয়। কিন্তু এ প্রক্রিয়ায় কোনো অঞচ উৎপন্ন হয় না বলে এ প্রক্রিয়াকে প্রক …ত শ্বসন বলা যায় না । এর সাথে জড়িত তিনটি অঙ্গানুর নাম : ( র ) ে ক্লারোপ্লা স্ট (রর) পারঅি ক্সে সাম (ররর) মাইটোকন্ড্রিয়া ।,নম্ব র বণ্টন : আলোকশ্বসন প্রক্রিয়ায় কার্বন ে যৌগ ভেঙ্গে \(C{O}_{2}\) নির্গত হয় ও \({O}_{2}\) গৃহীত হয়। কিন্তু এ প্রক্রিয়ায় কোনো অঞচ উৎপন্ন হয় না লিখলে ০১ নম্ব র । তিনটি অঙ্গানুর নাম লিখলে (০.৫ \(\times \) ৩) = ১.৫ নম্বর।
671539705163,2146329,Biology,other,other/671539705163.jpg,5/2,,ে মরুদ ণ্ডী ও অ মেরুদ ণ্ডী প্রাণি দে র মধে ্য পা্চটি পার্থক ্য লিখ ।,"ে মরুদণ্ডী ও অ মেরুদণ্ডী প্রাণি দে র মধে ্য পার্থক ্য নিম্নরূপ : পার্থে ক্যর বিষয় → ে মরুদণ্ডী প্রাণী : ( র ) ে মরুদণ্ড \(\rightarrow \) পৃষ্ঠ-মধ্যরেখা বরাবর অবস্িথত ও কশেরুকাযুক্ত। (রর) স্নায়ুর¾ু \(\rightarrow \) ফা্পা, দেহের পৃষ্ঠদেশে অবস্িথত ও গ্যাংলিয়নযুক্ত। (ররর) প্রতিসাম ্য \(\rightarrow \) দ্বিপাশ্বর্ীয়। (রা) হৃৎপিণ্ড \(\rightarrow \) দেহের অঙ্কীয়দেশে। (া) হিমোগ্লোবিন \(\rightarrow \) সবসময় লোহিত কণিকার অভ্যন্তরে। (ার) মস্িত ®‹ \(\rightarrow \) সবসময়ই থাকে এবং করোটির অভ্যন্তরে সুরক্ষিত। (ারর) ে পৌষ্টিকনালি \(\rightarrow \) স্নায়ুর¾ুর অঙ্কদিকে অবস্িথত। (াররর) ে হপাটিক ে পার্টালতন্ ¿ \(\rightarrow \) বিদ্যমান। ( রী) গলবিলীয় ফুলকারন্ধ ্র \(\rightarrow \) বিদ্যমান। ( ী) পায়ু পðাৎ ে লজ \(\rightarrow \) বিদ্য মান । পার্থে ক্যর বিষয় → অমেরুদণ্ডী প্রাণী : (র) মেরুদণ্ড \(\rightarrow \) অনুপস্িথত। (রর) স্নায়ুর¾ু \(\rightarrow \) নিরেট, দেহের অঙ্কীয়দেশে অবস্িথত ও গ্যাংলিয়নবিহীন। (ররর) প্রতিসাম্য \(\rightarrow \) অপ্রতিসম, অরীয় বা দ্বিপাশ্বর্ীয়। (রা) হৃৎপিণ্ড \(\rightarrow \) যদি থাকে তবে পৃষ্ঠদেশে। (া) হিমোগ্লোবিন \(\rightarrow \) যদি থাকে তবে রক্তরসে দ্রবীভূত অবস্থায়। (ার) মস্িত®‹ \(\rightarrow \) যদি থাকে, তবে তা করোটি দিয়ে আবৃত নয়। (ারর) পেৌষ্টিকনালি \(\rightarrow \) স্নায়ুর¾ুর পৃষ্ঠদিকে অবস্িথত। (াররর) হেপাটিক পোর্টালতন্¿ \(\rightarrow \) অনুপস্িথত। ( রী) গলবিলীয় ফুলকারন্ধ্র \(\rightarrow \) অনুপস্িথত। ( ী) পায়ু পðাৎ লেজ \(\rightarrow \) অনুপস্িথত।",নম্বর বণ্টন: মেরুদ ণ্ডী ও অমেরুদ ণ্ডী প্রাণিদের মধ্যে পা্চটি পার্থক্য লেখার জন্য (০.৫ \(\times \) ৫) = ২.৫ নম্বর।
805511046930,2146329,Bangla,other,other/805511046930.jpg,,,ভাব-সম্প্রসারণ কর: অন্যায় যে করে আর অন্যায় যে সহে তব ঘৃণা ে যন তারে ত…ণ সম দহে।,"ভাব-সম্প্রসারণ : আইনের দৃ ষ্টিতে অন্যায়কারীর অপরাধ দ ণ্ডযোগ ্য। কিন্ তু অধিকাংশ ক্ষেত্রে অন্যায়ের দণ্ড না দিয়ে , অন্যায়ের সঙ্গে আপস করা হয়; ফলে অন্যায়-প্রবণতা ে বড়ে যায় । সুতরাং অন্যায়কারী আর অন্যায় সহ্যকারী উভয়ই সমান অপরাধী । আদিকাল থেকেই হাতে ে গানা কয়েকজন অপরাধীর অপকমর্েই হয়তো ে খসারত দিতে হয়েছে রাষ্ট্রের কিংবা সমাজের সকলের । অন্যায়কারী সমাজের অভ্যন্তরে নানা দ ুর্নীতি , উৎপীড়ন এবং অরাজকতা সৃষ্টি করে ে যকোনো ব্যক্তির অধিকার হরণ করে তার নিরাপত্তা বিঘি্নত করে । প্রতিনিয়ত সংঘটিত হচ্েছ নানা ধরনের অপরাধ । সময়ের পরিবত নে প্রযুক্তির কল্যাণে অপরাধী অসংখ ্য- অন্যায়ে জড়িত । কিন্ তু অধিকাংশ ক্ষেত্রেই অন্যায়ের বিরু দ্ধে ে সাচ্চার প্রতিবা দ ে নই । অনায়াসে পার ে পয়ে যাচ্েছ তারা । নিঃশãে অপরাধ সহ ্য করার মানসিকতা অপরাধের নামান্তর । ক্ষ মা একটি মহৎগুণ , কিন্ তু নিবর্িচারে ক্ষ মা করা অপরাধ প্রবণতা আরও বাড়িয়ে দেয়। ক্ষে ত্রবিশেষে উদারতার কথা বললেও অন্যায়কে সমর্থন করা হয়। অন্যায়ের বিরু দ্ধে শক্ত প্রতিবা দ না করে বরং ভীরু কাপুরুষের মতো মাথা নত করাই ে যন মানুষের স্ব ভাবে পরিণত হয়েছে । নিজেকে অধিক নিরাপ দে রাখতে ে চাখের সামনে ঘটে যাওয়া অপরাধের ে কানো প্রতিবা দ না করে নীরব থ াকাও পরোক্ষভাবে অন্যায়কে সমর্থন করা হয় অন্যায়কারীরা মানুষের এই দ ুর্বলতাকে পু্জি করে অন্যায়ে উৎসাহ পায় । নানা দল, ে গাত্রে এবং তথাকথিত রাজনীতিক বলয়ে অন্যায়কারীরা তা দে র ভিতকে মজবুত করে । এরূপ ে প্রক্ষাপটে সবচেয়ে ক্ষ তিগ্রস্ত হয় সাধারণ অসহায় মানুষ । তা দে র অসহায়তেaর সুযোগ অন্যায়কারী কাজে লাগায় । পৃথিবীব্যাপী উচ্চবিত্তরা , প্রভাবশালীরা একরকম ছাড় দিয়ে অপরাধী দে র সঙ্গে বন্ধুত a করে । ফলে মানবসভ্যতায় অন্যায় সয়ে গিয়ে আদৃত হয়। কিন্ তু মনুষ ্যে তaর বিচারে এই ক্ষ মা , আপস-রফা আর অন্যায় ে মনে ে নওয়ায় শাস্িত ে পতেই হবে । বিশে ্ব নিবি ে ঘ্ন অপরাধ ে বড়ে চলছে । অন্যায়ের বিরু দ্ধে প্রতিবা দে সকলকে এগিয়ে আসতে হবে । অন্যায়কে ে মনে ে নওয়ার সং স্‹… তি থেকে ে বরিয়ে আসতে হবে । বরং অন্যায়কারী আর অন্যায় প্রশ্রয়দানকারী উভয়ই সমান অপরাধী - এ স্ে ্লাগানে বিশ্ববিবেক জাগাতে হবে ।","নম্ব র বণ্টন : অধিকাংশ ক্ষেত্রে অন্যায়ের দণ্ড না দিয়ে , অন্যায়ের সঙ্গে আপস করা হয়; ফলে অন্যায়-প্রবণতা ে বড়ে যায় - নির্ধারিত অং শে ে লখার ভাব ঠিকমতো ে বাঝাতে পারলে ০.৫ নম্ব র । অন্যায়কারী সমাজের অভ্যন্তরে নানা দ ুর্নীতি , উৎপীড়ন এবং অরাজকতা সৃষ্টি করে ে যকোনো ব্যক্তির অধিকার হরণ করে তার নিরাপত্তা বিঘি্নত করে - নির্ধারিত অং শে ে লখার ভাব ঠিকমতো ে বাঝাতে পারলে ০.৫ নম্ব র । ক্ষ মা একটি মহৎগুণ , কিন্ তু নিবি চারে ক্ষ মা করা অপরাধ প্রবণতা আরও বাড়িয়ে দেয় - নির্ধারিত অং শে ে লখার ভাব ঠিকমতো ে বাঝাতে পারলে ০.৫ নম্ব র । অন্যায়ের বিরু দ্ধে শক্ত প্রতিবা দ না করে বরং ভীরু কাপুরুষের মতো মাথা নত করাই ে যন মানুষের স্ব ভাবে পরিণত হয়েছে - নির্ধারিত অং শে ে লখার ভাব ঠিকমতো ে বাঝাতে পারলে ০.৫ নম্ব র । অন্যায়কে ে মনে ে নওয়ার সং স্‹… তি থেকে ে বরিয়ে আসতে হবে । বরং অন্যায়কারী আর অন্যায় প্রশ্রয়দানকারী উভয়ই সমান অপরাধী - এ স্ে ্লাগানে বিশ্ববিবেক জাগাতে হবে - নির্ধারিত অং শে ে লখার ভাব ঠিকমতো ে বাঝাতে পারলে ০.৫ নম্ব র । [বিঃ দ্রঃ দ ুইটি বানান ভুল করলে ০.৫ নম্ব র , তিন বা ততোধিক বানান ভুল করলে ০১ নম্ব র কাটা যাবে , তবে নির্ধারিত অং শে ে লখার ভাব ঠিকমতো ে বাঝাতে না পারলে বরাদ্দক …ত নম্ব র কাটা যাবে ।]"
850204690787,2146329,English,other,other/850204690787.jpg,,"Read the following extract and answer questions that follow: I wandered lonely as a cloud That floats on high o’er vales and hills, When all at once I saw a crowd, A host, of golden daffodils; Beside the lake, beneath the trees, Fluttering and dancing in the breeze. ( a) Identify and explain any one literary device used in the extract. ( b) How does the imagery of the “host of golden daffodils” contribute to the poem’s emotional tone?",,"(a) Wordsworth uses personification by describing the daffodils as “fluttering and dancing.” This human-like quality creates a vivid, joyful image that mirrors the poet’s lifted spirits. (b) The image of countless bright, dancing daffodils evokes a feeling of beauty and elation. It transforms the poet’s loneliness into joy, reflecting the restorative power of nature. Marks Distribution: For writing, Wordsworth uses personification by describing the daffodils as “fluttering and dancing.” This human-like quality creates a vivid, joyful image that mirrors the poet’s lifted spirits ; 1.5 marks. For writing, the image of countless bright, dancing daffodils evokes a feeling of beauty and elation. It transforms the poet’s loneliness into joy, reflecting the restorative power of nature ; 01 mark. [ N.B: 0.5 mark will be deducted for two grammar or spelling mistakes, 01 mark for three or more grammar or spelling mistakes.]",
278400515278,2146329,Bangla,other,other/278400515278.jpg,,,উপসগ কাকে বলে ? শãগঠনে উপসগর্ের প্রয়োজনীয়তা আলোচনা কর।,"উপসগ শãটির বু্যৎপত্তি উপ+ √ স ৃ জ + অ। শ ã টির বু ্য ৎপি ত্ত গত অথ অবাি Ã ত বিষয় । বাংলা ভাষায় ে যসব শ ã খ ণ্ড বা শ ã াংশ ধাতুর পূ ে ব ব ে স নতুন শ ã গঠন ক ে র , ে স গুে লা ে ক উপসগ ব ে ল । ে যমন - ÔদানÕ একটি শ ã । এর আ ে গ ÔঅনুÕ উপসগ যু ক্ত হলে হয়- ÔঅনুদানÕ , যার অর্থ নিঃশত উপহার বা প্রদান । বাংলা শã গঠনে উপসগর্ের গু রুতaপূণ ভূমিকা রয়েছে । রবী ন্দ্র না থ ঠাকুর উপসগ সম্পকে মন্তব ্য করতে গিয়ে বলেছেন , Ôসং স্‹…ত ভাষায় কতকগুে লা টুকরো শã আছে যেগুে লার স্ব তন্ ¿ কাজ ে নই , তারা বাক্যের লাইন বদলিয়ে দেয়। ÔগতÕ শãে ÔআÕ উপসগ জুড়ে দিলে হয় ÔআগতÕ ে সটা লক্ষ করায় কাছের দিক , ÔনিরÕ জুড়ে দিলে হয় Ôনির্গতÕ দে খিয়ে দেয় বাইরের দিক , ÔঅনুÕ জুড়ে দিলে হয় ÔঅনুগতÕ দে খিয়ে দেয় পিছনের দিক , ে তমনি ÔসংগতÕ , Ôদুর্গতÕ , ÔঅপগতÕ প্রভ … তি শãে নানা দিকে তর্জনি চালানো । উপসগ থ াকে সামনে , প্রত্যয় থ াকে পিছনে । তারা আছে একই শãের নানা অর্থ বানাবার কাজে।Ó উপসগ যুক্ত হলে সাধারণত শãের প্াচ ধরনের পরিবর্তন ঘটে। ে যমন : ১. নতুন অর্থে বাধক শãের সৃষ্টি হয়। ে যমন : ছবি থেকে প্রতিচ্ছবি ( অনুরূপ )। ২. শãের অর্থ পরিপূণ হয়ে ওঠে। ে যমন : ÔরূপÕ থেকে অপরূপ ( উৎক … ষ্ট)। ৩. শãের অর্থ সম্প্রসারিত হয়। ে যমন : তাপ থেকে প্রতাপ ( পরাক্র ম )। ৪. শãের অথর্ে র সীমানা সংকুচিত হয়। ে যমন : রাজি থেকে নিমরাজি ( অধর্েক রাজি )। ৫. শãের অথর্ে র পরিবর্তন ঘটে। ে যমন হাস থেকে ইতিহাস ( পুরানকাহিনি )। সুতরাং উপসগ শãগঠনের একটি বিশেষ প্রক্রিয়া । যদিও উপসগর্ের নিজের ে কানো অর্থ ে নই ; কিন্ তু অন্য অর্থ পূণ শãের আগে বসে নতুন অর্থে বাধক শã তৈরি করে এবং একাধিক নতুন অথর্ে র দ্যে াতনা সৃষ্টি করে । ফলে বাংলা ভাষার ে যমন শãভান্ডার বৃি দ্ধ পায় , ে তমনি নানাভাবে ও আবেগ প্রকাশে নতুন নতুন শã গঠনে সহায়তা করে । সবর্োপরি ভাষার ে সৌ ন্দর্য, মাধুয , সাবলীলতা গতিশীলতা সৃষ্টিতে উপসগ গু রুতaপূণ ভূমিকা পালন করে থ াকে ।","নম্ব র বণ্টনঃ উপসগ কাকে বলে ে লখার জন্য ০১ নম্ব র । উপসগর্ের দ ুটি উদাহরণের জন্য (০.৫ \(\times \) ২) = ০১ নম্ব র । ( ে যমন : প্রতি , বি, প ্র , পরি , উপ ইত্যাি দ) শã গঠনে উপসগর্ের ১/২ ধরনের পরিবর্তন ে লখার জন্য ০১ নম্ব র । শã গঠনে উপসগর্ের ৩/৪ ধরনের পরিবর্তন ে লখার জন্য ০২ নম্ব র । শã গঠনে উপসগর্ের ৫ ধরনের পরিবর্তন ে লখার জন্য ০৩ নম্ব র ।"
406417588144,2146329,English,other,other/406417588144.jpg,,"Make meaningful sentences with the following words: Ambiguous, Circumvent, Advocate, Pragmatic, Perspicacious",,"Ambiguous – His ambiguous statement left everyone confused about his true intentions. Circumvent – They found ways to circumvent the strict regulations to complete the project on time. Advocate – She is a strong advocate for human rights and social justice. Pragmatic – The manager took a pragmatic approach to solving the company’s financial problems. Perspicacious – Her perspicacious mind allowed her to solve the puzzle faster than anyone else. Marks Distribution: For making meaningful sentences with the given words, (0.5×5) =2.5 marks.",
697009711550,2146329,English,other,other/697009711550.jpg,,Write a paragraph in approximately 100 words analyzing whether technology in education helps reduce inequality or unintentionally widens the digital divide. Present your ideas with a clear argument and supporting evidence.,,"Digital Learning and the Inequality Dilemma Technology promised to democratize education, but its results remain mixed. On one hand, digital tools offer access to vast resources, interactive learning, and global classrooms, benefiting many students regardless of location. However, for millions without stable internet or devices, the digital revolution has deepened inequality. In rural or underprivileged communities, technology often highlights the gap rather than bridging it. During the pandemic, some students thrived in virtual classrooms, while others were left behind entirely. The effectiveness of educational technology depends on equitable access, teacher training, and infrastructure development. When used thoughtfully and inclusively, technology can empower learners and enhance education. However, if gaps in access persist, it risks reinforcing existing social and educational divides. Therefore, policymakers must ensure that digital learning lifts all students and does not benefit only the privileged. Marks Distribution: For writing the Title “ Digital Learning and the Inequality Dilemma ”; 0.5 mark. For writing ; Introductory sentence; 01 mark. For writing; On one hand, digital tools offer access to vast resources, interactive learning, and global classrooms, benefiting many students regardless of location. However, for millions without stable internet or devices, the digital revolution has deepened inequality ; 01 mark. For writing ; In rural or underprivileged communities, technology often highlights the gap rather than bridging it. During the pandemic, some students thrived in virtual classrooms, while others were left behind entirely; 01 mark. For writing ; When used thoughtfully and inclusively, technology can empower learners and enhance education; 01 mark. For writing conclusion; 0.5 mark . [ Instructions: * Students must write it within one single para. If it becomes more than one para , 50% marks have to be deducted from the obtained marks. * 0.5 mark will be deducted for one or two grammar or spelling mistakes, 01 mark for three or more grammar or spelling mistakes.] [ N.B. The student will get the allotted marks if he/she writes a proper alternative title .]",
919961648827,2146329,Bangla,other,other/919961648827.jpg,,,বাংলা বানানে ই-কার ব্যবহারের প্াচটি নিয়ম উদাহরণসহ লেখ।,"বাংলা বানানে ই-কার ব্যবহারের নিয়ম: ১. তৎসম শã যদি ত™্ভব শãে রূপান্তরিত হয় তাহলে শãের অন্তর্গত ঈ ( ী )-কার পরিবতর্িত হয়ে ই-কার ( ি) হয়। যেমন: বাটী > বাড়ী> বাড়ি, শাড়ী > শাড়ি, কুম্ভীর > কুমীর > কুমির, বংশী > ব্াশি, ব্াশরী > ব্াশরি, মৃত্তিকা > মাটি, মাঝী > মাঝি, শিউলী > শিউলি, হস্িত > হাতি, পক্ষী > পাখী > পাখি ইত্যাদি। ২. স্¿ীবাচক অতৎসম শãে ই-কার ব্যবহৃত হয়। যেমন: পিসি, মাসি, মামি, দাদি, চাচি, গিনি্ন, বিবি, বেৌদি, কাকি, জেঠি, ভাইঝি, দিদি ইত্যাদি। ৩. অর্ধ-তৎসম শãে ই-কার ব্যবহৃত হয়। যেমন: রাত্তির, মিছে, ছিরি, বৃষ্টি, কুৎসিত ইত্যাদি। ৪. বাংলা ক্রিয়াবাচক শãে ই-কার ব্যবহৃত হয়। যেমন করি, লিখি, ধরি, শিখি, পড়ি, বলি ইত্যাদি। ৫. বাংলা দেশি শãে ই-কার ব্যবহৃত হয়। যেমন: ঢে্কি, বাটি, ঘুড়ি, ডিঙি, ঝিঙা, বুড়ি, ছু্ড়ি, ঢিলা, ঘড়ি, ছড়ি, ঢিল, ঝিনুক ইত্যাদি। ৬. বস্তুবাচক, ভাববাচক, কর্মবাচক এবং প্রাণিবাচক অতৎসম শãের শেষে ই-কার ব্যবহৃত হয়। যেমন: আলমারি, ওস্তাদি, চালাকি, ডাকাতি, ডাক্তারি, মাস্টারি ইত্যাদি। ৭. আধুনিক বাংলা বানানের নিয়মানুযায়ী জাতি ও ভাষার নামের শেষে ই-কার ব্যবহার করা হয়। যেমন: বাঙালি, ইহুদি, জাপানি, হিন্িদ, বিহারি, পাÄাবি, আরবি, ইংরেজি ইত্যাদি। ৮. বিদেশি শãে ই-কার ব্যবহৃত হয়। যেমন: কামিজ, কাহিল, অছিলা, দুনিয়া, মিছিল, খলিফা, শহিদ, খতিয়ান ইত্যাদি। ৯. ইংরেজি শãে ই-কার ব্যবহৃত হয়। যেমন: টেবিল, পুলিশ, সিস্টার, মিস্টার, স্টিমার, ব্রিটিশ, ক্রিকেট, ডিগ্রি, পেÝিল, অফিস ইত্যাদি। ১০. ব্যতিহার ক্রিয়ার ক্ষেত্রে ই-কার ব্যবহৃত হয়। যেমন: কানাকানি, হাতাহাতি, রক্তারক্তি, দলাদলি, হাসাহাসি, মারামারি, গলাগলি, লাঠালাঠি, বলাবলি, ঠেলাঠেলি, কোলাকুলি, চুলোচুলি, ঢলাঢলি ইত্যাদি। ১১. প্রাণিবাচক অতৎসম শãের শেষে সাধারণত ই-কার বসে। যেমন: তিমি, হাতি, প্রজাপতি, বুলবুলি, জোনাকি ইত্যাদি। ১২. মনুষ্যেতর জীব, বস্তু, গুণ, ভাব ও কর্মবাচক শãে ই-কার বসে। যেমন: বেঙাচি, বেজি, কাঠি, মিষ্টি, খু্টি, পাগলামি, কেরানি, বাবুগিরি, চুরি, কেরামতি ইত্যাদি। ১৩. সংস্‹…ত 'ইন& ‌ ' (ঈ = ী) প্রত্যয়ের শেষে বর্ণ বা শã যুক্ত হলে ঈ-কারের স্থলে ই-কার হবে। যেমন: মন্¿ী+তa = মন্ি¿তa, প্রতিযোগী + তা = প্রতিযোগিতা, জীবী+ কা = জীবিকা, প্রতিদ্বন্দ্বী + তা = প্রতিদ্বন্িদ্বতা ইত্যাদি। ১৪. সমাসের ক্ষেত্রে দুটি অর্থপূর্ণ শã একত্রিত হলে প্রথমোক্ত ঈ-কার ( ী ) ই-কারে ( ি) পরিণত হয়। যেমন: গুণী + গণ = গুণিগণ, প্রাণী + বিদ্যা = প্রাণিবিদ্যা, স্বামী+ গৃহ = স্বামিগৃহ ইত্যাদি। ১৫. বহুল প্রচলিত কিছু শãে সাধারণত ই-কার বসে। যেমন: অÄলি, গীতাÄলি, শ্রদ্ধাÄলি, পু®পাÄলি, সৃষ্টি, দৃষ্টি, বৃষ্টি, রাশি, ভূমি, হে্য়ালি, এলাজর্ি, আকুতি, মিনতি, জলাÄলি ইত্যাদি। ১৬. পদাশ্রিত নিদর্েশক টি-তে ই-কার ব্যবহৃত হয়। যেমন: বইটি, কলমটি, হাতিটি, গরুটি, লোকটি, ছেলেটি, শিশুটি, গানটি, কথাটি, বোনটি, ভাইটি, রান্নাটি, জামাটি ইত্যাদি। ১৭. 'দীপশলাকা'-এই তৎসম শãটির ত™্ভব রূপের ক্ষেত্রে কেবল ই-কার ব্যবহৃত হয়। যেমন: দীপশলাকা > দিয়াশলাই। ১৮. অতৎসম শãের শেষে বিশেষণবাচক 'ই' প্রত্যয় যুক্ত হলে শãের শেষে ই-কার বসে। যেমন: চালাকি, কয়েদি, খেয়ালি, গোলামি, কেতাবি, মেহনতি, বুনিয়াদি, শরিয়তি, দরকারি, কারবারি, বাহাদুরি ইত্যাদি। ১৯. শãের শেষে উরি, উনি, আলি, আনি, আরি, আমি, ইমা, তি, মি প্রভ…তি প্রত্যয় যুক্ত হলে ই-কার ব্যবহার করা হয়। যেমন: ধুনুরি, র্াধুনি, ঘটকালি, দুয়ানি, কাটারি, রকমারি, পাকামি, ন্যাকামি, পাগলামি, জ্যাঠামি, গরিমা, নীলিমা, কালিমা, চন্িদ্রমা, লালিমা, চলতি, ছেলেমি ইত্যাদি। ২০. সংস্‹…তি 'ক্তি' প্রত্যয়জাত শãে 'তি'-র ক্ষেত্রে ই-কার বসে। যেমন উক্তি, কীতর্ি, ভীতি, মুক্তি, শান্িত, স্মৃতি, বিক…তি, প্রক…তি, আবৃত্তি, ক্ষতি, গতি, খ্যাতি, গীতি, জাতি, ক…তি, ইতি, প্রক…তি ইত্যাদি। ২১. বিশেষণসূচক ও স্¿ীবাচক 'ঈ' প্রত্যয়ান্ত সংখ্যাবাচক শãগুলো ছাড়া সাধারণ সংখ্যাবাচক শãে বানানে ই-কার বসে। যেমন: তিন, আশি, কোটি, চল্লিশ, ত্রিশ, বিশ ইত্যাদি। ২২. ব্যক্তিবাচক অতৎসম শãে ই-কার ব্যবহৃত হয়। যেমন: মেৌলভি, মুহুরি, পাদ্রি, কেরাণি ইত্যাদি। ২৩. স্¿ীবাচক ল²ী, কালী, ষষ্ঠী শãের পরে 'দাস' যুক্ত হলে মূল শãের ঈ-কার ই-কার হয়ে যায়। যেমন: কালিদাস, ল²িদাস, ষষ্ঠিদাস ইত্যাদি।",নম্বর বণ্টন: বাংলা বানানে ই-কার ব্যবহারের যেকোনো সঠিক প্াচটি নিয়ম লেখার জন্য (০.৫ দ্ধ ৫) = ২.৫ নম্বর। বাংলা বানানে ই-কার ব্যবহারের যেকোনো সঠিক প্াচটি নিয়মের উদাহরণ লেখার জন্য (০.৫ দ্ধ ৫) = ২.৫ নম্বর। [বি. দ্রঃ উত্তরপত্রের বাইরেও সঠিক নিয়ম লিখলে নম্বর পাবে]
239888074641,2146329,Biology,other,other/239888074641.jpg,5/2,,ে পশিটিসু্যর ৩টি সাধারণ ৈ বশিষ্ট ্য ও ২টি কাজ উল্লেখ কর।,"ে পশিটিসু্যর সাধারণ ৈ বশিষ্ট ্য: ১। ে পশিটিসু্যর প্রতিটি ে কাষ সারকোলেমা নামক ঝিল্লিতে আবৃত এবং এর ভিতরের সাইটোপ্লাজমকে সারকোপ্লাজম বলে । ২। ে পশিকোষের মায়োফাইব্রিল গুে লা অ্যাকটিন ও মায়োসিন নামক দ ুধরনের সঙ্কোচী ে প্রাটিনে নিমর্িত । এদে র একত্রে সারকোমিয়ার বলে এবং ে পশিতন্তু ও কার্যকরি একক হিসেবে গণ্য করা হয়। ৩। ে পশিতন্ তু গুে লা স্িথ তি স্থ াপক এবং সংকোচন-প্রসারণ ক্ষমতা সম্পন্ন । ৪। ে পশিটিসু্যর ে কাষ গুে লা লম্বা তন্তু র মতো হওয়ার এদে রকে ে পশিতন্তু ও বলে । ৫। ে পশিকোষকে মায়োসাইট বলে যা মায়োব্লা স্ট নামক আি দ ে পশিকোষ থেকে রূপান্তরের মাধ ্যমে উৎপন্ন হয়। ৬। ে কাষ গুে লা এক বা একাধিক সুস্পষ্ট নিউক্লিয়াসযুক্ত। ৭। ে পশিকোষের সারকোপ্লাজমে মায়োফাইব্রিল নামক অসংখ ্য সূ² উপতন্ তু অনু দৈঘ্যর্ে পরস্পর সমান্তরালে বিন্যস্ত থ াকে । ৮। ে পশিটিসু্যর আন্তঃকোষীয় পদা র্থ বা মাত … কা খুব কম থ াকে এবং আন্তঃকোষীয় ফা্কগুলো নানা ধরনের টিসু ্যতে পূণ থ াকে । ৯। কিছু ব্যতিক্রম ছাড়া জ্ঞূণীয় ে মসোডাম থেকে ে পশির উৎপত্তি হয়। ১০। ে পশিটিসু ্য প্রায় ৭৫ শতাংশ পানি ও অবশিষ্টাংশ বিভিন্ন ধরনের কঠিন পদা থর্ে গঠিত । ে পশিটিসু্যর কাজ : ১। দেে হর আক … তি প্রদান : কঙ্কাল সংলগ্ন থেকে ে পশি দেে হর আক … তি প্রদান করে । ২। অভ্যন্তরী ণ গঠন তৈরি ও সুরক্ষা : ভিসেরাল ে পশি সিলোমিক প্রাচীর তৈরি ও দেে হর অভ্যন্তরী ণ অঙ্গসমূহকে রক্ষা করে । ৩। রক্ত সআালন : হৃৎপেশি রক্ত সআালনে গু রুতaপূণ ভূমিকা পালন করে । ৪। সআালন নিয়ন্¿ণ : ে পশির সংকোচন - প্রসারণের ফলে বিভিন্ন অঙ্গেও সুষ্ঠু সআালন ঘটে। ৫। শারীরবৃত্তীয় কাজে সহায়তা : ে পশিটিসু ্য সংশ্লিষ্ট অঙ্গের সংকোচন-প্রসারণ ঘটিয়ে পরিপাক , ে রচন , প্রজনন ইত্যাি দ শারীরবৃত্তীয় কাজে সহায়তা করে । ৬। ে দহভঙ্গি ি নয়ন্¿ণ : কঙ্কালপেশির সমদৈঘ ্র্য সংকোচন ও ে পশিটান বজায় ে রখে দেহভঙ্গি নিয়ন্¿ণ করে ।",নম্ব র বণ্টন : ে পশিটিসু্যর ৩টি সাধারণ ৈ বশিষ্ট ্য ে লখার জন্য (০.৫ \(\times \) ৩) = ১.৫ নম্বর। ২টি কাজ ে লখার জন্য (০.৫ \(\times \) ২) = ০১ নম্বর।
203695886665,2146329,Biology,other,other/203695886665.jpg,2/2,,শ্বসনের রাসায়নিক বিক্রিয়াটি লিখ । প্রক্রিয়াটির প্রধান তিনটি ভূমিকা / তাৎপয উল্লেখ কর।,"শ্বসনের রাসায়নিক বিক্রিয়া : \({C}_{6}{H}_{12}{O}_{6}+6{O}_{2}+6{H}_{2}O{\underset{co-enzyme}{ \xrightarrow{\ \ \ \ \ \ enzyme\ \ \ \ \ \ \ }}}6C{O}_{2}+12{H}_{2}O+36ATP\) শ্বসনের ভূমিকা নি ম্ে্ন উল্লেখ করা হলো : ( র ) জীবের দেহে শক্তি সরবরাহ : জীবের প্রতিটি প্রক্রিয়া (যা জীবনের ৈ বশিষ্ট ্য) পরিচালনার জন্য শক্তির প্রয়োজন , আর এ শক্তি আসে শ্বসন প্রক্রিয়ার মাধ ্যমে। কাজেই শক্তি উৎপা দে নর মাধ ্যমে জীবের সকল ৈ জবিক প্রক্রিয়া পরিচালিত করার মধ্যেই রয়েছে ে যকোনো জীবের জীবনে শ্বসন প্রক্রিয়ার প্রক …ত গু রুত a। (রর) খা দ্য প্র স্তু ত: শ্বসন প্রক্রিয়ায় নির্গত \(C{O}_{2}\) প্রত্যক্ষ বা পরোক্ষভাবে সালোকসংশ্লেষণ প্রক্রিয়ায় ব্যবহৃত হয় এবং খাদ্য উৎপন্ন করে। সে খাদ্য যেমন উ™্ভিদ জীবনকে রক্ষা করে, তেমনই আবার সমগ্র প্রাণী জগতকেও রক্ষা করে। (ররর) খনিজ লবণ পরিশোষণ : উি ™্ভদে র খনিজ লবণ পরিশোষণে শ্বসন প্রক্রিয়া গু রুতaপূণ ভূমিকা পালন করে । শ্বসনের হার কম হলে লবণ পরিশোষণ হার কমে যায় এবং বৃি দ্ধ ও অন্যান ্য ৈ জবিক ক্রিয়া ব্যাহত হয়। (রা) ে কাষ বিভাজন ও দৈ হিক বৃি দ্ধ : শ্বসন প্রক্রিয়ার প্রভাব ে কাষ বিভাজন প্রক্রিয়ার ওপরও প্রতিফলিত হয়। ে কাষ বিভাজনের প্রয়োজনীয় শক্তি ও কিছু আনুষঙ্গিক পদা র্থ শ্বসন প্রক্রিয়া হতে আসে । তাই এ প্রক্রিয়া জীবের দৈ হিক বৃদ্ধিও নিয়ন্¿ণ করে । (া) তাপমাত্রা রক্ষা : শ্বসনে সৃষ্ট তাপ জীবদেে হর প্রয়োজনীয় তাপমাত্রা বজায় রাখে । (ার) এনজাইম ও জৈব এসিড উৎপাদন : এ প্রক্রিয়া বিভিন্ন উপক্ষার ও জৈব এসিড সৃষ্টিতে সহায়তা করার মাধ ্যমে জীবনের অন্যান ্য ৈ জবিক কায ক্রে মও সহায়তা করে । (ারর) বায়ুমণ্ডলে \(C{O}_{2}\) ও \({O}_{2}\) এর ভারসাম ্য রক্ষা : সালোকসংশ্লেষণ প্রক্রিয়ায় বায়ুমণ্ডল হতে \(C{O}_{2}\) গৃহীত হয় এবং \({O}_{2}\) বজর্িত হয় কিন্তু শ ্বসন প্রক্রিয়ায় বায়ুমণ্ডল হতে \({O}_{2}\) গৃহীত হয় এবং \(C{O}_{2}\) বজর্িত হয়, তাই বায়ুমণ্ডলে \(C{O}_{2}\) ও \({O}_{2}\) এর ভারসাম্য রক্ষিত হয়। (াররর) শিল্পে ব্যবহার : বিভিন্ন অণুজীবের অবাত শ্বসন প্রক্রিয়াকে কাজে লাগিয়ে গড়ে উঠেছে অ্যালকোহল , মদ, সিরকা , আচার , মাছ ও মাংসের সস ইত্যাি দ উৎপাদন শিল্প প্রতিষ্ঠান । (রী) ে বকারি ও দ ু»জাত শিল্প : বিভিন্ন অণুজীবের অবাত শ্বসন প্রক্রিয়াকে কাজে লাগিয়ে মানুষের প্রয়োজনীয় ে বকারি ( পাউরুটি ) ও দ ু»জাত দ্র ব্যাি দ (দই, পনির ) উৎপাদন করা হয়।",নম্ব র বণ্টন : শ্বসনের রাসায়নিক বিক্রিয়াটি ে লখার জন্য ০১ নম্ব র । শ্বসনের প্রধান তিনটি ভূমিকা / তাৎপয ে লখার জন্য (০.৫ \(\times \) ৩ ) = ১.৫ নম্ব র ।
750779146301,2146329,Biology,other,other/750779146301.jpg,5/2,,একবীজপত্রী উি ™্ভদে র মূলের অন্তর্গঠনগত শনাক্তকারী প্াচটি ৈ বশিষ্ট ্য লিখ ।,"একবীজপত্রী উি ™্ভদে র মূলের অন্তর্গঠনগত শনাক্তকারী ৈ বশিষ্ট ্য নিম্নরূপ : ( র ) তaকে কিউটিকল অনুপি স্থত। এতে এককোষী মূলরোম থ াকে । (রর) অধঃতaক অনুপি স্থত। (ররর) কটর্েক্স-এ অধঃতaক ে নই , কেবল অন্তঃতaক আছে । (রা) পরিচ ক্র একসারি ে কাষ দিয়ে গঠিত । (া) ভা স্‹ ুলার বান্ডল অরীয় এবং একান্তরভাবে স¾িত। (ার) ে মটাজাইলেম কেন্েদ্র র দিকে এবং ে প্রাটোজাইলেম পরিধির দিকে অবি স্থত। (ারর) জাইলেম ও ে ফ্লায়েম গু চ্েছর সংখ্যা ৬ এর অধিক। (াররর) ম¾া বৃহৎ ও সুগঠিত ।",নম্ব র বণ্টন : একবীজপত্রী উি ™্ভদে র মূলের অন্তর্গঠনের প্াচটি শনাক্তকারী ৈ বশিষ্ট ্য লিখলে (০.৫ \(\times \) ৫) = ২.৫ নম্বর।
356193636950,2146329,Bangla,other,other/356193636950.jpg,,,"নিচের উপসগ গুে লা দিয়ে দ ুটি করে শã গঠন কর: অপ, প্রতি , অতি , বে, খাস","উপসগ দিয়ে শã গঠন : অপ- অপমান , অপবা দ, অপচয় , অপকার , অপকীতি , অপচেষ্টা , অপদে বতা , অপপ্রচার , অপসং স্‹… তি , অপকম , অপসৃষ্টি , অপযশ , অপসারণ , অপহরণ , অপনোদন , অপসরণ , অপরূপ , অপমৃতু ্য, অপব্যাখ্যা , অপপাঠ , অপভাষা , অপজ্ঞংশ । প্রতি - প্রতিনিধি , প্রতিধŸনি , প্রতিবা দ, প্রতিরোধ , প্রতিমূতি , প্রতিচ্ছায়া , প্রতিক … তি , প্রতিমা , প্রতিদ্বন্দ্বী , প্রতিকার , প্রতিপ ক্ষ, প্রতিবিধান , প্রতিশোধ , প্রতীক্ষা , প্রতিষ্ঠা , প্রতু্যপকার , প্রতিদান , প্রতিদিন , প্রতিমাস , প্রতিক্ষণ , প্রতিগ্রাম , প্রতিঘর , প্রতিমুহূত , প্রতিঘাত । অতি - অতিকায় , অতিশয় , অতিবৃষ্টি , অতিমানব , অত্যাচার , অতিচালাক , অতিবুি দ্ধ, অতিভক্তি, অতিলেৌকিক , অতিক্রম , অতিক্রান্ত , অতিপ্রাক …ত। বে- ে বহায়া , ে বজাত , ে বআদব /ে বয়াদব , ে বতার , ে বআ °েল, ে বকসুর , ে বকায়দা , ে বগতিক । খাস - খাসমহল , খাস-কামরা , খাসদরবার , খাসদখল ।",নম্ব র বণ্টন : প্রত্যেকটি উপসগর্ের ২ টি করে সঠিক শã গঠন করার জন্য (০.২৫ \(\times \) ২) = ০.৫ নম্বর। ৫টি উপসগর্ের শã গঠন করার জন্য (০.৫ \(\times \) ৫) = ২.৫ নম্বর। [বি. দ্রঃ শãের বানান ভুল করলে ০.২৫ নম্বর কাটা যাবে।]
646665544741,2146329,Biology,other,other/646665544741.jpg,2/2,,গ্লাইকোজেনোলাইসিস প্রক্রিয়াটি ে কান হরমোনদ্বয় দ্বারা প্রভাবিত হয়? গ্লুকোনিয়োজেনেসিস প্রক্রিয়টি ব্যাখ্যা কর।,"গ্লাইকোজেনোলাইসিস প্রক্রিয়াটি এপিনেফ্রিন ও গ্লুকাগন হরমোনদ্বয় দ্বারা প্রভাবিত হয়। গ্লুকোনিয়োজেনেসিস প্রক্রিয়া : যে জৈব- রাসায়নিক প্রক্রিয়ায় অশর্করা জাতীয় উপাদান থেকে গ্লুকোজ শর্করা উৎপন্ন হয়, তাকে গ্লুকোনিয়োজেনেসিস বলে । এটি শর্করার উপচিতিমূলক বিপাক । এটি প্রধানত যক …ত ে কাষের সাইটোপ্লাজমে সংঘটিত হয়। দেে হর চাহিদার ে প্রক্ষিতে রক্তে গ্লুকোজের মাত্রা অত্যধিক কমে ে গলে যক …ত অ্যামিনো এসিড , ল্যাকটিক এসিড , পাইরুভিক এসিড , গ্লিসারল ইত্যাি দ অশর্করা জাতীয় উপাদান থেকে গ্লুকোজ তৈরি করে রক্তে ে প্ররণ করে , ফলে রক্তে গ্লুকোজের মাত্রা বাড়ে । এ প্রক্রিয়াটি গ্লুকাগন হরমোন দ্বারা উদ্দী্ হয়। এভাবে যক …ত রক্তে গ্লুকোজের স্ব াভাবিক মাত্রা ৯০ মিলিগ্রাম /১০০ ঘন ে সন্িটমিটার বজায় রাখতে গু রুতaপূণ ভূমিকা পালন করে থ াকে ।","নম্ব র বণ্টন : এপিনেফ্রিন ও গ্লুকাগন হরমোনদ্বয় ে লখার জন্য (০. ২৫ \(\times \) ২) = ০.৫ নম্ব র । যে জৈব- রাসায়নিক প্রক্রিয়ায় অশর্করা জাতীয় উপাদান থেকে গ্লুকোজ শর্করা উৎপন্ন হয়, তাকে গ্লুকোনিয়োজেনেসিস বলে ে লখার জন্য ০.৫ নম্ব র । দেে হর চাহিদার ে প্রক্ষিতে রক্তে গ্লুকোজের মাত্রা অত্যধিক কমে ে গলে যক …ত অ্যামিনো এসিড , ল্যাকটিক এসিড , পাইরুভিক এসিড , গ্লিসারল ইত্যাি দ অশর্করা জাতীয় উপাদান থেকে গ্লুকোজ তৈরি করে রক্তে ে প্ররণ করে , ফলে রক্তে গ্লুকোজের মাত্রা বাড়ে ে লখার জন্য ০১ নম্ব র । এটি শর্করার উপচিতিমূলক বিপাক / এটি প্রধানত যক …ত ে কাষের সাইটোপ্লাজমে সংঘটিত হয় / এ প্রক্রিয়াটি গ্লুকাগন হরমোন দ্বারা উদ্দী্ হয় ে লখার জন্য ০.৫ নম্ব র ।"
985218338151,2146329,Bangla,other,other/985218338151.jpg,,,"সারাংশ ে লখ : নীরব ভাষায় বৃক্ষ আমা দে র সার্থ কতার গান ে গয়ে ে শানায় । অনুভূতির কান দিয়ে সে গান শুনতে হবে । তাহলে বুঝতে পারা যাবে জীবনের মানে বৃি দ্ধ, ধমর্ের মানেও তাই । প্রক … তির যে ধর্ম মানুষেরও সে ধর্ম। পার্থক ্য কেবল তরুলতা ও জীবজন্তুর উপর তা দে র নিজে দে র ে কান হাত ে নই , মানুষের বৃদ্ধির উপরে তার নিজের হাত রয়েছে । আর এখানেই মানুষের মর্যাদা । মানুষকে আত্মা সৃষ্টি করে নিতে হয়, তা তৈরি পাওয়া যায় না । সুখ -দ ুঃখ -ে বদনা উপলক্ষির ফলে অন্তরের যে পরিপকaতা , তাই ে তা আত্মা ।",সারাংশ : জীবনের বৃদ্ধির দিক থেকে গাছ ও মানুষের মধে ্য মিল থ াকলেও অমিলও রয়েছে । তরুলতা ও জীবজন্তু র বৃি দ্ধতে তা দে র নিজের ে কানো প্রভাব ে নই কিন্ তু মানুষ নিজের সৃজনশীলতা দিয়ে নিজেকে বৃি দ্ধ করতে পারে । মানুষের নিজের ে চষ্টায় আত্মার সৃষ্টি ও বিকাশ সাধিত হয়।,নম্ব র বণ্টন : জীবনের বৃদ্ধির দিক থেকে গাছ ও মানুষের মধে ্য মিল থ াকলেও অমিলও রয়েছে ; ঠিকমতো ে বাঝাতে পারলে ০১ নম্ব র । তরুলতা ও জীবজন্তু র বৃি দ্ধতে তা দে র নিজের ে কানো প্রভাব ে নই কিন্ তু মানুষ নিজের সৃজনশীলতা দিয়ে নিজেকে বৃি দ্ধ করতে পারে ; ঠিকমতো ে বাঝাতে পারলে ০১ নম্ব র । মানুষের নিজের ে চষ্টায় আত্মার সৃষ্টি ও বিকাশ সাধিত হয়; ঠিকমতো ে বাঝাতে পারলে ০.৫ নম্ব র । [বিঃ দ্রঃ সারাংশ মূল অনু চ্েছ দে র এক ত… তীয়াংশের বড় হলে ১.৫ নম্ব র পাবে তবে নির্ধারিত অং শে ে লখার ভাব ঠিকমতো ে বাঝাতে না পারলে বরাদ্দক …ত নম্ব র কাটা যাবে ]
862243286965,2146329,English,other,other/862243286965.jpg,,"Make meaningful sentences with the following words: Brevity, Juvenile, Blossom, Strip, Acme.",,\(\left(0.5\times 5\right)=2.5\),
229232408481,2146329,English,other,other/229232408481.jpg,,"Read the following extract and answer the following question: The woods are lovely, dark and deep, But I have promises to keep, And miles to go before I sleep, And miles to go before I sleep. – Robert Frost Identify and explain any one literary device used in the above extract.",,"One important literary device used in this extract is repetition. The line “And miles to go before I sleep” is repeated for emphasis. This repetition highlights the speaker’s sense of duty and ongoing responsibilities. It creates a rhythmic and reflective tone, showing that although the woods are peaceful and inviting, the speaker cannot stop—he has commitments to fulfill before he can rest. The repeated line may also symbolize the journey of life, suggesting that rest (or even death) will only come after completing one’s duties. Marks Distribution: For writing, one important literary device used in this extract is repetition; 0.5 mark. For writing, the line “And miles to go before I sleep” is repeated for emphasis. This repetition highlights the speaker’s sense of duty and ongoing responsibilities ; 01 mark. For writing, it creates a rhythmic and reflective tone, showing that although the woods are peaceful and inviting, the speaker cannot stop—he has commitments to fulfill before he can rest. The repeated line may also symbolize the journey of life, suggesting that rest (or even death) will only come after completing one’s duties ; 01 mark. [ N.B: 0.5 mark will be deducted for two grammar or spelling mistakes, 01 mark for three or more grammar or spelling mistakes.]",
786142814591,2146329,English,other,other/786142814591.jpg,,"How does human activity contribute to climate change, and why must individuals and nations take responsibility? Write a paragraph in approximately 100 words maintaining proper structure with a clear topic sentence, logical development, and a concluding sentence.",,"Responsibility and Action Against Global Warming Human activity is a major cause of climate change because it releases large amounts of greenhouse gases like carbon dioxide and methane into the atmosphere. These gases come from burning fossil fuels for energy, deforestation, industrial processes, and farming. As a result, the Earth’s temperature rises, causing problems like extreme weather, rising sea levels, and loss of biodiversity. Both individuals and nations must take responsibility to reduce these harmful effects. Individuals can adopt eco-friendly habits such as saving energy, reducing waste, and using public transport. Nations need to create and enforce policies that limit pollution, promote renewable energy, and protect natural resources. Taking responsibility at all levels is essential to slow down climate change and protect the planet for future generations. Marks Distribution: For writing the Title, “Responsibility and Action Against Global Warming” ; 0.5 mark . For writing; Introductory sentence; 01 mark. For writing, these gases come from burning fossil fuels for energy, deforestation, industrial processes, and farming. As a result, the Earth’s temperature rises, causing problems like extreme weather, rising sea levels, and loss of biodiversity ; 1.5 marks. For writing, Individuals can adopt eco-friendly habits such as saving energy, reducing waste, and using public transport ; 01 mark For writing conclusion; 01 mark . [ Instructions: * Students must write it within one single para. If it becomes more than one para , 50% marks have to be deducted from the obtained marks. * 0.5 mark will be deducted for one or two grammar or spelling mistakes, 01 mark for three or more grammar or spelling mistakes.] [ N.B. The student will get the allotted marks if he/she writes a proper alternative title .]",
853844858399,2146329,Biology,other,other/853844858399.jpg,5/2,,সক্রিয় ও নি®িŒয় লবণ পরিশোষণের মধে ্য ৫টি পার্থক ্য লিখ ।,সক্রিয় ও নি®িŒয় লবণ পরিশোষণের ৫টি পার্থক ্য নিম্নরূপ : সক্রিয় পরিশোষণ → নি®িŒয় পরিশোষণ ( র ) এই পরিশোষণে শ্বসন হার বৃি দ্ধ পায় → এই পরিশোষণে শ্বসন হার স্ব াভাবিক থ াকে । (রর) এই পরিশোষণে আয়ন বাহকের দ রকার হয় → এই পরিশোষণে আয়ন বাহকের দ রকার হয় না । (ররর) সক্রিয় ে শাষণে এনজাইম গু রুতaপূণ ভূমিকা রাখে → এখানে এনজাইমের ে কানো ভূমিকা ে নই । (রা) বিপাকীয় শক্তির প্রত্যক্ষ প্রয়োগে সক্রিয় পরিশোষণ ঘটে → বিপাকীয় শক্তির প্রত্যক্ষ প্রয়োজন পড়ে না । (া) ক্যাটায়ন ও অ ্যানায়নের ে শাষণ একই সাথে ঘটে → ক্যাটায়ন ও অ ্যানায়ন একই সাথে ে শাষিত হয় না ।,নম্ব র বণ্টন : সক্রিয় ও নি®িŒয় লবণ পরিশোষণের মধে ্য ৫টি পার্থক ্য ে লখার জন্য (০.৫ \(\times \) ৫) = ২.৫ নম্বর।
170802940177,2146329,ICT,other,other/170802940177.jpg,5/2,,রিকি ম্বে নন্ট উঘঅ প্রযুক্তির ধাপসমূহ উল্লেখ কর।,"রিকি ম্বে নন্ট উঘঅ প্র স্তু ত করার প্রধান ধাপসমূহ নিম্নরূপ : ( র ) কা•িক্ষত উঘঅ ( টাগর্েট উঘঅ ) নির্বাচন ও পৃথ কীকরণ । ( রর ) একটি বাহক নির্বাচন , যার মধে ্য কা•িক্ষত উঘঅ খণ্ডটি প্রতি স্থ াপন করা যাবে । এক্ষেত্রে প্লাসমিড উঘঅ কে ব্যবহার করা হয়। (ররর ) টাগর্েট এবং বাহকের উঘঅ অণুর নিি র্দষ্ট স্থ ানে ( ঝঢ়বপরভরপ ংরঃব ) ে ছদন করার জন্য প্রয়োজনীয় ে রি স্ট্র কশন এনজাইম নির্বাচন । উভয় ে ক্ষত্রে একই এনজাইম ব্যবহার করা হয়। ( ার ) ে ছদনক …ত উঘঅ খণ্ডসমূহ ( কা•িক্ষত উঘঅ ও বাহক ) উঘঅ লাইগেজ এনজাইম দ্বারা সংযুক্ত করা হয়। ( া ) কা•িক্ষত উঘঅ সহ বাহক উঘঅ এর অনুলিপনের জন্য একটি ে পাষক ( যড়ংঃ ) নির্বাচন (ে যমন - ঊ.পড়ষর )। ( ার ) কা•িক্ষত উঘঅ খণ্ড সমন্ ্বয়ে প্র স্তু তক…ত রিকি ম্বে নন্ট উঘঅ- এর বহিঃপ্রকাশ মূল্যায়ন । (ারর) রিকি ম্বে নন্ট উঘঅ ৈ তরির সময় বাহক হিসেবে ঞর প্লাসমিড ব্যবহার করা হয়ে থ াকলে রিকি ম্বে নন্ট উঘঅ কে অমৎড়নধপঃবৎর্স- এ স্থ ানান্তর করানো । (াররর) কা•িক্ষত উি ™্ভদে কাষে রিকি ম্বে নন্ট উঘঅ প্রবেশ করানো ।",নম্ব র বণ্টন : রিকি ম্বে নন্ট উঘঅ প্রযুক্তির ৮টি ধাপ ে লখার জন্য ২.৫ নম্ব র । [বি: দ্র: ে কান ১টি ধাপ না লিখলে বা ভুল লিখলে ০.২৫ নম্ব র কর্তন করা হবে । ধাপ গুে লা অবশ্যই ধারাবাহিকভাবে উল্লেখ করতে হবে । ]
572821065268,2146329,Bangla,other,other/572821065268.jpg,,,"নিচের শã গুে লার সঠিক উচ্চারণ ে লখ : ব্যাখ্যা , বিÁান , দ ায়িত a, পদ্য, একাডেমি",সঠিক উচ্চারণ নির্ণয়ঃ ব্যাখ্যা - ব্যাক&খা বিÁান - বিগ && গ্যান && দ ায়িত a - দ ায়িত &ে তা পদ্য - পোদ&দো একাডেমি - অ্যাকাডেমি,নম্ব র বণ্টনঃ চিহ্নিত শãসম ূে হর সঠিক উচ্চারণ ে লখার জন্য (০.৫ \(\times \) ৫) = ২.৫ নম্বর। [ বি.দ ্রঃ বানান ভুলে বরাদ্দক …ত নম্ব র কাটা যাবে । ]
969525641272,2146329,Bangla,other,other/969525641272.jpg,,,"উদাহরণসহ সংÁা দ াও : সন্ধি , অপিনিহিতি , বচন ।","উদাহরণসহ সংÁাঃ সন্ধি : সন্ধি শãের অর্থ ÔমিলনÕ । ড. মুহম্মদ শহীদুল্লাহ&র মতে Ôবর্ণদ্বয়ের মিলনকে সন্ধি বলে।Õ অর্থ াৎ পাশাপাশি অবি স্থত দ ুটি বণ একটি বণে পরিণত হলে সন্ধি হয়। ে যমন : সম + সার = সংসার । অপিনিহিতি : শãের মধ্যি স্থত বা অন্তি স্থত ই- কার বা উ- কার ধŸনি থ াকলে এটিকে আগে থেকেই উচ্চারণ করার রীতিকে অপিনিহিতি বলে ।/ শãের মধে ্য ব্যÄনের সঙ্গে যুক্ত 'ই' বা 'উ' উচ্চারণের সময় স্বস্থ ানে উচ্চারিত না হয়ে অব্যবহিত পূবর্ে উচ্চারিত হওয়ার রীতিকে অপিনিহিতি বলে । ে যমন : আজি > আইজ , সাধু > সাউধ , রাখিয়া > রাইখ্যা , বাক ্য > বাইক ্য, সত ্য > সইত ্য, চারি > চাইর , মারি > মাইর ইত্যাি দ। বচন : বচন পারিভাষিক শãটির অর্থ Ôসংখ্যার ধারণাÕ । বিশেষ ্য বা সর্বনাম পদে র সংখ্যার ধারণা প্রকাশের উপায় বা সংখ্যাত্মক প্রকাশের ব্যাকরণ নি দর্ে শিত ে কৌশল বা উপায়কে বচন বলে । অথবা , বিশেষ ্য বা সর্বনাম পদ ে য ব ্যক্তি, ব স্তু বা প্রাণীর প্রতিনিধিত a করে বা নি দর্েশ করে ; ে সই ব্যক্তি, ব স্তু বা প্রাণীর সংখ্যা বা পরিমাণকে বচন বলা হয়। ে যমন : একটি পাখি , দ ুটি মানুষ , তিন ে কজি চাউল ইত্যাি দ।",নম্ব র বণ্টন : উদাহরণসহ ১ টি সংÁা ে লখার জন্য ০১ নম্ব র । উদাহরণসহ ২ টি সংÁা ে লখার জন্য ০২ নম্ব র । উদাহরণসহ ৩ টি সংÁা ে লখার জন্য ২.৫ নম্ব র ।
718817349891,2146329,English,other,other/718817349891.jpg,,"Read the following extract and answer questions that follow: ""Success is counted sweetest By those who ne’er succeed. To comprehend a nectar Requires sorest need. Not one of all the purple Host Who took the Flag today Can tell the definition So clear of Victory…"" – Emily Dickinson (a) Who values success most according to the poet? ‎(b) What do the words ‘nectar’ and ‘sorest need’ symbolize?",,"(a) According to the poet, those who never succeed understand success the best. Their deep desire and longing help them feel its true value. ‎(b) ‘Nectar’ symbolizes success or reward, while ‘sorest need’ stands for great desire or suffering. Together, they show that success feels most precious to those who need it the most. ‎ Mark Distribution: For writing, According to the poet, those who never succeed understand success the best. Their deep desire and longing help them feel its true value; 01 mark. For writing, ‘‘Nectar’ symbolizes success or reward, while ‘sorest need’ stands for great desire or suffering. Together, they show that success feels most precious to those who need it the most . ; 1.5 marks. [ N.B: 0.5 mark will be deducted for two grammar or spelling mistakes, 01 mark for three or more grammar or spelling mistakes.]",
145366652519,2146329,Bangla,other,other/145366652519.jpg,,,উৎপত্তিগতভাবে বাংলা শã কত প্রকার ও কী কী ? সংÁাসহ উদাহরণ ে লখ ।,"উৎপত্তি অনুসারে বাংলা শã প্াচ প্রকার । যথা : তৎসম শã : ে যসব শã সং স্‹…ত ভাষা থেকে হুবহু বাংলা ভাষায় এসেছে তা দে র তৎসম শã বলে । ে যমন - গাত্র , গৃহিণী , ক…ò, চন্দ্র ইত্যাি দ। অর্ধ- তৎসম শã : ে যসব শã সং স্‹…ত ভাষা থেকে অনেকটা পরিবতর্িত হয়ে বাংলা ভাষায় এসেছে তা দে র অর্ধ- তৎসম শã বলে । ে যমন - গতর , ে কষ্ট , গিনি্ন , চন্দ ইত্যাি দ। ত™্ভব শã : ে যসব শã সং স্‹…ত ভাষা থেকে সম্পূণ পরিবতর্িত হয়ে বাংলা ভাষায় এসেছে তা দে র ত™্ভব শã বলে । ে যমন -গা, কানু , ঘরনি , চ্া দ ইত্যাি দ। দে শি শã : ে যসব শã বাংলা দেশের আদিম অধিবাসী ভাষা থেকে বাংলা ভাষায় রক্ষিত আছে তা দে র দে শি শã বলে । ে যমন - কুলা , চলা , কুড়ি , ে পট ইত্যাি দ। বিদে শি শã : ধর্মীয় , রাজনীতিক , রাষ্ট্রীয় , সাং স্‹… তিক ও বাণিজ্যিক কারণে বাংলায় আগত বিভিন্ন দেশের ভাষাভাষী মানুষের মাধ ্যমে ে যসব শã বাংলা ভাষায় এসেছে তা দে র বিদে শি শã বলে । ে যমন - আরবি : আল্লাহ , ইসলাম , জান্নাত ; ফারসি : ে ফরেস্তা , ে খাদা ; ইংরেজি : স্‹ ুল , কলেজ ; পর্তুগিজ : কামরা , বালতি , সাবান ; ফরাসি : ে র স্ে তার্া , কুপন ; ওল ন্দ াজ : ইস্‹ াপন ে ট°া ; তুকি : চাকর , চাকু , দ ারোগা ; চীনা : চা , চিনি , লিচু ; জাপানি : রিকশা ইত্যাি দ।",নম্ব র বণ্টনঃ ৫ প্রকার সংÁা ে লখার জন্য (০.৫ \(\times \) ৫) = ২.৫ নম্বর। ৫ প্রকার উদাহরণ ে লখার জন্য (০.৫ \(\times \) ৫) = ২.৫ নম্বর। [বিঃ দ্রঃ উৎপত্তিগতভাবে ৫ প্রকার ে লখার জন্য ০.৫ নম্ব র । শুধু ৫ প্রকার নাম ে লখার জন্য ০১ নম্ব র ]
360455074102,2146329,English,other,other/360455074102.jpg,,"Make meaningful sentences with the following words: Articulate, Transcend, Ambiguous, Formidable, Magnanimous",,"Articulate - The professor was able to articulate complex theories in a way that students could easily understand. Transcend - True leadership transcends titles and positions; it inspires people at every level. Ambiguous - The politician's speech was deliberately ambiguous to avoid direct criticism. Formidable - Climbing Mount Everest is a formidable challenge even for seasoned climbers. Magnanimous - Despite the harsh criticism, he remained magnanimous and thanked everyone for their feedback. Mark Distribution: For making meaningful sentences with the given words, (0.5×5) =2.5 marks.",
425823339083,2146329,English,other,other/425823339083.jpg,,Write a paragraph in approximately 100 words analyzing how digital communication is changing the way people connect and interact. Focus on both positive and negative effects with an academic tone and paragraph structure.,,"Digital Communication and the Transformation of Human Interaction Digital communication has fundamentally altered human interaction, producing both empowering and troubling consequences. While it enables unprecedented global connectivity and rapid information exchange, it often reduces communication to superficial exchanges, undermining deeper, empathetic understanding. The ease of online interaction can foster isolation, as people increasingly prefer virtual contacts over face-to-face relationships, weakening social skills and emotional intelligence. Additionally, digital platforms can amplify misinformation, echo chambers, and cyberbullying, eroding public trust and social cohesion. Therefore, despite its benefits, digital communication demands critical scrutiny to address its profound impact on the quality and authenticity of human connections. Mark Distribution: For writing title like, “ Digital Communication and the Transformation of Human Interaction ” ; 0.5 mark. For writing introductory sentence like, Digital communication has fundamentally altered human interaction, producing both empowering and troubling consequences; 01 mark. For writing positive effects like, the ease of online interaction can foster isolation, as people increasingly prefer virtual contacts over face-to-face relationships, weakening social skills and emotional intelligence; 1.5 marks. For writing negative effects like, digital platforms can amplify misinformation, echo chambers, and cyberbullying, eroding public trust and social cohesion; 1.5 marks. For writing conclusion such as , despite its benefits, digital communication demands critical scrutiny to address its profound impact on the quality and authenticity of human connections; 0.5 mark.",
406689993689,2146329,Biology,other,other/406689993689.jpg,5/2,,রক্ত তআন প্রক্রিয়াটি প্রবাহচিত্রের মাধ ্যমে বর্ণনা কর।,রক্ত তআন প্রক্রিয়াটির প্রবাহচিত্র ঃ,নম্ব র বণ্টনঃ ১/২ টি ধাপ বর্ণনার জন্য ০১ নম্ব র । ৩ টি ধাপ বর্ণনার জন্য ০২ নম্ব র । ৪ টি ধাপ বর্ণনার জন্য ২.৫ নম্ব র । [ বি. দ্র : যে ে কানো একটি ফ্যা±র ভুল করলে / না লিখলে ০.৫ নম্ব র কর্তন করা হবে । ধাপগুলি ধারাবাহিকভাবে লিখতে হবে ]
888496011286,2146329,Biology,other,other/888496011286.jpg,5/2,,সংÁা লিখ : ( র ) লসিকা (রর) ে লাকাস (ররর) অ্যালিল (রা) ফিনোটাইপ (া) গ্লুকোনিয়োজেনেসিস,"( র ) লসিকা : টিসু ্য গঠনকারী ে কাষের ফ্াকে ফ্াকে অবি স্থত বর্ণহীন তরল পদা র্থকে লসিকা বলে । (রর) ে লাকাস : ক্রে ামোজোমে জিনের নিি র্দষ্ট স্থ ান -এর নাম ে লাকাস । একটি নিি র্দষ্ট জিনের অ্যালিল গুে লা সমসং স্থ ক্রে ামোজোমের একই ে লাকাসে অবস্থ ান করে । (ররর) অ্যালিল : সমসং স্থ ক্রে ামোজোম ে জাড়ের নিি র্দষ্ট ে লাকাসে অবস্থ ানকারী নিি র্দষ্ট জিন -ে জাড়ার একটিকে অপরটির অ্যালিল বলে । (রা) ফিনোটাইপ : জিনোটাইপ দিয়ে নিয়ন্ি¿ত জীবের বাহ্যিক লক্ষণকে ফিনোটাইপ বলে । এটি জীবের আকার , আক … তি , বণ প্রভ … তি প্রকাশ করে । (া) গ্লুকোনিয়োজেনেসিস : যে জৈব- রাসায়নিক প্রক্রিয়ায় অশর্করা জাতীয় উপাদান থেকে গ্লুকোজ শর্করা উৎপন্ন হয়, তাকে গ্লুকোনিয়োজেনেসিস বলে ।",নম্ব র বণ্টন : ৫টি সংÁা ে লখার জন্য (০.৫ দ্ধ ৫) = ২.৫ নম্ব র ।
817250679456,2146329,Biology,other,other/817250679456.jpg,5/2,,যক…তে কোন চক্রের মাধ্যমে ইউরিয়া সৃষ্টি হয়? যক…তে হরমোন সংশ্লেষ ও হরমোনের ভাঙন ব্যাখ্যা কর।,"যক…তে অরনিথিন চক্রের মাধ্যমে ইউরিয়া সৃষ্টি হয়। হরমোন সংশ্লেষ: যক…ত অ্যানজিওটেনসিনোজেন (অহমরড়ঃবহংরহড়মবহ) নামক হরমোন সংশ্লেষ করে যা বৃ° নিঃসৃত রেনিন (জবহরহ) এনজাইম দিয়ে সক্রিয় হয়ে দেহে রক্তচাপ বৃদ্ধি করে। হরমোন ভাঙন: যক…ত প্রায় সব হরমোনই কম-বেশি ধŸংস করে। তবে টেস্টোস্টেরন ও অ্যালডোস্টেরন যত দ্রুত ধŸংস হয় অন্য হরমোনগুলো (ইনসুলিন, গ্লুকাগন, আন্ি¿ক হরমোন, স্¿ী যেৌন হরমোন, অ্যাড্রেনাল হরমোন, থাইরক্সিন প্রভ…তি) তত দ্রুত ধŸংস হয় না। এভাবে যক…ত বিভিন্ন হরমোনের কর্মকাণ্ডে স্থায়ী অভ্যন্তরীণ পরিবেশ (হোমিওস্ট্যাসিস) সৃষ্টি করে।",নম্বর বণ্টন: অরনিথিন চক্রের মাধ্যমে লেখার জন্য ০.৫ নম্বর। হরমোন সংশ্লেষ ও হরমোনের ভাঙন ব্যাখ্যা লেখার জন্য (০১+০১) = ০২ নম্বর।
441272177728,2146329,Biology,other,other/441272177728.jpg,5/2,,লিথাল জিন কাকে বলে? ৬টি লিথাল জিন জনিত রোগের নাম লিখ।,"লিথাল জিন: যেসব জিন হোমোজাইগাস অবস্থায় উপস্িথত থাকলে সংশ্লিষ্ট জীবের মৃতু্য ঘটে সেসব জিনকে লিথাল জিন বলে। লিথাল জিন জনিত রোগের নাম : ১। ড্রসোফিলা মাছির লু্প্রায় ডানা, ২। ক্রীপার মুরগী, ৩। পা বিহীন বাছুর, ৪। ব্রাকিফ্যালাÄি, ৫। হিমোফিলিয়া, ৬। জন্মগত মূক-বধিরতা, ৭। ইনফ্যান্টাইল অ্যামারটিক ইডিওসি, ৮। থ্যালাসেমিয়া, ৯। সিকল সেল অ্যানিমিয়া, ১০। সিস্টিক ফাইব্রোসিস, ১১। রেটিনোব্লাস্টোমা, ১২। কনজেনিটাল ইকথিওসিস।",নম্বর বণ্টন: লিথাল জিন এর সংÁা লিখলে ০১ নম্বর। ৬টি লিথাল জিন জনিত রোগের নাম লিখলে (০.২৫ \(\times \) ৬) = ১.৫ নম্বর।
925721810643,2146329,Biology,other,other/925721810643.jpg,5/2,,সালোকসংশ্লেষণ প্রক্রিয়ার লিমিটিং ফ্যা±র কয়টি ও কী কী? গ্লাইকোলাইসিস ও ফটোলাইসিস এর মধ্যে ৩টি পার্থক্য লিখ।,"সালোকসংশ্লেষণ প্রক্রিয়ার লিমিটিং ফ্যা±র তিনটি। যথা- তাপমাত্রা, আলোর তীব্রতা এবং \(C{O}_{2}\) এর ঘনতa। গ্লাইকোলাইসিস ও ফটোলাইসিস এর মধ্যে পার্থক্য: ১. সংঘটনের প্রক্রিয়া → শ্বসনকালে ঘটে। → সালোকসংশ্লেষণকালে ঘটে। ২. সংঘটনের স্থান → কোষের সাইটোপ্লাজমে সম্পন্ন হয়। → ক্লোরোপ্লাস্টের গ্রানাম অআলে সম্পন্ন হয়। ৩. আলো → সূর্যালোকের প্রয়োজন হয় না। → সূর্যালোকের প্রয়োজন হয়। ৪. উৎপন্ন দ্রব্য → এ প্রক্রিয়ায় গ্লুকোজ থেকে পাইরুভিক অ্যাসিড উৎপন্ন হয়। → এ প্রক্রিয়ায় পানি থেকে ইলেকট্রন, প্রোটন ও অক্সিজেন উৎপন্ন হয়। ৫. প্রক্রিয়ার নাম → এ প্রক্রিয়াকে ঊগচ পথ বলে। → এ প্রক্রিয়াটি হিল বিক্রিয়া তুল্য।","নম্বর বণ্টন: সালোকসংশ্লেষণ প্রক্রিয়ার লিমিটিং ফ্যা±র তিনটি লেখার জন্য ০.৫ নম্বর। তাপমাত্রা, আলোর তীব্রতা এবং \(C{O}_{2}\) এর ঘনতa লেখার জন্য ০.৫ নম্বর। গ্লাইকোলাইসিস ও ফটোলাইসিস এর মধ্যে ৩টি পার্থক্য লেখার জন্য (০.৫ \(\times \) ৩) = ১.৫ নম্বর।"
753924552476,2146329,Biology,other,other/753924552476.jpg,5/2,,জিন কাকে বলে? ট্রাÝক্রিপশন প্রক্রিয়ার জন্য প্রয়োজনীয় উপাদানসমূহ উল্লেখ কর।,"জিন হলো ক্রোমোসোমের লোকাসে অবস্িথত উঘঅ অণুর সুনিদর্িষ্ট সিকোয়েÝ যা জীবের একটি নিদর্িষ্ট কার্যকর সংকেত আবদ্ধ ( বহপড়ফব) করে এবং প্রোটিন হিসেবে আত্মপ্রকাশ করে বৈশিষ্টের বিকাশ ঘটায়। অথবা, জীবের চারিত্রিক বৈশিষ্ট্য নিয়ন্¿ণকারী ক্ষুদ্রতম একককে জিন বলা হয়। অথবা, উঘঅ অণুর নূন্যতম যে অংশটুকু একটি পলিপেপটাইড উৎপাদনের সংকেত বহন করে, তাকে জিন বলে। ট্রাÝক্রিপশন প্রক্রিয়ার জন্য যেসব উপাদান প্রয়োজন: (র ) উঘঅ ছ্াচ (ঃবসঢ়ষধঃব) (রর ) জঘঅ- পলিমারেজ এনজাইম যা তিন প্রকার হতে পারে। (ররর ) মুক্ত রাইবোনিউক্লিওটাইড ট্রাইফসফেট ( অঞচ, এঞচ, ঈঞচ এবং টঞচ ) (রা ) রাসায়নিক শক্তি, ট্রাইফসফেট ভেঙ্গে নিউক্লিওটাইড এবং পাইরোফসফেট সৃষ্টিকালে মুক্ত হয়। পাইরোফসফেট ভেঙ্গে দুই আয়ন ফসফেট তৈরি কালেও কিছু অতিরিক্ত শক্তি পাওয়া যায়। (া) কিছু সহযোগী প্রোটিন।",নম্বর বণ্টন: জিন এর সংÁা লিখলে ০.৫ নম্বর। ৪টি উপাদান লিখলে (০.৫ \(\times \) ৪) = ০২ নম্বর।
442427989966,2146329,Bangla,other,other/442427989966.jpg,,,"নিচের শã গুে লার প্রমিত বানানরূপ ে লখ : ইতিমধে ্য, সম্ম বর্ধনা , ৈ পত্রিক , অপোরাহ্ন , দৈ ন্যতা",প্রমিত বানানরূপঃ ইতিমধে ্য- ইতোমধে ্য সম্ম বর্ধনা-সংবর্ধনা ৈ পত্রিক -ৈ পত …ক অপোরাহ্ন-অপরাহè দৈ ন্যতা -দ ীনতা /দৈন্য,নম্ব র বণ্টন : শã গুে লার প্রমিত বানানরূপ ে লখার করার জন্য (০.৫ \(\times \) ৫) = ২.৫ নম্বর।
491677449164,2146329,Bangla,other,other/491677449164.jpg,,,ভাব-সম্প্রসারণ কর: স্বাধীনতা অর্জনের চেয়ে স্বাধীনতা রক্ষা করা কঠিন।,"ভাব-সম্প্রসারণ: স্বাধীনতা একটি জাতির অমূল্য সম্পদ। স্বাধীনভাবে বে্চে থাকা যেকোনো জাতির জন্য গর্ব এবং অনুপ্রেরণার বিষয়। অনেক সাধনা, ত্যাগ-তিতিক্ষা, এমনকি রক্তের বিনিময়ে স্বাধীনতা অজর্িত হয়। অজর্িত স্বাধীনতার মর্যাদা রক্ষা করার জন্য প্রয়োজন যেমন নিরলস শ্রম-সাধনা তেমনই প্রয়োজন যোগ্য নেত…তa। সুতরাং স্বাধীনতা অর্জনের চেয়ে তা রক্ষা করার প্রয়োজনে আরও কঠিনতম সাধনা অপরিহার্য। মানুষমাত্রই স্বাধীনভাবে বে্চে থাকতে চায়। তাই স্বাধীনতা সকলেরই একটি আরাধ্য বিষয়। এ প্রসঙ্গে কবি রঙ্গলাল বন্েদ্যাপাধ্যায়ের নিমে্নাক্ত চরণটি উল্লেখযোগ্য: স্বাধীনতা-হীনতায় কে ব্াচিতে চায় হে কে ব্াচিতে চায়? কিন্তু স্বাধীনতা অর্জন করা একটি দুঃসাধ্য কাজ। পরাধীনতার শৃ•খল থেকে নিপীড়িত, অত্যাচারিত জাতিকে মুক্তিসংগ্রামের মধ্য দিয়ে স্বাধীনতার সূর্যকে ছিনিয়ে আনতে হয়। কিন্তু এ অর্জনই শেষ কথা নয়। বরং প্রয়োজন স্বাধীনতার সুফল ঘরে ঘরে পেৌ্ছে দেওয়া। এজন্য আপামর জনসাধারণের ঐক্য একান্তভাবে দরকার। প্রয়োজন হয়ে দ্াড়ায় সময়োপযোগী বলিষ্ঠ নেত…তa। অতি জরুরি হয়ে পড়ে আর্থনীতিক স্বনির্ভরতা এবং সাংস্‹…তিক ঐক্য। কিন্তু সদ্য স্বাধীন দেশের জন্য তা বরাবরই কঠিন। বরং এরূপ প্রেক্ষাপটে স্বাভাবিকভাবে পরাজিত শক্তি সুযোগের আশায় থাকে শেষ ছোবলের জন্য। আর তাদের দোসররা নানা দুর্বলতার সুযোগ খু্জতে সদা সচেষ্ট থাকে। বিশ্বেও এ সময় নানা রাজনীতিক চক্রান্েতর সৃষ্টি হয়, অসংখ্য সমস্যা জন্ম নেয়। প্রতিবেশী রাষ্ট্র সহায়তা করলেও তাতে অনেক ক্ষেত্রে নিজেদের স্বার্থ নিহিত থাকে। এরূপ ক্রান্িতকালে অভ্যন্তরীণ বিবাদ-বিশৃ•খলা মাথা চাড়া দিয়ে ওঠে। স্বাধীনতা অর্জনকারীদের মাত্রাতিরিক্ত বাড়াবাড়ি জন্ম দেয় এক প্রতিকূল পরিবেশ। এছাড়া পারিবারিক, সামাজিক, আর্থনীতিক, সাংস্‹…তিক, ধর্মীয় ও রাজনীতিক অস্িথরতায় উপযুক্ত নেত…তেaর সংকট ঘটতে পারে। ফলে গণমানুষের চাওয়া-পাওয়া চরমভাবে উপেক্ষিত হয়। রাষ্ট্রীয় জীবনে দেখা দেয় ব্যাপক হতাশা, অস্িথরতা, নিরাপত্তাহীনতাসহ নানাবিধ সমস্যা। সবর্োপরি জাতীয় ঐক্যে চিড় ধরে। জাতীয় উন্নতি মারাত্মকভাবে ব্যাহত হয়। এমনকি দেশের অর্থনীতির ওপর আঘাত আসে, উৎপাদন কমে যায়- ফলে জন্ম নিতে পারে ভয়াবহ দুভর্িক্ষের। সুতরাং এরূপ প্রেক্ষাপটে স্বাধীনতার মর্যাদা, গুরুতa রক্ষার প্রশ্ন বড়ো হয়ে ওঠে। তাই স্বাধীনতা রক্ষায় প্রয়োজনে সর্বস্তরের জনগণকে ঝ্াপিয়ে পড়তে হবে- মাঠে, ঘাটে, ময়দানে, কল-কারখানাসহ সর্বত্রই। ক…ষিক্ষেত্রে ব্যাপক শ্রম দিয়ে দেশকে খাদ্যে স্বয়ংসম্পূর্ণ করতে হবে। শিল্পে, বাণিজ্যে দেশকে উন্নত করতে হবে। দেশের প্রতিটি ক্ষেত্রে নাগরিকের মেৌলিক অধিকার নিðিত করতে হবে। এভাবেই আরাধ্য স্বাধীনতাকে ব্যর্থতার হাত থেকে রক্ষা করতে হবে। এক্ষেত্রে জাতির ঐক্যবদ্ধ ভূমিকাই প্রধান। অনেক কষ্টের বিনিময়ে পাওয়া স্বাধীনতা রক্ষার পবিত্র দায়িতa সকলের। সুতরাং এর মর্যাদা রক্ষার প্রয়োজনে যেকোনো ধরনের ত্যাগ স্বীকার করতে হবে। তবেই স্বাধীনতা চির-অম্লান থাকবে।","নম্বর বণ্টন: স্বাধীনতা একটি জাতির অমূল্য সম্পদ। অনেক সাধনা, ত্যাগ-তিতিক্ষা, এমনকি রক্তের বিনিময়ে স্বাধীনতা অজর্িত হয় - নির্ধারিত অংশে লেখার ভাব ঠিকমতো বোঝাতে পারলে ০১ নম্বর। মানুষমাত্রই স্বাধীনভাবে বে্চে থাকতে চায় - নির্ধারিত অংশে লেখার ভাব ঠিকমতো বোঝাতে পারলে ০.৫ নম্বর। কিন্তু স্বাধীনতা অর্জন করা একটি দুঃসাধ্য কাজ। পরাধীনতার শৃ•খল থেকে নিপীড়িত, অত্যাচারিত জাতিকে মুক্তিসংগ্রামের মধ্য দিয়ে স্বাধীনতার সূর্যকে ছিনিয়ে আনতে হয় - নির্ধারিত অংশে লেখার ভাব ঠিকমতো বোঝাতে পারলে ০১ নম্বর। স্বাধীনতা অর্জনকারীদের মাত্রাতিরিক্ত বাড়াবাড়ি জন্ম দেয় এক প্রতিকূল পরিবেশ - নির্ধারিত অংশে লেখার ভাব ঠিকমতো বোঝাতে পারলে ০.৫ নম্বর। তাই স্বাধীনতা রক্ষায় প্রয়োজনে সর্বস্তরের জনগণকে ঝ্াপিয়ে পড়তে হবে- মাঠে, ঘাটে, ময়দানে, কল-কারখানাসহ সর্বত্রই - নির্ধারিত অংশে লেখার ভাব ঠিকমতো বোঝাতে পারলে ০১ নম্বর। অনেক কষ্টের বিনিময়ে পাওয়া স্বাধীনতা রক্ষার পবিত্র দায়িতa সকলের। সুতরাং এর মর্যাদা রক্ষার প্রয়োজনে যেকোনো ধরনের ত্যাগ স্বীকার করতে হবে - নির্ধারিত অংশে লেখার ভাব ঠিকমতো বোঝাতে পারলে ০১ নম্বর। [বিঃ দ্রঃ দুইটি বানান ভুল করলে ০.৫ নম্বর, তিন বা ততোধিক বানান ভুল করলে ০১ নম্বর কাটা যাবে, তবে নির্ধারিত অংশে লেখার ভাব ঠিকমতো বোঝাতে না পারলে বরাদ্দক…ত নম্বর কাটা যাবে।]"
912169747282,2146329,English,other,other/912169747282.jpg,,"Make meaningful sentences with the following words: Euphoria, Reluctant, Mitigate, Omnipresent, Proactive",,"Euphoria – The entire stadium erupted in euphoria after the team’s last-minute victory. Reluctant – She was reluctant to speak in front of the large crowd. Mitigate – Proper planning can help mitigate the risks of failure. Omnipresent – In the digital age, social media has become almost omnipresent in our lives. Proactive - He played a very proactive role in implementing the project. Mark Distribution: For making meaningful sentence with the following words (0.5×5) =2.5 marks. [ N.B: Any sentence that is meaningful and correct will get allocated marks]",
470279319684,2146329,English,other,other/470279319684.jpg,,"Write a well organised paragraph on ‘The Value of Time’ in the space provided, considering the element of a paragraph, such as topic sentence, supporting detail sentences and conclusion.",,"‘The Value of Time’ Time is one of the most precious resources in our lives, and once lost, it can never be regained. It waits for no one and moves forward constantly, making it essential to use every moment wisely. People who understand the value of time tend to lead more disciplined, productive, and successful lives. Time management helps us set priorities, meet deadlines, and reduce stress. Wasting time, on the other hand, leads to missed opportunities and regret. Whether in studies, work, or personal growth, using time effectively brings long-term benefits. Therefore, we must respect time and make the best use of it to build a brighter future. Marks Distribution: For writing Title, ‘The Value of Time’; 0.5 mark. For writing topic sentence such as, People who understand the value of time tend to lead more disciplined, productive, and successful lives. Time management helps us set priorities, meet deadlines, and reduce stress. 1.5 marks. For writing supporting detail sentences such as, Time management helps us set priorities, meet deadlines, and reduce stress. Wasting time, on the other hand, leads to missed opportunities and regret. Whether in studies, work, or personal growth, using time effectively brings long-term benefits. 1.5 marks. For writing conclusion such as, whether in studies, work, or personal growth, using time effectively brings long-term benefits. Therefore, we must respect time and make the best use of it to build a brighter future; 1.5 marks. [ Instructions: * Students must write it within one single para. If it becomes more than one para , 50% marks have to be deducted from the obtained marks. * 0.5 mark will be deducted for one or two grammar or spelling mistakes , 01 mark for three or more grammar or spelling mistakes .]",
893196024939,2146329,English,other,other/893196024939.jpg,,"Fill in the blanks with appropriate words from the following list: (List: efficient, unity, goal, helpful, sincere, leadership) ‎ Achieving a significant (a) ______ in any organization or group requires not only clear vision but also (b) ______ effort and dedication from all members. Success depends on careful and (c) ______ planning, which ensures that resources are used wisely and obstacles are minimized. Effective (d) ______ plays a crucial role in motivating the team, making decisions, and maintaining focus on the objective. Moreover, (e) ___ ___ among team members nurtures cooperation, mutual respect, and trust, which are essential for smooth collaboration. Every individual should be helpful and ready to assist others, understanding that collective progress depends on everyone’s contribution.",,(a) goal (b) sincere (c) efficient (d) leadership (e) unity Mark Distribution: For filling the blanks with suitable words; (0.5×5) =2.5 marks.,
273595007278,2146329,Bangla,other,other/273595007278.jpg,,,"সারমর্ম লেখ: মরিতে চাহি না আমি সুন্দর ভুবনে, মানবের মাঝে আমি ব্াচিবারে চাই, এই সূর্যকরে এই পু®িপত কাননে জীবন্ত হৃদয়-মাঝে যদি স্থান পাই। ধরায় প্রাণের খেলা চিরতরঙ্গিত, বিরহ মিলন কত হাসি-অশ্রু-ময়, মানবের সুখে দুঃখে গ্াথিয়া সংগীত যদি গো রচিতে পারি অমর-আলয়। তা যদি না পারি তবে ব্াচি যত কাল তোমাদেরি মাঝখানে লভি যেন ঠ্াই, তোমরা তুলিবে বলে সকাল বিকাল নব নব সংগীতের কুসুম ফুটাই। হাসিমুখে নিয়ো ফুল, তার পরে হায়, ফেলে দিয়ো ফুল, যদি সে ফুল শুকায়।","সারমর্ম: অপরিসীম সেৌন্দযর্ে ভরপুর এ পৃথিবী ছেড়ে কেউ চলে যেতে চায় না। সুখ-দুঃখ, আনন্দ-বেদনা, বিরহ-মিলনের মাঝে মানুষ বে্চে থাকতে চায়। কিন্তু মৃতু্যকে উপেক্ষা করার সাধ্য কারো নেই; তাই শুধু কমর্ের মধ্য দিয়েই অমরতa লাভ সম্ভব।","নম্বর বণ্টন: অপরিসীম সেৌন্দযর্ে ভরপুর এ পৃথিবী ছেড়ে কেউ চলে যেতে চায় না - নির্ধারিত অংশে লেখার ভাব ঠিকমতো বোঝাতে পারলে ০১ নম্বর। সুখ-দুঃখ, আনন্দ-বেদনা, বিরহ-মিলনের মাঝে মানুষ বে্চে থাকতে চায় - নির্ধারিত অংশে লেখার ভাব ঠিকমতো বোঝাতে পারলে ০১ নম্বর। কিন্তু মৃতু্যকে উপেক্ষা করার সাধ্য কারো নেই; তাই শুধু কমর্ের মধ্য দিয়েই অমরতa লাভ সম্ভব - নির্ধারিত অংশে লেখার ভাব ঠিকমতো বোঝাতে পারলে ০.৫ নম্বর । [বিঃ দ্রঃ চার বাক্যের বেশি লিখলে ৫০% নম্বর পাবে।]"
172938530311,2146329,Biology,other,other/172938530311.jpg,5/2,,মি থে াজীবিতা কাকে বলে ? হাইড্রার ও ৈ শবালের মি থে াজীবিতায় উভয়ের প্রা্ উপকার গুে লা লিখ ।,"মি থে াজীবিতাঃ যখন দ ুটি ভিন্ন প্রজাতিভুক্ত জীব ঘনিষ্ঠভাবে সহাব স্থ ানের ফলে পরস্পরের কাছ থেকে উপক …ত হয়, তখন এ ধরনের সাহচয কে মি থে াজীবিতা বলে । ৈ শবালের প্রা্ উপকার গুে লা হলো : ( র ) আশ্রয় (রর) সালোকসংশ্লেষণ (ররর) খা দ্যে াৎপাদন হাইড্রার প্রা্ উপকার গুে লা হলো : ( র ) খা দ্য প্রা্ি (রর) শ্বসন (ররর) \(\ C{O}_{2}\) ে শাষণ (রা) বজ ্য নি ®‹ াশন",নম্ব র বণ্টন : মি থে াজীবিতা র সংÁা ে লখার জন্য ০.৫ নম্ব র । ৈ শবালের ১/২টি উপকার ে লখার জন্য ০.৫ নম্ব র । ৈ শবালের ৩টি উপকার ে লখার জন্য ০১ নম্ব র । হাইড্রার ৪টি উপকার ে লখার জন্য; (০.২৫ \(\times \) ৪) = ০১ নম্বর।
350047910671,2146329,Biology,other,other/350047910671.jpg,0/2,,চবি বা লিপিড জাতীয় খা দ্যব স্তু র ে শাষণের রূপরেখা দে খাও ।,"চবি বা লিপিড জাতীয় খা দ্যব স্তু র ে শাষণের রূপরেখা নিম্নরূপ - অথবা , ফ্যাটি এসিড , ে কালে স্টে রল → সি ক্র য় ে শাষণ → অ ন্ে¿ র ভিলাই এর কলামনার এপি ে থ লিয়াম → ব ৃ হৎ শিকল ফ ্য াটি এসিড আবার ট ্র াই গি ্ল সারাইড ( ঞএ ) এ পরিণত হয় এবং ে কা ে ল স্টে রল এ স্ট া ে র পরিণত হয় এবং অ ন্ে¿ র ে কাষীয় ে প ্র াটি ে নর সা ে থ মিলিত হ ে য় কাই ে লামাই ক্র ন নামক লি ে পা ে প ্র াটিন ৈ তরি হয় → ল ্য াকটিয়াল → ে থ ারাসিক লসিকা নালি → শিরা → হৃ দপি ণ্ড → ে কাষ ।",নম্ব র বণ্টন : চবি বা লিপিড জাতীয় খা দ্যব স্তু র ে শাষণের রূপরেখা নির্ভ ু লভাবে ে লখলে ২.৫ নম্ব র । [বি. দ্র: ে যকোন ১টি তথ্য ভুল করলে বা না লিখলে ০.২৫ নম্ব র কাটা যাবে ।]
927117511846,2146329,Biology,other,other/927117511846.jpg,1/2,,প্রক…তকোষী জীবে শ্বসনের বিভিন্ন ধাপ সংগঠিত হওয়ার স্থান লেখ।,প্রক…তকোষী জীবে শ্বসনের বিভিন্ন ধাপ সংগঠিত হওয়ার স্থান: ক. মাইটোকন্ড্রিয়নের বাইরে (সাইটোপ্লাজমে): ১. গ্লাইকোলাইসিস ২. ফামর্েন্েটশন খ. মাইটোকন্ড্রিয়নের ভেতরে ম্যাট্রিক্স-এ: ৩. পাইরুভিক অ্যাসিড অক্সিডেশন ৪. ক্রেব&&স চক্র গ. মাইটোকন্ড্রিয়নের ইনার মেমব্রেন-এ ৫. ইলে±্রন ট্রাÝপোর্ট চেইন।,"নম্বর বণ্টন: মাইটোকন্ড্রিয়নের বাইরে স্থান সাইটোপ্লাজম লেখলে ০১ নম্বর। মাইটোকন্ড্রিয়নের ভেতরে স্থান ম্যাট্রিক্স, ইনার মেমব্রেন লেখলে ১.৫ নম্বর।"
418896210267,2146329,Biology,other,other/418896210267.jpg,2/2,,সাইজোগনি ও স্ে পারোগনির মধে ্য ৫টি পার্থক ্য লিখ ।,"সাইজোগনি ও স্ে পারোগনির মধে ্য পার্থক ্য নিম্নরূপ : পার্থে ক্যর বিষয় → অযেৌন চক্র ( সাইজোগনি ) → ে যৌন চক্র (স্ে পারোগনি ) ( র ) ে পাষকের যে স্থ ানে ঘটে → মানুষের যক …ত ও ে লাহিত কণিকায় → মশকীর ক্রপের মধে ্য এবং হিমোসিলে । (রর ) সর্বশেষ ধাপ → গ্যামিটোসাইট → স্ে পারোজয়েট । (ররর ) হিমোজয়েন → এ চক্রে র ে শষের দিকে হিমোজয়েন সৃষ্টি হয় → কখনোই হিমোজয়েন সৃষ্টি হয় না । (রা ) ে পাষক দেহে প্রতিক্রিয়া → কা্পুনিসহ জaর , ে স স ঙ্গে অন্যান ্য উপসগ → ে তমন ে কানো প্রতিক্রিয়া দে খা যায় না । (া ) চক্রে র পুনরাবৃত্তি → ঘটে → ঘটে না । (ার ) গ্যামিট → সৃষ্টি হয় না → সৃষ্টি হয়। (ারর ) জাইগোট → ে যহেতু গ্যামিট সৃষ্টি হয় না তাই জাইগোট উৎপন্ন হওয়ার ে কানো সম্ভ াবনা ে নই → পুং ও স্¿ী গ্যামিটের মিলন ঘটিয়ে জাইগোট সৃষ্টি করে ।",নম্ব র বণ্টন : সাইজোগনি ও স্ে পারোগনির মধে ্য ৫টি পার্থক ্য ে লখার জন্য (০.৫ \(\times \) ৫) = ২.৫ নম্বর।
727325268874,2146329,Biology,other,other/727325268874.jpg,5/2,,রক্ত তআন কাকে বলে ? রক্ত তআনের অতি গুরুতaপূণ চারটি ফ্যা ±রের নাম লিখ ।,"রক্ত তআন : যে জটিল জৈব রাসায়নিক প্রক্রিয়ায় ফাইব্রিন জালক সৃষ্টির মাধ ্যমে ক্ষত স্থ ানে রক্তকে থকথকে পিণ্ডে পরিণত করে সে প্রক্রিয়াকে রক্তের জমাট ব্াধা বা রক্ত তআন বলে । অথবা , ে য প্রক্রিয়ায় কেটে যাওয়া স্থ ানে বা ক্ষত স্থ ানের রক্ত জমাট ে ব্ধে দেহ হতে অবাআিত রক্তপাত বন্ধ হয় তাকে রক্ততআন বলে । রক্ত তআনের অতিগুরুতaপূণ চারটি ফ্যা ±রের নাম : ( র ) ফাইবি ্রে নাজেন (রর) ে প্রা থ্রম্বিন (ররর) থ্রম্বে াপ্লাস্টিন ও \(C{a}^{2+}\)",নম্ব র বণ্টন : রক্ত তআনের সংÁা ে লখার জন্য ০ .৫ নম্ব র । ৪টি ফ্যা ±রের নাম ে লখার জন্য (০.৫ \(\times \) ৪) = ০২ নম্ব র ।
633943763676,2146329,Biology,other,other/633943763676.jpg,2/2,,নিচের প্রাণী গুে লার ৈ বÁানিক নাম লিখ : ( ধ ) গৃহ মাছি ( ন ) ে গালক … মি ( প ) ে ক্চো ( ফ ) ঘাসফড়িং ( ব ) ঘড়িয়াল,প্রাণী গুে লার ৈ বÁানিক নাম নিম্নরূপ : ( ধ ) গৃহ মাছি - গ্ংপধ ফড়সবংঃরপধ ( ন ) ে গালক … মি - অংপধৎরং ষ্সনৎরপড়রফবং ( প ) ে ক্চো - গবঃধঢ়যরৎব ঢ়ড়ংঃয্সধ ( ফ ) ঘাসফড়িং - চড়বশরষড়পবৎ্ং ঢ়রপঃ্ং/খড়প্ংঃধ ফধহরপধ ( ব ) ঘড়িয়াল - এধারধষরং মধহমবঃরপ্ং,নম্ব র বণ্টন : পা্চটি প্রাণী র ৈ বÁানিক নাম ে লখার জন্য; (০.৫ \(\times \) ৫) = ২.৫ নম্বর। [বি. দ্র: ৈ বÁানিক নাম হাতে লিখলে নামে আন্ডারলাইন বাধ্যতামূলক । আন্ডারলাইন না করলে বা গণ ও প্রজাতির নামের মধে ্য ে যকোনো ১টি বানান ভুল করলে ঐ নামের জন্য বরাদ্দক …ত নম্ব র পাবে না ]
259591177982,2146329,Biology,other,other/259591177982.jpg,5/2,,ওমাটিডিয়াম ক ী ? একটি আদশ ওমাটিডিয়ামের গঠন লিখ ।,ওমাটিডিয়াম : ওমাটিডিয়াম ( একবচনে ) একেকটি দ র্শন একক হিসেবে কাজ করে । একটি আদশ ওমাটিডিয়ামের গঠন : ১। কনর্িয়া ( ঈড়ৎহবধ) । ২। কনর্িয়াজেন ে কাষ ( ঈড়ৎহবধমবহ পবষষ) । ৩। ক্রিস্ট ালাইন ে কাণ ে কাষ ( ঈৎুংঃধষষরহব পড়হব পবষষ) । ৪। ক্রিস্ট ালাইন ে কাণ ( ঈৎুংঃধষষরহব পড়হব) । ৫। আইরিশ রÄক আবরণ ( ওৎরং ঢ়রমসবহঃ ংযবধঃয) । ৬। ে রটিনুলার ে কাষ ( জবঃরহ্ষধৎ পবষষ) । ৭। র্যাবডোম ( জযধনফড়সব ) । ৮। ে রটিনাল রÄক আবরণ ( জবঃরহধষ ঢ়রমসবহঃ ংযবধঃয) । ৯। ভিত্তিপ র্দা ( ইধংধষ সবসনৎধহব) । ১০। স্ ্নায়ুতন্ তু ( ঘবৎাব ভরনৎব ) ।,নম্ব র বণ্টন : দ র্শন একক হিসেবে কাজ করে ে লখার জন্য ০.৫ নম্ব র । একটি আদশ ওমাটিডিয়ামের ৮টি গঠন ে লখার জন্য (০.২৫ \(\times \) ৮) = ০২ নম্ব র ।
957364209419,2146329,Biology,other,other/957364209419.jpg,5/2,,ফুসফুসের কার্যকরী একক ক ী ? রক্তে অক্সিে জনের পরিবহন প্রক্রিয়া লিখ ।,"ফুসফুসের কার্যকরী একক: অ্যালভিওলাস ফুসফুসের কার্যকরী একক। রক্তে অক্সিজেন দ ুভাবে পরিবাহিত হয়-১. ে ভৌত দ্র বণরূপে ও ২. রাসায়নিক ে যৌগরূপে । ১. ে ভৌত দ্র বণরূপে : প্রতি ১০০ মি.লি . রক্তে ০.২ মি.লি . অক্সিজেন ে ভৌত দ্র বণরূপে পরিবাহিত হয়। তবে অং শের পরিমাণ খুব সামান ্য বলে তা টিসু ্যে কাষে অক্সিজেন সরবরাহ কাজে বিশেষ ভূমিকা পালন করে না । তবে অক্সিজেন ও হিমোগ্লোবিনের সংযোজন কাজে এর বিশেষ ভূমিকা রয়েছে । ২. রাসায়নিক ে যৌগরূপে : \({O}_{2}\) রক্তে প্রবেশের পর লোহিত কণিক ায় অবস্িথত হিমোগ্লোবিন-এর সাথে যুক্ত হয়ে অক্সি-হিমোগ্লোবিন গঠন করে। এটি এক ধরনের শিথিল রাসায়নিক যেৌগ, যা অক্সিজেনের চাপ কমে গেলে পুনরায় বিযুক্ত হয়। এ সংযোজন রক্তে অক্সিজেনের দ্রবীভূত অংশের চাপের উপর নির্ভরশীল। এ চাপ যত বাড়ে হিমোগ্লোবিন অক্সিজেনের সাথে তত বেশি সংযুক্ত হয়। \(H{b}_{4}+4{O}_{2}⇌4Hb{O}_{2}\) [ ঐন = হিমোগ্লোবিন ]",নম্ব র বণ্টন : অ্যালভিওলাস ে লখলে ০.৫ নম্ব র । ে ভৌত দ্র বণরূপে ব্যাখ্যার জন্য ০১ নম্ব র । ( কমপক্ষে ২টি তথ্য) রাসায়নিক ে যৌগরূপে ব্যাখ্যার জন্য ০১ নম্ব র । ( কমপক্ষে ২টি তথ্য)
285756089354,2146329,Biology,other,other/285756089354.jpg,2/2,,ঈযড়হফৎরপযঃযুবং ও অপঃরহড়ঢ়ঃবৎুমরর ে শ্রণির মধে ্য ৫টি তুলনা কর ।,"তুলনীয় বিষয় → ঈযড়হফৎরপঃযুবং → অপঃরহড়ঢ়ঃবৎুমরর ১. আ্শ → প্ল্যাকয়েড → সাইক ্লে য়ড বা টিনয়েড বা গ্যানয়েড । ২. অন্তঃকঙ্কাল → তরুণাি স্থ ময় → অস্িথ ময় । ৩.ফুলকারন্ধ্র → মাথার দ ুÕপাশে ৫-৭ ে জাড়া ; উন্মুক্ত → মাথার দ ুÕপাশে একটি করে ; কানকো দিয়ে আবৃত । ৪. পুচ্ছ পাখনা → ে হটারোসার্কাল → ে হামোসার্কাল । ৫. বায়ুথলি → থ াকে না → থ াকে যা দে হকে পানিতে ে ভসে থ াকতে সাহায ্য করে । ৬. নিষেক → একলিঙ্গ প্রাণী ; অন্তঃনিষেক ঘটে, পরিùুটন প্রত্যক্ষ → একলিঙ্গ প্রাণী ; বহিঃনিষেক ঘটে, পরিùুটন পরোক্ষ বা প্রত্যক্ষ । ৭. হৃৎপিণ্ড → ২ প্রকোষ্ঠে বিভক্ত। সাইনাস ে ভনোসাস ও ে কানাস আর্টারিওসাস থ াকে → ২ প্রকোষ্ঠ বিশিষ্ট ; ে লাহিত কণিকা নিউক্লিয়াসযুক্ত। ৮. নাসারন্ধ → মুখ গহŸরে উন্মুক্ত; ে চায়ালে অসংখ ্য সারিব দ্ধ দ ্াত থ াকে । করোটিক স্নায়ু ১০ ে জাড়া → মুখ গহŸরে উন্মুক্ত নয় , করোটিক স্নায়ু ১০ ে জাড়া । ৯. ে ক্লায়েকা ছি দ্র → উপি স্থত → অনুপি স্থত।",নম্ব র বণ্টন : ঈযড়হফৎরপযঃযুবং ও অপঃরহড়ঢ়ঃবৎুমরর ে শ্রণির মধে ্য ৫টি তুলনা ে লখলে (০.৫ দ্ধ ৫) = ২.৫ নম্ব র ।
234865180969,2146329,Biology,other,other/234865180969.jpg,5/2,,টনোপ্লা স্ট ক ী ? এন্ডোপ্লাজমিক ে রটিকুলামের ৪টি কাজ লিখ ।,"ে প্রা টোপ্লাজম দিয়ে গঠিত যে পাতলা পর্দা ে কাষ গহŸরকে ে বষ্টন করে থ াকে তাকে টনোপ্লা স্ট ( ঃড়হড়ঢ়ষধংঃ ) বলে । অথবা , উি ™্ভদে কাষে বৃহদাক … তির ে কাষ গহŸর বিদ্য মান যা টনোপ্লা স্ট নামক আবরণ দ্বারা আবৃত থ াকে । এন্ডোপ্লাজমিক ে রটিকুলামের কাজ : ( র ) এটি ে প্রাটোপ্লাজমের কাঠামো হিসেবে কাজ করে । (রর) অমসৃণ ে রটিকুলামে ে প্রাটিন সংশ্লেষিত হয়। (ররর) মসৃণ ে রটিকুলাম ( বিশেষত প্রাণী ে কাষে ) লিপিড , মতান্তরে বিভিন্ন হরমোন , গ্লাইকোজেন , ভিটামিন , স্টে রয়েড প্রভ … তি সংশ্লেষিত হয়। (রা) এটি লিপিড ও ে প্রাটিনের অন্তঃবাহক হিসেবে কাজ করে । (া) অনেকের মতে এতে ে কাষ প্রাচীরের জন্য ে সলুলোজ তৈরি করে । (ার) রাইবোসোম , গ্লাইঅি ক্সে সামের ধারক হিসেবে কাজ করে । (ারর) এরা ে কাষে অনুপ্রবেশকারী বিভিন্ন বিষাক্ত পদা র্থকে নি®িŒয় করে । (াররর) রাইবোসোমে উৎপন্ন ে প্রাটিন পরিবহনে এটি প্রধান ভূমিকা রাখে ।",নম্ব র বণ্টন : টনোপ্লা স্ট এর সংÁা ে লখলে ০.৫ নম্ব র । এন্ডোপ্লাজমিক ে রটিকুলামের ৪টি কাজ ে লখলে (০.৫ দ্ধ ৪) = ০২ নম্ব র ।
986362768264,2146329,Biology,other,other/986362768264.jpg,5/2,,বর্ণান্ধ পুরুষ ও স্ব াভাবিক দৃ ষ্টিসম্পন্ন স্¿ীর মধে ্য বিয়ে হলে তা দে র কন্যাসন্তান স্ব াভাবিক দৃ ষ্টিসম্পন্ন হবার সম্ভ াবনা ে চকার ে বাডর্ের মাধ ্যমে দে খাও ।,"সুতরাং , স্ব াভাবিক দৃ ষ্টিসম্পন্ন কন্যাসন্তান হবার সম্ভ াবনা ১০০%",নম্ব র বণ্টন : ে চকার ে বাডর্ের মাধ ্যমে দে খানোর জন্য ২.৫ নম্ব র । [বি. দ্র: ে যকোনো ১টি অংশ না লিখলে বা ভুল লিখলে ০.৫ নম্ব র কাটা যাবে । ]
166252398787,2146329,Biology,other,other/166252398787.jpg,5/2,,টিসু ্য কাকে বলে ? ভাজক টিসু্যর তিনটি কাজ লিখ ।,"টিসু ্য: একই উৎস থেকে সৃষ্ট , একই ধরনের কাজ সম্পন্নকারী সমধর্মী একটি অবিচ্িছন্ন ে কাষ গুচ্ছ কে বলা হয় টিসু ্য বা ে কাষকলা । ভাজক টিসু্যর কাজ : ( র ) শীষ স্থ ভাজক টিসু্যর ে কাষ বিভাজনের মাধ ্যমে উি ™্ভদ দৈঘ্যর্ে বৃি দ্ধ পায় । এতে ে ছাট গাছ ক্রমে উ্চু ও লম্বা হয়। (রর) পাশ্বর্ীয় ভাজক টিসু্যর ে কাষ বিভাজনের ফলে উি ™্ভদে র ব্যাস বৃি দ্ধ পায় । এতে সরু কাণ্ড ক্রমে ে মাটা হয়। (ররর) ভাজক টিসু ্য হতে স্থ ায়ী টিসু ্য সৃষ্টি হয়। ( রা ) ভাজক টিসু্যর ে কাষ বিভাজনের মাধ ্যমে ক্ষত স্থ ান পূরণ হয়। ( া ) এরা প্রয়োজনে অন্যান ্য টিসু ্যতে পরিণত হতে পারে ।",নম্ব র বণ্টন : টিসু্যর সংÁা ে লখার জন্য ০১ নম্ব র । ভাজক টিসু্যর তিনটি কাজ ে লখার জন্য (০.৫ \(\times \) ৩) = ১.৫ নম্বর।
644255900364,2146329,Biology,other,other/644255900364.jpg,2/2,,জিনোম সিকোয়েÝিং কাকে বলে ? উঘঅ ফরেনসিক&স - এর ৪ টি প্রয়োগ ি ল খ ।,"জিনোম সিকোয়েÝিং : উঘঅ অণুর অনুদৈ ে র্ঘ্য অঞএঈ ে বস গুে লা ে কান অনুক্রমে স¾িত থ াকে তা হলো জিনোম সিকোয়েÝ , এই সিকোয়েÝটি উ দ ঘাটন করাই হলো জিনোম সিকোয়েÝিং । উঘঅ ফরেনসিক & স ( উঘঅ ঋড়ৎবহংরপং ) এর প্রয়োগ : ( র ) অপরাধী শনাক্তকরণে ( রর ) পিত …তa নির্ধারণে ( ররর ) স্বজন নির্ধারণে ( রা ) ে শ্রণিবিন্যাসের স্ তর নির্ধারণ ( া ) ে শ্রণিবিন্যাস প্রক্রিয়ায় ৈ বশিষ্ট্যের মিল নির্ধারণে ।",নম্ব র বণ্টন : জিনোম সিকোয়েÝিং এর সংÁা ে লখার জন্য ০.৫ নম্ব র । উঘঅ ফরেনসিক&স -এর ৪টি প্রয়োগ ে লখার জন্য; (০.৫ \(\times \) ৪) = ০২ নম্বর।
390488972250,2146329,Biology,other,other/390488972250.jpg,5/2,,ে রপ্লিকেশন কমপ্লে ক্স কী? এর চারটি উপাদান উল্লেখ করে কাজ লিখ ।,"ে রপ্লিকেশন কমপ্লে ক্স ( জবঢ়ষরপধঃরড়হ পড়সঢ়ষবী ): উঘঅ ে রপ্লিকেশনের সময় সৃষ্ট ে রপ্লিকেশন ফকর্ের নিকট গু রুতaপূণ কিছু এনজাইম ও ে প্রাটিন সমন্বিত হয়ে একটি জটিল আণবিক যান্ি¿ক গঠন সৃষ্টি করে , একে বলা হয় ে রপ্লিকেশন কমপ্লে ক্স বা ে রপ্লিসোম । এর প্রধান উপাদান গুে লা হলো : উপাদান → উঘঅ ে রপ্লিকেশনের কাজ ( র ) টপোআইসোমারেজ → উঘঅ অণুকে অতিমাত্রায় প্যা্চানো অবস্থা থেকে মুক্ত করে থ াকে । (রর) উঘঅ ে হলিকেজ → ে রপ্লিকেশন ফকে উঘঅ ডাবল ে হলি ক্স প্য্াচ গুে লা খুলে দেয়। ( ররর ) উঘঅ পলিমারেজ ওওও → নিউক্লিওটাইড অণু যুক্ত করে \(5{'}\) প্রান্ত ও \(3{'}\) প্রান্ত নিদর্েশিত পরিপূরক স্ট্র্যান্ড গঠন করে থাকে। উঘঅ প্রুফ রিডিং করে । ( রা ) সিঙ্গেল স্ট্র্য ান্ড বাইন্ডিং ে প্রাটিন ( ঝঝইচ ) → উঘঅ অণুর একক স্ট্র্য ান্ডে সংযুক্ত হয় যাতে এরা পুনরায় দ্বি-তন্¿ী অবস্থ ায় ফিরে না আসে । ( া ) লাইগেজ → ওকাজাকি খণ্ডকে পরিপূরক স্ট্র্য ান্ডে যুক্ত করে । ( ার ) প্রাইমেজ → জঘঅ প্রাইমারকে স্ট্র্য ান্ডের প্রান্েত যুক্ত করে । ( ারর ) উঘঅ পলিমারেজ ও → প্রাইমারকে উঘঅ দ্বারা প্রতি স্থ াপন করে দেয়।",নম্ব র বণ্টন : ে রপ্লিকেশন কমপ্লে ক্স এর সংÁা ে লখার জন্য ০.৫ নম্ব র । ে রপ্লিকেশন কমপ্লে ক্স এর চারটি উপাদান এর কাজ ে লখার জন্য; (০.৫ \(\times \) ৪ ) = ০২ নম্ব র । [বি. দ্র: শুধু উপাদান এর নাম লিখলে ০.২৫ করে নম্ব র পাবে ।]
546275171364,2146329,ICT,other,other/546275171364.jpg,10/10,\({V}_{BE}=0.7V\) \(β=95\) \({V}_{CB}\),বর্তনীর \({V}_{BE}=0.7V\) এবং \(β=95\) হলে \({V}_{CB}\) নির্ণয় কর।,"বাম পাশের লুপে \(KVL\) ব্যবহার করে, \(-3+{V}_{BE}+2\times {I}_{E}=0\) \({I}_{E}=1.15\ mA\) \(β=\frac{{I}_{C}}{{I}_{B}}=\frac{{I}_{C}}{{I}_{E}-{I}_{C}}\) \(⇒95=\frac{{I}_{C}}{{I}_{E}-{I}_{C}}\) \(∴{I}_{C}=1.138\ mA\) ডানপাশের লুপে \(KVL\) ব্যবহার করে, \(-8+1.138\times 3+{V}_{CB}+{V}_{BE}+1.15\times 2=0\) \(∴{V}_{CB}=1.586V\)",নম্বর বণ্টনঃ \({I}_{E}=1.15\ mA\) ; নির্ণয় করার জন্য ০৪ নম্বর। \({I}_{C}=1.138\ mA\) ; নির্ণয় করার জন্য ০২ নম্বর। \({V}_{CB}=1.586V\) ; নির্ণয় করার জন্য ০৪ নম্বর। [ বি.দ্র: একক না লিখলে বা ভুল একক লিখলে ০১ নম্বর কর্তন করা হবে।]
293303935296,2146329,English,other,other/293303935296.jpg,5/2,Fill in the blanks with suitable modals: (a) You ___ finish your homework before watching TV. (b) He ___ be joking; I don’t think he is serious. (c) We ___ not enter the restricted area without permission. (d) I ___ help you carry these boxes if you want. (e) She ___ attend the meeting tomorrow; it’s very important.,,"(a) must/should/ought to/have to, ‎(b) might/could/may/must, ‎(c) must /can/should , ‎(d) can/may/will/shall, ‎(e) must/should/have to/ought to Mark Distribution: ‎For each correct suitable modals get 0.5 mark, (0.5 × 5 = 2.5)",
162267333199,2146329,Biology,other,other/162267333199.jpg,5/2,,অ্যামাইটোসিস কাকে বলে? অ্যামাইটোসিসকে সরলতম কোষ বিভাজন বলা হয় কেন?,অ্যামাইটোসিসঃ যে কোষ বিভাজন প্রক্রিয়ায় একটি মাত…কোষের নিউক্লিয়াস ও সাইটোপ্লাজম জটিল মাধ্যমিক পযর্ায় ছাড়াই সরাসরি বিভক্ত হয়ে দুটি অপত্য কোষ সৃষ্টি করে তাকে অ্যামাইটোসিস বলে। অ্যামাইটোসিস প্রক্রিয়ায় একটি কোষ কোনো জটিল মাধ্যমিক পযর্র্ায় ছাড়াই সরাসরি নিউক্লিয়াস ও সাইটোপ্লাজম সহযোগে বিভক্ত হয়ে দুটি অপত্য কোষের সৃষ্টি করে। এককোষী জীবের সংখ্যা বৃদ্ধিতে এটি পরিলক্ষিত হয়। যেহেতু এই প্রক্রিয়ায় কোনো প্রকার জটিলতা ছাড়াই কোষের বিভাজন সম্পন্ন হয় সেজন্য এই প্রক্রিয়াকে সরলতম কোষ বিভাজন বলা হয়।,নম্বর বণ্টন: অ্যামাইটোসিস এর সংÁা লেখার জন্য ০১ নম্বর। অ্যামাইটোসিস প্রক্রিয়ায় একটি কোষ নিউক্লিয়াস ও সাইটোপ্লাজম বিভক্ত হয়ে দুটি অপত্য কোষের সৃষ্টি করে লেখার জন্য ০১ নম্বর। এই প্রক্রিয়ায় কোনো প্রকার জটিলতা ছাড়াই কোষের বিভাজন সম্পন্ন হয় সেজন্য এই প্রক্রিয়াকে সরলতম কোষ বিভাজন বলা হয় লেখার জন্য ০ .৫ নম্বর।
212050917253,2146329,Biology,other,other/212050917253.jpg,5/2,,রুই মাছের ও মানুষের হৃৎপিণ্ডের মধ্যে পা্চটি পার্থক্য লিখ।,"রুই মাছের ও মানুষের হৃৎপিণ্ডের মধ্যে পার্থক্যঃ রুই মাছের হৃৎপিণ্ড: (র) দুই প্রকোষ্ঠ বিশিষ্ট-একটি অ্যাট্রিয়াম ও একটি ভেন্িট্রকল। (রর) সাইনাস ভেনোসাস নামক উপপ্রকোষ্ঠ থাকে। (ররর) নলাক…তির। (রা) এর মধ্য দিয়ে শুধু \(C{O}_{2}\) সমৃদ্ধ রক্ত অর্থাৎ শিরা রক্ত বাহিত হয়, তাই একে ভেনাস হার্ট বলা হয়। (া) ফুলকার সমন্বয়ে রক্ত সংবহন করে (ার) হৃৎপিণ্ডের ভেন্িট্রকল থেকে একটি অঙ্কীয় ধমনী সৃষ্টি হয় (ারর) হৃৎপিণ্ডের ভেন্িট্রকলের গোড়ায় বাল্বাস অ্যাওটর্া বিদ্যমান। (াররর) এর উপ-প্রকোষ্ঠ ডা±াস কু্যভেইরি নামক দুটি বড় শিরা সাইনাস ভেনোসাসে উন্মুক্ত থাকে। (রী) একচক্রী রক্ত সংবহন ঘটে। মানুষের হৃৎপিণ্ড: (র) চার প্রকোষ্ঠ বিশিষ্ট-দুটি অ্যাট্রিয়াম ও দুটি ভেন্িট্রকল। (রর) কোনো উপপ্রকোষ্ঠ থাকে না। (ররর) মোচাকৃতির। (রা) \({O}_{2}\) ও \(C{O}_{2}\) সমৃদ্ধ উভয় রক্ত অমিশ্রিতভাবে বাহিত হয় (া) ফুসফুসের সমন্বয়ে রক্ত সংবহন করে (ার) হৃৎপিণ্ডের বাম ভেন্িট্রকল থেকে সিস্টেমিক ধমনী এবং ডান ভেন্িট্রকল থেকে পালমোনারি ধমনী সৃষ্টি হয়। (ারর) হৃৎপিণ্ডে বাল্বাস অ্যাওটর্া থাকে না। (াররর) হৃৎপিণ্ডের ডান অ্যাট্রিয়ামে সুপিরিয়র ভেনাক্যাভা, ইনফেরিয়র ভেনাক্যাভা ও করোনারি সাইনাস নামক তিনটি বড় শিরা এবং বাম অ্যাট্রিয়ামে চারটি ছোট পালমোনারি শিরা উন্মুক্ত থাকে। (রী) দ্বিচক্রী রক্তসংবহন ঘটে।",নম্বর বণ্টন: রুই মাছ ও মানুষের হৃৎপিণ্ডের মধ্যে পা্চটি পার্থক্য লেখার জন্য (০.৫ \(\times \) ৫) = ২.৫ নম্বর।
176137368962,2146329,Biology,other,other/176137368962.jpg,5/2,,প্াচটি সেক্স লিঙ্কড ডিসঅর্ডারের নাম ও তাদের প্রধান লক্ষণ উল্লেখ কর।,"সেক্স লিঙ্কড ডিসঅর্ডারের নাম ও তাদের লক্ষণ নিম্নরূপ: সেক্স লিঙ্কড ডিসঅর্ডার \(\rightarrow \) লক্ষণ (র) লাল-সবুজ বর্ণান্ধতা \(\rightarrow \) লাল ও সবুজ বণর্ের পার্থক্য বুঝতে পারে না। (রর) হিমোফিলিয়া \(\rightarrow \) রক্ততআন বিলম্বিত হয়, ফলে ক্ষতস্থান থেকে অবিরাম রক্ত ক্ষরিত হয়। (ররর) মাসকু্যলার ডিস্ট্রফি \(\rightarrow \) বিভিন্ন অঙ্গের পেশির সআালন ও স্বাভাবিক কাজ কমর্ের সক্ষমতা কমিয়ে দেয়। (রা) রাতকানা \(\rightarrow \) রাতে কোন কিছু দেখতে পায় না। (া) ডায়াবেটিস ইনসিপিডাস \(\rightarrow \) অস্বাভাবিক মূত্র ত্যাগ, শারীরিক অক্ষমতা। (ার) ফ্রাজাইল ঢ সিনড্রম \(\rightarrow \) অটিজম ও মানসিক ভারসাম্যহীনতা দেখা দেয়। (ারর) হাইপারট্রাইকোসিস \(\rightarrow \) সমগ্র দেহে ঘন লোমের উপস্িথতি। (াররর) টেস্টিকুলার ফেমিনাইজেশন \(\ \rightarrow \ \) পুরুষ ধীরে ধীরে স্¿ীতে পরিণত হয়।",নম্বর বণ্টন: প্াচটি সেক্স লিঙ্কড ডিসঅর্ডারের নাম লেখার জন্য (০.২৫ \(\times \) ৫) = ১.২৫ নম্বর। প্াচটি সেক্স লিঙ্কড ডিসঅর্ডারের প্রধান লক্ষণ লেখার জন্য (০.২৫ \(\times \) ৫) = ১.২৫ নম্বর।
689011254642,2146329,Biology,other,other/689011254642.jpg,2/2,,ঐুফৎধ - র শ্রেণিতাত্তিaক অবস্থান লিখ।,শ্রেণিতাত্তিaক অবস্থান (ঝুংঃবসধঃরপ চড়ংরঃরড়হ) করহমফড়স: অহরসধষরধ (প্রাণী) চযুষ্স: ঈহরফধৎরধ (নিডোসাইট ও সিলেন্েটরন উপস্িথত) ঈষধংং: ঐুফৎড়ুড়ধ (অবিভক্ত সিলেন্েটরন) ঙৎফবৎ: ঐুফৎড়রফধ (পলিপ দশা প্রধান) ঋধসরষু: ঐুফৎরফধব (এককভাবে বসবাস করে) এবহ্ং: ঐুফৎধ (পুনরুৎপত্তি ক্ষমতাসম্পন্ন),নম্বর বণ্টন: প্রজাতিসহ ঐুফৎধ - র ৫টি শ্রেণিতাত্তিaক অবস্থান লেখার জন্য (০.৫ \(\times \) ৫) = ২.৫ নম্বর। [ বিঃ দ্রঃ বৈÁানিক নাম হাতে লিখলে আন্ডারলাইন বাধ্যতামূলক। আন্ডারলাইন না করলে বা গণ ও প্রজাতি নামের মধ্যে যেকোনো ১টি বানান ভুল করলে বরাদ্দক…ত নম্বর পাবে না।]
828946081963,2146329,English,other,other/828946081963.jpg,5/2,"Make meaningful sentences with the following group verbs: Draw out, Deal with, Cut down, Call off, Find against",,Draw out – The interviewer tried to draw out more details from the witness. Deal with – She knows how to deal with difficult customers calmly. Cut down – The doctor advised him to cut down on sugary foods. Call off – The meeting was called off due to bad weather. Find against – The court found against the company in the legal dispute. Mark Distribution: ‎(0.5 × 5) = 2.5 marks for writing the sentences.,
231253023146,2146329,Biology,other,other/231253023146.jpg,5/2,,সাইট্রিক এসিড চক্র বলতে কী বুঝ? ক্রেবস চক্রের তিনটি গুরুতa উল্লেখ কর।,"সাইট্রিক এসিড চক্র ঃ যে চক্রপথে অ্যাসিটাইল ঈড়-অ অক্সালো এসিটিক এসিডের সাথে যুক্ত হয়ে \(C{O}_{2}\) , শক্তি অণু \(\left(ATP,\ NAD{H}_{2},\ FAD{H}_{2}\right)\) উৎপন্ন করে এবং অক্সালো অ্যাসিটিক এসিড পুনঃউৎপাদিত হয় সেটি হলো ক্রেবস চক্র। এ চক্রে প্রথম উৎপন্ন পদার্থ সাইট্রিক এসিড বলে এ চক্রকে সাইট্রিক এসিড চক্র বলে। ক্রেবস চক্রের গুরুতa নিম্ ্নরূপ : (র) ক্রেবস চক্র শক্তি উৎপাদনের প্রধান কেন্দ্রস্থল। শ্বসনে উৎপাদিত অধিকাংশ শক্তি এ চক্রের দ্বারা ঘটে। (রর) এ চক্রে উৎপাদিত জৈব এসিড উ™্ভিদের জৈব এসিড বিপাকে অংশ নেয়। (ররর) থাইমিন, পোরফাইরিন, সাইটোসিন, হিম প্রভ…তি তৈরি হয়। (রা) উৎপন্ন সাক&সিনিক এসিড ক্লোরোফিল অণু সৃষ্টির সাবস্ট্রেট হিসেবে ব্যবহৃত হয়। (া) আমরা শ্বসনে যে কার্বন-ডাই-অক্সাইড ত্যাগ করি তা এ চক্র হতেই উৎপন্ন হয়। (ার) ক্রেবস চক্রে উৎপাদিত একাধিক জৈব এসিড উ™্ভিদের অ্যামিনো এসিড সৃষ্টিতে ব্যবহৃত হয়ে থাকে। (ারর) একটি জীবের বিভিন্ন বিপাকীয় কাজকমর্ের জন্য প্রয়োজনীয় শক্তি ক্রেবস চক্র থেকেই পাওয়া যায়।",নম্বর বণ্টন: সাইট্রিক এসিড চক্র এর সংÁা লেখার জন্য ০.৫ নম্বর। ক্রেবস চক্রের চারটি গুরুতa লেখার জন্য (০.৫ \(\times \) ৪) = ০ ২ নম্বর।
923069367390,2146329,Biology,other,other/923069367390.jpg,5/2,,পত্ররন্ধ্রের ৫টি কাজ লিখ।,পত্ররন্ধ্রের কাজ নিম্নরূপ : (র) সালোকসংশ্লেষণ ও শ্বসনের সময় পত্ররন্ধ্র গ্যাসীয় বিনিময় ঘটায়। (রর) পত্ররন্ধ্র প্রস্বেদন প্রক্রিয়ায় বা®পাকারে পানি বের করে। (ররর) পত্ররন্ধ্রের রক্ষীকোষ সালোকসংশ্লেষণে অংশগ্রহণ করে থাকে। (রা) লু°ায়িত পত্ররন্ধ্র প্রস্বেদনের হার হ্রাস করে। (া) পরিবেশ শীতল থাকে। (ার) অধিক তাপের ক্ষতি থেকে উ™্ভিদাঙ্গ রক্ষা পায়।,নম্বর বণ্টন: পত্ররন্ধ্রের প্াচটি কাজ লেখার জন্য (০.৫ \(\times \) ৫) = ২.৫ নম্বর।
935074536317,2146329,Biology,other,other/935074536317.jpg,2/2,,প্রস্বেদন কী? প্রস্বেদনের প্রকারভেদ উল্লেখ কর এবং প্রত্যেক ক্ষেত্রে প্রস্বেদনের শতকরা হার লিখ।,"প্রস্বেদন: যে শারীরতাত্তিaক প্রক্রিয়ায় উ™্ভিদের বায়বীয় অঙ্গ হতে অতিরিক্ত পানি বা®পাকারে বের হয়ে যায়, তাকে প্রস্বেদন বা বা®পমোচন বলে। প্রস্বেদনের প্রকারভেদ ও প্রস্বেদনের হার নিম্নরূপ: ( র ) পত্ররন্ধ্রীয় প্রস্বেদন (শতকরা ৯৫-৯৮ ভাগ) ( রর ) লেন্িটকুলার প্রস্বেদন (শতকরা ১ ভাগ) ( ররর ) তaকীয় প্রস্বেদন (শতকরা ২-৫ ভাগ)",নম্বর বণ্টন: প্রস্বেদন এর সংÁা লেখার জন্য ০১ নম্বর। প্রস্বেদনের ৩ প্রকারের নাম ও শতকরা হার লেখার জন্য (০.৫ \(\times \) ৩) = ১.৫ নম্বর।
280128422017,2146329,English,other,other/280128422017.jpg,5/2,Fill in the blanks with appropriate modals: (a) You ___ arrive on time for the meeting tomorrow. (b) He ___ be the new manager; I saw his photo in the office. (c) They ___ help us with the project if we ask politely. (d) She ___ study harder to pass the final exam. (e) We ___ leave the house quietly so that the baby doesn’t wake up.,,"(a) must/should (b) might/could/must (c) can/might/may (d) should/must (e) should/must Mark Distribution : ‎For writing each correct modals get 0.5 mark, (0.5 × 5 = 2.5)",
468019791360,2146329,English,other,other/468019791360.jpg,1/2,Make meaningful sentences with the following phrases and idioms: (a) Get cold feet (b) Hit the roof (c) In the blink of an eye (d) Jump on the bandwagon (e) Keep your fingers crossed,,"(a) Get cold feet – He was excited about skydiving, but he got cold feet just before jumping out of the plane. (b) Hit the roof – My father hit the roof when he found out that I had crashed the car. (c) In the blink of an eye – The magician made the rabbit disappear in the blink of an eye . (d) Jump on the bandwagon – Many companies jumped on the bandwagon of producing eco-friendly products. (e) Keep your fingers crossed – Keep your fingers crossed that it doesn’t rain during our picnic tomorrow.‎ Mark Distribution:‎ For make each meaningful sentence get 0.5 mark, (0.5 × 5 = 2.5)",
959483949046,2146329,Biology,other,other/959483949046.jpg,2/2,,কঙ্কালতন্¿ কাকে বলে? কঙ্কালতন্ে¿র ৪ টি যান্ি¿ক কাজ লিখ।,"কঙ্কালতন্¿: জ্ঞূণীয় মেসোডর্াম থেকে উ™্ভূত অস্িথ ও তরুণাস্িথ নামক যোজক টিসু্য সমন্বয়ে গঠিত যে তন্¿ দেহের কাঠামো সৃষ্টির মাধ্যমে দেহকে নিদর্িষ্ট আক…তি দান করে, দেহের ভার বহন করে, পেশি সংযোগের স্থান প্রদান করে এবং ক্ষতিগ্রস্ত হতে পারে এমন অঙ্গসমূহ রক্ষা করে তাকে কঙ্কালতন্¿ বলে। কঙ্কালতন্ে¿র যান্ি¿ক কাজ নিম্নরূপ: (র) দৈহিক কাঠামো গঠন: কঙ্কালতন্¿ মানবদেহের কাঠামো গঠন ও নিদর্িষ্ট আক…তি প্রদান করে। (রর) সুরক্ষা: মানবদেহের গুরুতaপূর্ণ অঙ্গাাদি যেমন মস্িত®‹, ফুসফুস, হৃৎপিণ্ড, সুষুম্নাকাণ্ড প্রভ…তি বিশেষভাবে নিমর্িত কঙ্কালে সুরক্ষিত থাকে। (ররর) সংযোগতল সৃষ্টি: দেহের অধিকাংশ পেশি, লিগামেন্ট ও টেনডন কঙ্কালে সংযুক্ত থেকে বিভিন্ন অঙ্গের সআালন ঘটায়। (রা) চলন: অস্িথসন্ধি গঠন এবং পেশির সাথে সমন্বয়ের মাধ্যমে কঙ্কালতন্¿ মানুষের চলনে প্রধান ভূমিকা রাখে। (া) ভারবহন: পেশিসমূহ কঙ্কালের সাথে আটকে থেকে দেহের ভারবহন করে।",নম্বর বণ্টন: কঙ্কালতন্¿ এর সংÁা লেখার জন্য ০.৫ নম্বর। কঙ্কালতন্ে¿র চারটি যান্ি¿ক কাজ লেখার জন্য (০.৫ \(\times \) ৪) = ০২ নম্বর।
573883429395,2146329,Biology,other,other/573883429395.jpg,5/2,,মানবশিশু জন্মের সময় দেহে কতটি অস্িথ থাকে? একটি পশর্ুকার বিভিন্ন অংশের নাম লিখ।,মানবশিশু জন্মের সময় প্রায় ৩০০ টি অস্িথ থাকে। পশর্ুকার বিভিন্ন অংশের নাম: (র) ক্যাপিচুলাম (রর) টিউবারকল (ররর) অ্যাঙ্গেল (রা) শ্যাফট (া) কোস্টাল কাটর্িলেজ,"নম্বর বণ্টন: মানবশিশু জন্মের সময় প্রায় ৩০০ টি অস্িথ থাকে, লেখার জন্য ০.৫ নম্বর। পশর্ুকার যেকোন ০৪ টি অংশের নাম লেখার জন্য (০.৫ \(\times \) ৪) = ০২ নম্বর।"
750158749442,2146329,Biology,other,other/750158749442.jpg,5/2,,প্যারানাসাল সাইনাস বলতে কী বোঝায়? মানবদেহে উপস্িথত এরূপ সাইনাস সমূহের নাম উল্লেখ কর।,প্যারানাসাল সাইনাসঃ মাথার খুলিতে মুখমণ্ডলীয় অংশে নাসাগহŸরের দুপাশে অবস্িথত বায়ুপূর্ণ চারজোড়া বিশেষ গহŸরকে প্যারানাসাল সাইনাস বলে। প্রকারভেদ: (র) ম্যাক্সিলারি সাইনাস (রর) ফ্রন্টাল সাইনাস (ররর) এথময়েড সাইনাস (রা) ùেনয়েড সাইনাস,নম্বর বণ্টন: প্যারানাসাল সাইনাস এর সংÁা লেখার জন্য ০.৫ নম্বর। ০৪ প্রকার সাইনাস এর নাম লেখার জন্য (০.৫ \(\times \) ৪) = ০২ নম্বর।
465329936330,2146329,Biology,other,other/465329936330.jpg,1/2,,উদাহরণসহ যেকোনো প্াচ ধরনের অমরাবিন্যাস উল্লেখ কর।,"বিভিন্ন প্রকার অমরাবিন্যাসের নাম ও এর উদাহরণ: ( র ) মাজর্িনাল বা একপ্রান্তীয়: মটরশুটি, শিম। ( রর ) অ্যাক্সাইল বা অক্ষীয়: জবা, ঢে্ড়স। ( ররর ) ফ্রি সেন্ট্রাল বা মুক্তমধ্য: নুনিয়া শাক, তুত। ( রা ) প্যারাইটাল বা বহুপ্রান্তীয়: শশা, লাউ। ( া ) সুপারফিশিয়্যাল বা গাত্রীয়: শাপলা, পÙ। ( ার ) বেসাল বা মূলীয়: ত্রিধারা, সূর্যমুখী, ধান। ( ারর ) এ্যাপিক্যাল বা শীর্ষক: ধনিয়া, লাল পাতা।",নম্বর বণ্টন: উদাহরণসহ যেকোনো প্াচ ধরনের অমরাবিন্যাস লেখার জন্য (০.৫ \(\times \) ৫) = ২.৫ নম্বর।
385660357351,2146329,Biology,other,other/385660357351.jpg,5/2,,পেরিসাইকল কী? ভাস্‹ুলার বান্ডলের তিনটি কাজ উল্লেখ কর।,পেরিসাইকল: অন্তঃতaকের নিচে এবং ভাস্‹ুলার বান্ডলের বাইরে এক বা একাধিক স্তরে বিন্যস্ত বিশেষ টিসু্যকে পেরিসাইকল বলে। ভাস্‹ুলার বান্ডল এর কাজ নিম্নরূপ: ( র ) জাইলেম টিসু্য উ™্ভিদের মূল হতে কাণ্ড ও পাতায় পানি এবং দ্রবীভূত খনিজ লবন আয়ন হিসেবে পরিবহন করে। ( রর ) ফ্লোয়েম টিসু্য পাতায় প্র স্তু তক…ত খাদ্য উ™্ভিদের মূল হতে কচি মুকুল পর্যন্ত বিভিন্ন অং শে প্রেরণ করে। ( ররর ) জাইলেম ও ফ্লোয়েম টিসু্য সম্িমলিতভাবে উ™্ভিদকে দৃঢ়তা এবং যান্ি¿ক ফ্লোয়েম টিসু্য শক্তি প্রদান করে।,নম্বর বণ্টন: পেরিসাইকল এর সংÁা লেখার জন্য ০১ নম্বর। ভাস্‹ুলার বান্ডলের তিনটি কাজ লেখার জন্য (০.৫ \(\times \) ৩) = ১.৫ নম্বর।
680210923835,2146329,Biology,other,other/680210923835.jpg,5/2,,পত্ররন্ধ্র ও পানি-পত্ররন্ধ্র-এর মধ্যে ৫টি পার্থক্য লিখ।,পত্ররন্ধ্র ও পানি-পত্ররন্ধ্র্র-এর মধ্যে পার্থক্য নিম্নরূপ: পার্থক্যের বিষয় → পত্ররন্ধ্র: (র) অবস্থান → পাতার উধর্Ÿ ও নিম্ন তaকে। (রর) পানি নির্গমনের সময় → দিনের আলোতে বেশি হয়। (ররর) পানি নির্গমন পদ্ধতি → বা®পাকারে নির্গত হয়। (রা) খনিজ লবণের মুক্তি → পানির সাথে খনিজ লবণের মুক্তি ঘটে না। (া) এপিথেলিয়াম → নেই। (ার) নিয়ন্¿ণ → রক্ষীকোষ দ্বারা নিয়ন্¿ণশীল। পার্থক্যের বিষয় → পানি-পত্ররন্ধ্র: (র) অবস্থান → পাতার কিনারায়। (রর) পানি নির্গমনের সময় → রাত্রে বেশি হয়। (ররর) পানি নির্গমন পদ্ধতি → তরলাকারে নির্গত হয়। (রা) খনিজ লবণের মুক্তি → পানির সাথে খনিজ লবণের মুক্তি ঘটে। (া) এপিথেলিয়াম → আছে। (ার) নিয়ন্¿ণ → রক্ষীকোষ দ্বারা নিয়ন্¿ণশীল নয়।,নম্বর বণ্টন: পত্ররন্ধ্র ও পানি-পত্ররন্ধ -এর মধ্যে ৫টি পার্থক্য লেখার জন্য (০.৫ \(\times \) ৫) = ২.৫ নম্বর।
700184703722,2146329,Biology,other,other/700184703722.jpg,5/2,,চড়ধপবধব গোত্রের তিনটি উ™্ভিদের বৈÁানিক নাম ও গোত্রের অর্থনৈতিক গুরুতa উল্লেখ কর।,"চড়ধপবধব গোত্রের উ™্ভিদের বৈÁানিক নাম: চড়ধপবধব গোত্রের অর্থনৈতিক গুরুত a : অর্থনৈতিক দিক থেকে এ গোত্রের গুরুতa সর্বাধিক। ধান, গম, ভুÆা, জোয়ার, যব বা বালর্ি, চিনা, কাউন ইত্যাদি মানুষের প্রধান খাদ্য যোগান দিয়ে থাকে। পৃথিবীর ৬০% লোকের প্রধান খাদ্য ভাত এবং বহু লোকের প্রধান খাদ্য রুটি। হাজার প্রজাতির ঘাস গরু, মহিষ, ছাগল, ভেড়া ইত্যাদি গৃহপালিত পশুর প্রধান খাদ্য হিসেবে ব্যবহৃত হয়। ব্াশের ব্যবহার দেখা যায় দোলনা থেকে কবর পর্যন্ত বিভিন্ন কর্মকাণ্ডে। মিষ্টি দ্রব্যের যোগান দিয়ে থাকে আখ। গৃহ নির্মাণসামগ্রীর যোগান দিয়ে থাকে ছন, ইকড়, কাশ ইত্যাদি উ™্ভিদ। প্রাত্যহিক ঘরবাড়ি ঝাড়ু দিতেও প্রয়োজন পড়ে এ গোত্রের উ™্ভিদের।",নম্বর বণ্টন: চড়ধপবধব গোত্রের তিনটি উ™্ভিদের বৈÁানিক নাম লেখার জন্য (০.৫ \(\times \) ৩) = ১.৫ নম্বর। চড়ধপবধব গোত্রের ২টি অর্থনৈতিক গুরুতa লেখার জন্য (০.৫ \(\times \) ২) = ০১ নম্বর। [ বিঃ দ্রঃ বৈÁানিক নাম হাতে লিখলে আন্ডারলাইন বাধ্যতামূলক। আন্ডারলাইন না করলে বা গণ ও প্রজাতি নামের মধ্যে যেকোনো ১টি বানান ভুল করলে কোনো নম্বর পাবে না।]
597163135819,2146329,Biology,other,other/597163135819.jpg,5/2,,নিম্ে্নাক্ত প্রাণীগুলোর বৈÁানিক নাম লিখ। (ধ) গোলক…মি (ন) আপেল শামুক (প) গৃহমাছি (ফ) রুইমাছ ( ব ) শুশুক,নিম্ে্নাক্ত প্রাণীগুলোর বৈÁানিক নাম নিম্নরূপ: (ধ) গোলক…মি - অংপধৎরং ষ্সনৎরপড়রফবং (ন) আপেল শামুক - চরষধ মষড়নড়ংধ (প) গৃহমাছি - গ্ংপধ ফড়সবংঃরপধ (ফ) রুইমাছ - খধনবড় ৎড়যরঃধ ( ব ) শুশুক - চষধঃধহরংঃধ নৎড়ড়শরর/ মধহমবঃরপধ,নম্বর বণ্টন: ৫টি প্রাণীর বৈÁানিক নাম লেখার জন্য (০.৫ \(\times \) ৫) = ২.৫ নম্বর। [ বিঃ দ্রঃ বৈÁানিক নাম হাতে লিখলে আন্ডারলাইন বাধ্যতামূলক। আন্ডারলাইন না করলে বা গণ ও প্রজাতি নামের মধ্যে যেকোনো ১টি বানান ভুল করলে কোনো নম্বর পাবে না।]
285565383792,2146329,Biology,other,other/285565383792.jpg,5/2,,শ্রেণিবিন্যাসের ভিত্তি হিসেবে প্রাণীর জীবন পদ্ধতি প্রধানত কত ভাগে ভাগ করা যায়? সংক্ষেপে ব্যাখ্যা কর।,শ্রেণিবিন্যাসের ভিত্তি হিসেবে প্রাণীর জীবন পদ্ধতি প্রধানত চার ধরনের: (র) মুক্তজীবী: এসব প্রাণী স্বাধীনভাবে ঘুরে বেড়ায়। যেমন: কবুতর ( ঈড়ষ্সনধ ষরারধ ) (রর) পরজীবী: এসব প্রাণী আশ্রয়দাতার দেহ থেকে খাদ্য শোষণ করে বে্চে থাকে এবং আশ্রয়দাতার ক্ষতিসাধন করে। যেমন: যক…ত ক…মি ( ঋধংপরড়ষধ যবঢ়ধঃরপধ ) (ররর) মিথোজীবী: দুটি ভিন্ন প্রজাতির প্রাণী পারস্পরিক সহযোগিতা ও সাহচযর্ের ফলে উভয়ই উপক…ত হয়। যেমন: ঈযষড়ৎড়যুফৎধ ারৎরফরংংরসধ ও তড়ড়পযষড়ৎবষষধ শৈবাল। (রা) সহজীবী প্রাণী: দুটি ভিন্ন প্রজাতির প্রাণী একত্রে বাস করে এবং একে অপরের দ্বারা উপক…ত না হলেও ক্ষতিগ্রস্ত হয় না। যেমন: জবসড়ৎধ নামক চোষক মাছ ংযধৎশ এর দেহে সংযুক্ত থেকে সহজীবীতা প্রদর্শন করে।,নম্বর বণ্টন: শ্রেণিবিন্যাসের ভিত্তি হিসেবে প্রাণীর জীবন পদ্ধতি প্রধানত চার ধরনের; লেখার জন্য ০.৫ নম্বর। প্রতিটি ধরনের নাম ও একটি করে উদাহরণ লেখার জন্য ((০.২৫ + ০.২৫) \(\times \) ৪) = ০২ নম্বর।
390652339690,2146329,General Knowledge,other,other/390652339690.jpg,10/10,\(2\) \(A\) \(B\) \(2\) \(4\) \(1\) \(C\) \(C\) \(A\) \(C\),"পরস্পর \(2\) মিটার দূরে অবস্িথত দ ুটি বস্তু \(A\) এবং \(B\) এর ভর যথাক্রমে \(2\) কেজি এবং \(4\) কেজি । তা দে র সংযোগ ে রখায় , \(1\) কেজি ভরের আরে কটি বস্তু \(C\) এমনভাবে স্থ াপন করা হয়েছে যাতে \(C\) এর উপর মহাকর্ষ বল শূন্য হয়। \(A\) থেকে \(C\) এর দূরতa নির্ণয় কর। (অন্য সবকিছুর মহাকর্ষ বল উপেক্ষা কর)","\({F}_{CA}={F}_{CB}⇒\frac{2}{{x}^{2}}=\frac{4}{{\left(2-x\right)}^{2}}⇒\frac{2-x}{x}=±\sqrt{2}\) ধনাত্মক মান নিয়ে , \(2-x=\sqrt{\left(2\right)}x⇒x=\frac{2}{1+\sqrt{2}}\) \(∴x=0.828\ m≈0.83\ m\) ঋণাত্মক মান নিয়ে , \(2-x=-\sqrt{2}x⇒x=\frac{2}{1-\sqrt{2}}\) \(∴x=-4.828\ m\) [ অগ্রহণযোগ ্য ] নম্ব র বন্টনঃ \({F}_{CA}={F}_{CB}\) ; লিখার জন্য ০২ নম্বর \(\frac{2-x}{x}=±\sqrt{2}\) ; পর্যন্ত লিখার জন্য ০২ নম্বর \(x=0.828\ m\) ; নির্ণয় করার জন্য ০৬ নম্বর [ বিঃদ্রঃ একক না লিখলে বা ভুল একক লিখলে ০১ নম্ব র কর্তন করা হবে ]",
658477524664,2146329,Biology,other,other/658477524664.jpg,5/2,,সেন্ে ট্রাùিয়ার কাকে বলে ? ে সন্িট্রওলের তিনটি কাজ লিখ ।,সেন্ে ট্রাùিয়ার : ে সন্িট্রওলের চারপাশে অবি স্থত গাঢ় তরল পদা র্থকে সেন্ে ট্রাùিয়ার বলে । ে সন্িট্রওলের কাজ নিম্নরূপ : ( র ) ে কাষ বিভাজনের সময় মাকুতন্ তু গঠন করে । (রর) সিলিয়া ও ফ ্ল্যাজেলা সৃষ্টি করে । (ররর) শুক্রাণুর ে লজ গঠন করে । (রা) ে কাষ বিভাজনে সাহায ্য করে ।,নম্ব র বণ্টন : সেন্ে ট্রাùিয়ার এর সংÁা ে লখার জন্য ০১ নম্ব র । ে সন্িট্রওলের তিনটি কাজ ে লখার জন্য (০.৫ \(\times \) ৩) = ১.৫ নম্বর।
770965077828,2146329,Biology,other,other/770965077828.jpg,5/2,,উঘঅ এর ে ভৌত গঠন সম্পকে সংক্ষেপে বর্ণনা দ াও ।,উঘঅ এর ে ভৌত গঠন : ( র ) উঘঅ অণু দ্বিসূত্রক । (রর) সূত্র দ ুটি তৈরি হয় ডিঅক্সিরাইবোজ শু্যগার ও ফসফেটের পযর্ায়ক্রমিক সংযুক্তির মাধ ্যমে। (ররর) উঘঅ অণুর সূত্র দ ুটির প্রতিটি প্য্াচের দৈঘ্র্য \(34\ Å\) । (রা) প্রতিটি ে হলি ক্সে র ব্যাস ২০ \(\ Å\) । (া) প্রতিটি প্যা্চে হাইড্রোজেন বন্ড সংখ্যা ২৫ টি । (ার) উঘঅ অণুতে দ ুটি পরিপূরক পলিনিউক্লিওটাইড শিকল একটি অক্ষকে কেন্দ্র করে ডান আবতে প্যা্চানো থ াকে এবং এভাবে একটি ডবল ে হলি ক্স বা দ্বিতন্¿ী অবস্থা সৃষ্টি হয়। (ারর) ডবল ে হলি ক্সে র প্রতিটি প্যা্চে ১০ ে জাড়া নিউক্লিওটাইড মনোমার থ াকে । (াররর) সূত্র দ ুটি সমদূ রতে a পরস্পর বিপরীতমুখী ( একটি \({5}^{{'}}\rightarrow {3}^{{'}}\) কার্বনমুখী এবং অপরটি \({3}^{{'}}\rightarrow {5}^{{'}}\) কার্বনমুখী) হয়ে অবস্থান করে। (রী) ে হলি ক্সে র প্রতিটি সম্পূণ প্যা্চ বা ঘূর্ণনে শৃঙ্গলের বাইরের দিকে একটি গভীর খা্জ ও একটি অগভীর খা্জ সৃষ্টি হয়। (ী) উঘঅ এর আণবিক ওজন \({10}^{6}-{10}^{9}\) এর মধ্যে।,নম্ব র বণ্টনঃ উঘঅ এর ে ভৌত গঠন সম্পকে প্াচটি তথ্য ে লখার জন্য (০.৫ \(\times \) ৫) = ২.৫ নম্বর।
603067964100,2146329,Biology,other,other/603067964100.jpg,5/2,,ে কাষঝিল্লিতে উপি স্থত ে প্রাটিনসম ূে হর নাম লিখ । ে কাষঝিল্লির সাথে ে কাষ প্রাচীরের তিনটি প্রধান পার্থক ্য উল্লেখ কর।,"ে কাষ ঝিল্লিতে তিন ধরনের ে প্রাটিন থ াকে । যথা : ( র ) ইনটিগ্রাল ে প্রাটিন / অন্তনর্িহিত ে প্রাটিন (রর) ে পরিফেরাল ে প্রাটিন / প্রান্তীয় ে প্রাটিন / বাহ্যিক ে প্রাটিন (ররর) লিপিড সম্পৃক্ত ে প্রাটিন ে কাষঝিল্লির সাথে ে কাষ প্রাচীরের পার্থক ্য: ে কাষ প্রাচীর : ( র ) সজীবতা : ে কাষ প্রাচীর নিজর্ীব তথা জড় (রর) অবস্থ ান : ে কাষ প্রাচীর উি ™্ভদ ে কাষের ৈ বশিষ্ট ্য, ে কাষঝিল্লির বাইরে অবি স্থত। (ররর) গঠন : প্রধানত ে সলুলোজ নিমর্িত : জড়, শক্তি, ভেদ্য প্রাচীরযুক্ত। (রা) কাজ : প্রধান কাজ হলো ে কাষের আকার-আক … তি নিয়ন্¿ণ এবং ে কাষকে দৃ ঢ়তা প্রদান । (া) অলংকরণ : ে গৌণস্তরের বিশেষ বিন্যাসের জন্য নানাবিধ অলংকরণ দে খা যায় । ে কাষঝিল্লি : ( র ) সজীবতা : ে কাষঝিল্লি সজীব । (রর) অবস্থ ান : ে কাষঝিল্লি উি ™্ভদ ও প্রাণী উভয় প্রকার ে কাষে থ াকে । (ররর) গঠন : প্রধানত ে প্রাটিন ও লিপিড সমন্ ্বয়ে গঠিত : জীবন , স্িথ তি স্থ াপক ও অর্ধভেদ্য পর্দাযুক্ত। (রা) কাজ : প্রধান কাজ হলো ে কাষের ে ভতর-বাইরে প্রয়োজনীয় ব স্তু র চলাচল নিয়ন্¿ণ এবং ে কাষ স্থ ে প্রাটোপ্লাজমীয় অংশ সংরক্ষণ । (া) অলংকরণ : ে কানোরূপ অলংকরণ দে খা যায় না ।",নম্ব র বণ্টন : ে কাষঝিল্লিতে উপি স্থত ১/২টি ে প্রাটিনের নাম ে লখার জন্য ০.৫ নম্ব র । ে কাষঝিল্লিতে উপি স্থত ৩টি ে প্রাটিনের নাম ে লখার জন্য ০১ নম্ব র । ে কাষঝিল্লির তিনটি কাজ ে লখার জন্য (০.৫ \(\times \) ৩) = ১.৫ নম্বর।
613798644640,2146329,Biology,other,other/613798644640.jpg,5/2,,ঞৎধহংপৎরঢ়ঃরড়হ ও ঞৎধহংষধঃরড়হ এর মধে ্য প্াচটি পার্থক ্য লিখ ।,"ঞৎধহংপৎরঢ়ঃরড়হ ও ঞৎধহংষধঃরড়হ এর মধে ্য পার্থক ্য নিম্নরূপ : ( র ) উঘঅ অণুতে গ্রথিত রাসায়নিক তথ্যগুে লাকে জঘঅ ( সজঘঅ ) অনুতে কপি করার প্রক্রিয়াকে বলা হয় ট্রাÝক্রিপশন । ( রর) এক্ষেত্রে অঞচ , এঞচ , ঈঞচ ও টঞচ উপকরণ গুে লা ব্যবহৃত হয়। ( ররর) এ প্রক্রিয়াটি ে কাষের নিউক্লিয়াসের মধে ্য সংঘটিত হয়ে থ াকে । ( রা) ট্রাÝক্রিপশন প্রক্রিয়াটি রাইবোসোমের সাথে সম্পকর্িত নয় । ( া) এ প্রক্রিয়ায় জঘঅ পলিমারেজ এনজাইম গু রুতaপূণ ভূমিকা রাখে । ( ার) ে প্রামোটারে সংযুক্ত হওয়ার পর জঘঅ পলিমারেজ প্র থমে উঘঅ এর পাক খুলে ে নয় । ( র ) সজঘঅ ে থকে ে প্রাটিন ৈ তরির প্রক্রিয়াকে বলা হয় ট্রাÝলেশন । ( রর) এক্ষেত্রে সাধারণত ২০টি অ্যামিনো অ্যাসিড ব্যবহৃত হয়। ( ররর) এ প্রক্রিয়াটি সাইটোপ্লাজমে সংঘটিত হয়। ( রা) ট্রাÝলেশন প্রক্রিয়াটি ে কাষের রাইবোসোমের সাথে সংশ্লিষ্ট । ( া) এ প্রক্রিয়ায় অ্যাকটিভেটিং এনজাইম গু রুতaপূণ ভূমিকা পালন করে । ( ার) এনজাইমে ঃজঘঅ এর সাথে নিি র্দষ্ট অ্যামিনো অ্যাসিড সংযুক্তির পর ে বর হয়ে যায় এবং অগচ পরে এনজাইমে মুক্ত হয়।",নম্ব র বণ্টনঃ ঞৎধহংপৎরঢ়ঃরড়হ ও ঞৎধহংষধঃরড়হ এর মধে ্য প্াচটি পার্থক ্য ে লখার জন্য (০.৫ \(\times \) ৫) = ২.৫ নম্বর।
988916188313,2146329,General Knowledge,other,other/988916188313.jpg,8/10,(b),"(ধ) প্যারানাইট্রোফেনলে হাইড্রোজেন বন্ধনের প্রক…তি ব্যাখ্যা কর। ( চ, ছ, ঝ, ঢ, ণ মেৌলের প্রচলিত প্রতীক নয়) সারণি ে ত উ ে ল্লখিত ে যৌগগু ে লার ে ক্ষ ে ত্র বন্ধন ও ùুটনা ে ঙ্কর সা ে থ আন্তঃআণবিক আকর্ষ ে ণর সম্পর্ক ব্যাখ্যা কর।","(ধ) প্যারানাইট্রোফেনল অণুতে \(-OH\) এবং \(-N{O}_{2}\) গ্রুপ দুইটি পরস্পর থেকে অনেক দূরে থাকায় ( ১,৪ অবস্থানে) আন্তঃআণবিক \(H\) -বন্ধন গঠিত হওয়ার মাধ্যমে বহু সংখ্যক অণু পরস্পরের সাথে সংযুক্ত থাকে। \(-OH\) এবং \(-N{O}_{2}\) মূলক ১, ৪ অবস্থানে থাকায় আ ন্তঃআণবিক ঐ -বন্ধন গঠন করতে পারে না। \(P{Q}_{3}\rightarrow {NH}_{3},\ QS\rightarrow HCl,\ {XY}_{2}\rightarrow {CO}_{2}\) \(N{H}_{3}\) একটি পোলার সমযোজী যেৌগ । \(H-Cl\) যেৌগে একটি পোলার \(H-Cl\ \) সমযোজী বন্ধন বিদ্যমান। \(C{O}_{2}\) একটি সমযোজী অপোলার যেৌগ। \(N{H}_{3}\) অণুর মধ্যে অপেক্ষাক…ত তীব্র ঐ বন্ধনের উপস্িথতি রয়েছে। তাই এর ùুটনাঙ্ক ঐঈষ এবং \(C{O}_{2}\) অপেক্ষা বেশি। ঐঈষ অণুর মধ্যে স্থায়ী ডাইপোল-ডাইপোল অন্তঃক্রিয়া বিদ্যমান। \(C{O}_{2}\) অণুতে আবিষ্ট ডাইপোল - আবিষ্ট ডাইপোল আন্তঃক্রিয়া বিদ্যমান থাকে। ঐঈষ এর থেকে কিছুটা বড় আকারের কারণে \(C{O}_{2}\) এর কার্যকর বিস্তরণ বল, ঐঈষ এ বিদ্যমান স্থায়ী ডাইপোল আন্তঃক্রিয়ার চেয়ে কিছুটা বেশি। তাই \(C{O}_{2}\) এর ùুটনাঙ্ক ঐঈষ এর চেয়ে সামান্য বেশি ।","নম্বর বণ্টনঃ ( ধ) প্যারানাইট্রোফেনল অণুতে \(-OH\) এবং \(-N{O}_{2}\) গ্রুপ দুইটির অবস্থান লেখার জন্য ০১ নম্বর । বহু সংখ্যক অণু প্যারানাইট্রোফেনল অণুতে আন্তঃআণবিক \(H\) -বন্ধন গঠিত হয়; লেখার জন্য ০১ নম্বর । প্যারানাইট্রোফেনল এর \(H\) - বন্ধনসহ গঠন চিত্র দেয়ার জন্য ০২ নম্বর। ( ন) \(N{H}_{3}\) অণুর মধ্যে অপেক্ষাক…ত তীব্র ঐ বন্ধনের উপস্িথতি রয়েছে তাই এর ùুটনাঙ্ক ঐঈষ এবং \(C{O}_{2}\) অপেক্ষা বেশি লেখার জন্য ০ ২ নম্ব র । ঐঈষ অণুর মধ্যে স্থায়ী ডাইপোল-ডাইপোল অন্তঃক্রিয়া বিদ্যমান লেখার জন্য ০১ নম্বর । \(C{O}_{2}\) অণুতে আবিষ্ট ডাইপোল-আবিষ্ট ডাইপোল আন্তঃক্রিয়া বিদ্যমান থাকে লেখার জন্য ০১ নম্ব র । ঐঈষ এর থেকে কিছুটা বড় আকারের কারণে \(C{O}_{2}\) এর কার্যকর বিস্তরণ বল, ঐঈষ এ বিদ্যমান স্থায়ী ডাইপোল আন্তঃক্রিয়ার চেয়ে কিছুটা বেশি তাই \(C{O}_{2}\) এর ùুটনাঙ্ক ঐঈষ এর চেয়ে সামান্য বেশি লেখার জন্য ০২ নম্বর ।"
926466794048,2146329,Biology,other,other/926466794048.jpg,5/2,,পরিপাকে ভূমিকা পালনকারী ে যকোনো দ শটি হরমোনের নাম লিখ ।,পরিপাকে ভূমিকা পালনকারী হরমোনসমূহ : ( র ) গ্যাি স্ট্রন (রর) সি ক্রে টিন (ররর) ে কালেসি স্টে াকাইনিন (রা) ে সামাটো স্ট্য াটিন (া) এন্টারোকাইনিন (ার) ে পপটাইড ণণ (ারর) এন্ে টরোগ্যা স্ট্রে ান (াররর) ডিওক্রাইনিন (রী) এন্ে টরোক্রাইনিন (ী) ভিল্লিকাইনিন (ীর) প্যানি ক্রে য়টিক পলিপেপটাইড (ীরর) ভ্যাসোঅ্যাকটিভ ইনটেস্টাইনাল ে পপটাইড,নম্ব র বণ্টন : পরিপাকে ভূমিকা পালনকারী ে যকোনো দ শটি হরমোনের নাম ে লখার জন্য (০.২৫ \(\times \) ১০) = ২.৫ নম্বর।
177716379300,2146329,Biology,other,other/177716379300.jpg,5/2,,এনজাইম ও পিত্তরসের মধে ্য পা্চটি পার্থক ্য লিখ ।,"এনজাইম ও পিত্তরসের মধে ্য পার্থক ্য: এনজাইম : (১) এনজাইম নালিযুক্ত গ্রন্ি থ নিঃসৃত জৈব রাসায়নিক পদা র্থ। (২) এনজাইম পানি ও ে প্রাটিন জাতীয় জৈব পদা র্থ। (৩) এনজাইম গ্রন্ি থ থেকে তাৎক্ষণিক উৎপন্ন হয় এবং ে কাথাও সআিত থ াকে না । (৪) এনজাইমের সমগ্র কায ে ক্ষত্র দেে হর বিভিন্ন অঙ্গে। (৫) এনজাইম রাসায়নিক বিক্রিয়ার গতিকে তaরান্বিত করে । (৬) এনজাইম কায ে শষে অপরিবতর্িত থ াকে । পিত্তরস : (১) পিত্তরস যক …ত নিঃসৃত মিশ্র তরল পদা র্থ। (২) পিত্তরসে পানি , জৈব ও অ জৈব পদা র্থ থ াকে । (৩) পিত্তরস যক …ত থেকে উৎপন্ন হয়ে পিত্তথলিতে সআিত থ াকে । (৪) পিত্তরসের কায ে ক্ষত্র কেবল পরিপাকনালিতে সীমাব দ্ধ। (৫) পিত্তরস খা দ্য পরিপাকে ক্ষারীয় মাধ্যম তৈরি করে । (৬) পিত্তরস কাজ ে শষে বজ ্য হিসেবে দেহ থেকে নি®Œান্ত হয়।",নম্ব র বণ্টন : এনজাইম ও পিত্তরসের মধে ্য পা্চটি পার্থক ্য ে লখার জন্য (০.৫ \(\times \) ৫) = ২.৫ নম্ব র ।
225815200592,2146329,Biology,other,other/225815200592.jpg,5/2,,একজন সুস্থ মানুষ দৈ নিক কত মিলিলিটার লালা ক্ষরণ করে ? গ্যাি স্ট্রক জুসের তিনটি কাজ লিখ ।,"একজন সুস্থ মানুষ দৈ নিক ১২০০-১৫০০ সখ লালা ক্ষরণ করে । গ্যাি স্ট্রক জুসের তিনটি কাজ : ১। গ্যাি স্ট্রক জুসের ঐঈষ (০.০৫-০.৩%) পাক স্থ লিতে অম্লীয় পরিবেশ ( ঢ়ঐ= ১.২-১.৮ ) সৃষ্টি করে , ব্যাকটেরিয়া ধŸংস করে এবং নি®িŒয় এনজাইমকে সক্রিয় করে । ২। গ্যাি স্ট্রক জুসে অবি স্থত ে পপসিন এনজাইম ঐঈষ- এর সাথে মিশে ে প্রাটিনকে ে পপটোনে পরিণত করে । ৩। গ্যাি স্ট্রক জুস পাক স্থ লির প্রাচীর সুরক্ষা করে ।",নম্ব র বণ্টন : একজন সুস্থ মানুষ দৈ নিক ১২০০-১৫০০ সখ লালা ক্ষরণ করে ে লখার জন্য ০১ নম্ব র । গ্যাি স্ট্রক জুসের তিনটি কাজ ে লখার জন্য (০.৫ \(\times \) ৩) = ১.৫ নম্বর।
639604751078,2146329,Biology,other,other/639604751078.jpg,5/2,,ে কান চক্রে র মাধ ্যমে যক …তে ইউরিয়া সৃষ্টি হয়? যক …তে হিমোগ্লোবিনের ভাঙন প্রক্রিয়াটি ব্যাখ্যা কর।,"অরনিথিন চক্রে র মাধ ্যমে ইউরিয়া সৃষ্টি হয়। হিমোগ্লোবিনের ভাঙন প্রক্রিয়ার ব্যাখ্যা : যক …তের ম্যা ক্রে াফেজকে কাপফার ে কাষ ( ক্ঢ়ভভবৎ পবষষ ) বলে । ম্যা ক্রে াফেজের অভ্যন্তরে হিমোগ্লোবিন ভেঙ্গে হিম ও ে গ্লাবিন -এ পরিণত হয়। ে গ্লাবিন হচ্েছ অণুর ে প্রাটিন অংশ, এটি তার নিজ স্ব অ্যামিনো এসিডে বিশ্লিষ্ট হয়। হিম থেকে আয়রন অংশ সরে ে গলে অণুর বাকি অংশ বিলিভারডিন ( নরষরাবৎফরহ ) নামে সবুজ রÄক উৎপন্ন করে । এ রÄক হল দে বিলিরুবিন ( নরষরৎ্নরহ )-এ পরিবতর্িত হয়। আয়রন ে ফরিটিনরূপে দেহে সআিত থ াকে । এটি হিমোগ্লোবিন উৎপনে্ন অস্িথম¾ার ে কাষে পুনব ্য বহৃত হয়।","নম্ব র বণ্টন : অরনিথিন চক্রে র মাধ ্যমে ইউরিয়া সৃষ্টি হয়, ে লখার জন্য ০.৫ নম্ব র । ম্যা ক্রে াফেজের অভ্যন্তরে হিমোগ্লোবিন ভেঙ্গে হিম ও ে গ্লাবিন -এ পরিণত হয়, হিম থেকে আয়রন অংশ সরে ে গলে বাকি অংশ বিলিভারডিন উৎপন্ন করে ; ে লখার জন্য ০১ নম্ব র । আয়রন ে ফরিটিনরূপে দেহে সআিত থ াকে , এটি হিমোগ্লোবিন উৎপনে্ন অস্িথম¾ার ে কাষে পুনব ্য বহৃত হয়; ে লখার জন্য ০১ নম্ব র ।"
906601841362,2146329,Biology,other,other/906601841362.jpg,5/2,,সাধারণ ডেঙ্গু জ্বরের প্াচটি লক্ষণ লিখ ।,"সাধারণ ডেঙ্গু জ্বরের লক্ষণ : ( র ) প্র থমে শীত শীত ভাব হয়ে হঠাৎ উচ্চ তাপমাত্রার জ্বর হয় ( ১০৩ \(℉\) - ১০৫ \(℉\) )। (রর) তীব ্র মাথ াব ্যথা, গলাব ্যথা এবং ে চাখের পিছনে ব্যথা হয়। (ররর) পিঠ , মাংসপেশি , ঘাড় এবং হাড়ের ে জাড়ায় ে জাড়ায় অর্থাৎ পুরো অস্িথ সন্ধিতে তীব ্র ব্যথা শুরু হয়। এজন ্য এ ে রাগকে Ôহাড়ভাঙ্গা জ্বরÕ বলে । ে মরু দে ণ্ডর ব্যথ াসহ ে কামরে ব্যথা এ ে রাগের বিশেষ লক্ষণ । (রা) তaকে ে ছাট ে ছাট লালচে ফুসকুড়ি দে খা দেয়। (া) বমি বমি ভাব এবং খাবারে অরুচি হয়। ে রাগী ধীরে ধীরে দ ুর্বল হয়ে পড়ে । (ার) গ্রীবা ও কু্চকিতে বিদ্য মান লসিকা গ্রন্ি থগুে লা ফুলে যায় । (ারর) জ্বর ও অন্যান ্য উপসগ গুে লা দ ুই থেকে চার দিন থ াকার পর প্রচুর ঘাম দিয়ে দেে হর তাপমাত্রা দ্র ুত কমে যায় ।",নম্ব র বণ্টন : সাধারণ ডেঙ্গু জ্বরের প্াচটি লক্ষণ ে লখার জন্য (০৫ \(\times \) ০.৫) = ২.৫ নম্বর।
616017929004,2146329,Biology,other,other/616017929004.jpg,5/2,,ম্যালেরিয়া ে রাগের প্রধান লক্ষণ কী? ে রাগের চূড়ান্ত পর্যায়ে ম্যালেরিয়া ে রাগের লক্ষণ গুে লা উল্লেখ কর।,"ম্যালেরিয়া ে রাগের প্রধান লক্ষণ নিি র্দষ্ট সময় অন্তর অন্তর কা্পুনিসহ জ্বর আসা । ে রাগের চূড়ান্ত পর্যায়ে লক্ষণ : ( র ) দ ীর্ঘদিন ধরে এ ে রাগে আক্রান্ত ে রাগীর যক …ত (ষরাবৎ) ও প্লীহা (ংঢ়ষববহ) অস্ব াভাবিকভাবে ùীত হয়। আক্রান্ত ে রাগীর প্লীহা থেকে লাইসোলেসিথিন (ষুংড়ষবপরঃযরহ) নামক পদা র্থ নিঃসৃত হয় যা অনেক স্ব াভাবিক রক্তকণিকা ধŸংস করে । (রর) ে রাগীর খা দ্য পরিপাকে ব্যাঘাত ঘটে। (ররর) পরজীবী হিমোলাইসিন ( যধবসড়ষুংরহ ) নামক অ্যান্িটবডি উৎপন্ন করে যা ে লাহিত রক্তকণিকাগুে লাকে ব্যাপকভাবে ধŸংস সাধন করে , ফলে দেহে মারাত্মক রক্তশূন্যতা দে খা দেয় এবং ে রাগী দ ুর্বল হয়ে শেষ পর্যন্ত মারা যায় ।","নম্ব র বণ্টন : নিি র্দষ্ট সময় অন্তর অন্তর কা্পুনিসহ জ্বর আসা ে লখার জন্য ০১ নম্ব র । ে রাগের চূড়ান্ত পর্যায়ে ম্যালেরিয়া ে রাগের তিনটি লক্ষণ উল্লেখ করার জন্য , (০৩ \(\times \) ০.৫) = ১.৫ নম্বর।"
118473138961,2146329,Biology,other,other/118473138961.jpg,5/2,,বটুলিজম কী? মানবজীবনে ব্যাকটেরিয়ার উপকারিতা উল্লেখ কর।,"বটুলিজমঃ ঈষড়ংঃৎরফর্স নড়ঃ্ষরহ্স নামক ব্যাকটেরিয়া খা দ্যে নড়ঃ্ষরহ নামক বিষাক্ত পদা র্থ তৈরি করে , যার ফলে মানুষের মৃতু ্য ঘটতে পারে । একে বটুলিজম বলে । মানবজীবনে ব্যাকটেরিয়ার উপকারিতা : ( র ) ে সলুলোজ হজমে : গবাি দ পশু ঘাস , খড় প্রভ … তি ে খয়ে থ াকে । এদে র প্রধান উপাদান ে সলুলোজ । গবাি দ পশুর অন্ে ¿ অবি স্থত এক প্রকার ব্যাকটেরিয়া ে সলুলোজ হজম করতে প্রত্যক্ষভাবে সাহায ্য করে থ াকে । তাই পশুপালন সহজ হয়। (রর) ভিটামিন ৈ তরিতে : মানুষের অন্ে¿র ঊংপযবৎরপযরধ পড়ষর (ঊ. পড়ষর) ও অন্যান ্য ব্যাকটেরিয়া ভিটামিন -বি, ভিটামিন -কে, ভিটামিন-বি ২ , ে ফালিক অ্যাসিড , বায়োটিন প্রভ … তি পদা র্থ প্র স্তু ত ও সরবরাহ করে থ াকে । (ররর) জিন প্রকেৌশলে : জিন প্রকেৌশলে অনেক ব্যাকটেরিয়াকে ( ঊ. পড়ষর, অমৎড়নধপঃবৎর্স প্রভ … তি ) বাহক হিসেবে সার্থ কভাবে ব্যবহার করা হয়।","নম্ব র বণ্টন : ইড়ঃ্ষরহ নামক বিষাক্ত পদা র্থ যা মানুষের খা দ্যে বিষক্রিয়া ঘটায় , ে লখার জন্য ০১ নম্ব র । মানবজীবনে ব্যাকটেরিয়ার তিনটি উপকারিতা উল্লেখ করার জন্য , (০৩ \(\times \) ০.৫) = ১.৫ নম্বর।"
638915745503,2146329,Biology,other,other/638915745503.jpg,5/2,,সংক্ষ্ি বর্ণনা দ াও : ( র ) ভাইরাস (ারৎ্ং) (রর) ভিরিয়ন (ারৎরড়হ) (ররর) ভিরয়েড (ারৎড়রফ),"( র ) ভাইরাস : ভাইরাস হ ে লা নিউক্লিক অ্যাসিড ( ে ক ন্ দ্র ীয় অংশ) ও ে প্রাটিন ( আবরণ ) দি ে য় গঠিত অ ে কাষীয় , অতি আণুবীক্ষণিক , বাধ্যতামূলক পরজীবী ব স্ তু , যা জীব ে দ ে হর অভ্যন্ত ে র সক্রিয় হ ে য় ে রাগ স ৃ ষ্টি ক ে র কিন্ তু জীব ে দ ে হর বাই ে র নি®িŒয় অবস্ থ ায় (জড় বস্ তু র ম ে তা ) বিরাজ ক ে র । (ররর) ভিরিয়ন : নিউক্লিক এসিড ও এ ে ক ঘি ে র অবি স্ থ ত ক্যাপসিড সমন্ ্ব ে য় গঠিত এক একটি সংক্রমণক্ষম সম্পূণ ভাইরাস ে ক ভিরিয়ন ব ে ল / একটি সংক্রমণক্ষম সম্পূণ ভাইরাস ে ক ভিরিয়ন ব ে ল । (ররর) ভির ে য়ডস : ভির ে য়ডস হ ে লা এক সূত্রক ব ৃ ত্তাকার জঘঅ অণু যা ক ে য়ক শত নিউক্লিওটাইড নি ে য় গঠিত এবং ক্ষুদ্র তম ভাইরাস ে থ ে কও বহু গু ে ণ ক্ষুদ্র।",নম্ব র বণ্টন : ে যকোনো ১টি সংÁা ে লখার জন্য ০১ নম্ব র । ে যকোনো ২টি সংÁা ে লখার জন্য ১.৫ নম্ব র । ৩টি সংÁা ে লখার জন্য ২.৫ নম্ব র ।
649344131944,2146329,Biology,other,other/649344131944.jpg,5/2,,পালমোনারি ধমনি ও পালমোনারি শিরার তিনটি করে ৈ বশিষ্ট ্য উল্লেখ কর।,পালমোনারি ধমনি ও পালমোনারি শিরার ৈ বশিষ্ট ্য: পালমোনারি ধমনি : (১) উৎপত্তি : হৃৎপিণ্ডের ডান ে ভন্িট্রকল থেকে সৃষ্টি হয়ে ফুসফুসে ে পৌ্ছায় । (২) প্রাচীর : পুরু ও স্িথ তি স্থ াপক । (৩) হৃৎপিণ্ডের সংযোগ স্থলে কপাটিকা : থ াকে । (৪) রক্তচাপ: ে বশি । (৫) কাজ : দেহ থেকে সংগৃহীত \(C{O}_{2}\) -সমৃদ্ধ রক্ত অক্সিজেনময় হওয়ার জন্য ফুসফুসে বহন করে। পালমোনারি শিরা : (১) উৎপত্তি : ফুসফুস থেকে সৃষ্টি হয়ে বাম অ্যাট্রিয়ামে ে পৌ্ছায় । (২) প্রাচীর : পাতলা ও অি স্থ তি স্থ াপক । (৩) হৃৎপিণ্ডের সংযোগ স্থলে কপাটিকা : থ াকে না । (৪) রক্তচাপ: কম। (৫) কাজ : ফুসফুস থেকে \({O}_{2}\) -সমৃদ্ধ রক্ত দেহে সরবরাহের জন্য হৃৎপিণ্ডে বহন করে।,নম্ব র বণ্টন : পালমোনারি ধমনি ও পালমোনারি শিরার ১টি করে ৈ বশিষ্ট ্য ে লখার জন্য ০১ নম্ব র । পালমোনারি ধমনি ও পালমোনারি শিরার ২টি করে ৈ বশিষ্ট ্য ে লখার জন্য ০২ নম্ব র । পালমোনারি ধমনি ও পালমোনারি শিরার ৩টি করে ৈ বশিষ্ট ্য ে লখার জন্য ২.৫ নম্ব র ।
157211563885,2146329,Biology,other,other/157211563885.jpg,2/2,,অ্যানজাইনা কী? অ্যানজাইনার কারণ ব্যাখ্যা কর।,"নানা কারণে বুকে ব্যথা হলেও সবচেয়ে গু রুতaপূণ হ চ্েছ হৃৎপিণ্ডজনিত বুক ব্যথা । হৃৎপেশি যখন \({O}_{2}\) -সমৃদ্ধ পর্যা্ রক্ত সরবরাহ পায় না তখন বুক নি®েপষিত হচ্েছ বা দম বন্ধ হয়ে আসছে এমন মারাত্মক অস্বস্িত অনুভূত হলে সে ধরনের বুক ব্যথাকে অ্যানজাইনা বা অ্যানজাইনা পেকটোরিস বলে। অ্যানজাইনার কারণ ( ঈধ্ংব ড়ভ অহমরহধ ): হৃৎপেশিতে করোনারি ধমনি \({O}_{2}\) -সমৃদ্ধ রক্ত সরবরাহ করে। ধমনির ভিতরের প্রাচীরে কোলেস্টেরল জমে ধমনির গহŸর সরু হয়ে যাওয়ায় হৃৎপেশিতে \({O}_{2}\) ও পুষ্টি সমৃদ্ধ রক্ত সরবরাহ কমে যায় ফলে হৃৎপেশির শক্তি উৎপাদনও কমে যায়। পরিমিত \({O}_{2}\) -এর অভাবে হৃৎপেশির কোষগুলো শ্বসন প্রক্রিয়ায় বিকল্প উৎস হিসেবে পাইরুভিক এসিড থেকে শক্তি উৎপাদন করে এবং উপজাত ( নরঢ়ৎড়ফ্পঃ ) হিসেবে ল্যাকটিক এসিড তৈরি হয়। অতিরিক্ত ল্যাকটিক এসিড হৃৎপেশিতে জমা হওয়ার কারণে বুকে ব্যথা সৃষ্টি হয়। করোনারি ধমনির সমস্যা ছাড়াও বুক ব্যথা বা অ্যানজাইনা হতে পারে , ে যমন - হৃৎপিণ্ডের কপাটিকার সমস্যা থ াকলে করোনারি ধমনিতে প্রয়োজনীয় রক্ত প্রবাহ বাধাগ্রস্ত হয়। অ্যানিমিয়া বা রক্ত শূন্যতা ে রাগে আক্রান্ত ে রাগী দে র রক্তে পরিমিত \({O}_{2}\) থাকে না, আবার যাদের হৃৎপ্রাচীর অতিমাত্রায় পুরু তাদের হৃৎপ্রাচীর প্রয়োজন মতো \({O}_{2}\) পায় না- এসব কারণেও অ্যানজাইনা বা বুকের ব্যথা হয়ে থাকে।","নম্ব র বণ্টন : অ্যানজাইনা এর সংÁা ে লখার জন্য ০১ নম্ব র । ধমনির ভিতরের প্রাচীরে ে কালে স্টে রল জমে ধমনির গহŸর সরু হয়ে যাওয়ায় হৃৎপেশিতে \({O}_{2}\) ও পুষ্টি সমৃদ্ধ রক্ত সরবরাহ কমে যায় ফলে হৃৎপেশির শক্তি উৎপাদনও কমে যায় লেখার জন্য ০.৫ নম্বর। পরিমিত \({O}_{2}\) -এর অভাবে হৃৎপেশির কোষগুলো শ্বসন প্রক্রিয়ায় বিকল্প উৎস হিসেবে পাইরুভিক এসিড থেকে শক্তি উৎপাদন করে এবং উপজাত ( নরঢ়ৎড়ফ্পঃ ) হিসেবে ল্যাকটিক এসিড তৈরি হয়। অতিরিক্ত ল্যাকটিক এসিড হৃৎপেশিতে জমা হওয়ার কারণে বুকে ব্যথা সৃষ্টি হয় ে লখার জন্য ০.৫ নম্ব র । হৃৎপিণ্ডের কপাটিকার সমস্যা থ াকলে করোনারি ধমনিতে প্রয়োজনীয় রক্ত প্রবাহ বাধাগ্রস্ত হয়। অ্যানিমিয়া বা রক্ত শূন্যতা ে রাগে আক্রান্ত ে রাগী দে র রক্তে পরিমিত \({O}_{2}\) থাকে না, আবার যাদের হৃৎপ্রাচীর অতিমাত্রায় পুরু তাদের হৃৎপ্রাচীর প্রয়োজন মতো \({O}_{2}\) পায় না- এসব কারণেও অ্যানজাইনা বা বুকের ব্যথা হয়ে থ াকে ে লখার জন্য ০.৫ নম্ব র ।"
622912440252,2146329,Biology,other,other/622912440252.jpg,5/2,,( র ) এনজিওপ্লাি স্ট কী? এনজিওপ্লাস্টির প্রকারভে দ লিখ । (রর) ে হপাটিক ে পাটর্াল সংবহনের গতিপ থ প্রবাহচিত্রের মাধ ্যমে দে খাও ।,( র ) বড় ধরনের অস্ে¿ াপচার না করে হৃৎপিণ্ডের সংকীণ লুমেন বা রু দ্ধ হয়ে যাওয়া করোনারি ধমনি পুনরায় প্রশস্ত লুমেনযুক্ত বা উন্মুক্ত করার পদ্ধতিকে এনজিওপ্লাি স্ট বলে । এনজিওপ্লাি স্ট ৪ ধরনের । যথা : (১) ে বলুন এনজিওপ্লাি স্ট ( ২) ে লজার এনজিওপ্লাি স্ট (৩) করোনারি অ্যা থেে রকটমি (৪) করোনারি স্টে ন্িটং (রর) ে হপাটিক ে পাটর্াল সংবহনের গতিপ থ : ে পৌষ্টিক অঙ্গসমূহ \(\rightarrow \) ে হপাটিক ে পার্টাল শিরা \(\rightarrow \) যক …ত \(\rightarrow \) ে হপাটিক শিরা \(\rightarrow \) ইনফিরিয়র ভেনাক্যাভা \(\rightarrow \) হৃৎপিণ্ড,নম্ব র বণ্টন : এনজিওপ্লাস্টির সংÁা ে লখার জন্য ০.৫ নম্ব র । এনজিওপ্লাস্টির প্রকারভে দ ে লখার জন্য (০.২৫ \(\times \ \) ৪) = ০১ নম্বর। ে পাটর্াল সংবহনের গতিপ থ প্রবাহচিত্রে দে খানোর জন্য ০১ নম্ব র ।
107273551866,2146329,English,other,other/107273551866.jpg,5/5,Read the text below and fill in the gaps with the clues given in the box. There are more words than necessary. Make any grammatical changes (if necessary). 5 The years Mandela spent behind (a)____ made him the world’s most celebrated (b) ____ prisoner and a leader of (c)_____ stature for millions of black South Africans and other (d)_____ people far (e)_____ his country’s borders.,,(a) bars (b) political (c) mythic (d) oppressed (e) beyond Instructions: Any mistake bears no mark. But mistakes regarding capital and small letters can be overlooked.,
475520851217,2261803,English,other,other/475520851217.jpg,10/10,"Fill in the blanks with suitable articles: Niagara Falls is (a) _____ world-famous waterfall located on (b) _____ border between the United States and Canada. Every year, (c) _____ large number of tourists travel from different countries to witness (d) _____ natural beauty and force of the falling water. During (e) _____ summer months, the area becomes crowded with visitors. At night, (f) _____ illumination of the falls creates (g) _____ breathtaking view. For many travelers, seeing the falls is (h) _____ unforgettable experience and remains ( i ) _____ highlight of their journey to (j) _____ region.",,\(\left(01\times 10\right)=10\),
306554056030,2261803,English,other,other/306554056030.jpg,5/10,"Correct the following sentences: (a) He did not pay attention on what the teacher said. ‎(b) She insisted to go there alone. ‎(c) The police caught the thief red handed. ‎(d) He is superior than me in mathematics. ‎(e) Despite of his illness, he attended the meeting. ‎(f) The teacher emphasized on the importance of discipline. ‎(g) He was prevented to enter the room. ‎(h) I am not accustomed with such behavior. ‎( i ) The news are very surprising. ‎(j) He described about the incident in detail.",,\(\left(01\times 10\right)=10\),
808234915076,2261803,English,other,other/808234915076.jpg,6/10,"Fill in the blanks with appropriate preposition: Bangladesh is rich (a) _____ biodiversity, including forests, rivers, wetlands, and wildlife. However, many species are now (b) _____ threat due (c) _____ deforestation, pollution, and climate change. The Sundarbans, known (d) _____ the largest mangrove forest in the world, plays an important role (e) _____ maintaining ecological balance. Various laws have been introduced (f) _____ protect wildlife, but lack (g) _____ awareness among people hampers conservation efforts. Active participation (h) _____ local communities is essential ( i ) _____ the success (j) _____ biodiversity conservation programs.",,\(\left(01\times 10\right)=10\),
271524443485,2261803,English,other,other/271524443485.jpg,10/10,Change the sentences as directed. (a) He is reading a book. (Interrogative) ‎(b) What a beautiful piece of painting it is! (Assertive) ‎(c) They are playing in the garden. (Interrogative) ‎(d) I will help you. (Interrogative) ‎(e) She dances very gracefully. (Exclamatory) ‎(f) The cat is on the roof. (Negative) ‎(g) We visited the museum yesterday. (Interrogative) ‎(h) He is nothing but 15 years old. (Affirmative) ‎( i ) How wonderful the sunset is! (Assertive) ‎(j) She loves singing. (Negative),,\(\left(01\times 10\right)=10\),
465168042550,2261803,English,other,other/465168042550.jpg,6/10,"Fill in the blanks with the right forms of the verbs given in the bracket: (a) It is they who _____ to be blamed for the mistake. (to be) ‎(b) So long as the patient _____ under observation, the doctor stayed alert. (remain) ‎(c) We heard the birds _____ sweetly in the morning. (sing) ‎(d) The leader spoke clearly so that the people _____ understand his message. (can) ‎(e) By _____ regularly, she maintains good health. (exercise) ‎(f) The teacher noticed the boy _____ the truth. (tell) ‎(g) If he _____ honest, he would not have cheated others. (be) ‎(h) The martyrs sacrificed their lives so that the nation _____ live in freedom. (may) ‎( i ) She avoided _____ about the matter unnecessarily. (talk) ‎(j) The child was made _____ the medicine on time. (take)",,\(\left(01\times 10\right)=10\),
997374027496,2261803,English,other,other/997374027496.jpg,2/5,"Answer the following questions according to the instructions: (a) In English if two different words have the same spelling and pronunciation they are called- (b) “You can go wherever you like. ” The underlined clause is a/an- (c) Choose the appropriate gender for the blank space of the sentence- ‘The ____ gave birth to three puppies.’ (d) What is the correct meaning of the idiom, ‘A sleeping partner’? (e) Identify the correct sentence. ( i ) Which color you prefer, the red or the blue (ii) Which colour you prefer, the red or blue (iii) Which colour do you prefer, the red or the blue? (iv) Which colour you prefer more, the red or blue?",,\(\times \),
156930939157,2261803,English,other,other/156930939157.jpg,3/5,Transform the following sentences as directed: (a) It was raining and I was home. (Simple) (b) Very few countries of the world are as green as Bangladesh. (Comparative) (c) Who knows him here? (Assertive) (d) Only the moon was visible in the sky. (Negative) (e) Mamun worked hard so that he might win the prize. (Compound),,\(\times \),
426714012936,2261803,English,other,other/426714012936.jpg,3/5,Answer the following questions : (a) The idiom ‘going south’ refers to _____. (b) British Bangalis are _____ important part of _____ Bangladeshi diaspora who are living abroad. (Use appropriate articles in the gaps.) (c) What is the adjective of the word “Enthusiasm”? (d) What does the phrase “Sine Die” mean? (e) Pick the correct sentence: ( i ) I owe to you (ii) I am owing to you (iii) I owe you (iv) I owe at you,,\(\times \),
686062291469,2261803,English,other,other/686062291469.jpg,1/5,Change the following words as instructed in the brackets : (a) Spinster (masculine) (b) Acquisition (verb) (c) Residual (antonym) (d) Propagate (synonym) (e) Maintain (Noun),,\(\times \),
624379313227,2261803,ICT,other,other/624379313227.jpg,10/10,Write the Boolean expression for the logic circuit shown in the figure and create its truth table.,[ চিত্রে দে খানো লজিক বর্তনীর বুলিয়ান সম্পক লিখ এবং এর ট্রু থ ে টবিল তৈরি কর। ],\(Y=AB+\overline{A}\overline{B}\),
743449649075,2261803,English,other,other/743449649075.jpg,3/5,"Transform the following sentences as directed: (a) In 1980 s, Maradona was the most popular footballer in the world. (Make it positive) (b) No other virtue in a man’s life is as important as honesty. (Make it comparative) (c) When I saw him, I told him the fact. (Make it passive) (d) Bad temper should be controlled for our own sake. (Make it active) (e) Very few persons were as vindictive as Rajib. (Make it superlative)",,\(\left(01\times 05\right)=05\),
966947880887,2261803,English,other,other/966947880887.jpg,3/5,Rewrite the following sentences using right form of verbs: (a) I (to finish) long before you get back. (b) Rima talks as if she (to be) a leader. (c) The light went out while we (to have) our supper. (d) He (go) to bed before I came. (e) You had better (to take) rest.,,\(\left(01\times 05\right)=05\),
186159735119,2261803,English,other,other/186159735119.jpg,2/5,Fill in the gaps with appropriate preposition: (a) The driver stopped just__ time to avoid an accident. (b) Mills and factories in our country throw poisonous chemicals and waste products___ water. (c) The guard left the office key___ security-in-charge. (d) Quinine cures a man___ malaria. (e) Virtue will prevail___ evils one day.,,\(\left(01\times 05\right)=05\),
947017661573,2261803,English,other,other/947017661573.jpg,2/5,Fill in the gaps with appropriate articles: (a) __ Mr. Rahim called at my office. (b) He struck me on___ head. (c) I see you are __ Wordsworth. (d) Cholera has broken out in___ village. (e) He has___ red and white horse.,,\(\left(01\times 05\right)=05\),
992239744275,2261803,Biology,other,other/992239744275.jpg,2/2,,উ্ঃঃধঢ়যৎুহ্ং সবষধহড়ংঃরপঃ্ং ে কান শ্রেণীভুক্ত প্রাণী ? উক্ত ে শ্রণির ৪টি ৈ বশিষ্ট ্য লিখ ।,"উ্ঃঃধঢ়যৎুহ্ং সবষধহড়ংঃরপঃ্ং ( কু ্যে নাব্যাঙ ) অসঢ়যরনরধ শ্রেণীভুক্ত প্রাণী । অসঢ়যরনরধ ে শ্রণির ৈ বশিষ্ট ্য: ১। গ্রন্িথময় তaকবিশিষ্ট , এ±ে াথামর্িক (বপঃড়ঃযবৎসরপ; দেে হর তাপমাত্রা পরিবেশের তাপমাত্রার সাথে উঠানামা করে ) চতু®পদী ে মরুদণ্ড প্রাণী । ২। লার্ভা অবস্থ ায় জলচর , কিন্ তু প ূর্ণাঙ্গ অবস্থ ায় জলচর বা স্থ লচর । ৩। তaক মসৃণ , আদ্র্র, গ্রন্িথময় ; শ্বসনেও সাহায ্য করে । ৪। অগ্রপ দে চারটি ও পðাৎপ দে প্াচটি করে নখরবিহীন আঙ্গুল থ াকে । ৫। লার্ভা দ শায় ফুলকা ও পরিণত অবস্থ ায় ফুসফুস , তaক ও মুখবিবরীয় মিউকাস ঝিল্লির মাধ ্যমে শ্বসন ঘটে। ৬। হৃৎপিণ্ড তিন প্রকোষ্ঠবিশিষ্ট - দ ুটি অ্যাট্রিয়া (অলিন্দ) এবং একটি ে ভন্িট্রকল ( নিলয় ); ে রনাল ও ে হপাটিক ে পার্টাল তন্ ¿ উন্নত । ৭। একলিঙ্গ প্রাণী ; জননকালে বহিঃনিষেক ঘটে; জীবন চক্রে ট্যাডপোল লার্ভা দ শা বিদ্য মান । নম্ব র বন্টন : উ্ঃঃধঢ়যৎুহ্ং সবষধহড়ংঃরপঃ্ং ( কু ্যে নাব্যাঙ ) অসঢ়যরনরধ শ্রেণীভুক্ত প্রাণী ে লখার জন্য ০.৫ নম্ব র । অসঢ়যরনরধ শ্রেণীভুক্ত প্রাণীর ৪টি শনাক্তকারী ৈ বশিষ্ট ্য ে লখার জন্য (০.৫ \(\times \) ৪) = ০২ নম্বর।",
642874992727,2261803,Biology,other,other/642874992727.jpg,5/2,,উঘঅ রেপ্লিকেশনে নিম্ে্নাক্ত এনজাইম গুলোর ভূমিকা লিখ। (র) টপোআইসোমারেজ (রর) উঘঅ হেলিকেজ (ররর) লাইগেজ (রা) প্রাইমেজ (া) ঝঝইচ,উঘঅ রেপ্লিকেশনে এনজামের ভূমিকা: (র) টপোআইসোমারেজ: উঘঅ অণুকে অতিমাত্রায় প্য্াচানো অবস্থা থেকে মুক্ত করে থাকে। (রর) উঘঅ হেলিকেজ: রেপ্লিকেশন ফকর্ে উঘঅ ডাবল হেলিক্স প্য্াচগুলো খুলে দেয়। (ররর) লাইগেজ: ওকাজাকি খণ্ডকে পরিপূরক স্ট্র্যান্ডে যুক্ত করে। (রা) প্রাইমেজ: জঘঅ প্রাইমারকে স্ট্র্যান্ডের প্রান্েত যুক্ত করে। (া) ঝঝইচ: উঘঅ অণুর একক স্ট্র্যান্ডে সংযুক্ত হয় যাতে এরা পুনরায় দ্বি-তন্¿ী অবস্থায় ফিরে না আসে।,নম্বর বণ্টন: পা্চটি এনজাইমের ভূমিকা লেখার জন্য (০.৫ \(\times \) ৫) = ২.৫ নম্বর।
485455088740,2261803,Biology,other,other/485455088740.jpg,1/2,,ম্যালেরিয়া পরজীবীর নাম ও তা দে র সু্াব স্থা লিখ ।,ম্যালেরিয়া পরজীবীর নাম - ( র ) চষধংসড়ফর্স ভধষপরঢ়ধৎ্স ম্যালেরিয়া পরজীবীর সু্াব স্থা: ( র ) চষধংসড়ফর্স ভধষপরঢ়ধৎ্স ৮-১৫ দিন । (রর) চষধংসড়ফর্স ড়াধষব ১১-১৬ দিন । (ররর) চষধংসড়ফর্স ারাধী ১২-২০ দিন । (রা) চষধংসড়ফর্স সধষধৎরধব ১৮-৪০ দিন ।,নম্ব র বণ্টন : ম্যালেরিয়ার ৪টি পরজীবীর নাম ও তা দে র সু্াব স্থা ে লখার জন্য ২.৫ নম্ব র ।
720018300859,2261803,Bangla,other,other/720018300859.jpg,,,"সারমম ে লখ : আসিতেছে শুভদিন - দিনে দিনে বহু বাড়িয়াছে দে না , শুধিতে হইবে ঋণ! হাতুড়ি শাবল গ্াইতি চালায়ে ভাঙিল যারা পাহাড় , পাহাড়-কাটা সে পথে র দ ুপাশে পড়িয়া যাদে র হাড় , ে তামারে ে সবিতে হইল যাহারা মজুর , মুটে ও কুলি , ে তামারে ে সবিতে যারা পবিত্র অঙ্গে লাগাল ধূলি ; তারাই মানুষ , তারাই দে বতা , গাহি তাহা দে রি গান , তা দে রি ব্যথিত বক্ষে পা ে ফলে আসে নব উÌান !",সারমম : শ্রমজীবী দে র শ্রমে-ঘামে-রক্তে ও জীবনের বিনিময়ে গড়ে উঠেছে স্ব াচ্ছ ন্দ্য ময় পৃথিবী ; ে শাষক ে শ্রণি ে সসব দে বতাতুল ্য মানুষকে ন্যায ্য পাওনা থেকে বআিত করেছে । আজ পৃথিবী পালটে গেছে। প্রতিশোধ ে নওয়ার সময় এসেছে ।,নম্ব র বণ্টন : শ্রমজীবী দে র শ্রমে-ঘামে-রক্তে ও জীবনের বিনিময়ে গড়ে উঠেছে স্ব াচ্ছ ন্দ্য ময় পৃথিবী ; ে শাষক ে শ্রণি ে সসব দে বতাতুল ্য মানুষকে ন্যায ্য পাওনা থেকে বআিত করেছে - নির্ধারিত অং শে ে লখার ভাব ঠিকমতো ে বাঝাতে পারলে ১.৫ নম্ব র । আজ পৃথিবী পালটে গেছে। প্রতিশোধ ে নওয়ার সময় এসেছে - নির্ধারিত অং শে ে লখার ভাব ঠিকমতো ে বাঝাতে পারলে ০১ নম্ব র । [বিঃ দ্রঃ চার বাক্যের ে বশি লিখলে ৫০% নম্ব র পাবে । ]
884306356965,2261803,Bangla,other,other/884306356965.jpg,,,বাক্য কাকে বলে? গঠন অনুসারে বাক্যের শ্রেণিবিভাগ আলোচনা কর।,"অর্থবহ কথাকে বাক্য বলে। অর্থাৎ কিছু শãসমন্বয়ে মনের ভাব প্রকাশের প্রক্রিয়াকে বাক্য বলে। যে সুবিন্যস্ত পদসমষ্টি দ্বারা কোনো বিষয়ে বক্তার মনোভাব সম্পূর্ণরূপে প্রকাশিত হয়, তাকে বাক্য বলে। ড. সুনীতিকুমার চÆোপাধ্যায়ের মতে, Ôকোনও ভাষায় যে উক্তির সার্থকতা এবং গঠনের দিক থেকে যা স্বয়ংসম্পূর্ণ, সেরূপ একক উক্তিকে ব্যাকরণে বাক্য বলে।Õ গঠন অনুসারে বাংলা বাক্য তিন প্রকার। যথা: ১. সরল বাক্য ২. জটিল বাক্য ৩. যেৌগিক বাক্য। ১. সরল বা সাধারণ বাক্য: যে বাক্যে একটিমাত্র কর্তা বা উদ্দেশ্য থাকে এবং একটিমাত্র সমাপিকা ক্রিয়া বা বিধেয় থাকে তাকে সরল বাক্য বলে। যেমন- মুনীরা কলেজে যায়। ত…ণা বই পড়ে। এখানে ÔমুনীরাÕ, Ôত…ণাÕ উদ্দেশ্য বা কর্তা এবং Ôযায়Õ, Ôপড়েÕ সমাপিকা ক্রিয়া বা বিধেয়। ২. জটিল বা মিশ্র বাক্য: যে বাক্য পরস্পর সাপেক্ষ প্রধান ও অপ্রধান খণ্ডবাক্যের সমন্বয়ে বা দুটো খণ্ডবাক্যের সমন্বয়ে গঠিত হয় বা যে বাক্যে প্রধান খণ্ডবাক্যের অধীন এক বা একাধিক অপ্রধান খণ্ডবাক্য থাকে তাকে জটিল বাক্য বলে। এখানে প্রধান খণ্ডবাক্যটি স্বাধীন এবং অপ্রধান খণ্ডবাক্যটি তার অধীন বা আশ্রিত। যেমন- যদিও তিনি পণ্ডিত, তথাপি তিনি বিনয়ী নন। যিনি পরের উপকার করেন, ত্াকে সবাই শ্রদ্ধা করে। এসব বাক্যে- Ôযদিও তিনি পণ্ডিতÕ; Ôযিনি পরের উপকার করেনÕ এগুলো হলো অপ্রধান বা আশ্রিত খণ্ডবাক্য এবং Ôতথাপি তিনি বিনয়ী ননÕ, Ôত্াকে সবাই শ্রদ্ধা করেÕ-এগুলো হলো প্রধান খণ্ডবাক্য। মনে রাখতে হবে জটিল বাক্যের খণ্ডবাক্যগুলোতে যদিও, তথাপি, যিনি, তিনি, ত্াকে, যে, সে, যখন, তখন ইত্যাদি সাপেক্ষ সর্বনাম ও যোজক শã থাকে। ৩. যেৌগিক বা সংযুক্ত বাক্য: পরস্পর নিরপেক্ষ দুই বা ততোধিক সরল বাক্য বা জটিল বাক্য যদি কোনো যোজক শã সংযুক্ত হলে একটি সম্পূর্ণ বাক্য গঠন করে তবে তাকে যেৌগিক বাক্য বলে বা সংযুক্ত বাক্য বলে। যেৌগিক বাক্যের অন্তর্গত নিরপেক্ষ বাক্যগুলো এবং, ও, কিন্তু, সুতরাং, অথবা, নইলে, কিংবা, বরং, তথাপি প্রভ…তি যোজক শã সংযুক্ত বা সমন্বিত থাকে। যেমন-তারা দুজনে ওত পেতে বসেছিল, নইলে চোর ধরা সম্ভব ছিল না। তুমি অন্যায় করেছ, সুতরাং তোমাকে শাস্িত পেতেই হবে। বেশ রাত হলো এবং আমরা বাড়ি ফিরলাম।",নম্বর বণ্টন: বাক্য কাকে বলে লেখার জন্য ০১ নম্বর। গঠন অনুসারে ১ টি শ্রেণিবিভাগ সংÁা ও উদাহরণসহ লেখার জন্য ০২ নম্বর। গঠন অনুসারে ২ টি শ্রেণিবিভাগ সংÁা ও উদাহরণসহ লেখার জন্য ০৩ নম্বর। গঠন অনুসারে ৩ টি শ্রেণিবিভাগ সংÁা ও উদাহরণসহ লেখার জন্য ০৪ নম্বর।
889259644315,2261803,Bangla,other,other/889259644315.jpg,,,"নিচের শãগুলোর বিপরীতার্থক শã লেখ: মূর্ত, প্রাচীন, ক্ষয়িòু, তীব্র, নিগ্রহ",বিপরীত শã: মূর্ত - বিমূর্ত প্রাচীন - অর্বাচীন /নবীন/আধুনিক/ নতুন ক্ষয়িòু - বধর্িòু তীব্র - মৃদু/লঘু নিগ্রহ - অনুগ্রহ,নম্বর বণ্টন: প্রতিটি বিপরীত শãের জন্য (০.৫ \(\times \) ৫) = ২.৫ নম্বর। [বিঃ দ্রঃ বিপরীত শãের বানান ভুল হলে বরাদ্দক…ত নম্বর কাটা যাবে]
604318426567,2261803,English,other,other/604318426567.jpg,,"Read the following extract and answer the questions that follow: Hold fast to dreams For if dreams die Life is a broken-winged bird That cannot fly . Hold fast to dreams For when dreams go (a) What does the image of a “broken-winged bird” suggest about life without dreams? (b) What role do dreams play in shaping human experience, according to the poem?",,"(a) The image of a “broken-winged bird” suggests that life without dreams is damaged, directionless, and unable to move forward. It powerfully evokes helplessness and loss of hope, showing how essential dreams are for a fulfilling existence. (b) According to the poem, dreams are the foundation of a meaningful life. Without them, life becomes stagnant and hopeless. Hughes presents dreams not just as desires, but as necessary forces that guide ambition, growth, and emotional survival. Marks Distribution: For writing ; The image of a “broken-winged bird” suggests that life without dreams is damaged, directionless, and unable to move forward. It powerfully evokes helplessness and loss of hope, showing how essential dreams are for a fulfilling existence ; 01 mark. For writing ; According to the poem, dreams are the foundation of a meaningful life. Without them, life becomes stagnant and hopeless. Hughes presents dreams not just as desires, but as necessary forces that guide ambition, growth, and emotional survival ; 1.5 marks. [ N.B: 0.5 mark will be deducted for two grammar or spelling mistakes, 01 mark for three or more grammar or spelling mistakes.]",
876899759812,2261803,English,other,other/876899759812.jpg,,"Make meaningful sentences with the following words: Ubiquity, Juxtapose, Meticulous, Transient, Debilitate",,"Ubiquity – The ubiquity of smartphones has transformed how people communicate and access information. Juxtapose – The photographer juxtaposed urban decay with natural beauty to create a powerful visual contrast. Meticulous – The editor is known for her meticulous attention to detail when reviewing manuscripts. Transient – The storm was transient, lasting only a few minutes before the sun came out again. Debilitate – The disease can debilitate patients to the point where they need constant care. Marks Distribution: For making meaningful sentences with the given words, (0.5×5) =2.5 marks.",
993315916012,2261803,English,other,other/993315916012.jpg,,"Write a paragraph on ‘The Importance of Scientific Thinking in School Curricula,’ using a clear topic sentence, supporting details, and a concluding sentence.",,"The Importance of Scientific Thinking in School Curricula Scientific thinking is essential for building a curious, intelligent, and rational generation. Schools must teach students how to ask questions, test ideas, and analyze evidence instead of simply memorizing facts. Scientific thinking encourages inquiry, healthy skepticism, and logical reasoning, skills that are crucial not just for science students but for everyone in daily decision-making. In today’s world of misinformation and rapid change, the ability to think critically and question claims is more valuable than ever. It helps students become informed citizens, ready to engage with real-world problems like climate change, public health, and technology. Scientific education also nurtures creativity and problem-solving, which are vital for innovation and national progress. By promoting a mindset of discovery and evidence-based thinking, schools can prepare young minds to become thoughtful leaders and lifelong learners. Therefore, embedding scientific thinking in the curriculum is not optional, it is a necessity for a responsible society. Marks Distribution: For writing the Title “The Importance of Scientific Thinking in School Curricula”; 0.5 mark. For writing ; Introductory sentence; 01 mark. For writing ; Scientific thinking encourages inquiry, healthy skepticism, and logical reasoning, skills that are crucial not just for science students but for everyone in daily decision-making ; 01 mark. For writing ; Scientific education also nurtures creativity and problem-solving, which are vital for innovation and national progress ; 01 mark. For writing ; By promoting a mindset of discovery and evidence-based thinking, schools can prepare young minds to become thoughtful leaders and lifelong learners ; 01 mark. For writing conclusion; 0.5 mark . [ Instructions: * Students must write it within one single para. If it becomes more than one para , 50% marks have to be deducted from the obtained marks. * 0.5 mark will be deducted for one or two grammar or spelling mistakes, 01 mark for three or more grammar or spelling mistakes.]",
327379790715,2261803,Biology,other,other/327379790715.jpg,0/2,,নগ্নবীজী উি ™্ভদে র ৪টি বিভাগের নাম লিখ । একবীজপত্রী উি ™্ভদে র ৩টি শনাক্তকারী ৈ বশিষ্ট ্য লিখ ।,"নগ্নবীজী উি ™্ভদে র ৪টি বিভাগের নাম : ( র ) এরহশমড়ঢ়যুঃধ (রর) ঈুপধফড়ঢ়যুঃধ (ররর) ঈড়হরভবৎড়ঢ়যুঃধ এবং ( রা) এহবঃড়ঢ়যুঃধ . একবীজপত্রী উি ™্ভদে র শনাক্তকারী ৈ বশিষ্ট ্য: ১। বীজে বীজপত্র একটি থ াকে । ২। অস্থ ানিক মূল গুে লা গুচ্ছ মূলতন্ ¿ গঠন করে । ৩। পাতার শিরাবিন্যাস সাধারণত সমান্তরাল । ৪। পু®েপ পু®পপত্রের সংখ্যা ৩ বা এর গু ণিতক (৩টি, ৬টি বা ৯টি) অর্থ াৎ পু®প ট্রাইমেরাস । ৫। বীজপত্রের অবস্থ ান শীষ এবং জ্ঞূণ মুকুল পাশ ্র্ব ীয় । ৬। গেৌণ বৃি দ্ধ ঘটে না । নম্ব র বন্টন : নগ্নবীজী উি ™্ভদে র ৪টি বিভাগের নাম ে লখার জন্য (০.২৫ \(\times \) ৪) = ০১ নম্বর। একবীজপত্রী উি ™্ভদে র শনাক্তকারী ৩টি ৈ বশিষ্ট্যাবলি ে লখার জন্য (০.৫ \(\times \) ৩) = ১.৫ নম্ব র ।",
843258360632,2261803,Bangla,other,other/843258360632.jpg,,,"ভাব-সম্প্রসারণ কর: পথ পথিকের সৃষ্টি করে না, পথিকই পথের সৃষ্টি করে।","ভাব-সম্প্রসারণ: পথ ও পথিক পরস্পর সম্পকর্িত। পথিকের পদভারে রচিত হয় নতুন পথ। জীবন সন্ধানী পথিক তার প্রয়োজনেই নতুন পথ ও পন্থা সৃষ্টি করে। পথ পথিকের স্রষ্টা নয়। মানবজীবন চআল, গতিময়। চলমানতা এর বৈশিষ্ট্য। নিজেকে চেনা ও অজানাকে জানার জন্য মানুষ নিরন্তর নানা-দিকে, নানা জায়গায় পরিজ্ঞমণ করে বেড়ায়। জীবনের উদ্দেশ্য সাধনের জন্য গতানুগতিক পথ পরিহার করে নতুন পথ ও পন্থা তার নিজেকেই তৈরি করে নিতে হয়। নিজের চেষ্টা ও সাধনায় নতুন পথ সৃষ্টি করে পথিক তার অভীষ্ট লক্ষ্যে পে্ৌছাতে তৎপর হয়ে ওঠে। জীবন পথের দুরন্ত পথিক জানে, পুরানো পথ অনুসরণ করে নতুন সম্ভাবনার দ্বার উন্মুক্ত করা যায় না। তাই তাকে নতুন পথের সন্ধান করতে হয়। সকল বাধা-বিঘ্ন অতিক্রম করে পথিক তার সৃষ্ট নতুন পথে এগিয়ে যায়। আর এভাবেই এগিয়ে চলার নেশায় অবিরাম চলতে গিয়ে পৃথিবীতে অসংখ্য পথ তৈরি হয়েছে; নিমর্িত হয়েছে মানবসভ্যতা। আমরা বর্তমানে যে পৃথিবীতে জীবনের পথ অতিক্রম করছি, সে পৃথিবী একসময় ছিল দুর্গম, দুরধিগম্য। তখন সভ্য জীবনযাপনের কোনো পথ ও পন্থা ছিল না বললেই চলে। মানুষ তার জীবন রক্ষা ও জীবন বিকাশের জন্য প্রয়োজন মতো পথ ও পন্থা তৈরি করতে বাধ্য হয়েছে। ফলে আজকের পৃথিবী হয়েছে মানুষের পদানত। জগতের ক…তি মানুষেরা তাদের জীবনের গতিময় পথ নিজেরাই তৈরি করেছেন এবং মানুষকে নতুন পথ সৃষ্টিতে অনুপ্রাণিত করেছেন। যুগে যুগে অসংখ্য উদ্যমী মানুষ অসংখ্য পথ সৃষ্টি করে মানুষের জীবনকে করেছেন সহজতর। সকল পথ ও পন্থা মানুষেরই তৈরি। কোনো পথ আপনা থেকে সৃষ্ট হয়ে মানুষকে তার পথিক হতে বলেনি। পথের নির্মাতা ও স্রষ্টা মানুষ নিজেই। নিজের সৃষ্ট পথেই মানুষ পথিকরূপে পৃথিবীর সকল প্রান্েত বিচরণ করে। পথ কখনো পথিক সৃষ্টি করেনি। বরং পথিকই নিত্য-নতুন পথের স্রষ্টা।","নম্বর বণ্টন: মানবজীবন চআল, গতিময়। চলমানতা এর বৈশিষ্ট্য - নির্ধারিত অংশে লেখার ভাব ঠিকমতো বোঝাতে পারলে ০.৫ নম্বর। জীবনের উদ্দেশ্য সাধনের জন্য গতানুগতিক পথ পরিহার করে নতুন পথ ও পন্থা তার নিজেকেই তৈরি করে নিতে হয় - নির্ধারিত অংশে লেখার ভাব ঠিকমতো বোঝাতে পারলে ০.৫ নম্বর। সকল বাধা-বিঘ্ন অতিক্রম করে পথিক তার সৃষ্ট নতুন পথে এগিয়ে যায়। আর এভাবেই এগিয়ে চলার নেশায় অবিরাম চলতে গিয়ে পৃথিবীতে অসংখ্য পথ তৈরি হয়েছে; নিমর্িত হয়েছে মানবসভ্যতা - নির্ধারিত অংশে লেখার ভাব ঠিকমতো বোঝাতে পারলে ০.৫ নম্বর। মানুষ তার জীবন রক্ষা ও জীবন বিকাশের জন্য প্রয়োজন মতো পথ ও পন্থা তৈরি করতে বাধ্য হয়েছে - নির্ধারিত অংশে লেখার ভাব ঠিকমতো বোঝাতে পারলে ০.৫ নম্বর। যুগে যুগে অসংখ্য উদ্যমী মানুষ অসংখ্য পথ সৃষ্টি করে মানুষের জীবনকে করেছেন সহজতর - নির্ধারিত অংশে লেখার ভাব ঠিকমতো বোঝাতে পারলে ০.৫ নম্বর। [বিঃ দ্রঃ দুইটি বানান ভুল করলে ০.৫ নম্বর, তিন বা ততোধিক বানান ভুল করলে ০১ নম্বর কাটা যাবে, তবে নির্ধারিত অংশে লেখার ভাব ঠিকমতো বোঝাতে না পারলে বরাদ্দক…ত নম্বর কাটা যাবে।]"
539868169313,2261803,Biology,other,other/539868169313.jpg,5/2,,কডর্েট প্রাণী ও নন-কডর্েট প্রাণীর মধ্যে ৫টি পার্থক্য লিখ।,"কডর্েট প্রাণী ও ননকডর্েট প্রাণীর মধ্যে পার্থক্য নিম্নরূপ : পার্থক্যের বিষয় → কডর্েট প্রাণী: (র) নটোকর্ড → জীবনের কোনো না কোনো দশায় থাকে। (রর) স্নায়ুর¾ু → পৃষ্ঠীয় ও ফা্পা। (ররর) গলবিলীয় ফুলকারন্ধ্র → জীবনের যেকোন দশায় থাকে। (রা) পায়ু-উত্তর লেজ → জীবনের কোনো না কোনো দশায় থাকে। (া) হৃৎপিণ্ড → পেৌষ্টিকনালির নিচে অবস্থান করে। (ার) কঙ্কাল → অন্তঃকঙ্কাল ও বহিঃকঙ্কাল বিদ্যমান। (ারর) চক্ষু → মস্িত®‹ থেকে সৃষ্টি হয়। (াররর) হিমোগ্লোবিন → লোহিত কণিকার ভিতরে অবস্িথত। পার্থক্যের বিষয় → ননকডর্েট প্রাণী: (র) নটোকর্ড → কখনো থাকে না। (রর) স্নায়ুর¾ু → সাধারণত থাকে না, থাকলেও তা অঙ্কীয় ও নিরেট। (ররর) গলবিলীয় ফুলকারন্ধ্র → কখনোই থাকে না। (রা) পায়ু-উত্তর লেজ → থাকে না। (া) হৃৎপিণ্ড → যদি থাকে, তা পেৌষ্টিকনালির উপরে বা পাশে অবস্থান করে। (ার) কঙ্কাল → থাকলেও সেটি বহিঃকঙ্কাল। (ারর) চক্ষু → তaক থেকে সৃষ্টি লাভ করে। (াররর) হিমোগ্লোবিন → নাও থাকতে পারে, থাকলে রক্তরসে।",নম্বর বণ্টন: কডর্েট প্রাণী ও নন-কডর্েট প্রাণীর মধ্যে ৫টি পার্থক্য লেখার জন্য; (০.৫ \(\times \) ৫) = ২.৫ নম্বর।
498071618723,2261803,Bangla,other,other/498071618723.jpg,,,"নিচের শã গুে লার দ ুইটি করে সমা র্থক শã ে লখ : গিরি , সমীর , বিহঙ্গ, নীলিমা , অনল ।","সমা র্থক শã : গিরি-পর্বত , ৈ শল , পাহাড় , অদ্রি, ভূধর , মহীধর , নগ , শৃঙ্গধর, অগ, ক্ষিতিধর , ে মদিনীধর , পৃথিবীধর , পৃথa ীধর , অবনীধর , ধরণিধর , ধরাধর , বসুধাধর । সমীর-বায়ু , পবন , মরুৎ , গন্ধবহ , প্রভÄন , মলয় , সমীরণ , অনিল , মারুত , বাত , বায় , পবমান , সদাগতি , নভঃশ্বাস , অগি্নসখ , বহ্নিসখ , জগদ্বল , গন্ধবাহ , বাতাস , শãবহ , হাওয়া । বিহঙ্গ-পাখি, বিহগ , খগ, ে খচর , পক্ষী , চিড়িয়া , বিহঙ্গম, শকুন্ত , দ্বিজ , অণ্ডজ, পতগ , পত্রী , পক্ষধর , পাখপাখালি । নীলিমা-আকাশ , গগন , অন্তরিক্ষ , অম্ব র , ে ব্যাম , নভঃ , আসমান , নভোমন্ডল , দু্যে লাক , অজ্ঞ , শূন ্য, অনন্ত , সুরপ থ, খলোক , খগোল , নক্ষত্রলোক , নভোলোক , নভস্তল , নভস্থল , খ, শূন ্যে লাক । অনল-অগি্ন , আগুন , বহ্নি , পাবক , হুতাশন , পিঙ্গল, ৈ বশ্বানর , জaলন , ক… শানু , শিখাবৎ , শিখিন , বায়ুসখা , হুতভুক , শুচি , বিশ্বপা , হিমারাতি , বায়ুসখ , অনিলসখ , স্াংশু , হবিরশন , সর্বভুক ।",নম্ব র বণ্টনঃ প্রত্যেকটি শãের ২টি সঠিক সমা র্থক শã ে লখার জন্য (০.২৫ \(\times \) ২) = ০.৫ নম্বর। ৫টি শãের সঠিক সমা র্থক শã ে লখার জন্য (০.৫ \(\times \) ৫) = ২.৫ নম্বর। [বি. দ্রঃ শãের বানান ভুল করলে ০.২৫ নম্ব র কাটা যাবে ।]
394655469429,2261803,Biology,other,other/394655469429.jpg,1/2,,আলোকশ্বসন প্রক্রিয়া প্রক …ত শ্বসন নয় ে কন ? এর সাথে জড়িত তিনটি অঙ্গানুর নাম লিখ ।,আলোকশ্বসন প্রক্রিয়া প্রক …ত শ্বসন নয় কারণ : আলোকশ্বসন প্রক্রিয়ায় কার্বন ে যৌগ ভেঙ্গে \(C{O}_{2}\) নির্গত হয় ও \({O}_{2}\) গৃহীত হয়। কিন্তু এ প্রক্রিয়ায় কোনো অঞচ উৎপন্ন হয় না বলে এ প্রক্রিয়াকে প্রক …ত শ্বসন বলা যায় না । এর সাথে জড়িত তিনটি অঙ্গানুর নাম : ( র ) ে ক্লারোপ্লা স্ট (রর) পারঅি ক্সে সাম (ররর) মাইটোকন্ড্রিয়া ।,নম্ব র বণ্টন : আলোকশ্বসন প্রক্রিয়ায় কার্বন ে যৌগ ভেঙ্গে \(C{O}_{2}\) নির্গত হয় ও \({O}_{2}\) গৃহীত হয়। কিন্তু এ প্রক্রিয়ায় কোনো অঞচ উৎপন্ন হয় না লিখলে ০১ নম্ব র । তিনটি অঙ্গানুর নাম লিখলে (০.৫ \(\times \) ৩) = ১.৫ নম্বর।
641775817435,2261803,Bangla,other,other/641775817435.jpg,,,উপসগ কাকে বলে ? শãগঠনে উপসগর্ের প্রয়োজনীয়তা আলোচনা কর।,"উপসগ শãটির বু্যৎপত্তি উপ+ √ স ৃ জ + অ। শ ã টির বু ্য ৎপি ত্ত গত অথ অবাি Ã ত বিষয় । বাংলা ভাষায় ে যসব শ ã খ ণ্ড বা শ ã াংশ ধাতুর পূ ে ব ব ে স নতুন শ ã গঠন ক ে র , ে স গুে লা ে ক উপসগ ব ে ল । ে যমন - ÔদানÕ একটি শ ã । এর আ ে গ ÔঅনুÕ উপসগ যু ক্ত হলে হয়- ÔঅনুদানÕ , যার অর্থ নিঃশত উপহার বা প্রদান । বাংলা শã গঠনে উপসগর্ের গু রুতaপূণ ভূমিকা রয়েছে । রবী ন্দ্র না থ ঠাকুর উপসগ সম্পকে মন্তব ্য করতে গিয়ে বলেছেন , Ôসং স্‹…ত ভাষায় কতকগুে লা টুকরো শã আছে যেগুে লার স্ব তন্ ¿ কাজ ে নই , তারা বাক্যের লাইন বদলিয়ে দেয়। ÔগতÕ শãে ÔআÕ উপসগ জুড়ে দিলে হয় ÔআগতÕ ে সটা লক্ষ করায় কাছের দিক , ÔনিরÕ জুড়ে দিলে হয় Ôনির্গতÕ দে খিয়ে দেয় বাইরের দিক , ÔঅনুÕ জুড়ে দিলে হয় ÔঅনুগতÕ দে খিয়ে দেয় পিছনের দিক , ে তমনি ÔসংগতÕ , Ôদুর্গতÕ , ÔঅপগতÕ প্রভ … তি শãে নানা দিকে তর্জনি চালানো । উপসগ থ াকে সামনে , প্রত্যয় থ াকে পিছনে । তারা আছে একই শãের নানা অর্থ বানাবার কাজে।Ó উপসগ যুক্ত হলে সাধারণত শãের প্াচ ধরনের পরিবর্তন ঘটে। ে যমন : ১. নতুন অর্থে বাধক শãের সৃষ্টি হয়। ে যমন : ছবি থেকে প্রতিচ্ছবি ( অনুরূপ )। ২. শãের অর্থ পরিপূণ হয়ে ওঠে। ে যমন : ÔরূপÕ থেকে অপরূপ ( উৎক … ষ্ট)। ৩. শãের অর্থ সম্প্রসারিত হয়। ে যমন : তাপ থেকে প্রতাপ ( পরাক্র ম )। ৪. শãের অথর্ে র সীমানা সংকুচিত হয়। ে যমন : রাজি থেকে নিমরাজি ( অধর্েক রাজি )। ৫. শãের অথর্ে র পরিবর্তন ঘটে। ে যমন হাস থেকে ইতিহাস ( পুরানকাহিনি )। সুতরাং উপসগ শãগঠনের একটি বিশেষ প্রক্রিয়া । যদিও উপসগর্ের নিজের ে কানো অর্থ ে নই ; কিন্ তু অন্য অর্থ পূণ শãের আগে বসে নতুন অর্থে বাধক শã তৈরি করে এবং একাধিক নতুন অথর্ে র দ্যে াতনা সৃষ্টি করে । ফলে বাংলা ভাষার ে যমন শãভান্ডার বৃি দ্ধ পায় , ে তমনি নানাভাবে ও আবেগ প্রকাশে নতুন নতুন শã গঠনে সহায়তা করে । সবর্োপরি ভাষার ে সৌ ন্দর্য, মাধুয , সাবলীলতা গতিশীলতা সৃষ্টিতে উপসগ গু রুতaপূণ ভূমিকা পালন করে থ াকে ।","নম্ব র বণ্টনঃ উপসগ কাকে বলে ে লখার জন্য ০১ নম্ব র । উপসগর্ের দ ুটি উদাহরণের জন্য (০.৫ \(\times \) ২) = ০১ নম্ব র । ( ে যমন : প্রতি , বি, প ্র , পরি , উপ ইত্যাি দ) শã গঠনে উপসগর্ের ১/২ ধরনের পরিবর্তন ে লখার জন্য ০১ নম্ব র । শã গঠনে উপসগর্ের ৩/৪ ধরনের পরিবর্তন ে লখার জন্য ০২ নম্ব র । শã গঠনে উপসগর্ের ৫ ধরনের পরিবর্তন ে লখার জন্য ০৩ নম্ব র ।"
340259034924,2261803,English,other,other/340259034924.jpg,,"Make meaningful sentences with the following words: Ambiguous, Circumvent, Advocate, Pragmatic, Perspicacious",,"Ambiguous – His ambiguous statement left everyone confused about his true intentions. Circumvent – They found ways to circumvent the strict regulations to complete the project on time. Advocate – She is a strong advocate for human rights and social justice. Pragmatic – The manager took a pragmatic approach to solving the company’s financial problems. Perspicacious – Her perspicacious mind allowed her to solve the puzzle faster than anyone else. Marks Distribution: For making meaningful sentences with the given words, (0.5×5) =2.5 marks.",
774657834614,2261803,English,other,other/774657834614.jpg,,Write a paragraph in approximately 100 words analyzing whether technology in education helps reduce inequality or unintentionally widens the digital divide. Present your ideas with a clear argument and supporting evidence.,,"Digital Learning and the Inequality Dilemma Technology promised to democratize education, but its results remain mixed. On one hand, digital tools offer access to vast resources, interactive learning, and global classrooms, benefiting many students regardless of location. However, for millions without stable internet or devices, the digital revolution has deepened inequality. In rural or underprivileged communities, technology often highlights the gap rather than bridging it. During the pandemic, some students thrived in virtual classrooms, while others were left behind entirely. The effectiveness of educational technology depends on equitable access, teacher training, and infrastructure development. When used thoughtfully and inclusively, technology can empower learners and enhance education. However, if gaps in access persist, it risks reinforcing existing social and educational divides. Therefore, policymakers must ensure that digital learning lifts all students and does not benefit only the privileged. Marks Distribution: For writing the Title “ Digital Learning and the Inequality Dilemma ”; 0.5 mark. For writing ; Introductory sentence; 01 mark. For writing; On one hand, digital tools offer access to vast resources, interactive learning, and global classrooms, benefiting many students regardless of location. However, for millions without stable internet or devices, the digital revolution has deepened inequality ; 01 mark. For writing ; In rural or underprivileged communities, technology often highlights the gap rather than bridging it. During the pandemic, some students thrived in virtual classrooms, while others were left behind entirely; 01 mark. For writing ; When used thoughtfully and inclusively, technology can empower learners and enhance education; 01 mark. For writing conclusion; 0.5 mark . [ Instructions: * Students must write it within one single para. If it becomes more than one para , 50% marks have to be deducted from the obtained marks. * 0.5 mark will be deducted for one or two grammar or spelling mistakes, 01 mark for three or more grammar or spelling mistakes.] [ N.B. The student will get the allotted marks if he/she writes a proper alternative title .]",
215782554829,2261803,Biology,other,other/215782554829.jpg,5/2,,সেক্স লিংকড ইনহেরিট্যাÝ কী? যেকোনো ৪টি সেক্স লিংকড ডিজিসের নাম ও লক্ষণ উল্লেখ কর।,"সেক্স ক্রোমোজোমের মাধ্যমে সেক্স লিংকড বৈশিষ্ট্যের বংশ পরম্পরায় সআারিত হওয়াকে সেক্স লিংকড ইনহেরিট্যাÝ বলে। মানুষে এ পর্যন্ত প্রায় ৬০টি (মতভেদে ৫০ টির অধিক) সেক্স লিংকড জিন পাওয়া যায়। সেক্স লিংকড ডিজিসের নাম \(\rightarrow \) লক্ষণ র. লাল- সবুজ বর্ণান্ধতা \(\rightarrow \) লাল ও সবুজ বণর্ের পার্থক্য বুঝতে না পারা। রর. হিমোফিলিয়া \(\rightarrow \) রক্ততআন বিলম্বিত হয়, ফলে ক্ষতস্থান থেকে অবিরাম রক্তক্ষরিত হয়ে মৃতু্য পর্যন্ত ঘটে। ররর. মাসকু্যলার ডিস্ট্রফি/ ডুশিনি মাসকুলার ডিস্ট্রফি \(\rightarrow \) পেশি জটিলতা, দশ বছর বয়সেই চলন শক্তি লোপ পাওয়া। রা. রাতকানা \(\rightarrow \) রাতে কোনো জিনিস স্পষ্ট দেখতে না পাওয়া। া. ডায়াবেটিস ইনসিপিডাস \(\rightarrow \) অস্বাভাবিক মূত্র ত্যাগ, শারীরিক অক্ষমতা। ার. ফ্রাজাইল ঢ সিনড্রম \(\rightarrow \) অটিজম ও মানসিক ভারসাম্যহীনতা দেখা দেয়। ারর. হাইপারট্রাইকোসিস \(\rightarrow \) সমগ্র দেহে ঘন লোমের উপস্িথতি। াররর. টেস্টিকুলার ফেমিনাইজেশন \(\rightarrow \) পুরুষ ধীরে ধীরে স্¿ীতে পরিণত হয়। রী. এ±োডার্মাল ডিসপ্লেসিয়া \(\rightarrow \) দ্াত, লোম ও ঘর্ম গ্রন্িথও অনুপস্িথতি। ী. মায়োপিয়া \(\rightarrow \) দূরের জিনিস ভালো করে দেখতে না পাওয়া। ীর. অপটিক এ্যাট্রোফি \(\rightarrow \) অপটিক নাভর্ের ক্ষয়িòুতা। ীরর. জুভেনাইল গ্লুকোমা \(\rightarrow \) চক্ষু গোলকের কাঠিন্য ও ছানিপড়া। ীররর. ইকথাইয়োসিস \(\rightarrow \) অমসৃণ আ্ইশময় তaক। ীরা. হোয়াইট ফোরলক \(\rightarrow \) মাথার চুলের আংশিক সাদা হওয়া। ীা. স্প্যাজটিক প্যারাপেলাজিয়া \(\rightarrow \) নিম্নাঙ্গ পেশির আংশিক অবশতা ও অনিয়ত কাঠিন্য।",নম্বর বণ্টন: সেক্স লিংকড ইনহেরিট্যাÝ এর সংÁা লিখলে ০.৫ নম্বর। ৪টি সেক্স লিংকড ডিজিসের নাম ও লক্ষণ লিখলে (০.৫ \(\times \) ৪) = ০২ নম্বর।
109839691076,2261803,English,other,other/109839691076.jpg,,"Read the following extract and answer questions that follow: I love to rise in a summer morn, ‎When the birds sing on every tree; ‎The distant huntsman winds his horn, ‎And the skylark sings with me: ( a) What literary device does the poet use to describe the skylark, and how does it contribute to the mood of the poem? ( b) Considering the overall theme of the poem, how does this happy scene contrast with the boy’s feelings about school, and what does this reveal about childhood?",,"(a) The poet uses personification by describing the skylark as singing “with me,” giving the bird human-like companionship. This device creates a cheerful and harmonious mood, emphasizing the boy’s joyful connection with nature. (b) The joyful, free atmosphere of the natural morning sharply contrasts with the boy’s later feelings about school, which is implied to be restrictive and oppressive. This contrast reveals the tension in childhood between natural innocence and joy versus imposed discipline and loss of freedom. Marks Distribution: For writing, the poet uses personification by describing the skylark as singing “with me,” giving the bird human-like companionship. This device creates a cheerful and harmonious mood, emphasizing the boy’s joyful connection with nature ; 01 mark. For writing, the joyful, free atmosphere of the natural morning sharply contrasts with the boy’s later feelings about school, which is implied to be restrictive and oppressive. This contrast reveals the tension in childhood between natural innocence and joy versus imposed discipline and loss of freedom ; 1.5 marks. [ N.B: 0.5 mark will be deducted for two grammar or spelling mistakes, 01 mark for three or more grammar or spelling mistakes.]",
804122375067,2261803,Biology,other,other/804122375067.jpg,,,করোনারি সংবহনের গতিপথটি লিখ । ৬টি কাডর্িও ভা স্‹ ুলার ে রাগের নাম লিখ ।,করোনারি সংবহন : সি স্টে মিক ধমনি → করোনারি ধমনি → হৃৎপ্রাচীর → করোনারি শিরা → ডান অ্যাট্রিয়াম কাডর্িওভা স্‹ ুলার ে রাগ : ১. করোনারি ধমনি ে রাগ ; ২. কাডর্িও ে মগালি ( হৃৎপিণ্ড বড় হয়ে যাওয়া ); ৩. হাট ভালভ ডিজিজ (এক বা একাধিক হৃদকপাটিকা অকার্যকর ); ৪. কনজেনিটাল হাট ডিজিজ (জন্মগত হৃৎপিণ্ডের ে রাগ ); ৫. ে পরিকার্ডাইটিস (ে পরিকাডর্িয়ামের প্রদাহ ); ৬. কাডর্িওমায়োপ্যাি থ ( হৃৎপেশির ে রাগ ); ৭. রিউম্যাটিক হৃদে রাগ (স্টে পটোক°াস ব্যাকটেরিয়া দ্বারা সৃষ্ট রিউম্যাটিক জ্বর এর কারণে হৃৎপেশি এর ভালভ এর ে রাগ ),নম্ব র বণ্টন : করোনারি সংবহনের গতিপথটি ে লখার জন্য ০১ নম্ব র । ছয়টি কাডর্িও ভা স্‹ ুলার ে রাগের নাম ে লখার জন্য ( ০.২৫ \(\times \) ৬ ) = ১.৫ নম্ব র ।
921532194599,2261803,Biology,other,other/921532194599.jpg,,,একবীজপত্রী উি ™্ভদে র কাণ্ডের অন্তর্গঠনের প্াচটি শনাক্তকারী ৈ বশিষ্ট ্য লিখ ।,"একবীজপত্রী উি ™্ভদ কাণ্ডের অন্তর্গঠনগত শনাক্তকারী ৈ বশিষ্ট ্য নিম্নরূপ : ( র ) সাধারণত কাণ্ডরোম অনুপি স্থত। (রর) বহিঃত aকে/ এপিডামি সে কিউটিকল উপি স্থত। (ররর) অন্তঃতaক / এন্ডোডামর্িস ও পরিচ ক্র/ ে পরিসাইকল থ াকে না । (রা) অধঃতaক / হাইপোডামর্িস আছে এবং সাধারণত স্ে‹্লে রনকাইমা ে কাষ দিয়ে গঠিত । (া) ভা স্‹ ুলার বান্ডল গুে লা গ্রাউন্ড টিসু ্যতে বিক্ষ্িভাবে ছড়ানো । (ার) জাইলেম ণ বা ঠ আক…তির। (ারর) মেটাজাইলেম পরিধির দিকে এবং প্রোটোজাইলেম কেন্েদ্রর দিকে অবস্িথত অর্থাৎ জাইলেম এণ্ডার্ক। (াররর) ভাস্‹ুলার বান্ডল/পরিবহন টিসু্যগুচ্ছ সংযুক্ত, সমপাশ্বর্ীয় ও বদ্ধ (জাইলেম ও ফ্লোয়েমের মাঝে ক্যাম্বিয়াম নেই) প্রক…তির। (রী) ম¾া ছোট, সুস্পষ্ট ম¾ারশ্মি অনুপস্িথত।",নম্ব র বণ্টন : একবীজপত্রী উি ™্ভদে র কাণ্ডের অন্তর্গঠনের প্াচটি শনাক্তকারী ৈ বশিষ্ট ্য লিখলে (০.৫ \(\times \) ৫) = ২.৫ নম্বর।
776455474078,2261803,Biology,other,other/776455474078.jpg,,,সালোকসংশ্লেষণ কাকে বলে ? সালোকসংশ্লেষণের তিনটি গু রুত a উল্লেখ কর।,"সালোকসংশ্লেষণঃ যে শারীরবৃত্তীয় প্রক্রিয়ায় সজীব উি ™্ভদে কাষ স্থ ে ক্লারোফিল আলোক শক্তিকে অঞচ ও \(NADPH+{H}^{+}\) রাসায়নিক শক্তিতে রূপান্তরিত করে ও এ শক্তিকে কাজে লাগিয়ে কার্বন-ডাই-অক্সাইড বিজারণের মাধ্যমে শর্করা জাতীয় খাদ্য উৎপন্ন ও উপজাত হিসেবে অক্সিজেন নির্গত করে তাকে সালোকসংশ্লেষণ বলে। সালোকসংশ্লেষণের গু রুত a নিম্নরূপ : ( র ) সবুজ উি ™্ভদ খা দ্য প্র স্তু ত করে উি ™্ভদ ও প্রাণী উভয়ের ে মৌলিক চাহিদা ে মটায় । (রর) জীবজগতের শক্তির একমাত্র উৎস এ প্রক্রিয়া । (ররর) এ প্রক্রিয়ায় কার্বন-ডাই-অক্সাইড ে শাষিত হয় ও অি ক্সজেন উৎপন্ন হয়। প্রাণিকুলের জন্য ক্ষতিকারক কার্বন-ডাই-অক্সাইড ে শাষণ করে এবং সকল জীবের শ্বসনের জন্য অত্যাবশ্যকীয় অক্সিজেন সরবরাহ করে এ প্রক্রিয়া পরিবেশ পরিশোধন করে থ াকে । (রা) সালোকসংশ্লেষণের সময় উি ™্ভদ প্রচুর সেৌরশক্তি ে শাষণ করায় ভূ-পৃে ষ্ঠর তাপমাত্রা সহনীয় পযা য়ে থ াকে । (া) উি ™্ভদে র স্ব াভাবিক বৃদ্ধির জন্য প্রয়োজনীয় খা দ্য, শক্তি ও অন্যান ্য উপাদান প্রত্যক্ষ বা পরোক্ষভাবে সালোকসংশ্লেষণের মাধ ্যে মই আসে । (ার) উি ™্ভদ ও প্রাণীর জীবন চক্রে বহু বিপাকীয় প্রক্রিয়া সংঘটিত হয়। এসব বিক্রিয়া পরিচালনার সকল শক্তি আসে সালোকসংশ্লেষণে সৃষ্ট জৈব রাসায়নিক দ্র ব্যসমূহ থেকে। (ারর) মানবসভ্যতার জন্য প্রয়োজনীয় কয়লা , ে পট্রোল , ে রয়ন , ে সলোফেন , ফিল ্ম কাগজ , রাবার , কুইনাইন ইত্যাি দ সবকিছুই প্রত্যক্ষ বা পরোক্ষভাবে সালোকসংশ্লেষণ প্রক্রিয়ার ফল ।",নম্ব র বণ্টন : সালোকসংশ্লেষণ এর সংÁা ে লখার জন্য ০১ নম্ব র । সালোকসংশ্লেষণের তিনটি গু রুত a ে লখার জন্য (০.৫ \(\times \) ৩) = ১.৫ নম্বর।
584795797253,2261803,Bangla,other,other/584795797253.jpg,,,"নিচের উপসগ গুে লা দিয়ে দ ুটি করে শã গঠন কর: অপ, প্রতি , অতি , বে, খাস","উপসগ দিয়ে শã গঠন : অপ- অপমান , অপবা দ, অপচয় , অপকার , অপকীতি , অপচেষ্টা , অপদে বতা , অপপ্রচার , অপসং স্‹… তি , অপকম , অপসৃষ্টি , অপযশ , অপসারণ , অপহরণ , অপনোদন , অপসরণ , অপরূপ , অপমৃতু ্য, অপব্যাখ্যা , অপপাঠ , অপভাষা , অপজ্ঞংশ । প্রতি - প্রতিনিধি , প্রতিধŸনি , প্রতিবা দ, প্রতিরোধ , প্রতিমূতি , প্রতিচ্ছায়া , প্রতিক … তি , প্রতিমা , প্রতিদ্বন্দ্বী , প্রতিকার , প্রতিপ ক্ষ, প্রতিবিধান , প্রতিশোধ , প্রতীক্ষা , প্রতিষ্ঠা , প্রতু্যপকার , প্রতিদান , প্রতিদিন , প্রতিমাস , প্রতিক্ষণ , প্রতিগ্রাম , প্রতিঘর , প্রতিমুহূত , প্রতিঘাত । অতি - অতিকায় , অতিশয় , অতিবৃষ্টি , অতিমানব , অত্যাচার , অতিচালাক , অতিবুি দ্ধ, অতিভক্তি, অতিলেৌকিক , অতিক্রম , অতিক্রান্ত , অতিপ্রাক …ত। বে- ে বহায়া , ে বজাত , ে বআদব /ে বয়াদব , ে বতার , ে বআ °েল, ে বকসুর , ে বকায়দা , ে বগতিক । খাস - খাসমহল , খাস-কামরা , খাসদরবার , খাসদখল ।",নম্ব র বণ্টন : প্রত্যেকটি উপসগর্ের ২ টি করে সঠিক শã গঠন করার জন্য (০.২৫ \(\times \) ২) = ০.৫ নম্বর। ৫টি উপসগর্ের শã গঠন করার জন্য (০.৫ \(\times \) ৫) = ২.৫ নম্বর। [বি. দ্রঃ শãের বানান ভুল করলে ০.২৫ নম্বর কাটা যাবে।]
858337551371,2261803,Biology,other,other/858337551371.jpg,,,অ্যালভিওলাই গুে লা ে কান ব্যবধায়ক পর্দার মাধ ্যমে পৃথক থ াকে ? অক্সিজেন ও কার্বন ডাইঅক্সাইড পরিবহণে শ্বাসরÄকের ভূমিকা ব্যাখ্যা কর।,"অ্যালভিওলাই গুে লা ট্রাবেকুলি ব্যবধায়ক পর্দার মাধ ্যমে পৃথক থ াকে । অক্সিজেন পরিবহণ : শ্বসনের সময় অক্সিজেন ব্যাপন প্রক্রিয়ায় ফুসফুস থেকে রক্তে প্রবেশ করে । রক্তে প্রবিষ্ট সমস্ত অক্সিে জনই মুক্ত অবস্থ ায় থ াকে না । এর এক বড় অংশ ে লাহিত কণিকার হিমোগ্লোবিনের সাথে যুক্ত হয়ে অক্সিহিমোগ্লোবিন নামে অস্থ ায়ী ে যৌগ গঠন করে । এ ে যৌগ গঠন রক্তরসে ( প্লাজমায় ) অক্সিে জনের পরিমাণের উপর নির্ভর করে । রক্তরসে যত ে বশি অক্সিজেন দ্র বীভূত হবে তার সাথে সংগতি ে রখে অক্সিহিমোগ্লোবিন ে যৌগ উৎপন্ন হবে । অন্যি দকে, অক্সিে জনের পরিমাণ যে হারে কমে যাবে ে যৌগ সে হারে ে ভঙে যাবে এবং অক্সিজেন মুক্ত হয়ে রক্তরসে প্রবেশ করবে । প্রতিটি হিমোগ্লোবিনে চারটি হিম অংশ থ াকায় এর চারটি ে ফরাস অণু চার অণু অক্সিজেন যুক্ত করতে পারে । কার্বন ডাইঅক্সাইড পরিবহণ : \(C{O}_{2}\) হিমোগ্লোবিনের সাথে বিক্রিয়া করে কার্বামিনো হিমোগ্লোবিন নামক অস্থায়ী যেৌগ গঠন করে। কার্বামিনো হিমোগ্লোবিন-সমৃদ্ধ রক্ত দেহের বিভিন্ন অঙ্গ থেকে হৃৎপিন্ড হয়ে পরিশোধনের জন্য ফুসফুসে গমন করে। দেহে রক্ত পরিবহনের সময় বেশ কিছু পরিমাণ অক্সিজেন ব্যাপন প্রক্রিয়ায় রক্তরস থেকে স্বল্প অক্সিজেনযুক্ত টিসু্যরসে চলে যায় । ফলে রক্তরসে অক্সিে জনের মাত্রা কমে যায় । হিমোগ্লোবিন তখন তার সাথে যুক্ত অক্সিজেন ছড়াতে শুরু করে । এভাবে অক্সিজেন প্র থমে রক্তরসে ও পরে টিসু্যরসে চলে যায় ।",নম্ব র বণ্টন : অ্যালভিওলাই গুে লা ট্রাবেকুলি ব্যবধায়ক পর্দার মাধ ্যমে পৃথক থ াকে ে লখার জন্য ০.৫ নম্ব র । শ্বসনের সময় অক্সিজেন ব্যাপন প্রক্রিয়ায় ফুসফুস থেকে রক্তে প্রবেশ করে । রক্তে প্রবিষ্ট সমস্ত অক্সিে জনই মুক্ত অবস্থ ায় থ াকে না । এর এক বড় অংশ ে লাহিত কণিকার হিমোগ্লোবিনের সাথে যুক্ত হয়ে অক্সিহিমোগ্লোবিন নামে অস্থ ায়ী ে যৌগ গঠন করে ে লখার জন্য ০.৫ নম্ব র । অক্সিে জনের পরিমাণ যে হারে কমে যাবে ে যৌগ সে হারে ে ভঙে যাবে এবং অক্সিজেন মুক্ত হয়ে রক্তরসে প্রবেশ করবে । প্রতিটি হিমোগ্লোবিনে চারটি হিম অংশ থ াকায় এর চারটি ে ফরাস অণু চার অণু অক্সিজেন যুক্ত করতে পারে ে লখার জন্য ০.৫ নম্ব র । \(C{O}_{2}\) হিমোগ্লোবিনের সাথে বিক্রিয়া করে কার্বামিনো হিমোগ্লোবিন নামক অস্থায়ী যেৌগ গঠন করে লেখার জন্য ০.৫ নম্বর। কার্বামিনো হিমোগ্লোবিন-সম ৃদ্ধ রক্ত দেে হর বিভিন্ন অঙ্গ থেকে হৃৎপিন্ড হয়ে পরিশোধনের জন্য ফুসফুসে গমন করে । ে লখার জন্য ০.৫ নম্ব র ।
498190954126,2261803,Bangla,other,other/498190954126.jpg,,,"সারাংশ ে লখ : আজকের দ ুনিয়াটা আðর্যভাবে অথর্ে র বা বিত্তের উপর নির্ভরশীল । লাভ ও ে লাভের দ ুনর্িবার গতি কেবল আগে যাবার ে নশায় লক্ষ্য হীন প্রচণ্ড ে বগে শুধুই আত্মবিনাশের পথে এগিয়ে চলেছে ; মানুষ যি দ এই মূঢ়তাকে জয় না করতে পারে , তবে মনুষ্যত a কথাটাই হয়তো ে লাপ ে পয়ে যাবে । মানুষের জীবন আজ এমন এক পর্যায়ে এসে ে পৌ্ছেছে , ে যখান থেকে আর হয়তো নামবার উপায় ে নই ; এবার উঠবার সি্ড়িটা না খু্জলেই নয় ।",সারাংশ : মানুষ অর্থ আর বিত্তের ে পছনে প্রচণ্ড ে নশায় ছুটছে আর ছুটছে । ফলে মানুষের মনুষ্যত a আজ সর্বনাশের দ্বারপ্রান্েত উপনীত । বর্তমান সভ্যতার জন্য এ এক ভয়াবহ অশনি-সংকেত । এ থেকে মুক্তির পথ ে খ্াজা জরুরি হয়ে পড়েছে ।,নম্ব র বণ্টন : মানুষ অর্থ আর বিত্তের ে পছনে প্রচণ্ড ে নশায় ছুটছে আর ছুটছে ; ঠিকমতো ে বাঝাতে পারলে ০১ নম্ব র । ফলে মানুষের মনুষ্যত a আজ সর্বনাশের দ্বারপ্রান্েত উপনীত ; ঠিকমতো ে বাঝাতে পারলে ০.৫ নম্ব র । বর্তমান সভ্যতার জন্য এ এক ভয়াবহ অশনি-সংকেত । এ থেকে মুক্তির পথ ে খ্াজা জরুরি হয়ে পড়েছে ; ঠিকমতো ে বাঝাতে পারলে ০১ নম্ব র । [ বিঃ দ্রঃ সারাংশ মূল অনু চ্েছ দে র এক ত… তীয়াংশের বড় হলে ১.৫ নম্ব র পাবে তবে নির্ধারিত অং শে ে লখার ভাব ঠিকমতো ে বাঝাতে না পারলে বরাদ্দক …ত নম্ব র কাটা যাবে ]
743987424649,2261803,Bangla,other,other/743987424649.jpg,,,বাংলা বানানে ই-কার ব্যবহারের প্াচটি নিয়ম উদাহরণসহ লেখ।,"বাংলা বানানে ই-কার ব্যবহারের নিয়ম: ১. তৎসম শã যদি ত™্ভব শãে রূপান্তরিত হয় তাহলে শãের অন্তর্গত ঈ ( ী )-কার পরিবতর্িত হয়ে ই-কার ( ি) হয়। যেমন: বাটী > বাড়ী> বাড়ি, শাড়ী > শাড়ি, কুম্ভীর > কুমীর > কুমির, বংশী > ব্াশি, ব্াশরী > ব্াশরি, মৃত্তিকা > মাটি, মাঝী > মাঝি, শিউলী > শিউলি, হস্িত > হাতি, পক্ষী > পাখী > পাখি ইত্যাদি। ২. স্¿ীবাচক অতৎসম শãে ই-কার ব্যবহৃত হয়। যেমন: পিসি, মাসি, মামি, দাদি, চাচি, গিনি্ন, বিবি, বেৌদি, কাকি, জেঠি, ভাইঝি, দিদি ইত্যাদি। ৩. অর্ধ-তৎসম শãে ই-কার ব্যবহৃত হয়। যেমন: রাত্তির, মিছে, ছিরি, বৃষ্টি, কুৎসিত ইত্যাদি। ৪. বাংলা ক্রিয়াবাচক শãে ই-কার ব্যবহৃত হয়। যেমন করি, লিখি, ধরি, শিখি, পড়ি, বলি ইত্যাদি। ৫. বাংলা দেশি শãে ই-কার ব্যবহৃত হয়। যেমন: ঢে্কি, বাটি, ঘুড়ি, ডিঙি, ঝিঙা, বুড়ি, ছু্ড়ি, ঢিলা, ঘড়ি, ছড়ি, ঢিল, ঝিনুক ইত্যাদি। ৬. বস্তুবাচক, ভাববাচক, কর্মবাচক এবং প্রাণিবাচক অতৎসম শãের শেষে ই-কার ব্যবহৃত হয়। যেমন: আলমারি, ওস্তাদি, চালাকি, ডাকাতি, ডাক্তারি, মাস্টারি ইত্যাদি। ৭. আধুনিক বাংলা বানানের নিয়মানুযায়ী জাতি ও ভাষার নামের শেষে ই-কার ব্যবহার করা হয়। যেমন: বাঙালি, ইহুদি, জাপানি, হিন্িদ, বিহারি, পাÄাবি, আরবি, ইংরেজি ইত্যাদি। ৮. বিদেশি শãে ই-কার ব্যবহৃত হয়। যেমন: কামিজ, কাহিল, অছিলা, দুনিয়া, মিছিল, খলিফা, শহিদ, খতিয়ান ইত্যাদি। ৯. ইংরেজি শãে ই-কার ব্যবহৃত হয়। যেমন: টেবিল, পুলিশ, সিস্টার, মিস্টার, স্টিমার, ব্রিটিশ, ক্রিকেট, ডিগ্রি, পেÝিল, অফিস ইত্যাদি। ১০. ব্যতিহার ক্রিয়ার ক্ষেত্রে ই-কার ব্যবহৃত হয়। যেমন: কানাকানি, হাতাহাতি, রক্তারক্তি, দলাদলি, হাসাহাসি, মারামারি, গলাগলি, লাঠালাঠি, বলাবলি, ঠেলাঠেলি, কোলাকুলি, চুলোচুলি, ঢলাঢলি ইত্যাদি। ১১. প্রাণিবাচক অতৎসম শãের শেষে সাধারণত ই-কার বসে। যেমন: তিমি, হাতি, প্রজাপতি, বুলবুলি, জোনাকি ইত্যাদি। ১২. মনুষ্যেতর জীব, বস্তু, গুণ, ভাব ও কর্মবাচক শãে ই-কার বসে। যেমন: বেঙাচি, বেজি, কাঠি, মিষ্টি, খু্টি, পাগলামি, কেরানি, বাবুগিরি, চুরি, কেরামতি ইত্যাদি। ১৩. সংস্‹…ত 'ইন& ‌ ' (ঈ = ী) প্রত্যয়ের শেষে বর্ণ বা শã যুক্ত হলে ঈ-কারের স্থলে ই-কার হবে। যেমন: মন্¿ী+তa = মন্ি¿তa, প্রতিযোগী + তা = প্রতিযোগিতা, জীবী+ কা = জীবিকা, প্রতিদ্বন্দ্বী + তা = প্রতিদ্বন্িদ্বতা ইত্যাদি। ১৪. সমাসের ক্ষেত্রে দুটি অর্থপূর্ণ শã একত্রিত হলে প্রথমোক্ত ঈ-কার ( ী ) ই-কারে ( ি) পরিণত হয়। যেমন: গুণী + গণ = গুণিগণ, প্রাণী + বিদ্যা = প্রাণিবিদ্যা, স্বামী+ গৃহ = স্বামিগৃহ ইত্যাদি। ১৫. বহুল প্রচলিত কিছু শãে সাধারণত ই-কার বসে। যেমন: অÄলি, গীতাÄলি, শ্রদ্ধাÄলি, পু®পাÄলি, সৃষ্টি, দৃষ্টি, বৃষ্টি, রাশি, ভূমি, হে্য়ালি, এলাজর্ি, আকুতি, মিনতি, জলাÄলি ইত্যাদি। ১৬. পদাশ্রিত নিদর্েশক টি-তে ই-কার ব্যবহৃত হয়। যেমন: বইটি, কলমটি, হাতিটি, গরুটি, লোকটি, ছেলেটি, শিশুটি, গানটি, কথাটি, বোনটি, ভাইটি, রান্নাটি, জামাটি ইত্যাদি। ১৭. 'দীপশলাকা'-এই তৎসম শãটির ত™্ভব রূপের ক্ষেত্রে কেবল ই-কার ব্যবহৃত হয়। যেমন: দীপশলাকা > দিয়াশলাই। ১৮. অতৎসম শãের শেষে বিশেষণবাচক 'ই' প্রত্যয় যুক্ত হলে শãের শেষে ই-কার বসে। যেমন: চালাকি, কয়েদি, খেয়ালি, গোলামি, কেতাবি, মেহনতি, বুনিয়াদি, শরিয়তি, দরকারি, কারবারি, বাহাদুরি ইত্যাদি। ১৯. শãের শেষে উরি, উনি, আলি, আনি, আরি, আমি, ইমা, তি, মি প্রভ…তি প্রত্যয় যুক্ত হলে ই-কার ব্যবহার করা হয়। যেমন: ধুনুরি, র্াধুনি, ঘটকালি, দুয়ানি, কাটারি, রকমারি, পাকামি, ন্যাকামি, পাগলামি, জ্যাঠামি, গরিমা, নীলিমা, কালিমা, চন্িদ্রমা, লালিমা, চলতি, ছেলেমি ইত্যাদি। ২০. সংস্‹…তি 'ক্তি' প্রত্যয়জাত শãে 'তি'-র ক্ষেত্রে ই-কার বসে। যেমন উক্তি, কীতর্ি, ভীতি, মুক্তি, শান্িত, স্মৃতি, বিক…তি, প্রক…তি, আবৃত্তি, ক্ষতি, গতি, খ্যাতি, গীতি, জাতি, ক…তি, ইতি, প্রক…তি ইত্যাদি। ২১. বিশেষণসূচক ও স্¿ীবাচক 'ঈ' প্রত্যয়ান্ত সংখ্যাবাচক শãগুলো ছাড়া সাধারণ সংখ্যাবাচক শãে বানানে ই-কার বসে। যেমন: তিন, আশি, কোটি, চল্লিশ, ত্রিশ, বিশ ইত্যাদি। ২২. ব্যক্তিবাচক অতৎসম শãে ই-কার ব্যবহৃত হয়। যেমন: মেৌলভি, মুহুরি, পাদ্রি, কেরাণি ইত্যাদি। ২৩. স্¿ীবাচক ল²ী, কালী, ষষ্ঠী শãের পরে 'দাস' যুক্ত হলে মূল শãের ঈ-কার ই-কার হয়ে যায়। যেমন: কালিদাস, ল²িদাস, ষষ্ঠিদাস ইত্যাদি।",নম্বর বণ্টন: বাংলা বানানে ই-কার ব্যবহারের যেকোনো সঠিক প্াচটি নিয়ম লেখার জন্য (০.৫ দ্ধ ৫) = ২.৫ নম্বর। বাংলা বানানে ই-কার ব্যবহারের যেকোনো সঠিক প্াচটি নিয়মের উদাহরণ লেখার জন্য (০.৫ দ্ধ ৫) = ২.৫ নম্বর। [বি. দ্রঃ উত্তরপত্রের বাইরেও সঠিক নিয়ম লিখলে নম্বর পাবে]
848538029389,2261803,English,other,other/848538029389.jpg,,"Read the following extract and answer the following question: The woods are lovely, dark and deep, But I have promises to keep, And miles to go before I sleep, And miles to go before I sleep. – Robert Frost Identify and explain any one literary device used in the above extract.",,"One important literary device used in this extract is repetition. The line “And miles to go before I sleep” is repeated for emphasis. This repetition highlights the speaker’s sense of duty and ongoing responsibilities. It creates a rhythmic and reflective tone, showing that although the woods are peaceful and inviting, the speaker cannot stop—he has commitments to fulfill before he can rest. The repeated line may also symbolize the journey of life, suggesting that rest (or even death) will only come after completing one’s duties. Marks Distribution: For writing, one important literary device used in this extract is repetition; 0.5 mark. For writing, the line “And miles to go before I sleep” is repeated for emphasis. This repetition highlights the speaker’s sense of duty and ongoing responsibilities ; 01 mark. For writing, it creates a rhythmic and reflective tone, showing that although the woods are peaceful and inviting, the speaker cannot stop—he has commitments to fulfill before he can rest. The repeated line may also symbolize the journey of life, suggesting that rest (or even death) will only come after completing one’s duties ; 01 mark. [ N.B: 0.5 mark will be deducted for two grammar or spelling mistakes, 01 mark for three or more grammar or spelling mistakes.]",
158980824765,2261803,English,other,other/158980824765.jpg,,"Make meaningful sentences with the following words: Dogmatic , Recess, Obsession, Absurdity, Dissolve.",,\(\left(0.5\times 5\right)=2.5\),
562746854579,2261803,English,other,other/562746854579.jpg,,"How does human activity contribute to climate change, and why must individuals and nations take responsibility? Write a paragraph in approximately 100 words maintaining proper structure with a clear topic sentence, logical development, and a concluding sentence.",,"Responsibility and Action Against Global Warming Human activity is a major cause of climate change because it releases large amounts of greenhouse gases like carbon dioxide and methane into the atmosphere. These gases come from burning fossil fuels for energy, deforestation, industrial processes, and farming. As a result, the Earth’s temperature rises, causing problems like extreme weather, rising sea levels, and loss of biodiversity. Both individuals and nations must take responsibility to reduce these harmful effects. Individuals can adopt eco-friendly habits such as saving energy, reducing waste, and using public transport. Nations need to create and enforce policies that limit pollution, promote renewable energy, and protect natural resources. Taking responsibility at all levels is essential to slow down climate change and protect the planet for future generations. Marks Distribution: For writing the Title, “Responsibility and Action Against Global Warming” ; 0.5 mark . For writing; Introductory sentence; 01 mark. For writing, these gases come from burning fossil fuels for energy, deforestation, industrial processes, and farming. As a result, the Earth’s temperature rises, causing problems like extreme weather, rising sea levels, and loss of biodiversity ; 1.5 marks. For writing, Individuals can adopt eco-friendly habits such as saving energy, reducing waste, and using public transport ; 01 mark For writing conclusion; 01 mark . [ Instructions: * Students must write it within one single para. If it becomes more than one para , 50% marks have to be deducted from the obtained marks. * 0.5 mark will be deducted for one or two grammar or spelling mistakes, 01 mark for three or more grammar or spelling mistakes.] [ N.B. The student will get the allotted marks if he/she writes a proper alternative title .]",
803568040268,2261803,Biology,other,other/803568040268.jpg,5/2,,চড়ধপবধব এবং গধষাধপবধব ে গাত্রের মধে ্য পা্চটি পার্থক ্য লিখ ।,"পার্থে ক্যর বিষয় → চড়ধপবধব ে গাত্র → গধষাধপবধব ে গাত্র ( র ) স্ব রূপ → বর্ষজীবী বা বহুবর্ষজীবী বীরুৎ , কতক বৃক্ষবৎ → বীরুৎ , গুল্ম বা বৃক্ষ , উি ™্ভদ প্রায়শ পিচ্িছল পদার্থযুক্ত। (রর) মূল → গুচ্ ছম ূল → প্রধান মূল । (ররর) কাণ্ড → নলাকার , অধিকাংশ মধ্যপব ফা্পা → কাষ্ঠল , শাখান্বিত , ে বলনাকার । (রা) পাতা → লিগিউলবিশিষ্ট ও সমান্তরাল শিরাবিন্যাসবিশিষ্ট → মুক্তপাশ্বর্ীয় উপপত্রযুক্ত ও জালিকা শিরাবিন্যাস বিশিষ্ট । (া) পু®প → পু®িপকা নামে পরিচিত , অসম্পূণ , ত্র্যংশক → বৃহৎ , সম্পূণ , পআাংশক । (ার) পুংস্তবক → পুংকেশর সাধারণত ৩টি ( কখনো ৬ টি ) পরাগধানী ে রখাকার ও সর্বমুখ → পুংকেশর বহু , পরাগধানী এক-প্রকোষ্ঠী ও বৃ° াকার । (ারর) স্¿ ীস্তবক → গর্ভপত্র ১টি, গভর্াশয় একপ্রকোষ্ঠবিশিষ্ট → গর্ভপত্র সাধারণত ৫-১০টি, গভর্াশয় সাধারণত ৫ প্রকোষ্ঠবিশিষ্ট । (াররর) অমরাবিন্যাস → মূলীয় → অক্ষীয় । (রী) ফল → ক্যারিয়পসিস → ে বরি বা ক্যাপসু্যল বা সিজোকাপ ।",নম্ব র বণ্টন : চড়ধপবধব এবং গধষাধপবধব ে গাত্রের মধে ্য পা্চটি পার্থক ্য ে লখার জন্য; (০.৫ \(\times \) ৫) = ২.৫ নম্বর।
111509425898,2261803,Bangla,other,other/111509425898.jpg,,,উৎপত্তিগতভাবে বাংলা শã কত প্রকার ও কী কী ? সংÁাসহ উদাহরণ ে লখ ।,"উৎপত্তি অনুসারে বাংলা শã প্াচ প্রকার । যথা : তৎসম শã : ে যসব শã সং স্‹…ত ভাষা থেকে হুবহু বাংলা ভাষায় এসেছে তা দে র তৎসম শã বলে । ে যমন - গাত্র , গৃহিণী , ক…ò, চন্দ্র ইত্যাি দ। অর্ধ- তৎসম শã : ে যসব শã সং স্‹…ত ভাষা থেকে অনেকটা পরিবতর্িত হয়ে বাংলা ভাষায় এসেছে তা দে র অর্ধ- তৎসম শã বলে । ে যমন - গতর , ে কষ্ট , গিনি্ন , চন্দ ইত্যাি দ। ত™্ভব শã : ে যসব শã সং স্‹…ত ভাষা থেকে সম্পূণ পরিবতর্িত হয়ে বাংলা ভাষায় এসেছে তা দে র ত™্ভব শã বলে । ে যমন -গা, কানু , ঘরনি , চ্া দ ইত্যাি দ। দে শি শã : ে যসব শã বাংলা দেশের আদিম অধিবাসী ভাষা থেকে বাংলা ভাষায় রক্ষিত আছে তা দে র দে শি শã বলে । ে যমন - কুলা , চলা , কুড়ি , ে পট ইত্যাি দ। বিদে শি শã : ধর্মীয় , রাজনীতিক , রাষ্ট্রীয় , সাং স্‹… তিক ও বাণিজ্যিক কারণে বাংলায় আগত বিভিন্ন দেশের ভাষাভাষী মানুষের মাধ ্যমে ে যসব শã বাংলা ভাষায় এসেছে তা দে র বিদে শি শã বলে । ে যমন - আরবি : আল্লাহ , ইসলাম , জান্নাত ; ফারসি : ে ফরেস্তা , ে খাদা ; ইংরেজি : স্‹ ুল , কলেজ ; পর্তুগিজ : কামরা , বালতি , সাবান ; ফরাসি : ে র স্ে তার্া , কুপন ; ওল ন্দ াজ : ইস্‹ াপন ে ট°া ; তুকি : চাকর , চাকু , দ ারোগা ; চীনা : চা , চিনি , লিচু ; জাপানি : রিকশা ইত্যাি দ।",নম্ব র বণ্টনঃ ৫ প্রকার সংÁা ে লখার জন্য (০.৫ \(\times \) ৫) = ২.৫ নম্বর। ৫ প্রকার উদাহরণ ে লখার জন্য (০.৫ \(\times \) ৫) = ২.৫ নম্বর। [বিঃ দ্রঃ উৎপত্তিগতভাবে ৫ প্রকার ে লখার জন্য ০.৫ নম্ব র । শুধু ৫ প্রকার নাম ে লখার জন্য ০১ নম্ব র ]
294919733579,2261803,Bangla,other,other/294919733579.jpg,,,"নিচের শã গুে লার সঠিক উচ্চারণ ে লখ : আবৃত্তি , নক্ষত্র , চর্যাপ দ, প্রÁা , অধ্যক্ষ",সঠিক উচ্চারণ নির্ণয়ঃ আবৃত্তি - আবৃত&তি নক্ষত্র - ে নাক &ে খাত &ে ত্রা চর্যাপ দ- ে চার&জাপ দ& প্রÁা - ে প্রাগ&গ্া অধ্যক্ষ - ওদ&ে ধাক &ে খা,নম্ব র বণ্টনঃ চিহ্নিত শãসম ূে হর সঠিক উচ্চারণ ে লখার জন্য (০.৫ \(\times \) ৫) = ২.৫ নম্বর। [ বি.দ ্রঃ বানান ভুলে বরাদ্দক …ত নম্ব র কাটা যাবে । ]
277485620593,2261803,Bangla,other,other/277485620593.jpg,,,"উদাহরণসহ সংÁা দ াও : সন্ধি , অপিনিহিতি , বচন ।","উদাহরণসহ সংÁাঃ সন্ধি : সন্ধি শãের অর্থ ÔমিলনÕ । ড. মুহম্মদ শহীদুল্লাহ&র মতে Ôবর্ণদ্বয়ের মিলনকে সন্ধি বলে।Õ অর্থ াৎ পাশাপাশি অবি স্থত দ ুটি বণ একটি বণে পরিণত হলে সন্ধি হয়। ে যমন : সম + সার = সংসার । অপিনিহিতি : শãের মধ্যি স্থত বা অন্তি স্থত ই- কার বা উ- কার ধŸনি থ াকলে এটিকে আগে থেকেই উচ্চারণ করার রীতিকে অপিনিহিতি বলে ।/ শãের মধে ্য ব্যÄনের সঙ্গে যুক্ত 'ই' বা 'উ' উচ্চারণের সময় স্বস্থ ানে উচ্চারিত না হয়ে অব্যবহিত পূবর্ে উচ্চারিত হওয়ার রীতিকে অপিনিহিতি বলে । ে যমন : আজি > আইজ , সাধু > সাউধ , রাখিয়া > রাইখ্যা , বাক ্য > বাইক ্য, সত ্য > সইত ্য, চারি > চাইর , মারি > মাইর ইত্যাি দ। বচন : বচন পারিভাষিক শãটির অর্থ Ôসংখ্যার ধারণাÕ । বিশেষ ্য বা সর্বনাম পদে র সংখ্যার ধারণা প্রকাশের উপায় বা সংখ্যাত্মক প্রকাশের ব্যাকরণ নি দর্ে শিত ে কৌশল বা উপায়কে বচন বলে । অথবা , বিশেষ ্য বা সর্বনাম পদ ে য ব ্যক্তি, ব স্তু বা প্রাণীর প্রতিনিধিত a করে বা নি দর্েশ করে ; ে সই ব্যক্তি, ব স্তু বা প্রাণীর সংখ্যা বা পরিমাণকে বচন বলা হয়। ে যমন : একটি পাখি , দ ুটি মানুষ , তিন ে কজি চাউল ইত্যাি দ।",নম্ব র বণ্টন : উদাহরণসহ ১ টি সংÁা ে লখার জন্য ০১ নম্ব র । উদাহরণসহ ২ টি সংÁা ে লখার জন্য ০২ নম্ব র । উদাহরণসহ ৩ টি সংÁা ে লখার জন্য ২.৫ নম্ব র ।
972583741192,2261803,Biology,other,other/972583741192.jpg,0/2,,রক্ত তআন প্রক্রিয়াটি প্রবাহচিত্রের মাধ ্যমে বর্ণনা কর।,রক্ত তআন প্রক্রিয়াটির প্রবাহচিত্র ঃ,নম্ব র বণ্টনঃ ১/২ টি ধাপ বর্ণনার জন্য ০১ নম্ব র । ৩ টি ধাপ বর্ণনার জন্য ০২ নম্ব র । ৪ টি ধাপ বর্ণনার জন্য ২.৫ নম্ব র । [ বি. দ্র : যে ে কানো একটি ফ্যা±র ভুল করলে / না লিখলে ০.৫ নম্ব র কর্তন করা হবে । ধাপগুলি ধারাবাহিকভাবে লিখতে হবে ]
675226076514,2261803,Biology,other,other/675226076514.jpg,2/2,,মাইটোটিক ে মটাফেজের সংক্ষ্ি বর্ণনা লিখ ।,"মাইটোটিক ে মটাফেজের বর্ণনা : এ পর্যায়ের প্র থে মই সমস্ত ক্রে ামোসোম স্িপন্ডল যন্ে¿র বিষুবীয় অআলে এসে অবস্থ ান ে নয় যাকে ে মটাকাইনেসিস বলে । এ পযা য়ে ক্রে ামোসোম গুে লা সবচেয়ে ে বশি ে মাটা খাটো ও স্ পষ্ট হয়। ক্রে ামোসোম গুে লা খাটো ও ে মাটা হওয়াকে বলা হয় কন্ডেনসেশন । একটি অতিমাত্রার কয়েলিং এর ফলে তা হয়। এ পযা য়ে ক্রে ামোসোমের সংখ্যা , আকার ও আক … তি নির্ণয় করা যায় । এ পযা য়ে নিউক্লিওলাস ও নিউক্লিয়ার এনভেলপের সম্পূণ বিলু্ি ঘটে। এ পযা য়ের ে শষি দকে প্রতিটি সেন্ে ট্রামিয়ার বিভক্ত হয়ে দ ুটি অপত ্য সেন্ে ট্রামিয়ার সৃষ্টি করে ।",নম্ব র বণ্টন : মাইটোটিক ে মটাফেজ ধাপের ৫টি তথ্য ে লখার জন্য; (০.৫ \(\times \) ৫) = ২.৫ নম্বর।
638316914226,2261803,English,other,other/638316914226.jpg,,"Make meaningful sentences with the following words: Articulate, Transcend, Ambiguous, Formidable, Magnanimous",,"Articulate - The professor was able to articulate complex theories in a way that students could easily understand. Transcend - True leadership transcends titles and positions; it inspires people at every level. Ambiguous - The politician's speech was deliberately ambiguous to avoid direct criticism. Formidable - Climbing Mount Everest is a formidable challenge even for seasoned climbers. Magnanimous - Despite the harsh criticism, he remained magnanimous and thanked everyone for their feedback. Mark Distribution: For making meaningful sentences with the given words, (0.5×5) =2.5 marks.",
641542352122,2261803,English,other,other/641542352122.jpg,,Write a paragraph in approximately 100 words analyzing how digital communication is changing the way people connect and interact. Focus on both positive and negative effects with an academic tone and paragraph structure.,,"Digital Communication and the Transformation of Human Interaction Digital communication has fundamentally altered human interaction, producing both empowering and troubling consequences. While it enables unprecedented global connectivity and rapid information exchange, it often reduces communication to superficial exchanges, undermining deeper, empathetic understanding. The ease of online interaction can foster isolation, as people increasingly prefer virtual contacts over face-to-face relationships, weakening social skills and emotional intelligence. Additionally, digital platforms can amplify misinformation, echo chambers, and cyberbullying, eroding public trust and social cohesion. Therefore, despite its benefits, digital communication demands critical scrutiny to address its profound impact on the quality and authenticity of human connections. Mark Distribution: For writing title like, “ Digital Communication and the Transformation of Human Interaction ” ; 0.5 mark. For writing introductory sentence like, Digital communication has fundamentally altered human interaction, producing both empowering and troubling consequences; 01 mark. For writing positive effects like, the ease of online interaction can foster isolation, as people increasingly prefer virtual contacts over face-to-face relationships, weakening social skills and emotional intelligence; 1.5 marks. For writing negative effects like, digital platforms can amplify misinformation, echo chambers, and cyberbullying, eroding public trust and social cohesion; 1.5 marks. For writing conclusion such as , despite its benefits, digital communication demands critical scrutiny to address its profound impact on the quality and authenticity of human connections; 0.5 mark.",
761120470614,2261803,English,other,other/761120470614.jpg,,"Read the following extract and answer questions that follow: ""Success is counted sweetest By those who ne’er succeed. To comprehend a nectar Requires sorest need. Not one of all the purple Host Who took the Flag today Can tell the definition So clear of Victory…"" – Emily Dickinson (a) Who values success most according to the poet? ‎(b) What do the words ‘nectar’ and ‘sorest need’ symbolize?",,"(a) According to the poet, those who never succeed understand success the best. Their deep desire and longing help them feel its true value. ‎(b) ‘Nectar’ symbolizes success or reward, while ‘sorest need’ stands for great desire or suffering. Together, they show that success feels most precious to those who need it the most. ‎ Mark Distribution: For writing, According to the poet, those who never succeed understand success the best. Their deep desire and longing help them feel its true value; 01 mark. For writing, ‘‘Nectar’ symbolizes success or reward, while ‘sorest need’ stands for great desire or suffering. Together, they show that success feels most precious to those who need it the most . ; 1.5 marks. [ N.B: 0.5 mark will be deducted for two grammar or spelling mistakes, 01 mark for three or more grammar or spelling mistakes.]",
699374383027,2261803,Biology,other,other/699374383027.jpg,5/2,,সংÁা লিখ : ( র ) লসিকা (রর) ে লাকাস (ররর) অ্যালিল (রা) ফিনোটাইপ (া) গ্লুকোনিয়োজেনেসিস,"( র ) লসিকা : টিসু ্য গঠনকারী ে কাষের ফ্াকে ফ্াকে অবি স্থত বর্ণহীন তরল পদা র্থকে লসিকা বলে । (রর) ে লাকাস : ক্রে ামোজোমে জিনের নিি র্দষ্ট স্থ ান -এর নাম ে লাকাস । একটি নিি র্দষ্ট জিনের অ্যালিল গুে লা সমসং স্থ ক্রে ামোজোমের একই ে লাকাসে অবস্থ ান করে । (ররর) অ্যালিল : সমসং স্থ ক্রে ামোজোম ে জাড়ের নিি র্দষ্ট ে লাকাসে অবস্থ ানকারী নিি র্দষ্ট জিন -ে জাড়ার একটিকে অপরটির অ্যালিল বলে । (রা) ফিনোটাইপ : জিনোটাইপ দিয়ে নিয়ন্ি¿ত জীবের বাহ্যিক লক্ষণকে ফিনোটাইপ বলে । এটি জীবের আকার , আক … তি , বণ প্রভ … তি প্রকাশ করে । (া) গ্লুকোনিয়োজেনেসিস : যে জৈব- রাসায়নিক প্রক্রিয়ায় অশর্করা জাতীয় উপাদান থেকে গ্লুকোজ শর্করা উৎপন্ন হয়, তাকে গ্লুকোনিয়োজেনেসিস বলে ।",নম্ব র বণ্টন : ৫টি সংÁা ে লখার জন্য (০.৫ দ্ধ ৫) = ২.৫ নম্ব র ।
423567118448,2261803,Biology,other,other/423567118448.jpg,,,পুÄাক্ষির গঠন ও কাজের একক কী? পুÄাক্ষি ও ওসেলির/ সরলাক্ষির অবস্থান ও সংখ্যা উল্লেখ কর।,"পুÄাক্ষির গঠন ও কাজের একক ওমাটিডিয়াম/ ওমাটিডিয়া। অসংখ্য ওমাটিডিয়ার ( ঙসসধঃরফরধ ) সমন্বয়ে একেকটি পুÄাক্ষি গঠিত হয়। পুÄাক্ষিঃ অবস্থান: মস্তকের, ১ম খণ্ডকে। সংখ্যা: এক জোড়া। ওসেলি/ সরলাক্ষিঃ অবস্থান: দুটি পুÄাক্ষির মাঝখানে। সংখ্যা: তিনটি।",নম্বর বণ্টন: ওমাটিডিয়াম/ওমাটিডিয়া লিখলে ০.৫ নম্বর। পুÄাক্ষির অবস্থান ও সংখ্যা লিখলে (০.৫ \(\times \) ২) = ০১ নম্বর। ওসেলির/ সরলাক্ষির অবস্থান ও সংখ্যা লিখলে (০.৫ \(\times \) ২) = ০১ নম্বর।
964450478864,2261803,Bangla,other,other/964450478864.jpg,,,"সারমর্ম লেখ: দৈন্য যদি আসে আসুক, ল¾া কিবা তাহে, মাথা উ্চু রাখিস। সুখের সাথী মুখের পানে যদি নাহি চাহে, ধৈর্য ধরে থাকিস। রুদ্র রূপে তীব্র দুঃখ যদি আসে নেমে বুক ফুলিয়ে দ্াড়াস, আকাশ যদি বজ্র নিয়ে মাথায় পড়ে ভেঙে ঊধের্Ÿ দু'হাত বাড়াস।","সারমর্ম: জীবন নিরবচ্িছন্ন সুখের নয়; রোগ, শোক, দুঃখ-দৈন্য অপ্রত্যাশিতভাবে ধŸংস করে দিতে পারে সকল কিছু। কিন্তু তারপরেও অসীম সাহস আর ধৈযর্ের সঙ্গে সকল বিপদ মোকাবিলা করতে হবে।","নম্বর বণ্টন: জীবন নিরবচ্িছন্ন সুখের নয়; রোগ, শোক, দুঃখ-দৈন্য অপ্রত্যাশিতভাবে ধŸংস করে দিতে পারে সকল কিছু - নির্ধারিত অংশে লেখার ভাব ঠিকমতো বোঝাতে পারলে ১.৫ নম্বর। কিন্তু তারপরেও অসীম সাহস আর ধৈযর্ের সঙ্গে সকল বিপদ মোকাবিলা করতে হবে- নির্ধারিত অংশে লেখার ভাব ঠিকমতো বোঝাতে পারলে ০১ নম্বর। [বিঃ দ্রঃ চার বাক্যের বেশি লিখলে ৫০% নম্বর পাবে।]"
994392663667,2261803,Biology,other,other/994392663667.jpg,5/2,,"নিম্ে্ন উ ি ল্লখিত মানবদেহে সৃষ্ট রোগগুলোর জন্য দায়ী ভাইরাসের নাম লিখ। অওউঝ, ডেঙ্গুজ্বর, ঝরিহব ভষ্ , জলাতঙ্ক, গুটি বসন্ত, জলবসন্ত, ভাইরাল নিউমোনিয়া, হাম, ক্যাপোসি সাকর্োমা এবং এনোজেনিটাল ক্যাÝার।",মানবদেহে সৃষ্ট রোগগুলোর জন্য দায়ী ভাইরাসের নাম: অওউঝ - ঐওঠ ভাইরাস; ডেঙ্গুজ্বর - ফ্ল্যাভি ভাইরাস (ঋষধার ারৎ্ং); ঝরিহব ভষ্ - ইনফ্লুয়েÄা \(\left({H}_{1}{N}_{1}\right)\) ভাইরাস; জলাতঙ্ক - র্যাবিস ভাইরাস (জধনরং ারৎ্ং); গুটি বসন্ত - ভেরিওলা ভাইরাস (ঠধৎরড়ষধ ারৎ্ং); জলবসন্ত - ঠধৎরপবষষধ-তড়ংঃবৎ ারৎ্ং; ভাইরাল নিউমোনিয়া - অফবহড় ারৎ্ং; হাম - রুবিওলা ভাইরাস (জ্নবড়ষধ ারৎ্ং); ক্যাপোসি সাকর্োমা - হাপর্িস সিমপ্লেক্স (ঐবৎঢ়বং ংরসঢ়ষবী); এনোজেনিটাল ক্যাÝার - পেপিলোমা ভাইরাস (চবঢ়রষড়সধ ারৎ্ং).,নম্বর বণ্টন: উল্লেখিত মানবদেহে সৃষ্ট রোগগুলোর জন্য দায়ী ভাইরাসের নাম লেখার জন্য (০.২৫ \(\times \) ১০) = ২.৫ নম্বর ।
212796522632,2261803,Bangla,other,other/212796522632.jpg,,,"নিচের শãগুলোর প্রমিত বানানরূপ লেখ: বুদ্ধিজীবি, পোষ্টমাষ্টার, নিশীথীনি, সমিচীন, মূচ্র্ছনা।",প্রমিত বানানরূপঃ বুদ্ধিজীবি-বুদ্ধিজীবী পোষ্টমাষ্টার- পোস্টমাস্টার নিশীথীনি-নিশীথিনী সমিচীন-সমীচীন মূচ্র্ছনা-মূর্ছনা,নম্বর বণ্টন: শã গুলোর প্রমিত বানানরূপ লেখার করার জন্য (০.৫ \(\times \) ৫) = ২.৫ নম্বর।
587961038565,2261803,Bangla,other,other/587961038565.jpg,,,ভাব-সম্প্রসারণ কর: স্বদেশের উপকারে নাই যার মন কে বলে মানুষ তারে? পশু সেই জন।,"ভাব-সম্প্রসারণ: দেশপ্রেমহীন ব্যক্তিকে মানুষ বলা যায় না, তারা পশুর চেয়েও নিক…ষ্ট। পবিত্র হাদিসে আছে, Ôদেশপ্রেম ইমানের অঙ্গÕ। মানবজীবনে-শ্রেষ্ঠতম কর্তব্য এই দেশপ্রেম। যে যে দেশে জন্মগ্রহণ করে, সে সেই দেশকে মায়ের মতো ভালোবাসে, আর এই ভালোবাসা প্রকাশ পায় মাত…ভূমির কল্যাণ কামনায়। নিজের জন্মভূমিকে যারা ভালোবাসে না, তারা নরাধম, তাদের তুলনা চলে কেবল পশুর সঙ্গে। দেশপ্রেম বজর্িত এসব মানুষ নামধারী ব্যক্তি পশুর সমতুল্যই বটে। মানুষ নিজের মাত…ভূমিকে অন্য যে কোনো দেশের চেয়ে প্রিয় ও শ্রেষ্ঠ বিবেচনা করে। তাই সে মাত…ভূমির জন্য জীবন দিতেও কুÉাবোধ করে না। নিজের দেশ ছেড়ে মানুষ অন্য কোথাও বসবাস করতে চায় না। কখনো বিদেশে গেলে স্বদেশের জন্য তার মন ক্াদে। প্রাণের চেয়েও প্রিয় যে জন্মভূমি তার উন্নতি ও কল্যাণের জন্য মানুষ সর্বদা কাজ করে যাবে- এটিই স্বাভাবিক। দেশপ্রেমিক মানুষের প্রধান কাজ নিজের কল্যাণের পাশাপাশি দেশ ও জাতির কল্যাণে নিজেকে নিয়োজিত রাখা। ত্ারা দেশ ও জাতির মঙ্গলের জন্য নিজের জীবন উৎসর্গ করতেও প্রস্তুত থাকেন। দেশের কল্যাণের জন্য ত্ারা নিবেদিত প্রাণ। মানুষের এই দেশপ্রেমের বৈশিষ্ট্য যার মধ্যে থাকে না, তাকে প্রক…ত মানুষ বলা যায় না। দেশ প্রেমহীন মানুষ পশুর মতো বিবেকহীন। তাই তাকে পশুর সঙ্গে তুলনা করা চলে। দেশপ্রেমিক ব্যক্তিরা মহান। তারা দেশের প্রতি, দেশের মানুষের প্রতি মমতার বন্ধনে আবদ্ধ থাকেন। স্বদেশপ্রেমের বশবতর্ী হয়ে দেশ ও জাতির কল্যাণের জন্য নিজের স্বার্থকে জলাÄলি দিতে তারা কখনো পিছপা হন না।","নম্বর বণ্টন: দেশপ্রেমহীন ব্যক্তিকে মানুষ বলা যায় না, তারা পশুর চেয়েও নিক…ষ্ট - নির্ধারিত অংশে লেখার ভাব ঠিকমতো বোঝাতে পারলে ০.৫ নম্বর। মানবজীবনে-শ্রেষ্ঠতম কর্তব্য এই দেশপ্রেম। যে যে দেশে জন্মগ্রহণ করে, সে সেই দেশকে মায়ের মতো ভালোবাসে, আর এই ভালোবাসা প্রকাশ পায় মাত…ভূমির কল্যাণ কামনায় - নির্ধারিত অংশে লেখার ভাব ঠিকমতো বোঝাতে পারলে ০১ নম্বর। নিজের জন্মভূমিকে যারা ভালোবাসে না, তারা নরাধম, তাদের তুলনা চলে কেবল পশুর সঙ্গে। দেশপ্রেম বজর্িত এসব মানুষ নামধারী ব্যক্তি পশুর সমতুল্যই বটে - নির্ধারিত অংশে লেখার ভাব ঠিকমতো বোঝাতে পারলে ০১ নম্বর। জন্মভূমি তার উন্নতি ও কল্যাণের জন্য মানুষ সর্বদা কাজ করে যাবে- এটিই স্বাভাবিক - নির্ধারিত অংশে লেখার ভাব ঠিকমতো বোঝাতে পারলে ০.৫ নম্বর। দেশপ্রেমিক মানুষের প্রধান কাজ নিজের কল্যাণের পাশাপাশি দেশ ও জাতির কল্যাণে নিজেকে নিয়োজিত রাখা। ত্ারা দেশ ও জাতির মঙ্গলের জন্য নিজের জীবন উৎসর্গ করতেও প্রস্তুত থাকেন - নির্ধারিত অংশে লেখার ভাব ঠিকমতো বোঝাতে পারলে ০১ নম্বর। দেশপ্রেমিক ব্যক্তিরা মহান। স্বদেশপ্রেমের বশবতর্ী হয়ে দেশ ও জাতির কল্যাণের জন্য নিজের স্বার্থকে জলাÄলি দিতে তারা কখনো পিছপা হন না - নির্ধারিত অংশে লেখার ভাব ঠিকমতো বোঝাতে পারলে ০১ নম্বর। [বিঃ দ্রঃ দুইটি বানান ভুল করলে ০.৫ নম্বর, তিন বা ততোধিক বানান ভুল করলে ০১ নম্বর কাটা যাবে, তবে নির্ধারিত অংশে লেখার ভাব ঠিকমতো বোঝাতে না পারলে বরাদ্দক…ত নম্বর কাটা যাবে।]"
985673862552,2261803,Biology,other,other/985673862552.jpg,5/2,,হার্ট ফেইলিউর কাকে বলে? হার্ট ফেইলিউরের দুইটি কারণ ও গুরুতaপূর্ণ দুইটি লক্ষণ উল্লেখ কর।,"হার্ট ফেইলিউরঃ হৃৎপিণ্ড যখন দেহের চাহিদা অনুযায়ী পর্যা্ রক্তের যোগান দিতে পারে না তখন এ অবস্থাকে হার্ট ফেইলিউর বলে। হার্ট ফেইলিউরের কারণঃ র. স্থূলতা ও উচ্চ রক্তচাপ, রর. অতিরিক্ত ধূমপান ও মদ্যপান, ররর. হৃৎপিণ্ডের কপাটিকার রোগ, রা. ইশকেমিক হার্ট ডিজিস, া. হৃৎপিণ্ডের ছন্দপতন, ার. অতিমাত্রার রক্ত শূন্যতা, ারর. কাডর্িওমায়োপ্যাথি বা ক্রনিক হার্ট মাসল ডিজিস, াররর. অন্তঃক্ষরা গ্রন্িথর অস্বাভাবিকতা প্রভ…তি। হার্ট ফেইলিউরের গুরুতaপূর্ণ লক্ষণসমূহঃ র. সক্রিয়, নি®িŒয় এমনকি ঘুমের মধ্যেও শ্বাসকষ্টে ভোগা এবং ঘুমের সময় মাথার নিচে দুটি বালিশ না দিলে শ্বাসকষ্ট বেড়ে যায়। রর. সাদা বা গোলাপি রঙের রক্তমাখানো মিউকাসসহ স্থায়ী কাশি বা ফো্স ফো্স করে শ্বাস-প্রশ্বাস। ররর. শরীরের বিভিন্ন জায়গার টিসু্যতে তরল জমে ফুলে উঠে। রা. পা, গোড়ালি, পায়ের পাতা, উদর ও যক…ত ùীত হয়ে যায়। া. প্রতিদিন সব কাজে, সবসময় ক্লান্িতভাব। ার. পাকস্থলি সব সময় ভরা মনে হয় কিংবা বমি ভাব থাকে। ারর. হৃদস্পন্দন দ্রুত হয়। াররর. কাজ-কর্ম, চলনে অসামÄস্য এবং স্মৃতিহীনতা প্রকাশ পায়।",নম্বর বণ্টন: হার্ট ফেইলিউর এর সংÁা লিখলে ০.৫ নম্বর। হার্ট ফেইলিউরের ২টি কারণ লিখলে (০.৫ \(\times \) ২) = ০১ নম্বর। হার্ট ফেইলিউরের ২টি লক্ষণ লিখলে (০.৫ \(\times \) ২) = ০১ নম্বর।
954402794230,2261803,Biology,other,other/954402794230.jpg,5/2,,ক্ষরণকারী টিসু্যর প্রকারভেদ নামসহ উল্লেখ কর। নিবেশিত ও পাশ্র্বীয় ভাজক টিসু্যর মধ্যে তিনটি পার্থক্য লিখ।,ক্ষরণকারী টিসু্য দুই প্রকার: যথা তরুক্ষীর টিসু্য এবং গ্রন্িথ টিসু্য। নিবেশিত ও পাশ্র্বীয় ভাজক টিসু্যর মধ্যে পার্থক্য: নিবেশিত ভাজক টিসু্য: ১. কাণ্ডের পর্বমধ্যে থাকে। ২. লম্বাটে। ৩. প্রাথমিক বৃদ্ধির সঙ্গে যুক্ত। ৪. লম্বায় বাড়তে অংশগ্রহণ করে। পাশ্র্বীয় ভাজক টিসু্য: ১. কাণ্ডের পাশ্বর্ে ভাস্‹ুলার বান্ডলে থাকে। ২. আয়তক্ষেত্রাকার। ৩. গেৌণ বৃদ্ধির সঙ্গে যুক্ত। ৪. প্রস্থ বৃদ্ধিতে অংশগ্রহণ করে।,নম্বর বণ্টন: ক্ষরণকারী টিসু্যর দুই প্রকারের নাম লেখার জন্য (০.৫ \(\times \) ২) = ০১ নম্বর। নিবেশিত ও পাশ্র্বীয় ভাজক টিসু্যর মধ্যে ৩টি পার্থক্য লেখার জন্য (০.৫ \(\times \) ৩) = ১.৫ নম্বর। [বি. দ্র: ক্ষরণকারী টিসু্য দুই প্রকার লেখার জন্য ০.৫ নম্বর।]
489674157193,2261803,English,other,other/489674157193.jpg,,"Fill in the blanks with suitable words from the list below: (List: attentive, stress, creative, harmony, support, respectful)‎ In order to build a positive and effective learning environment, both students and teachers must fulfill their roles with dedication. A good student should always be (a) ______ during lessons, actively listening and engaging with the content, while also being (b) _____ toward teachers and classmates to maintain a polite and inclusive atmosphere. On the other hand, teachers should offer emotional and academic (c) ______ to students who may be experiencing (d) ______ due to pressure or workload. They must also promote a classroom environment filled with harmony and understanding, where (e) ______ thinking is encouraged and celebrated as a part of learning.",,(a) attentive (b) respectful (c) support (d) stress (e) creative Mark Distribution: For filling the blanks with suitable words; (0.5×5) =2.5 marks.,
801880528012,2261803,English,other,other/801880528012.jpg,,"Write a well organised paragraph on ‘The Importance of Honesty’ in the space provided, considering the element of a paragraph, such as topic sentence, supporting detail sentences and conclusion.",,"‘The Importance of Honesty’ Honesty is one of the most essential virtues that builds the foundation of trust in both personal and social life. It means speaking the truth, being sincere, and acting in a morally upright way. An honest person earns the respect and confidence of others, which strengthens relationships and creates a sense of integrity in society. In academic and professional life, honesty promotes fairness, accountability, and transparency—qualities that lead to long-term success and inner peace. Dishonesty, on the other hand, may offer temporary gain but ultimately results in distrust, shame, and failure. Therefore, honesty is not only a personal value but also a pillar of social harmony and moral strength. In every sphere of life, honesty truly proves to be the best policy. Marks Distribution: For writing Title, ‘The Importance of Honesty’ ; 0.5 mark. For writing topic sentence such as, an honest person earns the respect and confidence of others, which strengthens relationships and creates a sense of integrity in society; 1.5 marks. For writing supporting detail sentences such as, in academic and professional life, honesty promotes fairness, accountability, and transparency—qualities that lead to long-term success and inner peace. Dishonesty, on the other hand, may offer temporary gain but ultimately results in distrust, shame, and failure; 1.5 marks. For writing conclusion such as, honesty is not only a personal value but also a pillar of social harmony and moral strength. In every sphere of life, honesty truly proves to be the best policy; 1.5 marks. [ Instructions: * Students must write it within one single para. If it becomes more than one para , 50% marks have to be deducted from the obtained marks. * 0.5 mark will be deducted for one or two grammar or spelling mistakes , 01 mark for three or more grammar or spelling mistakes .]",
858219970813,2261803,English,other,other/858219970813.jpg,,"Make meaningful sentences with the following words: Euphoria, Reluctant, Mitigate, Omnipresent, Proactive",,"Euphoria – The entire stadium erupted in euphoria after the team’s last-minute victory. Reluctant – She was reluctant to speak in front of the large crowd. Mitigate – Proper planning can help mitigate the risks of failure. Omnipresent – In the digital age, social media has become almost omnipresent in our lives. Proactive - He played a very proactive role in implementing the project. Mark Distribution: For making meaningful sentence with the following words (0.5×5) =2.5 marks. [ N.B: Any sentence that is meaningful and correct will get allocated marks]",
542879999913,2261803,Biology,other,other/542879999913.jpg,,,সাইজোগনি ও স্ে পারোগনির মধে ্য ৫টি পার্থক ্য লিখ ।,"সাইজোগনি ও স্ে পারোগনির মধে ্য পার্থক ্য নিম্নরূপ : পার্থে ক্যর বিষয় → অযেৌন চক্র ( সাইজোগনি ) → ে যৌন চক্র (স্ে পারোগনি ) ( র ) ে পাষকের যে স্থ ানে ঘটে → মানুষের যক …ত ও ে লাহিত কণিকায় → মশকীর ক্রপের মধে ্য এবং হিমোসিলে । (রর ) সর্বশেষ ধাপ → গ্যামিটোসাইট → স্ে পারোজয়েট । (ররর ) হিমোজয়েন → এ চক্রে র ে শষের দিকে হিমোজয়েন সৃষ্টি হয় → কখনোই হিমোজয়েন সৃষ্টি হয় না । (রা ) ে পাষক দেহে প্রতিক্রিয়া → কা্পুনিসহ জaর , ে স স ঙ্গে অন্যান ্য উপসগ → ে তমন ে কানো প্রতিক্রিয়া দে খা যায় না । (া ) চক্রে র পুনরাবৃত্তি → ঘটে → ঘটে না । (ার ) গ্যামিট → সৃষ্টি হয় না → সৃষ্টি হয়। (ারর ) জাইগোট → ে যহেতু গ্যামিট সৃষ্টি হয় না তাই জাইগোট উৎপন্ন হওয়ার ে কানো সম্ভ াবনা ে নই → পুং ও স্¿ী গ্যামিটের মিলন ঘটিয়ে জাইগোট সৃষ্টি করে ।",নম্ব র বণ্টন : সাইজোগনি ও স্ে পারোগনির মধে ্য ৫টি পার্থক ্য ে লখার জন্য (০.৫ \(\times \) ৫) = ২.৫ নম্বর।
652818522643,2261803,Biology,other,other/652818522643.jpg,5/2,,রক্তরসের প্াচটি কাজ লিখ ।,"রক্তরসের কাজ : ( র ) রক্তের তারল ্য রক্ষা করে এবং ভাসমান রক্ত কণিকাসহ অন্যান ্য দ্র বীভূত পদা র্থ দেে হর সর্বত্র বহন করে । ( রর ) টিসু্যর অধিকাংশ কার্বন ডাইঅক্সাইড রক্তরসে বাইকাব ে নটরূপে দ্র বীভূত থ াকে । ( ররর ) ে লাহিত কণিকায় সংব দ্ধ হওয়ার আগে অক্সিজেন প্র থমে রক্তরসেই দ্র বীভূত হয়। ( রা ) রক্তরস রক্তের অম্ল-ক্ষারের ভারসাম ্য রক্ষা করে । ( া ) রক্ত জমাট ব্াধার প্রয়োজনীয় উপাদান গুে লা পরিবহন করে । ( ার ) পরিপাকের পর খা দ্যসার রক্তরসে দ্র বীভূত হয়ে দেে হর বিভিন্ন টিসু ্য ও অ ঙ্গে বাহিত হয় । ( ারর ) টিসু ্য থেকে নির্গত বজ ্য পদা র্থ ে রচনের জন্য বৃ°ে নিয়ে যায় । ( া ররর ) অল্প পরিমাণে অক্সিজেন বাহিত হয় । ( র ী ) রক্তর সের মাধ ্যমে হরমোন , এনজাইম , লিপিড প্রভ … তি বিভিন্ন অঙ্গে বাহিত হয় । ( ী ) যক …ত, ে পশি ইত্যাি দ অঙ্গে উৎপন্ন তাপশক্তিকে সমগ্র দেহে বহন করে দেহে তাপের সমতা রক্ষা করে ।",নম্ব র বণ্টন : রক্তরসের ৫টি কাজ লিখার জন্য (০.৫ \(\times \) ৫) = ২.৫ নম্বর।
110462848545,2261803,Biology,other,other/110462848545.jpg,5/2,,ফুসফুসের কার্যকরী একক ক ী ? রক্তে অক্সিে জনের পরিবহন প্রক্রিয়া লিখ ।,"ফুসফুসের কার্যকরী একক: অ্যালভিওলাস ফুসফুসের কার্যকরী একক। রক্তে অক্সিজেন দ ুভাবে পরিবাহিত হয়-১. ে ভৌত দ্র বণরূপে ও ২. রাসায়নিক ে যৌগরূপে । ১. ে ভৌত দ্র বণরূপে : প্রতি ১০০ মি.লি . রক্তে ০.২ মি.লি . অক্সিজেন ে ভৌত দ্র বণরূপে পরিবাহিত হয়। তবে অং শের পরিমাণ খুব সামান ্য বলে তা টিসু ্যে কাষে অক্সিজেন সরবরাহ কাজে বিশেষ ভূমিকা পালন করে না । তবে অক্সিজেন ও হিমোগ্লোবিনের সংযোজন কাজে এর বিশেষ ভূমিকা রয়েছে । ২. রাসায়নিক ে যৌগরূপে : \({O}_{2}\) রক্তে প্রবেশের পর লোহিত কণিক ায় অবস্িথত হিমোগ্লোবিন-এর সাথে যুক্ত হয়ে অক্সি-হিমোগ্লোবিন গঠন করে। এটি এক ধরনের শিথিল রাসায়নিক যেৌগ, যা অক্সিজেনের চাপ কমে গেলে পুনরায় বিযুক্ত হয়। এ সংযোজন রক্তে অক্সিজেনের দ্রবীভূত অংশের চাপের উপর নির্ভরশীল। এ চাপ যত বাড়ে হিমোগ্লোবিন অক্সিজেনের সাথে তত বেশি সংযুক্ত হয়। \(H{b}_{4}+4{O}_{2}⇌4Hb{O}_{2}\) [ ঐন = হিমোগ্লোবিন ]",নম্ব র বণ্টন : অ্যালভিওলাস ে লখলে ০.৫ নম্ব র । ে ভৌত দ্র বণরূপে ব্যাখ্যার জন্য ০১ নম্ব র । ( কমপক্ষে ২টি তথ্য) রাসায়নিক ে যৌগরূপে ব্যাখ্যার জন্য ০১ নম্ব র । ( কমপক্ষে ২টি তথ্য)
715630823658,2261803,Biology,other,other/715630823658.jpg,5/2,,নিচের প্রাণী গুে লার ৈ বÁানিক নাম লিখ : ( ধ ) গৃহ মাছি ( ন ) ে গালক … মি ( প ) ে ক্চো ( ফ ) ঘাসফড়িং ( ব ) ঘড়িয়াল,প্রাণী গুে লার ৈ বÁানিক নাম নিম্নরূপ : ( ধ ) গৃহ মাছি - গ্ংপধ ফড়সবংঃরপধ ( ন ) ে গালক … মি - অংপধৎরং ষ্সনৎরপড়রফবং ( প ) ে ক্চো - গবঃধঢ়যরৎব ঢ়ড়ংঃয্সধ ( ফ ) ঘাসফড়িং - চড়বশরষড়পবৎ্ং ঢ়রপঃ্ং/খড়প্ংঃধ ফধহরপধ ( ব ) ঘড়িয়াল - এধারধষরং মধহমবঃরপ্ং,নম্ব র বণ্টন : পা্চটি প্রাণী র ৈ বÁানিক নাম ে লখার জন্য; (০.৫ \(\times \) ৫) = ২.৫ নম্বর। [বি. দ্র: ৈ বÁানিক নাম হাতে লিখলে নামে আন্ডারলাইন বাধ্যতামূলক । আন্ডারলাইন না করলে বা গণ ও প্রজাতির নামের মধে ্য ে যকোনো ১টি বানান ভুল করলে ঐ নামের জন্য বরাদ্দক …ত নম্ব র পাবে না ]
231087196530,2261803,Biology,other,other/231087196530.jpg,0/2,,ে সন্ট্রাল ডগমা কী? আি দে কাষে জিন প্রকাশের একক অপেরনের অংশগুে লা বর্ণনা কর।,"ে সন্ট্রাল ডগমা : জীবসম ূে হর কার্যকলাপ বুঝতে হলে উঘঅ থেকে জঘঅ এবং জঘঅ থেকে ে প্রাটিনে বংশগতীয় তথ্য প্রবাহ স্থ ানান্তর প্রক্রিয়া জানা অতি জরুরি , তাই এ তথ্য প্রবাহ প্রক্রিয়াকে ে সন্ট্রাল ডগমা বলা হয়। চারটি অংশ নিয়ে অপেরন গঠিত হয়। অংশ চারটি হলো : ( র ) গাঠনিক জিন : যা এনজাইম সংশ্লেষ করে । (রর ) ে প্রামোটার বা উদ্দীপক জিন : ে যখানে জঘঅ- পলিমারেজ এনজাইম সংযুক্ত হয়। (ররর ) অপারেটর বা চালক জিন : চালক জিন গাঠনিক জিনের ে প্রাটিন উৎপাদনকে নিয়ন্¿ণ করে । (রা ) ে র গুে লটর বা নিয়ন্¿ক জিন : যা চালক জিনকে নিয়ন্¿ণ করে ।",নম্ব র বণ্টন : ে সন্ট্রাল ডগমা এর সংÁা ে লখার জন্য ০.৫ নম্ব র । আি দে কাষে জিন প্রকাশের একক অপেরনের চারটি অংশের নাম ে লখার জন্য; (০.২৫ \(\times \) ৪) = ০১ নম্বর। আি দে কাষে জিন প্রকাশের একক অপেরনের চারটি অংশ বর্ণনা করার জন্য; (০.২৫ \(\times \) ৪) = ০১ নম্বর।
713945147657,2261803,Biology,other,other/713945147657.jpg,5/2,,আদিকোষী জীবে শ্বসনের বিভিন্ন ধাপ সংগঠিত হওয়ার স্থান লেখ।,আদিকোষী জীবে শ্বসনের বিভিন্ন ধাপ সংগঠিত হওয়ার স্থান: ক. সাইটোপ্লাজমে: ১. গ্লাইকোলাইসিস ২. ফামর্েন্েটশন ৩. ক্রেব&&স চক্র খ. প্লাজমামেমব্রেনের ভেতরের তল ( রহহবৎ ং্ৎভধপব ) ৪. ইলে±্রন ট্রাÝপোর্ট চেইন।,নম্বর বণ্টন: সাইটোপ্লাজম লেখার জন্য ১.৫ নম্বর। প্লাজমামেমব্রেনের ভেতরের তল লেখার জন্য ০১ নম্বর।
219827755280,2261803,Biology,other,other/219827755280.jpg,0/2,,স্যাট ক্রে ামোসোম কাকে বলে ? ে কাষঝিল্লীর ৪টি কাজ লিখ ।,"স্যাট ক্রে ামোসোম : ে কানো ে কানো ক্রে ামোসোমের এক বাহুর প্রান্েত ক্রে ামাটিন সূত্র দ্বারা সংযুক্ত প্রায় ে গালাক … তির একটি অংশ দে খা যায় । ক্রে ামোসোমের প্রান্েতর দিকের এ ে গালাক … তি অআলকে স্যাটেলাইট এবং এ ধরনের ক্রে ামোসোমকে Ôস্যাট ক্রে ামোসোমÕ ( ংধঃ পযৎড়সড়ংড়সব ) বলে । অন্য কথায় - নিউক্লিওলাস বহনকারী ক্রে ামোসোমকে স্যাট ক্রে ামোসোম বলে । ে কাষঝিল্লীর কাজ : ( র ) এটি ে কাষীয় সব ব স্তু কে ঘিরে রাখে । ( রর ) বাইরের প্রতিকূল অবস্থা হতে অভ্যন্তরীণ ব স্তু কে রক্ষা করে । ( ররর ) ে কাষঝিল্লির মধ্যি দয়ে ব স্তু র স্থ ানান্তর , ব্যাপন নিয়ন্¿ণ ও সমন্বয় ( পড়হঃৎড়ষ ধহফ পড়ড়ৎফরহধঃব ) হয়। ( রা ) ঝিল্লিটি একটি কাঠামো হিসেবে কাজ করে যাতে বিশেষ এনজাইম এতে বিন্যস্ত থ াকতে পারে । ( া ) ে ভতর থেকে বাইরে এবং বাইরে থেকে ে ভতরে ব স্তু স্ থ ানান্তর করে । ( ার ) বিভিন্ন বৃহদাণু ( সধপৎড়-সড়ষবপ্ষব ) সংশ্লেষ করতে পারে । ( ারর ) বিভিন্ন রকম তথ্যে র ভিত্তি ( রহভড়ৎসধঃরড়হ ংড়্ৎপব ) হিসেবে কাজ করে । ( াররর ) পারস্পরিক বন্ধন , বৃি দ্ধ ও চলন ইত্যাি দ কাজেও এর ভূমিকা আছে । ( রী ) ফ্যাগোসাইটোসিস প্রক্রিয়ায় কঠিন ও পিনোসাইটোসিস প্রক্রিয়ায় তরল ব স্তু গ্রহণ করে । ( ী ) এনজাইম ও অ ্যান্িটজেন ারর ক্ষরণ করে । ( ীর ) ে কাষের বাইরে থেকে নিউরোট্রাÝমিটার , হরমোন ইত্যাি দ রূপে তথ্য সংগ্রহ করে । ( ীরর ) স্ ্নায়ু উদ্দীপনা সংবহন করে । ( ীররর ) ব্যাকটেরিয়ার ে কাষঝিল্লি ভা্জ হয়ে ে মসোসোম সৃষ্টি করে যা শক্তি উৎপাদন করে । ( ীরা ) গ্লাইকোক্যালি ক্স ে কাষের চিহ্নিত হিসেবে কাজ করে ।",নম্ব র বণ্টন : স্যাট ক্রে ামোসোম এর সংÁা ে লখলে ০.৫ নম্ব র । ে কাষঝিল্লীর ৪টি কাজ ে লখলে (০.৫ দ্ধ ৪) = ০২ নম্ব র ।
760179346594,2261803,Biology,other,other/760179346594.jpg,1/2,,ে কাষ বিভাজন অনুসারে ভাজক টিসু্যর প্রকারভে দগুে লা লিখ । ভাজক টিসু ্য ও স্থ ায়ী টিসু্যর মধে ্য ৩টি পার্থক ্য লিখ ।,ে কাষ বিভাজন অনুসারে টিসু্যর প্রকারভে দ: ৩ প্রকার । যথা : মাস ভাজক টিসু ্য ে প্লট ভাজক টিসু ্য রিব ভাজক টিসু ্য ভাজক টিসু ্য ও স্থ ায়ী টিসু্যর মধে ্য পার্থক ্য:,নম্ব র বণ্টন : ১/২ প্রকার এর নাম ে লখার জন্য ০.৫ নম্ব র । ৩ প্রকার এর নাম ে লখার জন্য ০ ১ নম্ব র । ভাজক টিসু ্য ও স্থ ায়ী টিসু্যর মধে ্য ৩টি পার্থক ্য ে লখার জন্য (০.৫ \(\times \) ৩) = ১.৫ নম্বর। [বি. দ্র : ৩ প্রকার ে লখার জন্য ০.৫ নম্ব র ।]
101454295537,2261803,Biology,other,other/101454295537.jpg,5/2,,"হিমোফিলিয়া ে রাগের বাহক মাতা ও স্ব াভাবিক পিতার হিমোফিলিক পুত্র জন্ম ে নবার সম্ভ াবনা ২৫ %, ে চকার ে বাডর্ের মাধ ্যমে দে খাও ।",\(∴\) হিমোফিলিক পুত্র জন্ম নেবার সম্ভাবনা ২৫ %।,নম্ব র বণ্টন : ে চকার ে বাডর্ের মাধ ্যমে দে খানোর জন্য ২.৫ নম্ব র । [বি. দ্র: ে যকোনো ১টি অংশ না লিখলে বা ভুল লিখলে ০.৫ নম্ব র কাটা যাবে । ]
287659913484,2261803,Biology,other,other/287659913484.jpg,1/2,,স্থ ান অনুসারে শর্করা পরিপাকের এনজাইমসমূহ লিখ ।,শর্করা পরিপাকের এনজাইমসমূহ ও তা দে র পরিপাক স্থল নিম্নরূপ - ১. মুখবিবর → র . টায়ালিন রর. মল্টেজ ( অল্পমাত্রায় ) ২. ক্ষু দ্র ান্ত → র . অ্যামাইে লজ রর. মে ল্টজ ররর. ল্যা ±েজ রা. সুক্রেজ,নম্ব র বণ্টন : মুখবিবর → র . টায়ালিন রর. মল্টেজ ( অল্পমাত্রায় ) ে লখার জন্য ০১ নম্ব র । ক্ষু দ্র ান্ ¿ → র . অ্যামাইলেজ রর. মে ল্টজ ররর. ল্যা ±েজ রা. সুক্রেজ ে লখার জন্য ১.৫ নম্ব র ।
540218518452,2261803,Biology,other,other/540218518452.jpg,5/2,,জিনোম সিকোয়েÝিং কাকে বলে ? উঘঅ ফরেনসিক&স - এর ৪ টি প্রয়োগ ি ল খ ।,"জিনোম সিকোয়েÝিং : উঘঅ অণুর অনুদৈ ে র্ঘ্য অঞএঈ ে বস গুে লা ে কান অনুক্রমে স¾িত থ াকে তা হলো জিনোম সিকোয়েÝ , এই সিকোয়েÝটি উ দ ঘাটন করাই হলো জিনোম সিকোয়েÝিং । উঘঅ ফরেনসিক & স ( উঘঅ ঋড়ৎবহংরপং ) এর প্রয়োগ : ( র ) অপরাধী শনাক্তকরণে ( রর ) পিত …তa নির্ধারণে ( ররর ) স্বজন নির্ধারণে ( রা ) ে শ্রণিবিন্যাসের স্ তর নির্ধারণ ( া ) ে শ্রণিবিন্যাস প্রক্রিয়ায় ৈ বশিষ্ট্যের মিল নির্ধারণে ।",নম্ব র বণ্টন : জিনোম সিকোয়েÝিং এর সংÁা ে লখার জন্য ০.৫ নম্ব র । উঘঅ ফরেনসিক&স -এর ৪টি প্রয়োগ ে লখার জন্য; (০.৫ \(\times \) ৪) = ০২ নম্বর।
322943811066,2261803,Biology,other,other/322943811066.jpg,75/2,,ে মসোগ্লিয়া কাকে বলে ? হাইড্রার এপিডামর্িস ও গ্যা স্ট্রে াডামি সের ে কাষ গুে লার নাম উল্লেখ কর।,"ে মসোগ্লিয়া : ঐুফৎধ - র এপিডামর্িস ও গ্যা স্ট্রে াডামি সের মাঝখানে অবি স্থত ে জলির মতো , স্ ্বচ্ছ , অকোষীয় স্িথ তি স্থ াপক স্ তরকে ে মসোগ্লিয়া বলে । হাইড্রার এপিডামর্িস ও গ্যা স্ট্রে াডামি সের ে কাষ গুে লার নাম : হাইড্রার এপিডামি সের ে কাষসমূহ : ( র ) ে পশি - আবরণী ে কাষ ( রর ) ইন্টারস্টিশিয়াল ে কাষ ( ররর ) সংবেদী ে কাষ ( রা ) স্ ্নায়ু ে কাষ ( া) গ্রন্ি থ ে কাষ ( ার) জনন ে কাষ এবং ( ারর ) নিডোসাইট গ্যা স্ট্রে াডামি সের ে কাষসমূহ : ( র ) পুষ্টি ে কাষ (রর) গ্রন্ি থ ে কাষ (ররর) ইন্টারস্টিশিয়াল ে কাষ (রা) সংবেদী ে কাষ (া) স্নায়ু ে কাষ ।",নম্ব র বণ্টন : ে মসোগ্লিয়া র সংÁা ে লখার জন্য ০.৫ নম্ব র । হাইড্রার এপিডামি সের ৪টি ে কাষের নাম ে লখার জন্য; (০.২৫ \(\times \) ৪) = ০১ নম্বর। হাইড্রার গ্যা স্ট্রে াডামি সের ৪টি ে কাষের নাম ে লখার জন্য; (০.২৫ \(\times \) ৪) = ০১ নম্বর।
852399042996,2261803,Biology,other,other/852399042996.jpg,1/2,,ঈযড়হফৎরপযঃযুবং ও অপঃরহড়ঢ়ঃবৎুমরর ে শ্রণির মধে ্য ৫টি তুলনা কর ।,"তুলনীয় বিষয় → ঈযড়হফৎরপঃযুবং → অপঃরহড়ঢ়ঃবৎুমরর ১. আ্শ → প্ল্যাকয়েড → সাইক ্লে য়ড বা টিনয়েড বা গ্যানয়েড । ২. অন্তঃকঙ্কাল → তরুণাি স্থ ময় → অস্িথ ময় । ৩.ফুলকারন্ধ্র → মাথার দ ুÕপাশে ৫-৭ ে জাড়া ; উন্মুক্ত → মাথার দ ুÕপাশে একটি করে ; কানকো দিয়ে আবৃত । ৪. পুচ্ছ পাখনা → ে হটারোসার্কাল → ে হামোসার্কাল । ৫. বায়ুথলি → থ াকে না → থ াকে যা দে হকে পানিতে ে ভসে থ াকতে সাহায ্য করে । ৬. নিষেক → একলিঙ্গ প্রাণী ; অন্তঃনিষেক ঘটে, পরিùুটন প্রত্যক্ষ → একলিঙ্গ প্রাণী ; বহিঃনিষেক ঘটে, পরিùুটন পরোক্ষ বা প্রত্যক্ষ । ৭. হৃৎপিণ্ড → ২ প্রকোষ্ঠে বিভক্ত। সাইনাস ে ভনোসাস ও ে কানাস আর্টারিওসাস থ াকে → ২ প্রকোষ্ঠ বিশিষ্ট ; ে লাহিত কণিকা নিউক্লিয়াসযুক্ত। ৮. নাসারন্ধ → মুখ গহŸরে উন্মুক্ত; ে চায়ালে অসংখ ্য সারিব দ্ধ দ ্াত থ াকে । করোটিক স্নায়ু ১০ ে জাড়া → মুখ গহŸরে উন্মুক্ত নয় , করোটিক স্নায়ু ১০ ে জাড়া । ৯. ে ক্লায়েকা ছি দ্র → উপি স্থত → অনুপি স্থত।",নম্ব র বণ্টন : ঈযড়হফৎরপযঃযুবং ও অপঃরহড়ঢ়ঃবৎুমরর ে শ্রণির মধে ্য ৫টি তুলনা ে লখলে (০.৫ দ্ধ ৫) = ২.৫ নম্ব র ।
712585988263,2261803,Biology,other,other/712585988263.jpg,0/2,,ঘাসফড়িং -এর সংবেদী অঙ্গসমূহ সংক্ষেপে বর্ণনা কর।,"ঘাস ফড়িং -এর সংবেদী অঙ্গসমূহ: ( র ) স্ পশর্েি ন্দ্রয়: ে ছাট ে ছাট ে রাম ও ব্রিসল । (রর) ঘ্রাণেি ন্দ্রয়: মাথার সামনে দ ুটি শুঙ্গ বা অ্যা ন্ে টনা । শুঙ্গ দ ুটিতে বিদ্য মান ে রাম । (ররর) স্ব াদেন্িদ্রয় : ম্যাক্সিলারি পাল্প ও ল্যাবিয়ামের ে রাম । (রা) দর্শে নি ন্দ্রয়: ওসেলি ও পুÄাি ক্ষ। পুÄাি ক্ষতে দ র্শনীয় ব স্তু র প্রতিবি ম্ব গঠিত হয়। (া) শ্রবণেি ন্দ্রয়: ১ম উদরীয় খণ্ডকের টিমপেনিক পর্দা , শ্রবণ থ লি বা টিমপেনাম , পায়ু সারকিতে অবি স্থত ে রাম । (ার) তাপ সংবেদী অঙ্গ: পায়ের ১ম তিনটি টার্সাসের ে গাড়ায় বিদ্য মান প্লা ন্ টুলি প ্য াড এবং অ ্য া ন্ে টনার কিছু ে রাম ।",নম্ব র বণ্টন : ঘাসফড়িং -এর সংবেদী অঙ্গসমূহ বর্ণনা করলে ২.৫ নম্ব র । ে যকোন ১টি তথ্য ভুল করলে বা না লিখলে ০.৫ নম্ব র কাটা যাবে । [বি. দ্র: শুধু অঙ্গগুে লার নাম লিখলে ০.২৫ করে নম্ব র পাবে ।]
460912902383,2261803,ICT,other,other/460912902383.jpg,1/10,If \({V}_{BE}=0.7V\) and \({V}_{CB}=5V\) in the circuit then determine the value of the voltage gain. \({V}_{BE}=0.7V\) \({V}_{CB}=5V\),\({V}_{BE}=0.7V\) \({V}_{CB}=5V\) [ বর্তনীটিতে \({V}_{BE}=0.7V\) এবং \({V}_{CB}=5V\) হলে ভোল্টেজ বিবর্ধনের মান নির্ণয় কর। ],"সংগ্রাহক পাশে \(KVL\) প্রয়োগ করে, \(-20+500{I}_{C}+{V}_{CB}=0\) \({I}_{C}=\frac{20-5}{500}=0.03A\) ে ভাল্টেজ বিবর্ধন , \({A}_{V}=\frac{{V}_{out}}{{V}_{in}}=\frac{{I}_{C}\times {R}_{out}}{{V}_{0}}=\frac{0.03\times 500}{0.7}=21.428\) নম্ব র বন্টনঃ \(-20+500{I}_{C}+{V}_{CB}=0\) ; লিখার জন্য ০৩ নম্বর \({I}_{C}=0.03A\) ; নির্ণয় করার জন্য ০২ নম্বর \({A}_{V}=\frac{{V}_{out}}{{V}_{in}}=\frac{{I}_{C}\times {R}_{out}}{{V}_{0}}\) ; লিখার জন্য ০২ নম্বর ে ভাল্টেজ বিবর্ধন , \({A}_{V}=21.428\) ; নির্ণয় করার জন্য ০৩ নম্বর",
798803207579,2261803,ICT,other,other/798803207579.jpg,10/10,\({V}_{BE}=0.7V\) \(β=95\) \({V}_{CB}\),বর্তনীর \({V}_{BE}=0.7V\) এবং \(β=95\) হলে \({V}_{CB}\) নির্ণয় কর।,"বাম পাশের লুপে \(KVL\) ব্যবহার করে, \(-3+{V}_{BE}+2\times {I}_{E}=0\) \({I}_{E}=1.15\ mA\) \(β=\frac{{I}_{C}}{{I}_{B}}=\frac{{I}_{C}}{{I}_{E}-{I}_{C}}\) \(⇒95=\frac{{I}_{C}}{{I}_{E}-{I}_{C}}\) \(∴{I}_{C}=1.138\ mA\) ডানপাশের লুপে \(KVL\) ব্যবহার করে, \(-8+1.138\times 3+{V}_{CB}+{V}_{BE}+1.15\times 2=0\) \(∴{V}_{CB}=1.586V\)",নম্বর বণ্টনঃ \({I}_{E}=1.15\ mA\) ; নির্ণয় করার জন্য ০৪ নম্বর। \({I}_{C}=1.138\ mA\) ; নির্ণয় করার জন্য ০২ নম্বর। \({V}_{CB}=1.586V\) ; নির্ণয় করার জন্য ০৪ নম্বর। [ বি.দ্র: একক না লিখলে বা ভুল একক লিখলে ০১ নম্বর কর্তন করা হবে।]
747134350707,2261803,ICT,other,other/747134350707.jpg,10/10,\({V}_{BE}=0.7V\) \(β=95\) \({V}_{CB}\),বর্তনীর \({V}_{BE}=0.7V\) এবং \(β=95\) হলে \({V}_{CB}\) নির্ণয় কর।,"বাম পাশের লুপে \(KVL\) ব্যবহার করে, \(-3+{V}_{BE}+2\times {I}_{E}=0\) \({I}_{E}=1.15\ mA\) \(β=\frac{{I}_{C}}{{I}_{B}}=\frac{{I}_{C}}{{I}_{E}-{I}_{C}}\) \(⇒95=\frac{{I}_{C}}{{I}_{E}-{I}_{C}}\) \(∴{I}_{C}=1.138\ mA\) ডানপাশের লুপে \(KVL\) ব্যবহার করে, \(-8+1.138\times 3+{V}_{CB}+{V}_{BE}+1.15\times 2=0\) \(∴{V}_{CB}=1.586V\)",নম্বর বণ্টনঃ \({I}_{E}=1.15\ mA\) ; নির্ণয় করার জন্য ০৪ নম্বর। \({I}_{C}=1.138\ mA\) ; নির্ণয় করার জন্য ০২ নম্বর। \({V}_{CB}=1.586V\) ; নির্ণয় করার জন্য ০৪ নম্বর। [ বি.দ্র: একক না লিখলে বা ভুল একক লিখলে ০১ নম্বর কর্তন করা হবে।]
378535593419,2261803,Biology,other,other/378535593419.jpg,5/2,,রুই মাছের বায়ুথলিতে উপি স্থত গ্যাসসম ূে হর নাম এবং বায়ুথলির ৩টি কাজ উল্লেখ কর।,"\({O}_{2}\) গ্যাস , \(C{O}_{2}\) গ্যাস , \({N}_{2}\) গ্যাস। রুই মাছের বায়ুথলির কয়েকটি কাজ হলো : ( র ) প্লবতা রক্ষা করে । ( রর ) অভিযোজনক্ষম ভাস ন্ত অঙ্গ হিসেবে কাজ করে । ( ররর ) শ্বসনে সাহায ্য করে । ( রা ) শ ã উৎপাদন করে । ( া ) চাপ নিয়ন্¿ণ করে । (ার) প্রতিধŸনি সৃষ্টি করতে পারে ।","নম্ব র বণ্টন : \({O}_{2}\) ে লখার জন্য ০ .৫ নম্ব র । \(C{O}_{2}\) গ্যাস , \({N}_{2}\) গ্যাস ে লখার জন্য ০ .৫ নম্ব র । রুই মাছের বায়ুথলির ৩টি কাজ ে লখার জন্য (০.৫ \(\times \) ৩ ) = ১.৫ নম্ব র ।"
371306640326,2261803,Biology,other,other/371306640326.jpg,5/2,,খনিজ লবণ পরিশোষণ কী? সক্রিয় ও নি®িŒয় পরিশোষণের তিনটি করে মতবা দ উল্লেখ কর।,"খনিজ লবণ পরিশোষণ ঃ উি ™্ভদে র স্ব াভাবিক বৃি দ্ধ ও পরিপূণ শারীরিক বিকাশের জন্য মাটি থেকে আয়ন হিসেবে খনিজ লবণ ে শাষণ প্রক্রিয়াই খনিজ লবণ পরিশোষণ । সক্রিয় পরিশোষণের মতবা দ : ( র ) লুনডেগড় মতবা দ (রর) ে প্রাটন -অ্যানায়ন ে কা-ট্রাÝপোট মতবা দ (ররর) ে লসিথিন বাহক ধারণা অথবা , ( র ) আয়ন বাহক ধারণা (রর) ে প্রাটিন -ে লসিথিন তত্তa (ররর) ে প্রাটন -অ্যানায়ন সহ-পরিবহন তত্তa (রা) সাইটো ক্রোম পাম্প মতবা দ নি®িŒয় পরিশোষণের মতবা দ : ( র ) ব্যাপন মতবা দ (রর) আয়ন বিনিময় মতবা দ (ররর) ে ডান ্য ান সাম্যাব স্থা মতবা দ (রা) ব্যাপক প্রবাহ মতবা দ",নম্ব র বণ্টন : খনিজ লবণ পরিশোষণ এর সংÁা ে লখার জন্য ০ .৫ নম্ব র । সক্রিয় পরিশোষণের ১/২টি মতবা দ ে লখার জন্য ০.৫ নম্ব র । সক্রিয় পরিশোষণের ৩টি মতবা দ ে লখার জন্য ০১ নম্ব র । নি®িŒয় পরিশোষণের ১/২টি মতবা দ ে লখার জন্য ০.৫ নম্ব র । নি®িŒয় পরিশোষণের ৩টি মতবা দ ে লখার জন্য ০১ নম্ব র ।
174313628113,2261803,Biology,other,other/174313628113.jpg,5/2,,টাইডাল ভলিউম কী ? মানবদেহে ফুসফুসের তিনটি কাজ উল্লেখ কর ।,"টাইডাল ভলিউমঃ প্রতিবার নিঃশ্বাস- প্রশ্বাসের সময় যে পরিমাণ বায়ু ফুসফুসে ঢুকে কিংবা ফুসফুস থেকে বের হয় তাকে টাইডাল ভলিউম বলে। ফুসফুসের কাজ: (র) ফুসফুস মানুষের প্রধান শ্বসন অঙ্গ। ফুসফুসের অ্যালভিওলাইয়ে ব্যাপন প্রক্রিয়ায় শ্বসন গ্যাস \({O}_{2}\ \) ও \(C{O}_{2}\) এর বিনিময় ঘটে। (রর) দেহের তাপমাত্রা নিয়ন্¿ণ, পানি সাম্যরক্ষা ও শã সৃষ্টিতে অংশগ্রহ ণ করে। (ররর) ফুসফুসে বিভিন্ন ধরনের প্রোটিন, লিপিড ও কাবর্োহাইড্রেট সংশ্লেষিত হয়। (রা) ইমিউনোগ্লোবিন ক্ষরণ করে। (া) ব্রাডিকিনিন ও প্রোস্টাগ্লান্ডিন সংশ্লেষ ও দেহ থেকে অপসারণ করে। (ার) অম্ল-ক্ষারের সাম্য াবস্থা রক্ষা করে। (ারর) দেহ থেকে শ্বসন বজ্র্য \(C{O}_{2}\) নি®‹াশন করে। (াররর) ফুসফুসীয় টিসু্য সেরোটোনিন ও হিস্টামিন সংরক্ষণ ও বিমুক্ত করে।",নম্বর বণ্টন: টাইডাল ভলিউম এর সংÁা লেখার জন্য ০১ নম্বর। ফুসফুসের তিনটি কাজ লেখার জন্য; (০.৫ \(\times \) ৩) = ১.৫ নম্বর।
125397979672,2261803,Biology,other,other/125397979672.jpg,5/2,,স্থ ায়ী টিসু্যর পা্চটি ৈ বশিষ্ট ্য উল্লেখ কর।,স্থ ায়ী টিসু্যর ৈ বশিষ্ট ্য নিম্নরূপ : ( র ) স্থ ায়ী টিসু্যর ে কাষ গুে লা সাধারণত বিভাজনে অক্ষম । (রর) জীবিত ে কাষে সাইটোপ্লাজম স্ব াভাবিকের ে চয়ে কম। (ররর) টিসু ্যতে দ ুরকম ে কাষ থ াকে জীবিত ও মৃত । (রা) মৃত ে কাষ ে প্রাটোপ্লাজমবিহীন । (া) ে কাষ গুে লার প্রাচীর অপেক্ষাক …ত স্থূল অথর্াৎ বেশ পুরু । (ার) ে কাষগহŸর অপেক্ষাক …ত বড় । (ারর) নিউক্লিয়াস স্ব াভাবিকের ে চয়ে ে ছাটো এবং ে কাষের এক পাশে অবস্থ ান করে । (াররর) ে কাষ প্রাচীরে নানা নকশা দে খা যায় । (রী) ে কাষ গুে লার মধে ্য আন্তঃকোষীয় ফা্ক থ াকতেও পারে আবার নাও থ াকতে পারে । (ী) সুনিি র্দষ্ট আকার প্রা্ হয়।,নম্ব র বণ্টন : স্থ ায়ী টিসু্যর পা্চটি ৈ বশিষ্ট ্য ে লখার জন্য (০.৫ \(\times \) ৫) = ২ .৫ নম্ব র ।
924132424893,2261803,Biology,other,other/924132424893.jpg,2/2,,ঘবসধঃড়ফধ পবর্ের প্রাণ ী দে র পা্চটি শনাক্তকারী ৈ বশিষ্ট ্য লিখ ।,"ঘবসধঃড়ফধ পবর্ের প্রা ণী দে র ৈ বশিষ্ট ্য নিম্নরূপ : ( র ) দেহ নালাকার , দ্বি-পাশ্বর্ীয় প্রতিসম , উভয় প্রান্তই ক্র মশ সরু ও মধ্যভাগ চওড়া , আণুবীক্ষণিক থেকে এক মিটার পর্যন্ত লম্বা। (রর) প্রাণীরা সু্যে ডাসিলোমেট ( অপ্রক …ত সিলোমযুক্ত) ও অখন্ডকায়িত । (ররর) দেহ নমনীয় ; ইলাস্টিন নিমর্িত অকোষীয় , পুরু প্রতিরোধক্ষম কিউটিকল দিয়ে আবৃত । (রা) দে হপ্রাচীরে শুধু অনুদৈঘ ্য ে পশি থ াে ক ; বৃত্তাকার ে পশি থ াকে না । (া) ে পৌষ্টিকনালি ে সাজা ও শাখাহীন এবং মুখ থেকে পায়ু পর্যন্ত প্রসারিত । এ কারণে এসব প্রাণীর দে হকে Ôনলের ভিতর নলÕ ধরনের গঠনের মতো দে খায় । (ার) মুখছি দ্র সাধারণত ৈ বশিষ্ট্যপূণ ওষ্ঠে পরিবৃত । (ারর) শ্বসনতন্ ¿ ও সংবহনতন্ ¿ অনুপি স্থত। (াররর) অধিকাং শ প্রাণী একলিঙ্গ , ে যৌন দ্বিরূপতা দে খা যায় । (রী) জীবনচ ক্রে র্যাবডিটিফম বা মাই ক্রে াফাইলেরিয়া লার্ভা দ শা বর্তমান । (ী) স্থ লচ র বা জলচর , মুক্তজীবী বা পরজীবী প্রাণী ।",নম্ব র বণ্টন : ঘবসধঃড়ফধ পবর্ের প্রাণী দে র পা্চটি ৈ বশিষ্ট ্য ে লখার জন্য (০.৫ \(\times \) ৫) = ২. ৫ নম্ব র ।
972710333241,2261803,Biology,other,other/972710333241.jpg,5/2,,মাইক্রোভিলাই কী? গলগি বডির চার টি কাজ লিখ ।,"মাইক্রোভিলাই: অে ন্¿ র এপিথেলিয়াম কোষের মুক্ত প্রান্েতর কোষঝিল্লী অ ন্¿ গহŸরে অসংখ্য ক্ষু দ্রা ক…তির অভিক্ষেপ তৈ ি র কে র , এটিই মাইক্রোভিলাই। গল ি গ বডির কাজ: ( র ) লাইসোসোম ও ভিটামিন তৈরি করা। ( রর ) অ-প্রোটিন জাতীয় পদাথর্ের (যেমন- লিপিড) সংশ্লেষণ করা । ( ররর ) কিছু এনজাইম ও প্রাণরস নির্গমন করা । ( রা ) কোষ বিভাজনকালে কোষপ্লেট তৈরি করা । ( া ) প্রোটিন, হেমিসেলুলোজ, মাইক্রোফাইব্রিল তৈরি করা । ( ার ) কোষস্থ পানি বের করা । ( ারর ) এন্ডোপ্লাজমিক রেটিকুলামে প্রস্তত দ্রব্যাদি ঝিল্লিবদ্ধ করা । ( াররর ) বিভিন্ন পলিস্যাকারাইড সংশ্লেষণ ও পরিবহণে অংশগ্রহণ করা। তাই উ™্ভিদকোষে গলগি বডিকে কাবের্াহাইড্রেট ফ্যা±রি বলা হয় । ( রী ) মাইটোকন্ড্রিয়াকে অঞচ উৎপাদনে উদ্বুদ্ধ করা । ( ী ) ে প্রাটিন ও ঠরঃ-ঈ সআয় করা । ( ীর ) কোষ প্রাচীর গঠনের জন্য প্রয়োজনীয় পদার্থ ক্ষরণ করা । ( ীরর ) শুক্রাণুর অ্যাক্রোজোম তৈরিতে সহায়তা করা। ( ীররর ) লিপিড সংশ্লেষণ ও প্রোটিন ক্ষরণের সাথে জড়িত থাকা।",নম্বর বণ্টনঃ মাইক্রোভিলাই সংÁা লেখার জন্য ০.৫ নম্বর। গলগি বডির চারটি কাজ লেখার জন্য (০.৫ \(\times \) ৪) = ০২ নম্বর।
965266688615,2261803,Biology,other,other/965266688615.jpg,1/2,,ে হপাটিক সাইজোগনি কাকে বলে ? ম্যালেরিয়া পরজীবীর সাইজোগনি ও স্ে পারোগনির মধে ্য চার টি পার্থক ্য লিখ ।,"ে হপাটিক সাইজোগনিঃ মানুষের যক …ত ে কাষে সংঘটিত ম্যালেরিয়া পরজীবীর বহুভাজন প্রক্রিয়ায় অযেৌন জননই ে হপাটিক সাইজোগনি । ম্যালেরিয়া পরজীবীর সাইজোগনি ও স্ে পারোগনির মধে ্য পার্থক ্য: সাইজোগনি : (১) ে পাষকের যে স্থ ানে ঘটে: মানুষের যক …ত ও ে লাহিত কণিকায়। (২) মধ্যবতী ধাপসমূহ : ে মরোজয়েট , ট্রে ফাজয়েট , সাইজন্ট , সিগনেট রিং ও ে রাজেট এ চক্রে র মধ্যবতী ধাপ । (৩) সর্বশেষ ধাপ : গ্যামিটোসাইট । (৪) হিমোজয়েন : এ চক্রে র ে শষের দিকে হিমোজয়েন সৃষ্টি হয়। (৫) ে পাষক দেহে প্রতিক্রিয়া : কা্পুনিসহ জ্বর , ে স স ঙ্গে অন্যান ্য উপসগ । (৬) চক্রে র পুনরাবৃত্তি : ঘটে। (৭) গ্যামিট : সৃষ্টি হয় না । (৮) জাইগোট : ে যহেতু গ্যামিট সৃষ্টি হয় না তাই জাইগোট উৎপন্ন হওয়ার ে কানো সম্ভ াবনা ে নই । স্ে পারোগনি : (১) ে পাষকের যে স্থ ানে ঘটে: মশকী র ক্রপের মধে ্য এবং হিমোসিলে । (২) মধ্যবতী ধাপসমূহ : এ চক্রে গ্যামিট , জাইগোট , উওকিনেট , উওসি স্ট ও স্ে পারোজয়েট দে খা যায় । (৩) সর্বশেষ ধাপ : স্ে পারোজয়েট । (৪) হিমোজয়েন : কখনোই হিমোজয়েন সৃষ্টি হয় না । (৫) ে পাষক দেহে প্রতিক্রিয়া : ে তমন ে কানো প্রতিক্রিয়া দে খা যায় না । (৬) চক্রে র পুনরাবৃত্তি : ঘটে না । (৭) গ্যামিট : সৃষ্টি হয়। (৮) জাইগোট : পুং ও স্¿ী গ্যামিটের মিলন ঘটিয়ে জাইগোট সৃষ্টি করে ।",নম্ব র বণ্টনঃ ে হপাটিক সাইজোগনি সংÁা ে লখার জন্য ০.৫ নম্ব র । ম্যালেরিয়া পরজীবীর সাইজোগনি ও স্ে পারোগনির মধে ্য চারটি পার্থক ্য ে লখার জন্য (০.৫ \(\times \) ৪ ) = ০২ নম্ব র ।
306837216789,2261803,Biology,other,other/306837216789.jpg,5/2,,লসিকার পা্চটি কাজ উল্লেখ কর।,লসিকার কাজ নিম্নরূপ : ( র ) ে প্রাটিন পরিবহন : টিসু্যর ফা্কা স্থ ান থেকে অধিকাংশ ে প্রাটিন লসিকার মাধ ্যমে রক্তে ফিরে আসে । (রর) স্ে ্নহ পরিবহন : ে যসব স্ে ্নহকণা ও উচ্চ আণবিক ওজনবিশিষ্ট কণা ৈ কশিকনালির বাধা অতি ক্রমে অক্ষম সেগুে লা লসিকার মাধ ্যমে পরিবাহিত হয়। (ররর) \({O}_{2}\) ও পুষ্টি : দেে হর ে যসব টিসু ্যে কাষে রক্ত ে প্ৌছাতে সক্ষম হয় না ে সখানে লসিকা অক্সিজেন ও পুষ্টি উপাদান সরবরাহ করে । (রা) ে শাষণ : অন্ ¿ থেকে স্ে ্নহপদা র্থ ে শাষিত হয়ে লসিকার মাধ ্যমে পরিবাহিত হয়। (া) প্রতিরক্ষা : লসিকায় উপি স্থত ে শ্বত কণিকা ( লিçোসাইট ও মনোসাইট ) দেে হর প্রতিরক্ষায় অবদান রাখে । (ার) প্রতিরোধ : লসিকা ও লিçোসাইট থেকে উৎপন্ন অ্যান্িটবডি প্রতিরোধ ক্ষমতা বাড়ায় । (ারর) দে হরসের পুনর্বণ্টন : লসিকা রক্ত সংবহনের এক অংশ থেকে অন্য অংশে তরল পদা র্থ পরিবহনের মাধ ্যমে দে হরসের পুনর্বণ্টনে অংশ ে নয় । (াররর) টিসু্যর গাঠনিক অখণ্ডতা রক্ষা : বিভিন্ন অঙ্গে টিসু্যর সাংগঠনিক অখণ্ডতা রক্ষায় লসিকা বিশেষ ভূমিকা পালন করে । (রী) টি সু্যরসের নি ®‹ াশন : টিসু ্য থেকে টিসু্যরসের প্রায় ১০% অংশ লসিকার মাধ ্যমে নি ®‹ াশিত হয়। (ী) \(C{O}_{2}\) ও বজ ্য পদা থর্ে র নির্গমন : অপ্রয়োজনীয় \(C{O}_{2}\) ও বজ ্য পদা র্থ ে কাষ থেকে লসিকায় গৃহীত হয়ে দেহ থেকে নির্গত হয়।,নম্ব র বণ্টন : লসিকার ৫ টি কাজ ে লখার জন্য (০.৫ \(\times \) ৫) = ২.৫ নম্বর।
709838970700,2261803,Biology,other,other/709838970700.jpg,5/2,,কাডর্িয়াক ে পশির ৫টি ৈ বশিষ্ট ্য উল্লেখ কর।,কাডর্িয়াক ে পশির ৈ বশিষ্ট ্য: ( র ) অসংখ ্য নলাকার ে পশিতন্ তু নিয়ে এ ে পশি গঠিত । ে কাষ গুে লার দৈর্ঘ্য প্রায় ০.৮ সস ও ব্যাস ১২-১৫ \(μm.\) (রর) প্রতিটি ে কাষ সারকোলেমা (ংধৎপড়ষবসসধ) নামক সূ² ঝিল্লিতে আবৃত এবং ে কাষের মাঝখানে একটি ডি ম্ব াকার নিউক্লিয়াস থ াকে । (ররর) ে কাষের সাইটোপ্লাজম অর্থ াৎ সারকোপ্লাজম (ংধৎপড়ঢ়ষধংস) এ সমান্তরালে স¾িত মায়োফাইব্রল (সুড়ভরনৎরষ) নামের সূ² তন্ তু থ াকে । মায়োফাইবি ্রলের গায়ে অনুপ্র স্থ ে রখা দে খা যায় । (রা) ে পশিতন্ তুগুে লা শাখাতন্ তু দিয়ে পরস্পর অনিয়মিতভাবে যুক্ত হয়ে জালিকাকার গঠন তৈরি করে । (া) দ ুটি ে কাষের সংযোগ স্থলে সারাকোলেমা ঘন সনি্নবিষ্ট হয়ে অনুপ্র স্থ ভাবে পুরু চাকতির মতো গঠন তৈরি করে । একে ইন্টারক্যালেটেড ডি স্‹ (রহঃবৎপধষধঃবফ ফরংপ) বলে । (ার) এদে র স্ব তঃùূত ছন্দ ময় সংকোচন-প্রসারণশীলতা সম্পূর্ণরূপে অনৈচ্িছক । (ারর) কাডর্িয়াক ে পশি হৃৎপিণ্ডের প্রতিরক্ষাকারী স্ তর গঠন করে । (াররর) কাডর্িয়াক ে পশিতে পযর্া্ অক্সিজেন সরবরাহের প্রয়োজন হয় যার ব্যত্যয় ঘটলে নানাবিধ সমস্যা এমনকি ে পশির মৃতু ্য পর্যন্ত ঘটে। (রী) হৃৎপেশিতে ে কাষ গুে লাতে মাইটোকন্ড্রিয়ার আধিক্যতা দে খা যায় যা ে কাষের অবিরাম অবাত শ্বসনের সুযোগ প্রদান করে । (ী) অধিকাংশ হৃৎপেশি হৃৎপিণ্ড থেকে রক্ত রক্তনালিতে ে প্ররণের কাজে নিয়োজিত থ াকে ।,নম্ব র বণ্টন : কাডর্িয়াক ে পশির ৫টি ৈ বশিষ্ট ্য ে লখার জন্য (০.৫ \(\times \) ৫) = ২.৫ নম্বর।
566018846883,2363870,English,other,other/566018846883.jpg,10/10,Fill in the blanks :,[ শূন ্যস্থ ান গুে লা পূরণ কর : ],\(\boxed{{H}_{2}O}+{C}_{12}{H}_{22}{O}_{11}{\underset{\boxed{37^{\circ} C}}{ \xrightarrow{\boxed{invertase}}}}{C}_{6}{H}_{12}{O}_{6}+\ \boxed{{C}_{6}{H}_{12}{O}_{6}}\) \({C}_{6}{H}_{12}{O}_{6}{\underset{\boxed{20-24^{\circ} C}}{ \xrightarrow{\boxed{zymase}}}}\ 2\ \boxed{C{H}_{3}C{H}_{2}OH}+2C{O}_{2}\) \(\boxed{C{H}_{3}C{H}_{2}OH}+{O}_{2} \xrightarrow[\boxed{acetobacter}]{}C{H}_{3}COOH+\boxed{{H}_{2}O}\) (র) (০১ \(\times \) ০৪) = ০৪ সধৎশং ভড়ৎ ৪ নষধহশং. \(\times \),
634099296704,2363870,English,other,other/634099296704.jpg,7/10,Correct the following sentences: (a) He was absent in the class yesterday. ‎(b) She has no interest to music. ‎(c) The manager along with his assistants are present. ‎(d) He is addicted in smoking. ‎(e) One should do his duty sincerely. ‎(f) The patient died by fever. ‎(g) She prefers tea than coffee. ‎ (h) He discussed about the matter with me. ‎( i ) I am looking forward to see you soon. ‎(j) The girl gave an exam yesterday.,,\(\left(01\times 10\right)=10\),
287256839207,2363870,English,other,other/287256839207.jpg,8/10,"Fill in the blanks with the right forms of the verbs given in the bracket: (a) It is she who _____ responsible for organizing the event. (to be) ‎(b) As long as the weather _____ fine, we continued our journey. (to remain) ‎(c) The teacher saw the students _____ attentively in the class. (listen) ‎(d) He spoke loudly so that everyone _____ hear him clearly. (can) ‎(e) By _____ hard, one can achieve success in life. (work) ‎(f) We noticed the baby _____ loudly in the next room. (cry) ‎(g) Unless he _____ careful, he may fall into trouble. (to be) ‎(h) The soldier fought bravely so that his country _____ remain free. (may) ‎( i ) She prefers _____ alone rather than in a group. (work) ‎(j) The man pretended _____ unaware of the situation. (be)",,\(\left(01\times 10\right)=10\),
188210417504,2363870,English,other,other/188210417504.jpg,10/10,Change the sentences as directed. (a) He is reading a book. (Interrogative) ‎(b) What a beautiful piece of painting it is! (Assertive) ‎(c) They are playing in the garden. (Interrogative) ‎(d) I will help you. (Interrogative) ‎(e) She dances very gracefully. (Exclamatory) ‎(f) The cat is on the roof. (Negative) ‎(g) We visited the museum yesterday. (Interrogative) ‎(h) He is nothing but 15 years old. (Affirmative) ‎( i ) How wonderful the sunset is! (Assertive) ‎(j) She loves singing. (Negative),,\(\left(01\times 10\right)=10\),
631385404345,2363870,English,other,other/631385404345.jpg,10/10,"Fill in the blanks with appropriate preposition: Drug addiction has become a serious social problem (a) _____ Bangladesh, especially (b) _____ young people. Many youths fall (c) _____ addiction due (d) _____ peer pressure, frustration, and lack (e) _____ proper guidance. In some cases, drug dealers take advantage (f) _____ unemployed youths and lure them (g) _____ criminal activities. Families often suffer (h) _____ emotional and financial stress because ( i ) _____ addiction. Effective measures must be taken (j) _____ control this growing problem.",,\(\left(01\times 10\right)=10\),
733554499824,2363870,English,other,other/733554499824.jpg,8/10,"Fill in the blanks with suitable articles: Lake Baikal is known as (a) _____ deepest freshwater lake in the world and is situated in (b) _____ Siberia. It holds almost one-fifth of (c) _____ world’s unfrozen fresh water. Due to (d) _____ unique ecosystem, the lake supports (e) _____ wide variety of rare plants and animals found nowhere else. During (f) _____ winter season, (g) _____ surface of the lake freezes completely. This natural phenomenon turns Baikal into (h) _____ vast sheet of ice, creating ( i ) _____ spectacular sight that attracts tourists from around (j) _____ world.",,\(\times \) \(\left(01\times 10\right)=10\),
983161214272,2363870,English,other,other/983161214272.jpg,2/5,"Answer the following questions according to the instructions: (a) Which collective noun is used to describe a number of sheep? (b) What type of phrase the underlined part is- “He could not go to school on account of illness.”? (c) ‘The experiment has been a resounding success’. Here ‘resounding’ means- (d) What is the meaning of the proverb, ‘The pot calling the kettle black? (e) Which one is the correct sentence? (i) Neither of those mattresses feel comfortable. (ii) Neither of those mattresses are feeling comfortable. (iii) Neither of those mattresses feels comfortable. (iv) Neither of those mattresses have felt comfortable.",,\(\times \),
911270617490,2363870,English,other,other/911270617490.jpg,2/5,Change the following words as instructed in the brackets : (a) I nquisitive (synonym) (b) Patriot (adjective) (c) Inimical (antonym) (d) Propound (synonym) e) Sire (feminine),,\(\times \),
257947579637,2363870,English,other,other/257947579637.jpg,5/5,Transform the following sentences as directed : (a) Only Allah can help us. (Make it negative) (b) My hair grows very fast. (Make it exclamatory) (c) Let the boy be warned. (Make it active) (d) I read books for pleasure. (Make it complex) (e) I am sure that he will succeed. (Make it simple),,\(\times \),
313736793650,2363870,English,other,other/313736793650.jpg,3/5,Answer the following questions : (a) The idiom ‘going south’ refers to _____. (b) British Bangalis are _____ important part of _____ Bangladeshi diaspora who are living abroad. (Use appropriate articles in the gaps.) (c) What is the adjective of the word “Enthusiasm”? (d) What does the phrase “Sine Die” mean? (e) Pick the correct sentence: ( i ) I owe to you (ii) I am owing to you (iii) I owe you (iv) I owe at you,,\(\times \),
370622770051,2363870,ICT,other,other/370622770051.jpg,10/10,Write the Boolean expression for the logic circuit shown below and construct its truth table.,[ চিত্রে দে খানো লজিক বর্তনীর বুলিয়ান সম্পক লিখ এবং এর ট্রু থ ে টবিল তৈরি কর। ],\(Y=AB+\overline{A}\overline{B}\) \(=\) \(\overline{A⊕B}\) \(Y=AB+\overline{A}\overline{B}\) \(=\) \(\overline{A⊕B}\),
909400985932,2363870,ICT,other,other/909400985932.jpg,10/10,Write the Boolean expression for the logic circuit shown in the figure and create its truth table.,[ চিত্রে দে খানো লজিক বর্তনীর বুলিয়ান সম্পক লিখ এবং এর ট্রু থ ে টবিল তৈরি কর। ],\(Y=AB+\overline{A}\overline{B}\) \(Y=AB+\overline{A}\overline{B}\),
591701531531,2363870,English,other,other/591701531531.jpg,4/5,Fill in the gaps with appropriate articles: (a) __ Mr. Rahim called at my office. (b) He struck me on___ head. (c) I see you are __ Wordsworth. (d) Cholera has broken out in___ village. (e) He has___ red and white horse.,,\(\left(01\times 05\right)=05\),
871743095181,2363870,English,other,other/871743095181.jpg,4/5,Rewrite the following sentences using right form of verbs: (a) I (to finish) long before you get back. (b) Rima talks as if she (to be) a leader. (c) The light went out while we (to have) our supper. (d) He (go) to bed before I came. (e) You had better (to take) rest.,,\(\left(01\times 05\right)=05\),
191042040579,2363870,English,other,other/191042040579.jpg,4/5,"Transform the following sentences as directed: (a) In 1980 s, Maradona was the most popular footballer in the world. (Make it positive) (b) No other virtue in a man’s life is as important as honesty. (Make it comparative) (c) When I saw him, I told him the fact. (Make it passive) (d) Bad temper should be controlled for our own sake. (Make it active) (e) Very few persons were as vindictive as Rajib. (Make it superlative)",,\(\left(01\times 05\right)=05\),
678773694417,2363870,English,other,other/678773694417.jpg,3/5,Fill in the gaps with appropriate preposition: (a) The driver stopped just__ time to avoid an accident. (b) Mills and factories in our country throw poisonous chemicals and waste products___ water. (c) The guard left the office key___ security-in-charge. (d) Quinine cures a man___ malaria. (e) Virtue will prevail___ evils one day.,,\(\left(01\times 05\right)=05\),
550690176367,2363870,English,other,other/550690176367.jpg,5/5,Write down a short paragraph on ‘Price Hike’.,,"‘Price Hike’ Price hike, or the increase in the cost of daily essential commodities, is one of the most talked-about issues at present. In our country, it has become a regular phenomenon. The prices of daily necessities are soaring sky-high and going beyond the reach of the poor and lower-middle-class people. There are several causes behind this price hike. Hoarding of essential goods by dishonest businessmen is one of the major reasons. Smuggling and black marketing by traders and others are also significant contributors to the price rise. Many dishonest individuals have earned huge amounts of black money through these illegal means, causing great suffering to the public. Shortage of supply due to low production further accelerates the price hike of essential items. At present, syndicate-based business operations have worsened the situation. Due to inflation, the crisis is more acute in our country. The government's mechanism to curb price hike is often ineffective. Many poor villagers cannot afford two square meals a day. As a result, they frequently suffer from malnutrition and other diseases, and some even die without receiving proper medical treatment. Public awareness against illegal hoarders, smugglers, and black marketeers is essential to remove this curse from the country. Marks Distribution: 0.5 mark for writing the title: Price Hike 01 mark for explaining what price hike is and its current relevance. 1.5 marks for describing the causes such as hoarding, smuggling, black marketing, and syndicates. 01 mark for explaining the effects on poor people and their health. 01 mark for suggesting solutions like public awareness and government action. Instructions: * Students must write it within one single para. If it becomes more than one para , 50% marks must be deducted from the deserved marks. * Students must write it within the 100 word-limit. For exceeding the 100 words limit, 0.5 marks have to be deducted from the deserved marks. * 0.5 mark will be deducted for one or two (spelling or grammatical) mistakes and 01 mark for three or more (spelling or grammatical) mistakes.",
104793650627,2363870,English,other,other/104793650627.jpg,5/2,"Summarize the poem below: I will arise and go now, and go to Innisfree, And a small cabin build there, of clay and wattles made: Nine bean-rows will I have there, a hive for the honeybee, And live alone in the bee-loud glade. And I shall have some peace there, for peace comes dropping slow, Dropping from the veils of the morning to where the cricket sings; There midnight’s all a glimmer, and noon a purple glow, And evening full of the linnet’s wings. I will arise and go now, for always night and day I hear lake water lapping with low sounds by the shore; While I stand on the roadway, or on the pavements grey, I hear it in the deep heart’s core.",,"Summary: The speaker longs to escape busy life and live in peace at Innisfree. He imagines a quiet cabin, natural beauty, and the gentle rhythm of bees, birds, and lake water. Though in the city, he carries the sound of Innisfree within his heart. The poem shows the deep human desire for solitude and peace through nature. Marks Distribution: 0.5 mark for mentioning desire to escape. 01 mark for referring to nature and peaceful life. 01 mark for showing emotional connection to Innisfree. Instructions: ** Students have to write within 55 words . If write more than that, 0.5 mark will be deducted . Comment: Write not more than one third of the text/ Write within one third of the text. ** For one or two (spelling or grammatical) mistakes 0.5 mark has to be deducted and three or more (spelling or grammatical) mistakes 01 mark has to be deducted.",
476135194518,2363870,English,other,other/476135194518.jpg,5/2,Re-write the sentences with the right form of verbs: (a) Neither Talha nor his brothers (be) present in the family meeting yesterday. (b) I was looking forward to (hear) from you. (c) The poor (be) always neglected by society. (d) Ammar despises (take) exercise. (e) She got me (fix) her computer.,,\(\times \),
259307431957,2363870,English,other,other/259307431957.jpg,5/2,"Fill in the gaps with appropriate words: World Environment Day, observed on June 5, is a global event aimed at raising (a) _____ about environmental issues. Every year, a different theme is chosen to (b) _____ focus on pressing concerns like pollution, deforestation, or climate change. Governments, schools, and NGOs organize programs to (c) _____ public participation in green initiatives. Citizens engage in activities such as planting trees, cleaning drives, and (d) _____ awareness campaigns. The day serves as a reminder of our (e) _____ to protect and preserve the planet.",,\(\times \),
747889271443,2363870,English,other,other/747889271443.jpg,5/5,Write a Paragraph on ‘ Unlocking the Benefits of Space Exploration’.,,"Unlocking the Benefits of Space Exploration Space exploration has always captured human imagination, pushing the boundaries of what we know about the universe and our place within it. Beyond the thrill of discovery, space exploration has brought tangible benefits to humanity. Technologies developed for space missions have found everyday applications, such as satellite communication that enables global connectivity and GPS systems that revolutionize navigation. Scientific research conducted in space helps us understand Earth’s climate, weather patterns, and natural disasters more clearly, improving our ability to respond and adapt. Moreover, exploring other planets fuels innovation, inspires new generations of scientists and engineers, and encourages international cooperation. As we continue to explore the cosmos, the knowledge gained can lead to solutions for critical challenges like resource scarcity and environmental sustainability. In essence, space exploration is not only about reaching stars but also about improving life on our planet and securing a better future for generations ahead. Marks distribution: 0.5 mark for writing the title “ Unlocking the Benefits of Space Exploration” 1.5 marks for writing about “ Space Exploration ” 1.5 marks for writing about relevant innovations and uses in real life. 1.5 marks for writing about benefits & future possibilities of space exploration. Instructions: * Students must write it within one single para. If it becomes more than one para , 50% marks must be deducted from the deserved marks. * Students must write it within the 100 word-limit. For exceeding the 100 words limit, 0.5 marks have to be deducted from the deserved marks. * 0.5 mark will be deducted for one or two spelling mistakes and 01 mark for three or more spelling mistakes.",
350483993694,2363870,English,other,other/350483993694.jpg,5/2,"Correct the verb errors in the following passage and rewrite it. The tech startup, including its remote teams, face difficulties in maintaining workflow continuity. One of the main problems are that the software tools fails to integrate properly. The IT department doesn’t respond quickly to tickets. Productivity has dropped by 15% since the last quarter, and management begin reassessing project deadlines. Neither the CEO nor the managers was available for comment. The situation requires immediate action.",,\(\times \),
296716673649,2363870,English,other,other/296716673649.jpg,5/2,Identify the parts of speech of the underlined words of the following sentence : (a) People from all walks of life ended the meeting. (b) Thou art not so unkind. (c) Adolescents are different both from young children and adults. (d) He is small but mighty. (e) The very idea of it is absurd.,,(a) noun (b) verb (c) adjective (d) adjective (e) adjective Mark Distribution: (0.5×5) = 2.5 marks for identifying the correct parts of speech of the underlined words.,
837802153286,2363870,English,other,other/837802153286.jpg,5/2,Complete the following sentences: (a) The teacher brought three ____ (bookcase / bookcases) with him. (b) The man bought five ____ (dozen / dozens) bananas from the shop. (c) Time is money and money ____ (save / saves) time. (d) People may have many ____ (hobby / hobbies) based on their interest. (e) We are going for a tour to the Sundarbans for five ____ (day / days),,(a) bookcases (b) dozen (c) saves (d) hobbies (e) days Mark Distribution: (0.5×5) = 2.5 marks for completing the following sentences.,
869830294338,2363870,English,other,other/869830294338.jpg,5/5,Write a short paragraph on “An Ideal University” within 10 sentences.,,"An Ideal University An ideal university is a place where knowledge, innovation, and diversity thrive together. It offers a safe, inclusive environment that encourages critical thinking and open dialogue. Professors are not just experts in their fields but also passionate mentors who inspire students. The curriculum balances theory with practical experience, preparing students for real-world challenges. Cutting-edge research facilities and access to the latest technology support academic excellence. Students from different backgrounds feel valued and included, fostering global perspectives. Sustainability and community engagement are core values, guiding both campus operations and educational goals. The university promotes mental well-being and personal growth alongside academic success. Opportunities for internships, study abroad, and interdisciplinary learning are abundant. Ultimately, an ideal university shapes responsible, curious, and compassionate leaders for the future. Marks Distribution: For writing the Title "" An Ideal University "" – 0.5 mark. For mentioning the key features that define an ideal university – 01 mark. (Examples may include: Knowledge and innovation, Safe and inclusive environment, Access to technology, Global perspective, Diversity, Qualified and inspiring professors.) For explaining the importance of an ideal university – 3.5 marks Look for points such as: (Prepares students for real-world challenges, fosters personal growth and leadership, promotes research and academic excellence, supports mental well-being and critical thinking, Contributes to sustainable and responsible global citizenship) * Instructions: *Must be written in one single paragraph. If more than one paragraph: 50% of deserved marks will be deducted. *Must be within 10 Sentences. If more than 10 Sentences: 0.5 mark will be deducted from deserved total. * For every 3 grammar or spelling mistakes, deduct 01 mark from the total.",
468887044968,2565779,ICT,other,other/468887044968.jpg,8/10,Prepare a Truth Table for the logic circuit shown in Figure.,[ চিত্রে প্রদশর্িত লজিক বর্তনীটির জন্য ট্রু থ ে টবিল তৈরি কর। ],\({y}_{1}=\overline{AB}\ \) \(\ {y}_{2}=\overline{A{y}_{1}}=\overline{A.\ \overline{AB}}=\overline{A(\overline{A}+\overline{B})}=\overline{A\ \overline{B}}=\overline{A}+B\) \({y}_{3}=\overline{B{y}_{1}}=\overline{B.\ \ \overline{AB}}=\overline{B.\left(\overline{A}+\overline{B}\right)}=\overline{B.\ \overline{A}}=\overline{B}+A\) \(Y=\overline{{y}_{2}{\ y}_{3}}=\overline{{y}_{2}}+\overline{{y}_{3}}=\overline{\overline{A}+B}+\overline{\overline{B}+A}\) \(=\overline{\overline{{A.}}}\ \overline{B}+\overline{\overline{{B.}}}\ \overline{A}=A.\ \overline{B}+B.\ \overline{A}\) \(=A⊕B\),নম্ব র বণ্টনঃ \({y}_{1}=\overline{AB}\ \) ; নির্ণয় করার জন্য ০১ নম্ব র । \({y}_{2}=\overline{A}+B\) ; নির্ণয় করার জন্য ০১ নম্বর। \({y}_{3}=\overline{B}+A\) ; নির্ণয় করার জন্য ০১ নম্বর। \(Y=A⊕B\) ; নির্ণয় করার জন্য ০২ নম্ব র ।
317849505929,2565779,ICT,other,other/317849505929.jpg,10/10,Write the Boolean expression for the logic circuit shown in the figure and create its truth table.,[ চিত্রে দে খানো লজিক বর্তনীর বুলিয়ান সম্পক লিখ এবং এর ট্রু থ ে টবিল তৈরি কর। ],বুলিয়ান সম্পক : \(Y=AB+\overline{A}\overline{B}\),নম্ব র বণ্টনঃ \(Y=AB+\overline{A}\overline{B}\) ; ে লখার জন্য ০৪ নম্ব র । সঠিকভাবে ট্রু থ ে টবিল তৈরি করার জন্য ০৬ নম্ব র ।
445600693394,2565779,Biology,other,other/445600693394.jpg,5/2,,অ্যাডা±র পেশি ও অ্যাবডাকটর পেশির একটি করে উদাহরণ দাও। রৈখিক পেশির তিনটি কাজ বর্ণনা কর।,"অ্যাডা±র পেশি: লাটিসিমাস ডরসি। অ্যাবডা±র পেশি: ডেলটয়েড। রৈখিক পেশির কাজ: মানবদেহে বিদ্যমান ৬৫৬টি কঙ্কাল বা ঐচ্িছকপেশি সমন্বিতভাবে নিচে বণর্িত প্রধান কাজগুলো সম্পন্ন করে। (র) ব্যক্তির ইচ্ছা অনুযায়ী নিয়ন্ি¿ত হয়ে অঙ্গ-প্রতঙ্গ সআালনে ও চলনে সহায়তা করে। (রর) অস্িথর সাথে সংযুক্ত থেকে দেহের আক…তি প্রদান করে, দেহভঙ্গি নিয়ন্¿ণ করে এবং অভ্যন্তরীণ অঙ্গগুলোকে সুরক্ষিত রাখে। (ররর) এরা দেহের তাপ নিয়ন্¿ণ করে। (রা) উত্তেজনায় উদ্দীপিত হয়ে প্রতিবর্তী ক্রিয়ায় সহায়তা করে।",নম্বর বণ্টন: লাটিসিমাস ডরসি লেখার জন্য ০.৫ নম্বর। ডেলটয়েড লেখার জন্য ০.৫ নম্বর। রৈখিক পেশির তিনটি কাজ লেখার জন্য (০.৫ \(\times \) ৩) = ১.৫ নম্বর।
589089841263,2565779,Biology,other,other/589089841263.jpg,5/2,,সরল টিসু্য ও জটিল টিসু্যর মধ্যে পা্চটি পার্থক্য লিখ।,"সরল টিসু্য ও জটিল টিসু্যর মধ্যে পা্চটি পার্থক্য নিম্নরূপ : পার্থক্যের বিষয় → সরল টিসু্য → জটিল টিসু্য (র) গঠন → সরল টিসু্য একই ধরনের কোষ দ্বারা গঠিত → জটিল টিসু্য বিভিন্ন ধরনের কোষ দ্বারা গঠিত। (রর) প্রক…তি → এ টিসু্য সমসত্তa প্রকৃতির → এ টিসু্য অসমসত্তa প্রক…তির। (ররর) নালিকা বান্ডল → এ টিসু্য নালিকা বান্ডল গঠন করে না → এ টিসু্য নালিকা বান্ডল গঠন করে। (রা) প্রকারভেদ → সরল টিসু্য তিন প্রকার; যথা- প্যারেনকাইমা, কোলেনকাইমা ও স্ে‹্লরেনকাইমা → জটিল টিসু্য দুই প্রকার: যথা-জাইলেম ও ফ্লোয়েম। (া) তন্¿ গঠন → তaক, অধঃতaক, অন্তঃতaক, কটর্েক্স, ম¾া ইত্যাদি তন্¿ গঠন করে → জটিল টিসু্য মিলিতভাবে উ™্ভিদের পরিবহনতন্¿ গঠন করে। (ার) কাজ → উ™্ভিদে খাদ্য সংশ্লেষ, খাদ্য সআয় ও যান্ি¿ক দৃঢ়তা প্রদানে সহায়তা করে → পানি ও খাদ্যরস সংবহন করে ও দৃঢ়তা প্রদান করে।",নম্বর বণ্টন: সরল টিসু্য ও জটিল টিসু্যর মধ্যে পা্চটি পার্থক্য লেখার জন্য; (০.৫ \(\times \) ৫ ) = ২.৫ নম্বর।
405653932731,2565779,Biology,other,other/405653932731.jpg,5/2,,অবাত শ্বসনে কত অণু অঞচ উৎপন্ন হয়? চধংঃব্ৎ বভভবপঃ ব্যাখ্যা কর।,অবাত শ্বসনে ২ অণু অঞচ উৎপন্ন হয়। ঈস্ট ছত্রাক হলো সুবিধাবাদী অবায়বীয় ছত্রাক। এটি যখন সবাত শ্বসন থেকে ফামর্েন্েটশন পদ্ধতিতে প্রত্যাবর্তন করে তখন সমপরিমাণ শক্তির জন্য ১৮ গুণ দ্রুত গ্লুকোজ মেটাবলাইজ করে। পুনরায় বায়বীয় অবস্থায় এলে গ্লাইকোলাইসিস হ্রাস পায়। বায়বীয় (ধবৎড়নরপ) শ্বসনে ফিরে আসার প্রেক্ষিতে গ্লাইকোলাইসিস হ্রাস পাওয়াকে বলা হয় চধংঃব্ৎ বভভবপঃ.,নম্বর বণ্টন: ২ অণু লিখলে ০.৫ নম্বর। ঈস্ট ছত্রাক হলো সুবিধাবাদী অবায়বীয় ছত্রাক। এটি যখন সবাত শ্বসন থেকে ফামর্েন্েটশন পদ্ধতিতে প্রত্যাবর্তন করে তখন সমপরিমাণ শক্তির জন্য ১৮ গুণ দ্রুত গ্লুকোজ মেটাবলাইজ করে লিখলে ০১ নম্বর। পুনরায় বায়বীয় অবস্থায় এলে গ্লাইকোলাইসিস হ্রাস পায়। বায়বীয় (ধবৎড়নরপ) শ্বসনে ফিরে আসার প্রেক্ষিতে গ্লাইকোলাইসিস হ্রাস পাওয়াকে বলা হয় চধংঃব্ৎ বভভবপঃ লিখলে ০১ নম্বর।
759648094812,2565779,Biology,other,other/759648094812.jpg,2/2,"(i) X-ray, (ii) ECG, (iii) ETT, (iv) BNP, (v) MRI",হৃদরোগ নির্ণয়ে নিম্নলিখিত পরীক্ষাগুলোর গুরুতa উল্লেখ কর।,হৃদরোগ নির্ণয়: (র) ঢ-ৎধু- বুকের ঢ-ৎধু করানোর মাধ্যমে হৃৎপিণ্ডের অবস্থা জানা যায়। (রর) ঊঈএ ( ঊষবপঃৎড়পধৎফরড়মৎধস )- হৃৎপিণ্ডের প্রাথমিক রোগ নির্ণয়ে সাহায্য করে। (ররর) ঊঞঞ ( ঊীবৎপরংব ঞড়ষবৎধহপব ঞবংঃ )- এর সাহায্যে হৃৎপিণ্ডের অবস্থা বা কার্যক্ষমতা ভালোভাবে জানা যায়। (রা) ইঘচ- রক্তের ইঘচ (ইৎধরহ ঘধঃৎর্ৎবঃরপ চবঢ়ঃরফব) পরীক্ষার মাধ্যমে হার্ট ফেইলিউর সম্পকর্ে নিðিত হওয়া যায়। (া) গজও- হৃৎপিণ্ডের পেশির অবস্থা জানার জন্য গজও (গধমহবঃরপ জবংড়হধহপব ওসধমরহম) পরীক্ষা করা হয়।,নম্বর বণ্টন: ৫টি পরীক্ষার গুরুতa লিখলে (০.৫ \(\times \) ৫) = ২.৫ নম্বর।
286136288551,2565779,Biology,other,other/286136288551.jpg,2/2,,আলোকশ্বসন প্রক্রিয়া প্রক …ত শ্বসন নয় ে কন ? এর সাথে জড়িত তিনটি অঙ্গানুর নাম লিখ ।,আলোকশ্বসন প্রক্রিয়া প্রক …ত শ্বসন নয় কারণ : আলোকশ্বসন প্রক্রিয়ায় কার্বন ে যৌগ ভেঙ্গে \(C{O}_{2}\) নির্গত হয় ও \({O}_{2}\) গৃহীত হয়। কিন্তু এ প্রক্রিয়ায় কোনো অঞচ উৎপন্ন হয় না বলে এ প্রক্রিয়াকে প্রক …ত শ্বসন বলা যায় না । এর সাথে জড়িত তিনটি অঙ্গানুর নাম : ( র ) ে ক্লারোপ্লা স্ট (রর) পারঅি ক্সে সাম (ররর) মাইটোকন্ড্রিয়া ।,নম্ব র বণ্টন : আলোকশ্বসন প্রক্রিয়ায় কার্বন ে যৌগ ভেঙ্গে \(C{O}_{2}\) নির্গত হয় ও \({O}_{2}\) গৃহীত হয়। কিন্তু এ প্রক্রিয়ায় কোনো অঞচ উৎপন্ন হয় না লিখলে ০১ নম্ব র । তিনটি অঙ্গানুর নাম লিখলে (০.৫ \(\times \) ৩) = ১.৫ নম্বর।
766654826717,2565779,Biology,other,other/766654826717.jpg,5/2,,টিসু্য কালচার ও রিকম্বিনেন্ট উঘঅ প্রযুক্তির মধ্যে ৫টি পার্থক্য লিখ।,"টিসু্য কালচার ও রিকম্বিনেন্ট উঘঅ প্রযুক্তির মধ্যে পার্থক্য: টিসু্য কালচার: (র) জীবদেহের বিচ্িছন্ন করা কোনো বিভাজনক্ষম টিসু্য ক…ত্রিম পুষ্টি মাধ্যমে কালচার (আবাদ) করে চারা উ™্ভিদ সৃষ্টি বা টিসু্য বৃদ্ধির (প্রাণীর ক্ষেত্রে) প্রক্রিয়াই হলো টিসু্য কালচার। (রর) এ পদ্ধতিতে অল্প সময়ের মধ্যে অধিক সংখ্যক উ™্ভিদের চারা উৎপাদন করা সম্ভব। (ররর) ভাইরাস ও রোগমুক্ত উ™্ভিদ সৃষ্টির জন্য ব্যবহার হয়। (রা) অপেক্ষাক…ত কম জটিল প্রক্রিয়া। (া) এক্ষেত্রে প্লাসমিডের প্রয়োজন হয় না, কারণ জিন স্থানান্তরণ বিনিময়ের কোনো সুযোগ নেই। (ার) এক্ষেত্রে জিন ম্যানিপুলেশন করে জীবের জিনোটাইপ পরিবর্তন করা হয় না। (ারর) উৎপন্ন উ™্ভিদ মাত…উ™্ভিদের সমগুণসম্পন্ন হয়। রিকম্বিনেন্ট উঘঅ প্রযুক্তি: (র) কোনো জীবের উঘঅ- তে ভিন্ন উৎস থেকে সংগৃহীত এক বা একাধিক কা•িক্ষত জিন বা উঘঅ খণ্ড সংযুক্ত করে সংকর (হাইব্রিড) উঘঅ তৈরির কেৌশলই হলো রিকম্বিনেন্ট উঘঅ প্রযুক্তি। (রর) এ পদ্ধতিতে অল্প সময়ের মধ্যে আকা•িক্ষত বৈশিষ্ট্যসম্পন্ন উ™্ভিদ উৎপাদন করা সম্ভব নয়। (ররর) কা•িক্ষত বৈশিষ্ট্যসম্পন্ন উ™্ভিদ সৃষ্টিতে ব্যবহৃত হয়। (রা) অপেক্ষাক…ত বেশি জটিল প্রক্রিয়া। (া) এক্ষেত্রে প্লাসমিডের প্রয়োজন হয়, কারণ জিন স্থানান্তর বা বিনিময়ের সুযোগ রয়েছে। (ার) এক্ষেত্রে জিন ম্যানিপুলেশন করে জীবের জিনোটাইপ পরিবর্তন করা হয়। (ারর) উৎপন্ন জীব প্যারেন্ট জীব থেকে ভিন্নগুণসম্পন্ন। নম্বর বন্টন: টিসু্য কালচার ও রিকম্বিনেন্ট উঘঅ প্রযুক্তির মধ্যে ৫টি পার্থক্য লেখার জন্য (০.৫ \(\times \) ৫) = ২.৫ নম্বর।",
677931631508,2565779,Bangla,other,other/677931631508.jpg,,,"নিচের শã গুে লার দ ুইটি করে সমা র্থক শã ে লখ : গিরি , সমীর , বিহঙ্গ, নীলিমা , অনল ।","সমা র্থক শã : গিরি-পর্বত , ৈ শল , পাহাড় , অদ্রি, ভূধর , মহীধর , নগ , শৃঙ্গধর, অগ, ক্ষিতিধর , ে মদিনীধর , পৃথিবীধর , পৃথa ীধর , অবনীধর , ধরণিধর , ধরাধর , বসুধাধর । সমীর-বায়ু , পবন , মরুৎ , গন্ধবহ , প্রভÄন , মলয় , সমীরণ , অনিল , মারুত , বাত , বায় , পবমান , সদাগতি , নভঃশ্বাস , অগি্নসখ , বহ্নিসখ , জগদ্বল , গন্ধবাহ , বাতাস , শãবহ , হাওয়া । বিহঙ্গ-পাখি, বিহগ , খগ, ে খচর , পক্ষী , চিড়িয়া , বিহঙ্গম, শকুন্ত , দ্বিজ , অণ্ডজ, পতগ , পত্রী , পক্ষধর , পাখপাখালি । নীলিমা-আকাশ , গগন , অন্তরিক্ষ , অম্ব র , ে ব্যাম , নভঃ , আসমান , নভোমন্ডল , দু্যে লাক , অজ্ঞ , শূন ্য, অনন্ত , সুরপ থ, খলোক , খগোল , নক্ষত্রলোক , নভোলোক , নভস্তল , নভস্থল , খ, শূন ্যে লাক । অনল-অগি্ন , আগুন , বহ্নি , পাবক , হুতাশন , পিঙ্গল, ৈ বশ্বানর , জaলন , ক… শানু , শিখাবৎ , শিখিন , বায়ুসখা , হুতভুক , শুচি , বিশ্বপা , হিমারাতি , বায়ুসখ , অনিলসখ , স্াংশু , হবিরশন , সর্বভুক ।",নম্ব র বণ্টনঃ প্রত্যেকটি শãের ২টি সঠিক সমা র্থক শã ে লখার জন্য (০.২৫ \(\times \) ২) = ০.৫ নম্বর। ৫টি শãের সঠিক সমা র্থক শã ে লখার জন্য (০.৫ \(\times \) ৫) = ২.৫ নম্বর। [বি. দ্রঃ শãের বানান ভুল করলে ০.২৫ নম্ব র কাটা যাবে ।]
887624934364,2565779,Biology,other,other/887624934364.jpg,5/2,,ে মরুদ ণ্ডী ও অ মেরুদ ণ্ডী প্রাণি দে র মধে ্য পা্চটি পার্থক ্য লিখ ।,"ে মরুদণ্ডী ও অ মেরুদণ্ডী প্রাণি দে র মধে ্য পার্থক ্য নিম্নরূপ : পার্থে ক্যর বিষয় → ে মরুদণ্ডী প্রাণী : ( র ) ে মরুদণ্ড \(\rightarrow \) পৃষ্ঠ-মধ্যরেখা বরাবর অবস্িথত ও কশেরুকাযুক্ত। (রর) স্নায়ুর¾ু \(\rightarrow \) ফা্পা, দেহের পৃষ্ঠদেশে অবস্িথত ও গ্যাংলিয়নযুক্ত। (ররর) প্রতিসাম ্য \(\rightarrow \) দ্বিপাশ্বর্ীয়। (রা) হৃৎপিণ্ড \(\rightarrow \) দেহের অঙ্কীয়দেশে। (া) হিমোগ্লোবিন \(\rightarrow \) সবসময় লোহিত কণিকার অভ্যন্তরে। (ার) মস্িত ®‹ \(\rightarrow \) সবসময়ই থাকে এবং করোটির অভ্যন্তরে সুরক্ষিত। (ারর) ে পৌষ্টিকনালি \(\rightarrow \) স্নায়ুর¾ুর অঙ্কদিকে অবস্িথত। (াররর) ে হপাটিক ে পার্টালতন্ ¿ \(\rightarrow \) বিদ্যমান। ( রী) গলবিলীয় ফুলকারন্ধ ্র \(\rightarrow \) বিদ্যমান। ( ী) পায়ু পðাৎ ে লজ \(\rightarrow \) বিদ্য মান । পার্থে ক্যর বিষয় → অমেরুদণ্ডী প্রাণী : (র) মেরুদণ্ড \(\rightarrow \) অনুপস্িথত। (রর) স্নায়ুর¾ু \(\rightarrow \) নিরেট, দেহের অঙ্কীয়দেশে অবস্িথত ও গ্যাংলিয়নবিহীন। (ররর) প্রতিসাম্য \(\rightarrow \) অপ্রতিসম, অরীয় বা দ্বিপাশ্বর্ীয়। (রা) হৃৎপিণ্ড \(\rightarrow \) যদি থাকে তবে পৃষ্ঠদেশে। (া) হিমোগ্লোবিন \(\rightarrow \) যদি থাকে তবে রক্তরসে দ্রবীভূত অবস্থায়। (ার) মস্িত®‹ \(\rightarrow \) যদি থাকে, তবে তা করোটি দিয়ে আবৃত নয়। (ারর) পেৌষ্টিকনালি \(\rightarrow \) স্নায়ুর¾ুর পৃষ্ঠদিকে অবস্িথত। (াররর) হেপাটিক পোর্টালতন্¿ \(\rightarrow \) অনুপস্িথত। ( রী) গলবিলীয় ফুলকারন্ধ্র \(\rightarrow \) অনুপস্িথত। ( ী) পায়ু পðাৎ লেজ \(\rightarrow \) অনুপস্িথত।",নম্বর বণ্টন: মেরুদ ণ্ডী ও অমেরুদ ণ্ডী প্রাণিদের মধ্যে পা্চটি পার্থক্য লেখার জন্য (০.৫ \(\times \) ৫) = ২.৫ নম্বর।
628805882337,2565779,Bangla,other,other/628805882337.jpg,,,"Òউপসগর্ের অর্থবাচকতা নেই, কিন্তু অর্থদ্যোতকতা আছে।""- উদাহরণসহ উক্তিটি বিশ্লেষণ কর।","বাংলা ভাষায় এমন কতকগুলো অর্থহীন শãাংশ বা শã খণ্ড রয়েছে যেগুলো স্বাধীন শã হিসেবে বাক্যে ব্যবহৃত হতে পারে না। এগুলো অন্য শãের আগে বসে এর প্রভাবে নতুন অর্থবোধক শã তৈরি করে এবং শãের অথর্ের পূর্ণতা সাধিত হয় কিংবা শãের অথর্ের সম্প্রসারণ অথবা সংকোচন ঘটে। ভাষায় ব্যবহৃত এসব অর্থহীন শãাংশ বা শã খণ্ডের নাম উপসর্গ। উপরিউক্ত সংÁাথর্ে প্রমাণ করে যে, নাম শã বা ক…দন্ত শãের সঙ্গে যুক্ত না হয়ে স্বাধীনভাবে থাকলে উপসগর্ের কোনো অর্থ নেই। যেমন: উপ, প্রতি, বি ইত্যাদি উপসর্গগুলোর কোনো অর্থবাচকতা নেই অর্থাৎ নিজস্ব কোনো অর্থ নেই। কিন্তু অর্থদ্যোতনা আছে অর্থাৎ অন্য শãের আগে বসে অর্থদ্যোতক হয়ে ওঠে। যেমন: উপ + হার= উপহার (পারিতোষিক/উপঢেৌকন), প্রতি + বেশী = প্রতিবেশী (নিকট আত্মীয়); বি + হার = বিহার (জ্ঞমণ)। উপসর্গ যুক্ত হলে সাধারণত শãের প্াচ ধরনের পরিবর্তন ঘটে। যেমন: ১. নতুন অর্থবোধক শãের সৃষ্টি হয়। যেমন কাজ থেকে অকাজ (অর্থহীন)। ২. শãের অর্থ পরিপূর্ণ হয়ে ওঠে। যেমন: কাল থেকে বিকাল (অপরাহè)। ৩. শãের অর্থ সম্প্রসারিত হয়। যেমন: দান থেকে প্রতিদান (অনুরূপ) ৪. শãের অথর্ের সীমানা সংকুচিত হয়। যেমন: হার থেকে প্রহার (মারা) ৫. শãের অথর্ের পরিবর্তন ঘটে। যেমন: দ্বীপ থেকে উপদ্বীপ (ক্ষুদ্র ভূখণ্ড) উপসগর্ের উপযুক্ত সংÁার্থ, প্রক…তি ও ভূমিকা বিশ্লেষণ করলে তাদের যে বৈশিষ্ট্য পাওয়া যায় তা হচ্েছ- উপসর্গগুলো প্রত্যেকটি এক একটি শãাংশ বা শãখণ্ড। এদের নিজেদের কোনো অর্থ নেই, বা পৃথকভাবে ব্যবহৃত হয় না। কেবল ধাতু বা শãের পূবর্ে যুক্ত হলেই এরা শã গঠন করে এবং অথর্ের বৈচিত্র ‍ ্য সাধন ক ে র। উপয ু ক্ত উদাহরণসমূ ে হ যু ক্ত প ্র , পরি, উপ, অনু ইত ্য াদি উপসগ গুে লার আলাদাভা ে ব ে কা ে না অথ ে নই; অথচ এ গুে লা ধাতু বা শ ãে র পূ ে ব যু ক্ত হ ে য় অ ে থ র নানা ধর ে নর পরিবত ন সাধন করার পাশাপাশি নতুন শ ã গঠন ক ে র ে ছ। সুতরাং একথা নিি দ্র্ব ধায় বলা যায় ে য, ""উপস ে গ র অথ বাচকতা ে নই, কি ন্তু অথ ে দ ্য াতকতা আছে"" উক্তিটি যথার্থ।","নম্বর বণ্টনঃ উপসগর্ের সংÁা লেখার জন্য ০১ নম্বর। উপসগর্ের অর্থবাচকতা নেই- বুঝানোর জন্য ০১ নম্বর। দুটি উপসর্গ উদাহরণসহ লেখার জন্য (০.৫ \(\times \) ২)= ০১ নম্বর। ( যেমন : প্রতি, বি, প ্র , পরি, উপ ইত্যাদি) উপসগর্ের অর্থদ্যোতনা আছে - বুঝানোর জন্য ০১ নম্বর। অর্থপূর্ণ উপসর্গযুক্ত দুটি শã উদাহরণের জন্য (০.৫ \(\times \) ২) = ০১নম্বর। ( যেমন : উপদ্বীপ, প্রহার, প্রতিদান, উপহার ইত্যাদি)"
135004844889,2565779,English,other,other/135004844889.jpg,,"Read the following extract and answer questions that follow: I wandered lonely as a cloud That floats on high o’er vales and hills, When all at once I saw a crowd, A host, of golden daffodils; Beside the lake, beneath the trees, Fluttering and dancing in the breeze. ( a) Identify and explain any one literary device used in the extract. ( b) How does the imagery of the “host of golden daffodils” contribute to the poem’s emotional tone?",,"(a) Wordsworth uses personification by describing the daffodils as “fluttering and dancing.” This human-like quality creates a vivid, joyful image that mirrors the poet’s lifted spirits. (b) The image of countless bright, dancing daffodils evokes a feeling of beauty and elation. It transforms the poet’s loneliness into joy, reflecting the restorative power of nature. Marks Distribution: For writing, Wordsworth uses personification by describing the daffodils as “fluttering and dancing.” This human-like quality creates a vivid, joyful image that mirrors the poet’s lifted spirits ; 1.5 marks. For writing, the image of countless bright, dancing daffodils evokes a feeling of beauty and elation. It transforms the poet’s loneliness into joy, reflecting the restorative power of nature ; 01 mark. [ N.B: 0.5 mark will be deducted for two grammar or spelling mistakes, 01 mark for three or more grammar or spelling mistakes.]",
783780835310,2565779,Bangla,other,other/783780835310.jpg,,,"ভাব-সম্প্রসারণ কর: পথ পথিকের সৃষ্টি করে না, পথিকই পথের সৃষ্টি করে।","ভাব-সম্প্রসারণ: পথ ও পথিক পরস্পর সম্পকর্িত। পথিকের পদভারে রচিত হয় নতুন পথ। জীবন সন্ধানী পথিক তার প্রয়োজনেই নতুন পথ ও পন্থা সৃষ্টি করে। পথ পথিকের স্রষ্টা নয়। মানবজীবন চআল, গতিময়। চলমানতা এর বৈশিষ্ট্য। নিজেকে চেনা ও অজানাকে জানার জন্য মানুষ নিরন্তর নানা-দিকে, নানা জায়গায় পরিজ্ঞমণ করে বেড়ায়। জীবনের উদ্দেশ্য সাধনের জন্য গতানুগতিক পথ পরিহার করে নতুন পথ ও পন্থা তার নিজেকেই তৈরি করে নিতে হয়। নিজের চেষ্টা ও সাধনায় নতুন পথ সৃষ্টি করে পথিক তার অভীষ্ট লক্ষ্যে পে্ৌছাতে তৎপর হয়ে ওঠে। জীবন পথের দুরন্ত পথিক জানে, পুরানো পথ অনুসরণ করে নতুন সম্ভাবনার দ্বার উন্মুক্ত করা যায় না। তাই তাকে নতুন পথের সন্ধান করতে হয়। সকল বাধা-বিঘ্ন অতিক্রম করে পথিক তার সৃষ্ট নতুন পথে এগিয়ে যায়। আর এভাবেই এগিয়ে চলার নেশায় অবিরাম চলতে গিয়ে পৃথিবীতে অসংখ্য পথ তৈরি হয়েছে; নিমর্িত হয়েছে মানবসভ্যতা। আমরা বর্তমানে যে পৃথিবীতে জীবনের পথ অতিক্রম করছি, সে পৃথিবী একসময় ছিল দুর্গম, দুরধিগম্য। তখন সভ্য জীবনযাপনের কোনো পথ ও পন্থা ছিল না বললেই চলে। মানুষ তার জীবন রক্ষা ও জীবন বিকাশের জন্য প্রয়োজন মতো পথ ও পন্থা তৈরি করতে বাধ্য হয়েছে। ফলে আজকের পৃথিবী হয়েছে মানুষের পদানত। জগতের ক…তি মানুষেরা তাদের জীবনের গতিময় পথ নিজেরাই তৈরি করেছেন এবং মানুষকে নতুন পথ সৃষ্টিতে অনুপ্রাণিত করেছেন। যুগে যুগে অসংখ্য উদ্যমী মানুষ অসংখ্য পথ সৃষ্টি করে মানুষের জীবনকে করেছেন সহজতর। সকল পথ ও পন্থা মানুষেরই তৈরি। কোনো পথ আপনা থেকে সৃষ্ট হয়ে মানুষকে তার পথিক হতে বলেনি। পথের নির্মাতা ও স্রষ্টা মানুষ নিজেই। নিজের সৃষ্ট পথেই মানুষ পথিকরূপে পৃথিবীর সকল প্রান্েত বিচরণ করে। পথ কখনো পথিক সৃষ্টি করেনি। বরং পথিকই নিত্য-নতুন পথের স্রষ্টা।","নম্বর বণ্টন: মানবজীবন চআল, গতিময়। চলমানতা এর বৈশিষ্ট্য - নির্ধারিত অংশে লেখার ভাব ঠিকমতো বোঝাতে পারলে ০.৫ নম্বর। জীবনের উদ্দেশ্য সাধনের জন্য গতানুগতিক পথ পরিহার করে নতুন পথ ও পন্থা তার নিজেকেই তৈরি করে নিতে হয় - নির্ধারিত অংশে লেখার ভাব ঠিকমতো বোঝাতে পারলে ০.৫ নম্বর। সকল বাধা-বিঘ্ন অতিক্রম করে পথিক তার সৃষ্ট নতুন পথে এগিয়ে যায়। আর এভাবেই এগিয়ে চলার নেশায় অবিরাম চলতে গিয়ে পৃথিবীতে অসংখ্য পথ তৈরি হয়েছে; নিমর্িত হয়েছে মানবসভ্যতা - নির্ধারিত অংশে লেখার ভাব ঠিকমতো বোঝাতে পারলে ০.৫ নম্বর। মানুষ তার জীবন রক্ষা ও জীবন বিকাশের জন্য প্রয়োজন মতো পথ ও পন্থা তৈরি করতে বাধ্য হয়েছে - নির্ধারিত অংশে লেখার ভাব ঠিকমতো বোঝাতে পারলে ০.৫ নম্বর। যুগে যুগে অসংখ্য উদ্যমী মানুষ অসংখ্য পথ সৃষ্টি করে মানুষের জীবনকে করেছেন সহজতর - নির্ধারিত অংশে লেখার ভাব ঠিকমতো বোঝাতে পারলে ০.৫ নম্বর। [বিঃ দ্রঃ দুইটি বানান ভুল করলে ০.৫ নম্বর, তিন বা ততোধিক বানান ভুল করলে ০১ নম্বর কাটা যাবে, তবে নির্ধারিত অংশে লেখার ভাব ঠিকমতো বোঝাতে না পারলে বরাদ্দক…ত নম্বর কাটা যাবে।]"
126279635542,2565779,Biology,other,other/126279635542.jpg,5/2,,সেক্স লিংকড ইনহেরিট্যাÝ কী? যেকোনো ৪টি সেক্স লিংকড ডিজিসের নাম ও লক্ষণ উল্লেখ কর।,"সেক্স ক্রোমোজোমের মাধ্যমে সেক্স লিংকড বৈশিষ্ট্যের বংশ পরম্পরায় সআারিত হওয়াকে সেক্স লিংকড ইনহেরিট্যাÝ বলে। মানুষে এ পর্যন্ত প্রায় ৬০টি (মতভেদে ৫০ টির অধিক) সেক্স লিংকড জিন পাওয়া যায়। সেক্স লিংকড ডিজিসের নাম \(\rightarrow \) লক্ষণ র. লাল- সবুজ বর্ণান্ধতা \(\rightarrow \) লাল ও সবুজ বণর্ের পার্থক্য বুঝতে না পারা। রর. হিমোফিলিয়া \(\rightarrow \) রক্ততআন বিলম্বিত হয়, ফলে ক্ষতস্থান থেকে অবিরাম রক্তক্ষরিত হয়ে মৃতু্য পর্যন্ত ঘটে। ররর. মাসকু্যলার ডিস্ট্রফি/ ডুশিনি মাসকুলার ডিস্ট্রফি \(\rightarrow \) পেশি জটিলতা, দশ বছর বয়সেই চলন শক্তি লোপ পাওয়া। রা. রাতকানা \(\rightarrow \) রাতে কোনো জিনিস স্পষ্ট দেখতে না পাওয়া। া. ডায়াবেটিস ইনসিপিডাস \(\rightarrow \) অস্বাভাবিক মূত্র ত্যাগ, শারীরিক অক্ষমতা। ার. ফ্রাজাইল ঢ সিনড্রম \(\rightarrow \) অটিজম ও মানসিক ভারসাম্যহীনতা দেখা দেয়। ারর. হাইপারট্রাইকোসিস \(\rightarrow \) সমগ্র দেহে ঘন লোমের উপস্িথতি। াররর. টেস্টিকুলার ফেমিনাইজেশন \(\rightarrow \) পুরুষ ধীরে ধীরে স্¿ীতে পরিণত হয়। রী. এ±োডার্মাল ডিসপ্লেসিয়া \(\rightarrow \) দ্াত, লোম ও ঘর্ম গ্রন্িথও অনুপস্িথতি। ী. মায়োপিয়া \(\rightarrow \) দূরের জিনিস ভালো করে দেখতে না পাওয়া। ীর. অপটিক এ্যাট্রোফি \(\rightarrow \) অপটিক নাভর্ের ক্ষয়িòুতা। ীরর. জুভেনাইল গ্লুকোমা \(\rightarrow \) চক্ষু গোলকের কাঠিন্য ও ছানিপড়া। ীররর. ইকথাইয়োসিস \(\rightarrow \) অমসৃণ আ্ইশময় তaক। ীরা. হোয়াইট ফোরলক \(\rightarrow \) মাথার চুলের আংশিক সাদা হওয়া। ীা. স্প্যাজটিক প্যারাপেলাজিয়া \(\rightarrow \) নিম্নাঙ্গ পেশির আংশিক অবশতা ও অনিয়ত কাঠিন্য।",নম্বর বণ্টন: সেক্স লিংকড ইনহেরিট্যাÝ এর সংÁা লিখলে ০.৫ নম্বর। ৪টি সেক্স লিংকড ডিজিসের নাম ও লক্ষণ লিখলে (০.৫ \(\times \) ৪) = ০২ নম্বর।
238954646941,2565779,English,other,other/238954646941.jpg,,"Compose a paragraph in approximately 100 words exploring how war between states affects economic progress, education, and human rights. Maintain a critical tone and present your points with clarity and logical flow.",,"War’s Shadow on Progress and Human Rights War between states is not just a political conflict, it is also a human crisis. Armed conflicts destroy infrastructure, displace populations, collapse economies, and halt education and healthcare systems. The Ukraine-Russia war, for example, disrupted global food supply chains, caused mass migrations, and shattered thousands of lives. Wars also consume national budgets, diverting resources from development to destruction. Children grow up without schooling, hospitals are reduced to rubble, and entire generations are psychologically scarred. Beyond physical damage, war fuels mistrust, division, and long-term instability. It reverses decades of progress in poverty reduction, education, and gender equality. Peace, on the other hand, allows nations to invest in people, not weapons. The true cost of war is measured not in borders won or lost, but in human potential wasted. To build a just and prosperous world, diplomacy must triumph over violence. Marks Distribution: For writing the Title “ War’s Shadow on Progress and Human Rights ”; 0.5 mark. For writing ; Introductory sentence; 01 mark. For writing ; Armed conflicts destroy infrastructure, displace populations, collapse economies, and halt education and healthcare systems ; 01 mark. For writing ; Wars also consume national budgets, diverting resources from development to destruction. Children grow up without schooling, hospitals are reduced to rubble, and entire generations are psychologically scarred ; 01 mark. For writing ; Beyond physical damage, war fuels mistrust, division, and long-term instability. It reverses decades of progress in poverty reduction, education, and gender equality ; 01 mark. For writing conclusion; 0.5 mark . [ Instructions: * Students must write it within one single para. If it becomes more than one para , 50% marks have to be deducted from the obtained marks. * 0.5 mark will be deducted for one or two grammar or spelling mistakes, 01 mark for three or more grammar or spelling mistakes.] [ N.B. The student will get the allotted marks if he/she writes a proper alternative title .]",
818749573423,2565779,English,other,other/818749573423.jpg,,"Make meaningful sentences with the following words: Ambiguous, Circumvent, Advocate, Pragmatic, Perspicacious",,"Ambiguous – His ambiguous statement left everyone confused about his true intentions. Circumvent – They found ways to circumvent the strict regulations to complete the project on time. Advocate – She is a strong advocate for human rights and social justice. Pragmatic – The manager took a pragmatic approach to solving the company’s financial problems. Perspicacious – Her perspicacious mind allowed her to solve the puzzle faster than anyone else. Marks Distribution: For making meaningful sentences with the given words, (0.5×5) =2.5 marks.",
228537964403,2565779,Biology,other,other/228537964403.jpg,5/2,,চড়ধপবধব এবং গধষাধপবধব ে গাত্রের মধে ্য পা্চটি পার্থক ্য লিখ ।,"পার্থে ক্যর বিষয় → চড়ধপবধব ে গাত্র → গধষাধপবধব ে গাত্র ( র ) স্ব রূপ → বর্ষজীবী বা বহুবর্ষজীবী বীরুৎ , কতক বৃক্ষবৎ → বীরুৎ , গুল্ম বা বৃক্ষ , উি ™্ভদ প্রায়শ পিচ্িছল পদার্থযুক্ত। (রর) মূল → গুচ্ ছম ূল → প্রধান মূল । (ররর) কাণ্ড → নলাকার , অধিকাংশ মধ্যপব ফা্পা → কাষ্ঠল , শাখান্বিত , ে বলনাকার । (রা) পাতা → লিগিউলবিশিষ্ট ও সমান্তরাল শিরাবিন্যাসবিশিষ্ট → মুক্তপাশ্বর্ীয় উপপত্রযুক্ত ও জালিকা শিরাবিন্যাস বিশিষ্ট । (া) পু®প → পু®িপকা নামে পরিচিত , অসম্পূণ , ত্র্যংশক → বৃহৎ , সম্পূণ , পআাংশক । (ার) পুংস্তবক → পুংকেশর সাধারণত ৩টি ( কখনো ৬ টি ) পরাগধানী ে রখাকার ও সর্বমুখ → পুংকেশর বহু , পরাগধানী এক-প্রকোষ্ঠী ও বৃ° াকার । (ারর) স্¿ ীস্তবক → গর্ভপত্র ১টি, গভর্াশয় একপ্রকোষ্ঠবিশিষ্ট → গর্ভপত্র সাধারণত ৫-১০টি, গভর্াশয় সাধারণত ৫ প্রকোষ্ঠবিশিষ্ট । (াররর) অমরাবিন্যাস → মূলীয় → অক্ষীয় । (রী) ফল → ক্যারিয়পসিস → ে বরি বা ক্যাপসু্যল বা সিজোকাপ ।",নম্ব র বণ্টন : চড়ধপবধব এবং গধষাধপবধব ে গাত্রের মধে ্য পা্চটি পার্থক ্য ে লখার জন্য; (০.৫ \(\times \) ৫) = ২.৫ নম্বর।
105935437626,2565779,Biology,other,other/105935437626.jpg,5/2,,সংÁা লিখ : ( র ) লসিকা (রর) ে লাকাস (ররর) অ্যালিল (রা) ফিনোটাইপ (া) গ্লুকোনিয়োজেনেসিস,"( র ) লসিকা : টিসু ্য গঠনকারী ে কাষের ফ্াকে ফ্াকে অবি স্থত বর্ণহীন তরল পদা র্থকে লসিকা বলে । (রর) ে লাকাস : ক্রে ামোজোমে জিনের নিি র্দষ্ট স্থ ান -এর নাম ে লাকাস । একটি নিি র্দষ্ট জিনের অ্যালিল গুে লা সমসং স্থ ক্রে ামোজোমের একই ে লাকাসে অবস্থ ান করে । (ররর) অ্যালিল : সমসং স্থ ক্রে ামোজোম ে জাড়ের নিি র্দষ্ট ে লাকাসে অবস্থ ানকারী নিি র্দষ্ট জিন -ে জাড়ার একটিকে অপরটির অ্যালিল বলে । (রা) ফিনোটাইপ : জিনোটাইপ দিয়ে নিয়ন্ি¿ত জীবের বাহ্যিক লক্ষণকে ফিনোটাইপ বলে । এটি জীবের আকার , আক … তি , বণ প্রভ … তি প্রকাশ করে । (া) গ্লুকোনিয়োজেনেসিস : যে জৈব- রাসায়নিক প্রক্রিয়ায় অশর্করা জাতীয় উপাদান থেকে গ্লুকোজ শর্করা উৎপন্ন হয়, তাকে গ্লুকোনিয়োজেনেসিস বলে ।",নম্ব র বণ্টন : ৫টি সংÁা ে লখার জন্য (০.৫ দ্ধ ৫) = ২.৫ নম্ব র ।
344350918061,2565779,Biology,other,other/344350918061.jpg,5/2,,রক্ত তআন প্রক্রিয়াটি প্রবাহচিত্রের মাধ ্যমে বর্ণনা কর।,রক্ত তআন প্রক্রিয়াটির প্রবাহচিত্র ঃ,নম্ব র বণ্টনঃ ১/২ টি ধাপ বর্ণনার জন্য ০১ নম্ব র । ৩ টি ধাপ বর্ণনার জন্য ০২ নম্ব র । ৪ টি ধাপ বর্ণনার জন্য ২.৫ নম্ব র । [ বি. দ্র : যে ে কানো একটি ফ্যা±র ভুল করলে / না লিখলে ০.৫ নম্ব র কর্তন করা হবে । ধাপগুলি ধারাবাহিকভাবে লিখতে হবে ]
370040288535,2565779,Biology,other,other/370040288535.jpg,5/2,,মাইটোটিক ে মটাফেজের সংক্ষ্ি বর্ণনা লিখ ।,"মাইটোটিক ে মটাফেজের বর্ণনা : এ পর্যায়ের প্র থে মই সমস্ত ক্রে ামোসোম স্িপন্ডল যন্ে¿র বিষুবীয় অআলে এসে অবস্থ ান ে নয় যাকে ে মটাকাইনেসিস বলে । এ পযা য়ে ক্রে ামোসোম গুে লা সবচেয়ে ে বশি ে মাটা খাটো ও স্ পষ্ট হয়। ক্রে ামোসোম গুে লা খাটো ও ে মাটা হওয়াকে বলা হয় কন্ডেনসেশন । একটি অতিমাত্রার কয়েলিং এর ফলে তা হয়। এ পযা য়ে ক্রে ামোসোমের সংখ্যা , আকার ও আক … তি নির্ণয় করা যায় । এ পযা য়ে নিউক্লিওলাস ও নিউক্লিয়ার এনভেলপের সম্পূণ বিলু্ি ঘটে। এ পযা য়ের ে শষি দকে প্রতিটি সেন্ে ট্রামিয়ার বিভক্ত হয়ে দ ুটি অপত ্য সেন্ে ট্রামিয়ার সৃষ্টি করে ।",নম্ব র বণ্টন : মাইটোটিক ে মটাফেজ ধাপের ৫টি তথ্য ে লখার জন্য; (০.৫ \(\times \) ৫) = ২.৫ নম্বর।
186575333654,2565779,Biology,other,other/186575333654.jpg,5/2,,হার্ট ফেইলিউর কাকে বলে? হার্ট ফেইলিউরের দুইটি কারণ ও গুরুতaপূর্ণ দুইটি লক্ষণ উল্লেখ কর।,"হার্ট ফেইলিউরঃ হৃৎপিণ্ড যখন দেহের চাহিদা অনুযায়ী পর্যা্ রক্তের যোগান দিতে পারে না তখন এ অবস্থাকে হার্ট ফেইলিউর বলে। হার্ট ফেইলিউরের কারণঃ র. স্থূলতা ও উচ্চ রক্তচাপ, রর. অতিরিক্ত ধূমপান ও মদ্যপান, ররর. হৃৎপিণ্ডের কপাটিকার রোগ, রা. ইশকেমিক হার্ট ডিজিস, া. হৃৎপিণ্ডের ছন্দপতন, ার. অতিমাত্রার রক্ত শূন্যতা, ারর. কাডর্িওমায়োপ্যাথি বা ক্রনিক হার্ট মাসল ডিজিস, াররর. অন্তঃক্ষরা গ্রন্িথর অস্বাভাবিকতা প্রভ…তি। হার্ট ফেইলিউরের গুরুতaপূর্ণ লক্ষণসমূহঃ র. সক্রিয়, নি®িŒয় এমনকি ঘুমের মধ্যেও শ্বাসকষ্টে ভোগা এবং ঘুমের সময় মাথার নিচে দুটি বালিশ না দিলে শ্বাসকষ্ট বেড়ে যায়। রর. সাদা বা গোলাপি রঙের রক্তমাখানো মিউকাসসহ স্থায়ী কাশি বা ফো্স ফো্স করে শ্বাস-প্রশ্বাস। ররর. শরীরের বিভিন্ন জায়গার টিসু্যতে তরল জমে ফুলে উঠে। রা. পা, গোড়ালি, পায়ের পাতা, উদর ও যক…ত ùীত হয়ে যায়। া. প্রতিদিন সব কাজে, সবসময় ক্লান্িতভাব। ার. পাকস্থলি সব সময় ভরা মনে হয় কিংবা বমি ভাব থাকে। ারর. হৃদস্পন্দন দ্রুত হয়। াররর. কাজ-কর্ম, চলনে অসামÄস্য এবং স্মৃতিহীনতা প্রকাশ পায়।",নম্বর বণ্টন: হার্ট ফেইলিউর এর সংÁা লিখলে ০.৫ নম্বর। হার্ট ফেইলিউরের ২টি কারণ লিখলে (০.৫ \(\times \) ২) = ০১ নম্বর। হার্ট ফেইলিউরের ২টি লক্ষণ লিখলে (০.৫ \(\times \) ২) = ০১ নম্বর।
266354750251,2565779,Biology,other,other/266354750251.jpg,5/2,,ক্ষরণকারী টিসু্যর প্রকারভেদ নামসহ উল্লেখ কর। নিবেশিত ও পাশ্র্বীয় ভাজক টিসু্যর মধ্যে তিনটি পার্থক্য লিখ।,ক্ষরণকারী টিসু্য দুই প্রকার: যথা তরুক্ষীর টিসু্য এবং গ্রন্িথ টিসু্য। নিবেশিত ও পাশ্র্বীয় ভাজক টিসু্যর মধ্যে পার্থক্য: নিবেশিত ভাজক টিসু্য: ১. কাণ্ডের পর্বমধ্যে থাকে। ২. লম্বাটে। ৩. প্রাথমিক বৃদ্ধির সঙ্গে যুক্ত। ৪. লম্বায় বাড়তে অংশগ্রহণ করে। পাশ্র্বীয় ভাজক টিসু্য: ১. কাণ্ডের পাশ্বর্ে ভাস্‹ুলার বান্ডলে থাকে। ২. আয়তক্ষেত্রাকার। ৩. গেৌণ বৃদ্ধির সঙ্গে যুক্ত। ৪. প্রস্থ বৃদ্ধিতে অংশগ্রহণ করে।,নম্বর বণ্টন: ক্ষরণকারী টিসু্যর দুই প্রকারের নাম লেখার জন্য (০.৫ \(\times \) ২) = ০১ নম্বর। নিবেশিত ও পাশ্র্বীয় ভাজক টিসু্যর মধ্যে ৩টি পার্থক্য লেখার জন্য (০.৫ \(\times \) ৩) = ১.৫ নম্বর। [বি. দ্র: ক্ষরণকারী টিসু্য দুই প্রকার লেখার জন্য ০.৫ নম্বর।]
880897788697,2565779,Biology,other,other/880897788697.jpg,1/2,,"নিম্ে্ন উ ি ল্লখিত মানবদেহে সৃষ্ট রোগগুলোর জন্য দায়ী ভাইরাসের নাম লিখ। অওউঝ, ডেঙ্গুজ্বর, ঝরিহব ভষ্ , জলাতঙ্ক, গুটি বসন্ত, জলবসন্ত, ভাইরাল নিউমোনিয়া, হাম, ক্যাপোসি সাকর্োমা এবং এনোজেনিটাল ক্যাÝার।",মানবদেহে সৃষ্ট রোগগুলোর জন্য দায়ী ভাইরাসের নাম: অওউঝ - ঐওঠ ভাইরাস; ডেঙ্গুজ্বর - ফ্ল্যাভি ভাইরাস (ঋষধার ারৎ্ং); ঝরিহব ভষ্ - ইনফ্লুয়েÄা \(\left({H}_{1}{N}_{1}\right)\) ভাইরাস; জলাতঙ্ক - র্যাবিস ভাইরাস (জধনরং ারৎ্ং); গুটি বসন্ত - ভেরিওলা ভাইরাস (ঠধৎরড়ষধ ারৎ্ং); জলবসন্ত - ঠধৎরপবষষধ-তড়ংঃবৎ ারৎ্ং; ভাইরাল নিউমোনিয়া - অফবহড় ারৎ্ং; হাম - রুবিওলা ভাইরাস (জ্নবড়ষধ ারৎ্ং); ক্যাপোসি সাকর্োমা - হাপর্িস সিমপ্লেক্স (ঐবৎঢ়বং ংরসঢ়ষবী); এনোজেনিটাল ক্যাÝার - পেপিলোমা ভাইরাস (চবঢ়রষড়সধ ারৎ্ং).,নম্বর বণ্টন: উল্লেখিত মানবদেহে সৃষ্ট রোগগুলোর জন্য দায়ী ভাইরাসের নাম লেখার জন্য (০.২৫ \(\times \) ১০) = ২.৫ নম্বর ।
592714091282,2565779,Bangla,other,other/592714091282.jpg,,,"নিচের শã গুে লার প্রমিত বানানরূপ ে লখ : ইতিমধে ্য, সম্ম বর্ধনা , ৈ পত্রিক , অপোরাহ্ন , দৈ ন্যতা",প্রমিত বানানরূপঃ ইতিমধে ্য- ইতোমধে ্য সম্ম বর্ধনা-সংবর্ধনা ৈ পত্রিক -ৈ পত …ক অপোরাহ্ন-অপরাহè দৈ ন্যতা -দ ীনতা /দৈন্য,নম্ব র বণ্টন : শã গুে লার প্রমিত বানানরূপ ে লখার করার জন্য (০.৫ \(\times \) ৫) = ২.৫ নম্বর।
417377062979,2565779,Bangla,other,other/417377062979.jpg,,,"সারমর্ম লেখ: মরিতে চাহি না আমি সুন্দর ভুবনে, মানবের মাঝে আমি ব্াচিবারে চাই, এই সূর্যকরে এই পু®িপত কাননে জীবন্ত হৃদয়-মাঝে যদি স্থান পাই। ধরায় প্রাণের খেলা চিরতরঙ্গিত, বিরহ মিলন কত হাসি-অশ্রু-ময়, মানবের সুখে দুঃখে গ্াথিয়া সংগীত যদি গো রচিতে পারি অমর-আলয়। তা যদি না পারি তবে ব্াচি যত কাল তোমাদেরি মাঝখানে লভি যেন ঠ্াই, তোমরা তুলিবে বলে সকাল বিকাল নব নব সংগীতের কুসুম ফুটাই। হাসিমুখে নিয়ো ফুল, তার পরে হায়, ফেলে দিয়ো ফুল, যদি সে ফুল শুকায়।","সারমর্ম: অপরিসীম সেৌন্দযর্ে ভরপুর এ পৃথিবী ছেড়ে কেউ চলে যেতে চায় না। সুখ-দুঃখ, আনন্দ-বেদনা, বিরহ-মিলনের মাঝে মানুষ বে্চে থাকতে চায়। কিন্তু মৃতু্যকে উপেক্ষা করার সাধ্য কারো নেই; তাই শুধু কমর্ের মধ্য দিয়েই অমরতa লাভ সম্ভব।","নম্বর বণ্টন: অপরিসীম সেৌন্দযর্ে ভরপুর এ পৃথিবী ছেড়ে কেউ চলে যেতে চায় না - নির্ধারিত অংশে লেখার ভাব ঠিকমতো বোঝাতে পারলে ০১ নম্বর। সুখ-দুঃখ, আনন্দ-বেদনা, বিরহ-মিলনের মাঝে মানুষ বে্চে থাকতে চায় - নির্ধারিত অংশে লেখার ভাব ঠিকমতো বোঝাতে পারলে ০১ নম্বর। কিন্তু মৃতু্যকে উপেক্ষা করার সাধ্য কারো নেই; তাই শুধু কমর্ের মধ্য দিয়েই অমরতa লাভ সম্ভব - নির্ধারিত অংশে লেখার ভাব ঠিকমতো বোঝাতে পারলে ০.৫ নম্বর । [বিঃ দ্রঃ চার বাক্যের বেশি লিখলে ৫০% নম্বর পাবে।]"
155268177832,2565779,Bangla,other,other/155268177832.jpg,,,ভাব-সম্প্রসারণ কর: স্বাধীনতা অর্জনের চেয়ে স্বাধীনতা রক্ষা করা কঠিন।,"ভাব-সম্প্রসারণ: স্বাধীনতা একটি জাতির অমূল্য সম্পদ। স্বাধীনভাবে বে্চে থাকা যেকোনো জাতির জন্য গর্ব এবং অনুপ্রেরণার বিষয়। অনেক সাধনা, ত্যাগ-তিতিক্ষা, এমনকি রক্তের বিনিময়ে স্বাধীনতা অজর্িত হয়। অজর্িত স্বাধীনতার মর্যাদা রক্ষা করার জন্য প্রয়োজন যেমন নিরলস শ্রম-সাধনা তেমনই প্রয়োজন যোগ্য নেত…তa। সুতরাং স্বাধীনতা অর্জনের চেয়ে তা রক্ষা করার প্রয়োজনে আরও কঠিনতম সাধনা অপরিহার্য। মানুষমাত্রই স্বাধীনভাবে বে্চে থাকতে চায়। তাই স্বাধীনতা সকলেরই একটি আরাধ্য বিষয়। এ প্রসঙ্গে কবি রঙ্গলাল বন্েদ্যাপাধ্যায়ের নিমে্নাক্ত চরণটি উল্লেখযোগ্য: স্বাধীনতা-হীনতায় কে ব্াচিতে চায় হে কে ব্াচিতে চায়? কিন্তু স্বাধীনতা অর্জন করা একটি দুঃসাধ্য কাজ। পরাধীনতার শৃ•খল থেকে নিপীড়িত, অত্যাচারিত জাতিকে মুক্তিসংগ্রামের মধ্য দিয়ে স্বাধীনতার সূর্যকে ছিনিয়ে আনতে হয়। কিন্তু এ অর্জনই শেষ কথা নয়। বরং প্রয়োজন স্বাধীনতার সুফল ঘরে ঘরে পেৌ্ছে দেওয়া। এজন্য আপামর জনসাধারণের ঐক্য একান্তভাবে দরকার। প্রয়োজন হয়ে দ্াড়ায় সময়োপযোগী বলিষ্ঠ নেত…তa। অতি জরুরি হয়ে পড়ে আর্থনীতিক স্বনির্ভরতা এবং সাংস্‹…তিক ঐক্য। কিন্তু সদ্য স্বাধীন দেশের জন্য তা বরাবরই কঠিন। বরং এরূপ প্রেক্ষাপটে স্বাভাবিকভাবে পরাজিত শক্তি সুযোগের আশায় থাকে শেষ ছোবলের জন্য। আর তাদের দোসররা নানা দুর্বলতার সুযোগ খু্জতে সদা সচেষ্ট থাকে। বিশ্বেও এ সময় নানা রাজনীতিক চক্রান্েতর সৃষ্টি হয়, অসংখ্য সমস্যা জন্ম নেয়। প্রতিবেশী রাষ্ট্র সহায়তা করলেও তাতে অনেক ক্ষেত্রে নিজেদের স্বার্থ নিহিত থাকে। এরূপ ক্রান্িতকালে অভ্যন্তরীণ বিবাদ-বিশৃ•খলা মাথা চাড়া দিয়ে ওঠে। স্বাধীনতা অর্জনকারীদের মাত্রাতিরিক্ত বাড়াবাড়ি জন্ম দেয় এক প্রতিকূল পরিবেশ। এছাড়া পারিবারিক, সামাজিক, আর্থনীতিক, সাংস্‹…তিক, ধর্মীয় ও রাজনীতিক অস্িথরতায় উপযুক্ত নেত…তেaর সংকট ঘটতে পারে। ফলে গণমানুষের চাওয়া-পাওয়া চরমভাবে উপেক্ষিত হয়। রাষ্ট্রীয় জীবনে দেখা দেয় ব্যাপক হতাশা, অস্িথরতা, নিরাপত্তাহীনতাসহ নানাবিধ সমস্যা। সবর্োপরি জাতীয় ঐক্যে চিড় ধরে। জাতীয় উন্নতি মারাত্মকভাবে ব্যাহত হয়। এমনকি দেশের অর্থনীতির ওপর আঘাত আসে, উৎপাদন কমে যায়- ফলে জন্ম নিতে পারে ভয়াবহ দুভর্িক্ষের। সুতরাং এরূপ প্রেক্ষাপটে স্বাধীনতার মর্যাদা, গুরুতa রক্ষার প্রশ্ন বড়ো হয়ে ওঠে। তাই স্বাধীনতা রক্ষায় প্রয়োজনে সর্বস্তরের জনগণকে ঝ্াপিয়ে পড়তে হবে- মাঠে, ঘাটে, ময়দানে, কল-কারখানাসহ সর্বত্রই। ক…ষিক্ষেত্রে ব্যাপক শ্রম দিয়ে দেশকে খাদ্যে স্বয়ংসম্পূর্ণ করতে হবে। শিল্পে, বাণিজ্যে দেশকে উন্নত করতে হবে। দেশের প্রতিটি ক্ষেত্রে নাগরিকের মেৌলিক অধিকার নিðিত করতে হবে। এভাবেই আরাধ্য স্বাধীনতাকে ব্যর্থতার হাত থেকে রক্ষা করতে হবে। এক্ষেত্রে জাতির ঐক্যবদ্ধ ভূমিকাই প্রধান। অনেক কষ্টের বিনিময়ে পাওয়া স্বাধীনতা রক্ষার পবিত্র দায়িতa সকলের। সুতরাং এর মর্যাদা রক্ষার প্রয়োজনে যেকোনো ধরনের ত্যাগ স্বীকার করতে হবে। তবেই স্বাধীনতা চির-অম্লান থাকবে।","নম্বর বণ্টন: স্বাধীনতা একটি জাতির অমূল্য সম্পদ। অনেক সাধনা, ত্যাগ-তিতিক্ষা, এমনকি রক্তের বিনিময়ে স্বাধীনতা অজর্িত হয় - নির্ধারিত অংশে লেখার ভাব ঠিকমতো বোঝাতে পারলে ০১ নম্বর। মানুষমাত্রই স্বাধীনভাবে বে্চে থাকতে চায় - নির্ধারিত অংশে লেখার ভাব ঠিকমতো বোঝাতে পারলে ০.৫ নম্বর। কিন্তু স্বাধীনতা অর্জন করা একটি দুঃসাধ্য কাজ। পরাধীনতার শৃ•খল থেকে নিপীড়িত, অত্যাচারিত জাতিকে মুক্তিসংগ্রামের মধ্য দিয়ে স্বাধীনতার সূর্যকে ছিনিয়ে আনতে হয় - নির্ধারিত অংশে লেখার ভাব ঠিকমতো বোঝাতে পারলে ০১ নম্বর। স্বাধীনতা অর্জনকারীদের মাত্রাতিরিক্ত বাড়াবাড়ি জন্ম দেয় এক প্রতিকূল পরিবেশ - নির্ধারিত অংশে লেখার ভাব ঠিকমতো বোঝাতে পারলে ০.৫ নম্বর। তাই স্বাধীনতা রক্ষায় প্রয়োজনে সর্বস্তরের জনগণকে ঝ্াপিয়ে পড়তে হবে- মাঠে, ঘাটে, ময়দানে, কল-কারখানাসহ সর্বত্রই - নির্ধারিত অংশে লেখার ভাব ঠিকমতো বোঝাতে পারলে ০১ নম্বর। অনেক কষ্টের বিনিময়ে পাওয়া স্বাধীনতা রক্ষার পবিত্র দায়িতa সকলের। সুতরাং এর মর্যাদা রক্ষার প্রয়োজনে যেকোনো ধরনের ত্যাগ স্বীকার করতে হবে - নির্ধারিত অংশে লেখার ভাব ঠিকমতো বোঝাতে পারলে ০১ নম্বর। [বিঃ দ্রঃ দুইটি বানান ভুল করলে ০.৫ নম্বর, তিন বা ততোধিক বানান ভুল করলে ০১ নম্বর কাটা যাবে, তবে নির্ধারিত অংশে লেখার ভাব ঠিকমতো বোঝাতে না পারলে বরাদ্দক…ত নম্বর কাটা যাবে।]"
910407596129,2565779,Biology,other,other/910407596129.jpg,2/2,,পুÄাক্ষির গঠন ও কাজের একক কী? পুÄাক্ষি ও ওসেলির/ সরলাক্ষির অবস্থান ও সংখ্যা উল্লেখ কর।,"পুÄাক্ষির গঠন ও কাজের একক ওমাটিডিয়াম/ ওমাটিডিয়া। অসংখ্য ওমাটিডিয়ার ( ঙসসধঃরফরধ ) সমন্বয়ে একেকটি পুÄাক্ষি গঠিত হয়। পুÄাক্ষিঃ অবস্থান: মস্তকের, ১ম খণ্ডকে। সংখ্যা: এক জোড়া। ওসেলি/ সরলাক্ষিঃ অবস্থান: দুটি পুÄাক্ষির মাঝখানে। সংখ্যা: তিনটি।",নম্বর বণ্টন: ওমাটিডিয়াম/ওমাটিডিয়া লিখলে ০.৫ নম্বর। পুÄাক্ষির অবস্থান ও সংখ্যা লিখলে (০.৫ \(\times \) ২) = ০১ নম্বর। ওসেলির/ সরলাক্ষির অবস্থান ও সংখ্যা লিখলে (০.৫ \(\times \) ২) = ০১ নম্বর।
633400626120,2565779,English,other,other/633400626120.jpg,,"Write a well organised paragraph on ‘The Importance of Honesty’ in the space provided, considering the element of a paragraph, such as topic sentence, supporting detail sentences and conclusion.",,"‘The Importance of Honesty’ Honesty is one of the most essential virtues that builds the foundation of trust in both personal and social life. It means speaking the truth, being sincere, and acting in a morally upright way. An honest person earns the respect and confidence of others, which strengthens relationships and creates a sense of integrity in society. In academic and professional life, honesty promotes fairness, accountability, and transparency—qualities that lead to long-term success and inner peace. Dishonesty, on the other hand, may offer temporary gain but ultimately results in distrust, shame, and failure. Therefore, honesty is not only a personal value but also a pillar of social harmony and moral strength. In every sphere of life, honesty truly proves to be the best policy. Marks Distribution: For writing Title, ‘The Importance of Honesty’ ; 0.5 mark. For writing topic sentence such as, an honest person earns the respect and confidence of others, which strengthens relationships and creates a sense of integrity in society; 1.5 marks. For writing supporting detail sentences such as, in academic and professional life, honesty promotes fairness, accountability, and transparency—qualities that lead to long-term success and inner peace. Dishonesty, on the other hand, may offer temporary gain but ultimately results in distrust, shame, and failure; 1.5 marks. For writing conclusion such as, honesty is not only a personal value but also a pillar of social harmony and moral strength. In every sphere of life, honesty truly proves to be the best policy; 1.5 marks. [ Instructions: * Students must write it within one single para. If it becomes more than one para , 50% marks have to be deducted from the obtained marks. * 0.5 mark will be deducted for one or two grammar or spelling mistakes , 01 mark for three or more grammar or spelling mistakes .]",
660054768305,2565779,English,other,other/660054768305.jpg,,"Make meaningful sentences with the following words: ‎ Imminent, Resilient, Thrive, Vigilant, Ephemeral",,"Imminent – The dark clouds signaled an imminent storm. Resilient – Despite many hardships, she remained resilient and hopeful. Thrive – Plants thrive when they receive enough sunlight and water. Vigilant – The guard remained vigilant throughout the night. Ephemeral – The beauty of a rainbow is ephemeral , lasting only a few moments before it fades. Mark Distribution: For making meaningful sentence with the following words (0.5×5) =2.5 marks. [ N.B: Any sentence that is meaningful and correct will get allocated marks]",
161687422097,2565779,English,other,other/161687422097.jpg,,"Fill in the blanks with suitable words from the list below: ( List: calm, harsh, knowledge, inclusive, patient, joyful ) An ideal classroom is one where every learner feels seen, heard, and respected. To achieve this, it must be an (a)_____ space that welcomes students of all backgrounds, abilities, and perspectives. Teachers play a vital role in shaping this atmosphere and so they should remain (b) _____ in the face of challenges and avoid using (c) _____ or discouraging language, even when correcting mistakes. A/an (d) _____ environment reduces anxiety and promotes focus, while mutual sharing of (e) _____ enhances the learning experience for all.",,(a) inclusive (b) patient/calm (c) harsh (d) calm/joyful/inclusive (e) knowledge Mark Distribution: For filling the blanks with suitable words; (0.5×5) =2.5 marks.,
637535191163,3134519,English,other,other/637535191163.jpg,0/5,Change the following words as instructed in the brackets : (a) I nquisitive (synonym) (b) Patriot (adjective) (c) Inimical (antonym) (d) Propound (synonym) e) Sire (feminine),,\(\times \),
894158390086,3134519,English,other,other/894158390086.jpg,1/5,Answer the following questions : (a) The idiom ‘going south’ refers to _____. (b) British Bangalis are _____ important part of _____ Bangladeshi diaspora who are living abroad. (Use appropriate articles in the gaps.) (c) What is the adjective of the word “Enthusiasm”? (d) What does the phrase “Sine Die” mean? (e) Pick the correct sentence: ( i ) I owe to you (ii) I am owing to you (iii) I owe you (iv) I owe at you,,\(\times \),
484696748862,3134519,English,other,other/484696748862.jpg,2/5,"Answer the following questions according to the instructions: (a) In English if two different words have the same spelling and pronunciation they are called- (b) “You can go wherever you like. ” The underlined clause is a/an- (c) Choose the appropriate gender for the blank space of the sentence- ‘The ____ gave birth to three puppies.’ (d) What is the correct meaning of the idiom, ‘A sleeping partner’? (e) Identify the correct sentence. ( i ) Which color you prefer, the red or the blue (ii) Which colour you prefer, the red or blue (iii) Which colour do you prefer, the red or the blue? (iv) Which colour you prefer more, the red or blue?",,\(\times \),
766949011843,3134519,English,other,other/766949011843.jpg,4/5,Transform the following sentences as directed: (a) It was raining and I was home. (Simple) (b) Very few countries of the world are as green as Bangladesh. (Comparative) (c) Who knows him here? (Assertive) (d) Only the moon was visible in the sky. (Negative) (e) Mamun worked hard so that he might win the prize. (Compound),,\(\times \),
585976193990,3134519,ICT,other,other/585976193990.jpg,0/10,Prepare a Truth Table for the logic circuit shown in Figure.,[ চিত্রে প্রদশর্িত লজিক বর্তনীটির জন্য ট্রু থ ে টবিল তৈরি কর। ],\({y}_{1}=\overline{AB}\ \) \(\ {y}_{2}=\overline{A{y}_{1}}=\overline{A.\ \overline{AB}}=\overline{A(\overline{A}+\overline{B})}=\overline{A\ \overline{B}}=\overline{A}+B\) \({y}_{3}=\overline{B{y}_{1}}=\overline{B.\ \ \overline{AB}}=\overline{B.\left(\overline{A}+\overline{B}\right)}=\overline{B.\ \overline{A}}=\overline{B}+A\) \(Y=\overline{{y}_{2}{\ y}_{3}}=\overline{{y}_{2}}+\overline{{y}_{3}}=\overline{\overline{A}+B}+\overline{\overline{B}+A}\) \(=\overline{\overline{{A.}}}\ \overline{B}+\overline{\overline{{B.}}}\ \overline{A}=A.\ \overline{B}+B.\ \overline{A}\) \(=A⊕B\),নম্ব র বণ্টনঃ \({y}_{1}=\overline{AB}\ \) ; নির্ণয় করার জন্য ০১ নম্ব র । \({y}_{2}=\overline{A}+B\) ; নির্ণয় করার জন্য ০১ নম্বর। \({y}_{3}=\overline{B}+A\) ; নির্ণয় করার জন্য ০১ নম্বর। \(Y=A⊕B\) ; নির্ণয় করার জন্য ০২ নম্ব র ।
240385062172,3134519,General Knowledge,other,other/240385062172.jpg,10/10,(i) (ii) (iii),(ধ) ঋরষষ ঃযব নষধহশং ড়ভ ঃযব ৎবধপঃরড়হং ভড়ৎ ঢ়ৎবঢ়ধৎধঃরড়হ ড়ভ সধষঃ ারহবমধৎ : (ধ) মল্ট ভিনেগার প্রস্তুতির বিক্রিয়াগুলোর শূন্যস্থান পূরণ কর: (ন) ঊীঢ়ষধরহ ঃযব ঢ়ৎবংবৎাধঃরড়হ সবপযধহরংস ড়ভ ভড়ড়ফ নু ারহবমধৎ রিঃয ঃযব যবষঢ় ড়ভ বয়্ধঃরড়হ. (ন) ভিনেগার কীভাবে খাদ্যদ্রব্য সংরক্ষণ করে তা সমীকরণের সাহায্যে ব্যাখ্যা কর। ],(ধ) (র) \(\ {C}_{12}{H}_{22}{O}_{11}+{H}_{2}O{\underset{37^{\circ} C}{ \xrightarrow{invertase}}}{C}_{6}{H}_{12}{O}_{6}+{C}_{6}{H}_{12}{O}_{6}\) (রর) \(\ {C}_{6}{H}_{12}{O}_{6}{\underset{20^{\circ} C-24^{\circ} C}{ \xrightarrow{\ \ \ \ zymase\ \ \ \ }}}2C{H}_{3}C{H}_{2}OH+2C{O}_{2}\) (ররর) \(C{H}_{3}C{H}_{2}OH+{O}_{2}{\underset{35^{\circ} C}{ \xrightarrow{acetobacter}}}C{H}_{3}COOH+{H}_{2}O\) (ন) \(\ \ C{H}_{3}COOH {\buildrel{water}\over{\rightleftharpoons }} C{H}_{3}CO{O}^{-}+{H}^{+}\) জীবন্ত ব্যাকটেরিয়া \(+{H}^{+}\rightarrow \) মৃত ব্যাকটেরিয়া,নম্বর বণ্টনঃ \((a)\) বিক্রিয়াগুলোর শূন্যস্থান সঠিকভাবে পূরণ করার জন্য (০২ \(\times \) ০৩) = ০৬ নম্বর। \((b)\) ভিনেগারের খাদ্যদ্রব্য সংরক্ষণ প্রক্রিয়া সমীকরণের সাহায্যে ব্যাখ্যা করার জন্য ০৪ নম্বর।
727572237290,3295995,ICT,other,other/727572237290.jpg,4/10,If \({V}_{BE}=0.7V\) and \({V}_{CB}=5V\) in the circuit then determine the value of the voltage gain. \({V}_{BE}=0.7V\) \({V}_{CB}=5V\),\({V}_{BE}=0.7V\) \({V}_{CB}=5V\) [ বর্তনীটিতে \({V}_{BE}=0.7V\) এবং \({V}_{CB}=5V\) হলে ভোল্টেজ বিবর্ধনের মান নির্ণয় কর। ],"সংগ্রাহক পাশে \(KVL\) প্রয়োগ করে, \(-20+500{I}_{C}+{V}_{CB}=0\) \({I}_{C}=\frac{20-5}{500}=0.03A\) ে ভাল্টেজ বিবর্ধন , \({A}_{V}=\frac{{V}_{out}}{{V}_{in}}=\frac{{I}_{C}\times {R}_{out}}{{V}_{0}}=\frac{0.03\times 500}{0.7}=21.428\) নম্ব র বন্টনঃ \(-20+500{I}_{C}+{V}_{CB}=0\) ; লিখার জন্য ০৩ নম্বর \({I}_{C}=0.03A\) ; নির্ণয় করার জন্য ০২ নম্বর \({A}_{V}=\frac{{V}_{out}}{{V}_{in}}=\frac{{I}_{C}\times {R}_{out}}{{V}_{0}}\) ; লিখার জন্য ০২ নম্বর ে ভাল্টেজ বিবর্ধন , \({A}_{V}=21.428\) ; নির্ণয় করার জন্য ০৩ নম্বর",
588599913038,3295995,English,other,other/588599913038.jpg,5/2,Fill in the blanks with suitable modals: (a) You ___ finish your homework before watching TV. (b) He ___ be joking; I don’t think he is serious. (c) We ___ not enter the restricted area without permission. (d) I ___ help you carry these boxes if you want. (e) She ___ attend the meeting tomorrow; it’s very important.,,"(a) must/should/ought to/have to, ‎(b) might/could/may/must, ‎(c) must /can/should , ‎(d) can/may/will/shall, ‎(e) must/should/have to/ought to Mark Distribution: ‎For each correct suitable modals get 0.5 mark, (0.5 × 5 = 2.5)",
700676826457,3295995,Biology,other,other/700676826457.jpg,5/2,,ঐুফৎধ - র শ্রেণিতাত্তিaক অবস্থান লিখ।,শ্রেণিতাত্তিaক অবস্থান (ঝুংঃবসধঃরপ চড়ংরঃরড়হ) করহমফড়স: অহরসধষরধ (প্রাণী) চযুষ্স: ঈহরফধৎরধ (নিডোসাইট ও সিলেন্েটরন উপস্িথত) ঈষধংং: ঐুফৎড়ুড়ধ (অবিভক্ত সিলেন্েটরন) ঙৎফবৎ: ঐুফৎড়রফধ (পলিপ দশা প্রধান) ঋধসরষু: ঐুফৎরফধব (এককভাবে বসবাস করে) এবহ্ং: ঐুফৎধ (পুনরুৎপত্তি ক্ষমতাসম্পন্ন),নম্বর বণ্টন: প্রজাতিসহ ঐুফৎধ - র ৫টি শ্রেণিতাত্তিaক অবস্থান লেখার জন্য (০.৫ \(\times \) ৫) = ২.৫ নম্বর। [ বিঃ দ্রঃ বৈÁানিক নাম হাতে লিখলে আন্ডারলাইন বাধ্যতামূলক। আন্ডারলাইন না করলে বা গণ ও প্রজাতি নামের মধ্যে যেকোনো ১টি বানান ভুল করলে বরাদ্দক…ত নম্বর পাবে না।]
647805982817,3295995,Biology,other,other/647805982817.jpg,5/2,,রুই মাছের ও মানুষের হৃৎপিণ্ডের মধ্যে পা্চটি পার্থক্য লিখ।,"রুই মাছের ও মানুষের হৃৎপিণ্ডের মধ্যে পার্থক্যঃ রুই মাছের হৃৎপিণ্ড: (র) দুই প্রকোষ্ঠ বিশিষ্ট-একটি অ্যাট্রিয়াম ও একটি ভেন্িট্রকল। (রর) সাইনাস ভেনোসাস নামক উপপ্রকোষ্ঠ থাকে। (ররর) নলাক…তির। (রা) এর মধ্য দিয়ে শুধু \(C{O}_{2}\) সমৃদ্ধ রক্ত অর্থাৎ শিরা রক্ত বাহিত হয়, তাই একে ভেনাস হার্ট বলা হয়। (া) ফুলকার সমন্বয়ে রক্ত সংবহন করে (ার) হৃৎপিণ্ডের ভেন্িট্রকল থেকে একটি অঙ্কীয় ধমনী সৃষ্টি হয় (ারর) হৃৎপিণ্ডের ভেন্িট্রকলের গোড়ায় বাল্বাস অ্যাওটর্া বিদ্যমান। (াররর) এর উপ-প্রকোষ্ঠ ডা±াস কু্যভেইরি নামক দুটি বড় শিরা সাইনাস ভেনোসাসে উন্মুক্ত থাকে। (রী) একচক্রী রক্ত সংবহন ঘটে। মানুষের হৃৎপিণ্ড: (র) চার প্রকোষ্ঠ বিশিষ্ট-দুটি অ্যাট্রিয়াম ও দুটি ভেন্িট্রকল। (রর) কোনো উপপ্রকোষ্ঠ থাকে না। (ররর) মোচাকৃতির। (রা) \({O}_{2}\) ও \(C{O}_{2}\) সমৃদ্ধ উভয় রক্ত অমিশ্রিতভাবে বাহিত হয় (া) ফুসফুসের সমন্বয়ে রক্ত সংবহন করে (ার) হৃৎপিণ্ডের বাম ভেন্িট্রকল থেকে সিস্টেমিক ধমনী এবং ডান ভেন্িট্রকল থেকে পালমোনারি ধমনী সৃষ্টি হয়। (ারর) হৃৎপিণ্ডে বাল্বাস অ্যাওটর্া থাকে না। (াররর) হৃৎপিণ্ডের ডান অ্যাট্রিয়ামে সুপিরিয়র ভেনাক্যাভা, ইনফেরিয়র ভেনাক্যাভা ও করোনারি সাইনাস নামক তিনটি বড় শিরা এবং বাম অ্যাট্রিয়ামে চারটি ছোট পালমোনারি শিরা উন্মুক্ত থাকে। (রী) দ্বিচক্রী রক্তসংবহন ঘটে।",নম্বর বণ্টন: রুই মাছ ও মানুষের হৃৎপিণ্ডের মধ্যে পা্চটি পার্থক্য লেখার জন্য (০.৫ \(\times \) ৫) = ২.৫ নম্বর।
428543213497,3295995,Biology,other,other/428543213497.jpg,5/2,,প্াচটি সেক্স লিঙ্কড ডিসঅর্ডারের নাম ও তাদের প্রধান লক্ষণ উল্লেখ কর।,"সেক্স লিঙ্কড ডিসঅর্ডারের নাম ও তাদের লক্ষণ নিম্নরূপ: সেক্স লিঙ্কড ডিসঅর্ডার \(\rightarrow \) লক্ষণ (র) লাল-সবুজ বর্ণান্ধতা \(\rightarrow \) লাল ও সবুজ বণর্ের পার্থক্য বুঝতে পারে না। (রর) হিমোফিলিয়া \(\rightarrow \) রক্ততআন বিলম্বিত হয়, ফলে ক্ষতস্থান থেকে অবিরাম রক্ত ক্ষরিত হয়। (ররর) মাসকু্যলার ডিস্ট্রফি \(\rightarrow \) বিভিন্ন অঙ্গের পেশির সআালন ও স্বাভাবিক কাজ কমর্ের সক্ষমতা কমিয়ে দেয়। (রা) রাতকানা \(\rightarrow \) রাতে কোন কিছু দেখতে পায় না। (া) ডায়াবেটিস ইনসিপিডাস \(\rightarrow \) অস্বাভাবিক মূত্র ত্যাগ, শারীরিক অক্ষমতা। (ার) ফ্রাজাইল ঢ সিনড্রম \(\rightarrow \) অটিজম ও মানসিক ভারসাম্যহীনতা দেখা দেয়। (ারর) হাইপারট্রাইকোসিস \(\rightarrow \) সমগ্র দেহে ঘন লোমের উপস্িথতি। (াররর) টেস্টিকুলার ফেমিনাইজেশন \(\ \rightarrow \ \) পুরুষ ধীরে ধীরে স্¿ীতে পরিণত হয়।",নম্বর বণ্টন: প্াচটি সেক্স লিঙ্কড ডিসঅর্ডারের নাম লেখার জন্য (০.২৫ \(\times \) ৫) = ১.২৫ নম্বর। প্াচটি সেক্স লিঙ্কড ডিসঅর্ডারের প্রধান লক্ষণ লেখার জন্য (০.২৫ \(\times \) ৫) = ১.২৫ নম্বর।
583752825628,3295995,General Knowledge,other,other/583752825628.jpg,8/10,(i) (ii) (iii),(ধ) ঋরষষ ঃযব নষধহশং ড়ভ ঃযব ৎবধপঃরড়হং ভড়ৎ ঢ়ৎবঢ়ধৎধঃরড়হ ড়ভ সধষঃ ারহবমধৎ : (ধ) মল্ট ভিনেগার প্রস্তুতির বিক্রিয়াগুলোর শূন্যস্থান পূরণ কর: (ন) ঊীঢ়ষধরহ ঃযব ঢ়ৎবংবৎাধঃরড়হ সবপযধহরংস ড়ভ ভড়ড়ফ নু ারহবমধৎ রিঃয ঃযব যবষঢ় ড়ভ বয়্ধঃরড়হ. (ন) ভিনেগার কীভাবে খাদ্যদ্রব্য সংরক্ষণ করে তা সমীকরণের সাহায্যে ব্যাখ্যা কর। ],(ধ) (র) \(\ {C}_{12}{H}_{22}{O}_{11}+{H}_{2}O{\underset{37^{\circ} C}{ \xrightarrow{invertase}}}{C}_{6}{H}_{12}{O}_{6}+{C}_{6}{H}_{12}{O}_{6}\) (রর) \(\ {C}_{6}{H}_{12}{O}_{6}{\underset{20^{\circ} C-24^{\circ} C}{ \xrightarrow{\ \ \ \ zymase\ \ \ \ }}}2C{H}_{3}C{H}_{2}OH+2C{O}_{2}\) (ররর) \(C{H}_{3}C{H}_{2}OH+{O}_{2}{\underset{35^{\circ} C}{ \xrightarrow{acetobacter}}}C{H}_{3}COOH+{H}_{2}O\) (ন) \(\ \ C{H}_{3}COOH {\buildrel{water}\over{\rightleftharpoons }} C{H}_{3}CO{O}^{-}+{H}^{+}\) জীবন্ত ব্যাকটেরিয়া \(+{H}^{+}\rightarrow \) মৃত ব্যাকটেরিয়া,নম্বর বণ্টনঃ \((a)\) বিক্রিয়াগুলোর শূন্যস্থান সঠিকভাবে পূরণ করার জন্য (০২ \(\times \) ০৩) = ০৬ নম্বর। \((b)\) ভিনেগারের খাদ্যদ্রব্য সংরক্ষণ প্রক্রিয়া সমীকরণের সাহায্যে ব্যাখ্যা করার জন্য ০৪ নম্বর।
131855833275,3295995,Biology,other,other/131855833275.jpg,2/2,,ে কাষঝিল্লী কী ? ে কাষঝিল্লীর ে যকোনো চার টি কাজ উল্লেখ কর।,"ে কাষঝিল্লী : সজীব ে কাষের ে প্রাটোপ্লাজম যে স ূ ², স্িথ তি স্থ াপক , ৈ বষম ্যভেদ্য, লিপো - ে প্রাটিন দ্বারা গঠিত সজীব দ্বিস্তরী ঝি ি ল্ল দিয়ে আবৃত থ াকে , তাকে ে কাষঝিল্লী বলে । ে কাষঝিল্লীর কাজ : ( র ) এটি ে কাষীয় সব ব স্তু কে ঘিরে রাখে । ( রর ) বাইরের প্রতিকূল অবস্থা হতে অভ্যন্তরীণ ব স্তু কে রক্ষা করে । ( ররর ) ে কাষঝিল্লির মধ্যি দয়ে ব স্তু র স্থ ানান্তর , ব্যাপন নিয়ন্¿ণ ও সমন্বয় ( পড়হঃৎড়ষ ধহফ পড়ড়ৎফরহধঃব ) হয়। ( রা ) ঝিল্লিটি একটি কাঠামো হিসেবে কাজ করে যাতে বিশেষ এনজাইম এতে বিন্যস্ত থ াকতে পারে । ( া ) ে ভতর থেকে বাইরে এবং বাইরে থেকে ে ভতরে ব স্তু স্ থ ানান্তর করে । ( ার ) বিভিন্ন বৃহদাণু ( সধপৎড়-সড়ষবপ্ষব ) সংশ্লেষ করতে পারে । ( ারর ) বিভিন্ন রকম তথ্যে র ভিত্তি ( রহভড়ৎসধঃরড়হ ংড়্ৎপব ) হিসেবে কাজ করে । ( াররর ) পারস্পরিক বন্ধন , বৃি দ্ধ ও চলন ইত্যাি দ কাজেও এর ভূমিকা আছে । ( র ী ) ফ্যাগোসাইটোসিস প্রক্রিয়ায় কঠিন ও পিনোসাইটোসিস প্রক্রিয়ায় তরল ব স্তু গ্রহণ করে । ( ী ) এনজাইম ও অ ্যান্িটজেন ক্ষরণ করে । ( ীর ) ে কাষের বাইরে থেকে নিউরোট্রাÝমিটার , হরমোন ইত্যাি দ রূপে তথ্য সংগ্রহ করে । ( ীরর ) স্ ্নায়ু উদ্দীপনা সংবহন করে । ( ীরর র ) ব্যাকটেরিয়ার ে কাষঝিল্লি ভা্জ হয়ে হয়ে ে মসোসোম সৃষ্টি করে যা শক্তি উৎপাদন করে । ( ীরা ) গ্লাইকোক্যালি ক্স ে কাষের চিহ্নিত হিসেবে কাজ করে ।",নম্ব র বণ্টনঃ ে কাষঝিল্লী সংÁা ে লখার জন্য ০.৫ নম্ব র । ে কাষঝিল্লীর ে যকোনো চারটি কাজ ে লখার জন্য (০.৫ \(\times \) ৪) = ০২ নম্ব র ।
361258659212,3295995,Biology,other,other/361258659212.jpg,5/2,,লসিকার পা্চটি কাজ উল্লেখ কর।,লসিকার কাজ নিম্নরূপ : ( র ) ে প্রাটিন পরিবহন : টিসু্যর ফা্কা স্থ ান থেকে অধিকাংশ ে প্রাটিন লসিকার মাধ ্যমে রক্তে ফিরে আসে । (রর) স্ে ্নহ পরিবহন : ে যসব স্ে ্নহকণা ও উচ্চ আণবিক ওজনবিশিষ্ট কণা ৈ কশিকনালির বাধা অতি ক্রমে অক্ষম সেগুে লা লসিকার মাধ ্যমে পরিবাহিত হয়। (ররর) \({O}_{2}\) ও পুষ্টি : দেে হর ে যসব টিসু ্যে কাষে রক্ত ে প্ৌছাতে সক্ষম হয় না ে সখানে লসিকা অক্সিজেন ও পুষ্টি উপাদান সরবরাহ করে । (রা) ে শাষণ : অন্ ¿ থেকে স্ে ্নহপদা র্থ ে শাষিত হয়ে লসিকার মাধ ্যমে পরিবাহিত হয়। (া) প্রতিরক্ষা : লসিকায় উপি স্থত ে শ্বত কণিকা ( লিçোসাইট ও মনোসাইট ) দেে হর প্রতিরক্ষায় অবদান রাখে । (ার) প্রতিরোধ : লসিকা ও লিçোসাইট থেকে উৎপন্ন অ্যান্িটবডি প্রতিরোধ ক্ষমতা বাড়ায় । (ারর) দে হরসের পুনর্বণ্টন : লসিকা রক্ত সংবহনের এক অংশ থেকে অন্য অংশে তরল পদা র্থ পরিবহনের মাধ ্যমে দে হরসের পুনর্বণ্টনে অংশ ে নয় । (াররর) টিসু্যর গাঠনিক অখণ্ডতা রক্ষা : বিভিন্ন অঙ্গে টিসু্যর সাংগঠনিক অখণ্ডতা রক্ষায় লসিকা বিশেষ ভূমিকা পালন করে । (রী) টি সু্যরসের নি ®‹ াশন : টিসু ্য থেকে টিসু্যরসের প্রায় ১০% অংশ লসিকার মাধ ্যমে নি ®‹ াশিত হয়। (ী) \(C{O}_{2}\) ও বজ ্য পদা থর্ে র নির্গমন : অপ্রয়োজনীয় \(C{O}_{2}\) ও বজ ্য পদা র্থ ে কাষ থেকে লসিকায় গৃহীত হয়ে দেহ থেকে নির্গত হয়।,নম্ব র বণ্টন : লসিকার ৫ টি কাজ ে লখার জন্য (০.৫ \(\times \) ৫) = ২.৫ নম্বর।
756368561755,3345925,English,other,other/756368561755.jpg,1/5,Answer the following questions : (a) The idiom ‘going south’ refers to _____. (b) British Bangalis are _____ important part of _____ Bangladeshi diaspora who are living abroad. (Use appropriate articles in the gaps.) (c) What is the adjective of the word “Enthusiasm”? (d) What does the phrase “Sine Die” mean? (e) Pick the correct sentence: ( i ) I owe to you (ii) I am owing to you (iii) I owe you (iv) I owe at you,,\(\times \),
492204870681,3345925,English,other,other/492204870681.jpg,1/5,Transform the following sentences as directed : (a) Only Allah can help us. (Make it negative) (b) My hair grows very fast. (Make it exclamatory) (c) Let the boy be warned. (Make it active) (d) I read books for pleasure. (Make it complex) (e) I am sure that he will succeed. (Make it simple),,\(\times \),
818049769051,3345925,English,other,other/818049769051.jpg,0/5,Change the following words as instructed in the brackets : (a) I nquisitive (synonym) (b) Patriot (adjective) (c) Inimical (antonym) (d) Propound (synonym) e) Sire (feminine),,\(\times \),
537276556083,3345925,English,other,other/537276556083.jpg,1/5,"Answer the following questions according to the instructions: (a) In English if two different words have the same spelling and pronunciation they are called- (b) “You can go wherever you like. ” The underlined clause is a/an- (c) Choose the appropriate gender for the blank space of the sentence- ‘The ____ gave birth to three puppies.’ (d) What is the correct meaning of the idiom, ‘A sleeping partner’? (e) Identify the correct sentence. ( i ) Which color you prefer, the red or the blue (ii) Which colour you prefer, the red or blue (iii) Which colour do you prefer, the red or the blue? (iv) Which colour you prefer more, the red or blue?",,\(\times \),
665891400503,3345925,ICT,other,other/665891400503.jpg,5/10,Prepare a Truth Table for the logic circuit shown in Figure.,[ চিত্রে প্রদশর্িত লজিক বর্তনীটির জন্য ট্রু থ ে টবিল তৈরি কর। ],\({y}_{1}=\overline{AB}\ \) \(\ {y}_{2}=\overline{A{y}_{1}}=\overline{A.\ \overline{AB}}=\overline{A(\overline{A}+\overline{B})}=\overline{A\ \overline{B}}=\overline{A}+B\) \({y}_{3}=\overline{B{y}_{1}}=\overline{B.\ \ \overline{AB}}=\overline{B.\left(\overline{A}+\overline{B}\right)}=\overline{B.\ \overline{A}}=\overline{B}+A\) \(Y=\overline{{y}_{2}{\ y}_{3}}=\overline{{y}_{2}}+\overline{{y}_{3}}=\overline{\overline{A}+B}+\overline{\overline{B}+A}\) \(=\overline{\overline{{A.}}}\ \overline{B}+\overline{\overline{{B.}}}\ \overline{A}=A.\ \overline{B}+B.\ \overline{A}\) \(=A⊕B\),নম্ব র বণ্টনঃ \({y}_{1}=\overline{AB}\ \) ; নির্ণয় করার জন্য ০১ নম্ব র । \({y}_{2}=\overline{A}+B\) ; নির্ণয় করার জন্য ০১ নম্বর। \({y}_{3}=\overline{B}+A\) ; নির্ণয় করার জন্য ০১ নম্বর। \(Y=A⊕B\) ; নির্ণয় করার জন্য ০২ নম্ব র ।
294426779144,3345925,ICT,other,other/294426779144.jpg,10/10,Write the Boolean expression for the logic circuit shown in the figure and create its truth table.,[ চিত্রে দে খানো লজিক বর্তনীর বুলিয়ান সম্পক লিখ এবং এর ট্রু থ ে টবিল তৈরি কর। ],বুলিয়ান সম্পক : \(Y=AB+\overline{A}\overline{B}\),নম্ব র বণ্টনঃ \(Y=AB+\overline{A}\overline{B}\) ; ে লখার জন্য ০৪ নম্ব র । সঠিকভাবে ট্রু থ ে টবিল তৈরি করার জন্য ০৬ নম্ব র ।
187798309496,3345925,English,other,other/187798309496.jpg,0/5,"Transform the following sentences as directed: (a) In 1980 s, Maradona was the most popular footballer in the world. (Make it positive) (b) No other virtue in a man’s life is as important as honesty. (Make it comparative) (c) When I saw him, I told him the fact. (Make it passive) (d) Bad temper should be controlled for our own sake. (Make it active) (e) Very few persons were as vindictive as Rajib. (Make it superlative)",,\(\left(01\times 05\right)=05\),
880694992068,3345925,English,other,other/880694992068.jpg,4/5,Fill in the gaps with appropriate articles: (a) __ Mr. Rahim called at my office. (b) He struck me on___ head. (c) I see you are __ Wordsworth. (d) Cholera has broken out in___ village. (e) He has___ red and white horse.,,\(\left(01\times 05\right)=05\),
189080720376,3345925,English,other,other/189080720376.jpg,3/5,Rewrite the following sentences using right form of verbs: (a) I (to finish) long before you get back. (b) Rima talks as if she (to be) a leader. (c) The light went out while we (to have) our supper. (d) He (go) to bed before I came. (e) You had better (to take) rest.,,\(\left(01\times 05\right)=05\),
716497226274,3345925,English,other,other/716497226274.jpg,3/5,Fill in the gaps with appropriate preposition: (a) The food is not___ my taste. (b) He drove__ a speed of 60 mile per hour. (c) Find out the clue___ the mystery. (d) His salary is not adequate___ the volume of work he has to do. (e) Water eats___ irons.,,\(\left(01\times 05\right)=05\),
832178606169,3345925,English,other,other/832178606169.jpg,1/2,"Make meaningful sentences with the following group verbs: Act up, Bear with, Come across, Deal in, Fill out",,Act up – The child started to act up when he didn’t get his favorite toy. Bear with – Please bear with me for a few minutes while I find your file. Come across – I came across an old friend while shopping yesterday. Deal in – My uncle deals in imported electronics at his store. Fill out – You need to fill out this form before submitting your application. Mark Distribution: ‎(0.5 × 5) = 2.5 marks for writing the sentences.,
677147107538,3363846,English,other,other/677147107538.jpg,3/5,"Answer the following questions according to the instructions: (a) Which collective noun is used to describe a number of sheep? (b) What type of phrase the underlined part is- “He could not go to school on account of illness.”? (c) ‘The experiment has been a resounding success’. Here ‘resounding’ means- (d) What is the meaning of the proverb, ‘The pot calling the kettle black? (e) Which one is the correct sentence? (i) Neither of those mattresses feel comfortable. (ii) Neither of those mattresses are feeling comfortable. (iii) Neither of those mattresses feels comfortable. (iv) Neither of those mattresses have felt comfortable.",,\(\times \),
206325367583,3363846,English,other,other/206325367583.jpg,3/5,Answer the following questions : (a) The idiom ‘going south’ refers to _____. (b) British Bangalis are _____ important part of _____ Bangladeshi diaspora who are living abroad. (Use appropriate articles in the gaps.) (c) What is the adjective of the word “Enthusiasm”? (d) What does the phrase “Sine Die” mean? (e) Pick the correct sentence: ( i ) I owe to you (ii) I am owing to you (iii) I owe you (iv) I owe at you,,\(\times \),
587278730995,3363846,English,other,other/587278730995.jpg,5/5,Transform the following sentences as directed : (a) Only Allah can help us. (Make it negative) (b) My hair grows very fast. (Make it exclamatory) (c) Let the boy be warned. (Make it active) (d) I read books for pleasure. (Make it complex) (e) I am sure that he will succeed. (Make it simple),,\(\times \),
564904110892,3363846,English,other,other/564904110892.jpg,0/5,Change the following words as instructed in the brackets : (a) Spinster (masculine) (b) Acquisition (verb) (c) Residual (antonym) (d) Propagate (synonym) (e) Maintain (Noun),,\(\times \),
514795027795,3363846,ICT,other,other/514795027795.jpg,10/10,Write the Boolean expression for the logic circuit shown below and construct its truth table.,[ চিত্রে দে খানো লজিক বর্তনীর বুলিয়ান সম্পক লিখ এবং এর ট্রু থ ে টবিল তৈরি কর। ],বুলিয়ান সম্পর্ক: \(Y=AB+\overline{A}\overline{B}\) \(=\) \(\overline{A⊕B}\),নম্বর বণ্টনঃ \(Y=AB+\overline{A}\overline{B}\) \(=\) \(\overline{A⊕B}\) ; লেখার জন্য ০২ নম্বর। সঠিকভাবে ট্রুথ টেবিল তৈরি করার জন্য ০৮ নম্বর।
375635621420,3363846,ICT,other,other/375635621420.jpg,10/10,Write the Boolean expression for the logic circuit shown in the figure and create its truth table.,[ চিত্রে দে খানো লজিক বর্তনীর বুলিয়ান সম্পক লিখ এবং এর ট্রু থ ে টবিল তৈরি কর। ],বুলিয়ান সম্পক : \(Y=AB+\overline{A}\overline{B}\),নম্ব র বণ্টনঃ \(Y=AB+\overline{A}\overline{B}\) ; ে লখার জন্য ০৪ নম্ব র । সঠিকভাবে ট্রু থ ে টবিল তৈরি করার জন্য ০৬ নম্ব র ।
255125683609,3363846,English,other,other/255125683609.jpg,1/5,Fill in the gaps with appropriate preposition: (a) The food is not___ my taste. (b) He drove__ a speed of 60 mile per hour. (c) Find out the clue___ the mystery. (d) His salary is not adequate___ the volume of work he has to do. (e) Water eats___ irons.,,\(\left(01\times 05\right)=05\),
102664402233,3363846,English,other,other/102664402233.jpg,5/5,Fill in the gaps with appropriate articles: (a) This is ___ unique opportunity. (b) We had___ good breakfast yesterday. (c) The teacher pulled the boy by__ ear. (d) The horse is ___ faithful animal. (e) ___ poet Nazrul is our pride.,,\(\left(01\times 05\right)=05\),
352744971555,3363846,English,other,other/352744971555.jpg,3/5,Rewrite the following sentences using right form of verbs: (a) It was nearly seven years since I (see) you. (b) Progress always (involve) risk. (c) It is high time he (change) his bad habits. (d) He ran away having (see) the police. (e) His pocket has been (tear).,,\(\left(01\times 05\right)=05\),
541950141192,3363846,English,other,other/541950141192.jpg,3/5,"Transform the following sentences as directed: (a) In 1980 s, Maradona was the most popular footballer in the world. (Make it positive) (b) No other virtue in a man’s life is as important as honesty. (Make it comparative) (c) When I saw him, I told him the fact. (Make it passive) (d) Bad temper should be controlled for our own sake. (Make it active) (e) Very few persons were as vindictive as Rajib. (Make it superlative)",,\(\left(01\times 05\right)=05\),
979337612572,3363846,Biology,other,other/979337612572.jpg,5/2,,উঘঅ রেপ্লিকেশনে নিম্ে্নাক্ত এনজাইম গুলোর ভূমিকা লিখ। (র) টপোআইসোমারেজ (রর) উঘঅ হেলিকেজ (ররর) লাইগেজ (রা) প্রাইমেজ (া) ঝঝইচ,উঘঅ রেপ্লিকেশনে এনজামের ভূমিকা: (র) টপোআইসোমারেজ: উঘঅ অণুকে অতিমাত্রায় প্য্াচানো অবস্থা থেকে মুক্ত করে থাকে। (রর) উঘঅ হেলিকেজ: রেপ্লিকেশন ফকর্ে উঘঅ ডাবল হেলিক্স প্য্াচগুলো খুলে দেয়। (ররর) লাইগেজ: ওকাজাকি খণ্ডকে পরিপূরক স্ট্র্যান্ডে যুক্ত করে। (রা) প্রাইমেজ: জঘঅ প্রাইমারকে স্ট্র্যান্ডের প্রান্েত যুক্ত করে। (া) ঝঝইচ: উঘঅ অণুর একক স্ট্র্যান্ডে সংযুক্ত হয় যাতে এরা পুনরায় দ্বি-তন্¿ী অবস্থায় ফিরে না আসে।,নম্বর বণ্টন: পা্চটি এনজাইমের ভূমিকা লেখার জন্য (০.৫ \(\times \) ৫) = ২.৫ নম্বর।
846642608083,3363846,Biology,other,other/846642608083.jpg,75/2,,ম্যালেরিয়া পরজীবীর নাম ও তা দে র সু্াব স্থা লিখ ।,ম্যালেরিয়া পরজীবীর নাম - ( র ) চষধংসড়ফর্স ভধষপরঢ়ধৎ্স ম্যালেরিয়া পরজীবীর সু্াব স্থা: ( র ) চষধংসড়ফর্স ভধষপরঢ়ধৎ্স ৮-১৫ দিন । (রর) চষধংসড়ফর্স ড়াধষব ১১-১৬ দিন । (ররর) চষধংসড়ফর্স ারাধী ১২-২০ দিন । (রা) চষধংসড়ফর্স সধষধৎরধব ১৮-৪০ দিন ।,নম্ব র বণ্টন : ম্যালেরিয়ার ৪টি পরজীবীর নাম ও তা দে র সু্াব স্থা ে লখার জন্য ২.৫ নম্ব র ।
838318111863,3363846,Biology,other,other/838318111863.jpg,0/2,,উ্ঃঃধঢ়যৎুহ্ং সবষধহড়ংঃরপঃ্ং ে কান শ্রেণীভুক্ত প্রাণী ? উক্ত ে শ্রণির ৪টি ৈ বশিষ্ট ্য লিখ ।,"উ্ঃঃধঢ়যৎুহ্ং সবষধহড়ংঃরপঃ্ং ( কু ্যে নাব্যাঙ ) অসঢ়যরনরধ শ্রেণীভুক্ত প্রাণী । অসঢ়যরনরধ ে শ্রণির ৈ বশিষ্ট ্য: ১। গ্রন্িথময় তaকবিশিষ্ট , এ±ে াথামর্িক (বপঃড়ঃযবৎসরপ; দেে হর তাপমাত্রা পরিবেশের তাপমাত্রার সাথে উঠানামা করে ) চতু®পদী ে মরুদণ্ড প্রাণী । ২। লার্ভা অবস্থ ায় জলচর , কিন্ তু প ূর্ণাঙ্গ অবস্থ ায় জলচর বা স্থ লচর । ৩। তaক মসৃণ , আদ্র্র, গ্রন্িথময় ; শ্বসনেও সাহায ্য করে । ৪। অগ্রপ দে চারটি ও পðাৎপ দে প্াচটি করে নখরবিহীন আঙ্গুল থ াকে । ৫। লার্ভা দ শায় ফুলকা ও পরিণত অবস্থ ায় ফুসফুস , তaক ও মুখবিবরীয় মিউকাস ঝিল্লির মাধ ্যমে শ্বসন ঘটে। ৬। হৃৎপিণ্ড তিন প্রকোষ্ঠবিশিষ্ট - দ ুটি অ্যাট্রিয়া (অলিন্দ) এবং একটি ে ভন্িট্রকল ( নিলয় ); ে রনাল ও ে হপাটিক ে পার্টাল তন্ ¿ উন্নত । ৭। একলিঙ্গ প্রাণী ; জননকালে বহিঃনিষেক ঘটে; জীবন চক্রে ট্যাডপোল লার্ভা দ শা বিদ্য মান । নম্ব র বন্টন : উ্ঃঃধঢ়যৎুহ্ং সবষধহড়ংঃরপঃ্ং ( কু ্যে নাব্যাঙ ) অসঢ়যরনরধ শ্রেণীভুক্ত প্রাণী ে লখার জন্য ০.৫ নম্ব র । অসঢ়যরনরধ শ্রেণীভুক্ত প্রাণীর ৪টি শনাক্তকারী ৈ বশিষ্ট ্য ে লখার জন্য (০.৫ \(\times \) ৪) = ০২ নম্বর।",
264405595768,3363846,Bangla,other,other/264405595768.jpg,,,"নিচের শã গুে লার বিপরীতা র্থক শã ে লখ : অশন , গৃহী , ভূত , ে সৌম ্য, বিনীত",বিপরীত শã : অশন-অনশন গৃহী-সন্ন্যাসী ভূত-ভবিষ্যৎ ে সৌম ্য- করাল বিনীত -দ ুবর্িনীত /উদ্ধত/ গবর্িত,নম্ব র বণ্টন : প্রতিটি বিপরীত শãের জন্য (০.৫ \(\times \) ৫) = ২.৫ নম্ব র । [বিঃ দ্রঃ বিপরীত শãের বানান ভুল হলে বরাদ্দক …ত নম্ব র কাটা যাবে ]
540067567125,3363846,Bangla,other,other/540067567125.jpg,,,"সারমম ে লখ : আসিতেছে শুভদিন - দিনে দিনে বহু বাড়িয়াছে দে না , শুধিতে হইবে ঋণ! হাতুড়ি শাবল গ্াইতি চালায়ে ভাঙিল যারা পাহাড় , পাহাড়-কাটা সে পথে র দ ুপাশে পড়িয়া যাদে র হাড় , ে তামারে ে সবিতে হইল যাহারা মজুর , মুটে ও কুলি , ে তামারে ে সবিতে যারা পবিত্র অঙ্গে লাগাল ধূলি ; তারাই মানুষ , তারাই দে বতা , গাহি তাহা দে রি গান , তা দে রি ব্যথিত বক্ষে পা ে ফলে আসে নব উÌান !",সারমম : শ্রমজীবী দে র শ্রমে-ঘামে-রক্তে ও জীবনের বিনিময়ে গড়ে উঠেছে স্ব াচ্ছ ন্দ্য ময় পৃথিবী ; ে শাষক ে শ্রণি ে সসব দে বতাতুল ্য মানুষকে ন্যায ্য পাওনা থেকে বআিত করেছে । আজ পৃথিবী পালটে গেছে। প্রতিশোধ ে নওয়ার সময় এসেছে ।,নম্ব র বণ্টন : শ্রমজীবী দে র শ্রমে-ঘামে-রক্তে ও জীবনের বিনিময়ে গড়ে উঠেছে স্ব াচ্ছ ন্দ্য ময় পৃথিবী ; ে শাষক ে শ্রণি ে সসব দে বতাতুল ্য মানুষকে ন্যায ্য পাওনা থেকে বআিত করেছে - নির্ধারিত অং শে ে লখার ভাব ঠিকমতো ে বাঝাতে পারলে ১.৫ নম্ব র । আজ পৃথিবী পালটে গেছে। প্রতিশোধ ে নওয়ার সময় এসেছে - নির্ধারিত অং শে ে লখার ভাব ঠিকমতো ে বাঝাতে পারলে ০১ নম্ব র । [বিঃ দ্রঃ চার বাক্যের ে বশি লিখলে ৫০% নম্ব র পাবে । ]
300013299869,3363846,English,other,other/300013299869.jpg,,"Write a paragraph on ‘Online Learning and Its Impact on Traditional Classrooms,’ using a clear topic sentence, supporting details, and a concluding sentence.",,"Online Learning and Its Impact on Traditional Classrooms Online learning has revolutionized education by making knowledge more accessible, flexible, and self-paced. Students can now learn from global experts, attend virtual classes, and use digital tools to reinforce understanding. Especially during the COVID-19 pandemic, online platforms became essential for continuing education. However, the shift also exposed challenges such as unequal internet access, reduced student engagement, and lack of face-to-face interaction. Traditional classrooms offer a structured environment with real-time feedback and social bonding, which online systems sometimes lack. A balanced approach that blends digital tools with physical classrooms, known as hybrid learning, can offer the best of both worlds. Teachers must be trained to use technology effectively, and students need digital literacy to benefit fully. While online learning is not a perfect replacement, it is a powerful supplement to classroom teaching. If used wisely, it can enhance education and prepare students for a tech-driven future. Marks Distribution: For writing the Title “Online Learning and Its Impact on Traditional Classrooms ” ; 0.5 mark. For writing ; Introductory sentence; 01 mark. For writing ; Students can now learn from global experts, attend virtual classes, and use digital tools to reinforce understanding ; 01 mark. For writing ; Traditional classrooms offer a structured environment with real-time feedback and social bonding, which online systems sometimes lack ; 01 mark. For writing ; Teachers must be trained to use technology effectively, and students need digital literacy to benefit fully ; 01 mark. For writing conclusion; 0.5 mark . [ Instructions: * Students must write it within one single para. If it becomes more than one para , 50% marks have to be deducted from the obtained marks. * 0.5 mark will be deducted for one or two grammar or spelling mistakes, 01 mark for three or more grammar or spelling mistakes.]",
303394680961,3363846,English,other,other/303394680961.jpg,,"Read the following extract and answer the questions that follow: Hold fast to dreams For if dreams die Life is a broken-winged bird That cannot fly . Hold fast to dreams For when dreams go (a) What does the image of a “broken-winged bird” suggest about life without dreams? (b) What role do dreams play in shaping human experience, according to the poem?",,"(a) The image of a “broken-winged bird” suggests that life without dreams is damaged, directionless, and unable to move forward. It powerfully evokes helplessness and loss of hope, showing how essential dreams are for a fulfilling existence. (b) According to the poem, dreams are the foundation of a meaningful life. Without them, life becomes stagnant and hopeless. Hughes presents dreams not just as desires, but as necessary forces that guide ambition, growth, and emotional survival. Marks Distribution: For writing ; The image of a “broken-winged bird” suggests that life without dreams is damaged, directionless, and unable to move forward. It powerfully evokes helplessness and loss of hope, showing how essential dreams are for a fulfilling existence ; 01 mark. For writing ; According to the poem, dreams are the foundation of a meaningful life. Without them, life becomes stagnant and hopeless. Hughes presents dreams not just as desires, but as necessary forces that guide ambition, growth, and emotional survival ; 1.5 marks. [ N.B: 0.5 mark will be deducted for two grammar or spelling mistakes, 01 mark for three or more grammar or spelling mistakes.]",
901622462348,3363846,Bangla,other,other/901622462348.jpg,,,বাক্য কাকে বলে? গঠন অনুসারে বাক্যের শ্রেণিবিভাগ আলোচনা কর।,"অর্থবহ কথাকে বাক্য বলে। অর্থাৎ কিছু শãসমন্বয়ে মনের ভাব প্রকাশের প্রক্রিয়াকে বাক্য বলে। যে সুবিন্যস্ত পদসমষ্টি দ্বারা কোনো বিষয়ে বক্তার মনোভাব সম্পূর্ণরূপে প্রকাশিত হয়, তাকে বাক্য বলে। ড. সুনীতিকুমার চÆোপাধ্যায়ের মতে, Ôকোনও ভাষায় যে উক্তির সার্থকতা এবং গঠনের দিক থেকে যা স্বয়ংসম্পূর্ণ, সেরূপ একক উক্তিকে ব্যাকরণে বাক্য বলে।Õ গঠন অনুসারে বাংলা বাক্য তিন প্রকার। যথা: ১. সরল বাক্য ২. জটিল বাক্য ৩. যেৌগিক বাক্য। ১. সরল বা সাধারণ বাক্য: যে বাক্যে একটিমাত্র কর্তা বা উদ্দেশ্য থাকে এবং একটিমাত্র সমাপিকা ক্রিয়া বা বিধেয় থাকে তাকে সরল বাক্য বলে। যেমন- মুনীরা কলেজে যায়। ত…ণা বই পড়ে। এখানে ÔমুনীরাÕ, Ôত…ণাÕ উদ্দেশ্য বা কর্তা এবং Ôযায়Õ, Ôপড়েÕ সমাপিকা ক্রিয়া বা বিধেয়। ২. জটিল বা মিশ্র বাক্য: যে বাক্য পরস্পর সাপেক্ষ প্রধান ও অপ্রধান খণ্ডবাক্যের সমন্বয়ে বা দুটো খণ্ডবাক্যের সমন্বয়ে গঠিত হয় বা যে বাক্যে প্রধান খণ্ডবাক্যের অধীন এক বা একাধিক অপ্রধান খণ্ডবাক্য থাকে তাকে জটিল বাক্য বলে। এখানে প্রধান খণ্ডবাক্যটি স্বাধীন এবং অপ্রধান খণ্ডবাক্যটি তার অধীন বা আশ্রিত। যেমন- যদিও তিনি পণ্ডিত, তথাপি তিনি বিনয়ী নন। যিনি পরের উপকার করেন, ত্াকে সবাই শ্রদ্ধা করে। এসব বাক্যে- Ôযদিও তিনি পণ্ডিতÕ; Ôযিনি পরের উপকার করেনÕ এগুলো হলো অপ্রধান বা আশ্রিত খণ্ডবাক্য এবং Ôতথাপি তিনি বিনয়ী ননÕ, Ôত্াকে সবাই শ্রদ্ধা করেÕ-এগুলো হলো প্রধান খণ্ডবাক্য। মনে রাখতে হবে জটিল বাক্যের খণ্ডবাক্যগুলোতে যদিও, তথাপি, যিনি, তিনি, ত্াকে, যে, সে, যখন, তখন ইত্যাদি সাপেক্ষ সর্বনাম ও যোজক শã থাকে। ৩. যেৌগিক বা সংযুক্ত বাক্য: পরস্পর নিরপেক্ষ দুই বা ততোধিক সরল বাক্য বা জটিল বাক্য যদি কোনো যোজক শã সংযুক্ত হলে একটি সম্পূর্ণ বাক্য গঠন করে তবে তাকে যেৌগিক বাক্য বলে বা সংযুক্ত বাক্য বলে। যেৌগিক বাক্যের অন্তর্গত নিরপেক্ষ বাক্যগুলো এবং, ও, কিন্তু, সুতরাং, অথবা, নইলে, কিংবা, বরং, তথাপি প্রভ…তি যোজক শã সংযুক্ত বা সমন্বিত থাকে। যেমন-তারা দুজনে ওত পেতে বসেছিল, নইলে চোর ধরা সম্ভব ছিল না। তুমি অন্যায় করেছ, সুতরাং তোমাকে শাস্িত পেতেই হবে। বেশ রাত হলো এবং আমরা বাড়ি ফিরলাম।",নম্বর বণ্টন: বাক্য কাকে বলে লেখার জন্য ০১ নম্বর। গঠন অনুসারে ১ টি শ্রেণিবিভাগ সংÁা ও উদাহরণসহ লেখার জন্য ০২ নম্বর। গঠন অনুসারে ২ টি শ্রেণিবিভাগ সংÁা ও উদাহরণসহ লেখার জন্য ০৩ নম্বর। গঠন অনুসারে ৩ টি শ্রেণিবিভাগ সংÁা ও উদাহরণসহ লেখার জন্য ০৪ নম্বর।
739096718280,3363846,English,other,other/739096718280.jpg,,"Make meaningful sentences with the following words: Ambivalent, Exacerbate, Tenacity, Clandestine, Discern",,"Ambivalent – She felt ambivalent about moving abroad, torn between excitement and fear. Exacerbate – Cutting down more trees will only exacerbate the effects of climate change. Tenacity – His tenacity in the face of repeated failures eventually led to success. Clandestine – The journalist uncovered a clandestine operation involving illegal data trade. Discern – It was difficult to discern the truth amid so many conflicting reports. Marks Distribution: For making meaningful sentences with the given words, (0.5×5) =2.5 marks.",
935798865703,3363846,English,other,other/935798865703.jpg,,"Write a well-organised paragraph on ‘River Systems of Bangladesh and Their Economic Importance’ in the space provided, considering the elements of a paragraph, such as topic sentence, supporting detail sentences and conclusion.",,"River Systems of Bangladesh and Their Economic Importance Bangladesh is home to one of the most intricate and vast river systems in the world, formed by the confluence of major rivers such as the Padma, Brahmaputra, Jamuna, Meghna, Karnaphuli etc. These rivers play a crucial role in the country's economy, providing water for agriculture, transportation, and supporting fisheries. The fertile floodplains created by these rivers are ideal for rice cultivation, which is the backbone of Bangladesh’s agriculture, ensuring food security and employment for millions. Furthermore, the river systems facilitate inland transportation, with many areas relying on boats for the movement of goods and people, especially in rural regions. The rivers also contribute to the fishing industry, which is vital to the nation's food supply and exports. However, the river systems face challenges, including flooding, erosion, and pollution, which threaten agriculture and livelihoods. Managing these rivers effectively is essential for the continued economic stability and development of Bangladesh. Mark distribution: For writing Title “ River Systems of Bangladesh and Their Economic Importance ”; 0.5 mark. For writing topic sentence such as Bangladesh's river systems are crucial to its economy, driving agriculture, transportation, and fisheries ; 0.5 mark. For writing the economic benefits such as support agriculture by providing irrigation and fertile land, facilitate and sustain the fishing industry, contributing to food supply and exports etc. ; 3.5 marks . For writing conclusion such as effective river management is crucial to overcoming challenges and ensuring Bangladesh’s economic stability ; 0.5 mark. [ Instructions: * Students must write it within one single para. If it becomes more than one para , 50% marks have to be deducted from the obtained marks. * 0.5 mark will be deducted for one or two grammar or spelling mistakes, 01 mark for three or more grammar or spelling mistakes. ]",
393028702603,3363846,ICT,other,other/393028702603.jpg,,\(HTML\),চিত্র-১ চিত্র-১ প্রদর্শনের জন্য \(HTML\) কোডিং লিখ।,নিচে প্রয়োজনীয় \(html\) কোড দেয়া হলো:,"নম্বর বণ্টনঃ <যঃসষ>, <নড়ফু> ট্যাগ সঠিকভাবে ওপেন-ক্লোজ করার জন্য ০১ নম্বর। <নড়ফু> ট্যাগের ভেতর ""ঝ্নলবপঃ:"" লেখার জন্য ০১ নম্বর। <ড়ষ> এবং <ষর> ট্যাগ ওপেন-ক্লোজ করার জন্য ০১ নম্বর। <ড়ষ> ট্যাগের ধঃঃৎরন্ঃব হিসাবে ংঃধৎঃ=""৩"" লেখার জন্য ০১ নম্বর। <ষর> ট্যাগের ভিতর তিনটি ং্নলবপঃ (ঊহমষরংয, ইধহমষধ, ওঈঞ) যথাযথভাবে লেখার জন্য ০১ নম্বর।"
831680694275,3363846,Biology,other,other/831680694275.jpg,5/2,,সবাত শ্বসনের বিভিন্ন ধাপগুলো সংঘটিত হবার স্থানগুলোর নাম লেখ। কোন ধাপটিকে শ্বসনের সাধারণ গতিপথ বলা হয়?,সবাত শ্বসন ৪টি ধাপে সংঘটিত হয়। সবাত শ্বসনের বিভিন্ন ধাপগুলো সংঘটিত হবার স্থানগুলোর নাম: (র) গ্লাইকোলাইসিস → কোষের সাইটোপ্লাজম। (রর) পাইরুভিক অ্যাসিডের অক্সিডেশন → মাইটোকন্ড্রিয়নের ম্যাট্রিক্স। (ররর) সাইট্রিক অ্যাসিড চক্র বা ক্রেব&&স চক্র → মাইটোকন্ড্রিয়নের ম্যাট্রিক্স। (রা) ইলেকট্রন স্থানান্তর ও অক্সিডেটিভ ফসফোরাইলেশন → মাইটোকন্ড্রিয়্যাল মেমব্রেন। গ্লাইকোলাইসিসকে শ্বসনের সাধারণ গতিপথ বলা হয়।,নম্বর বণ্টন: ৪টি স্থানের নাম লিখলে (০.৫ \(\times \) ৪) = ০২ নম্বর। গ্লাইকোলাইসিস লিখলে ০.৫ নম্বর।
310537196938,3363846,Biology,other,other/310537196938.jpg,5/2,,কডর্েট প্রাণী ও নন-কডর্েট প্রাণীর মধ্যে ৫টি পার্থক্য লিখ।,"কডর্েট প্রাণী ও ননকডর্েট প্রাণীর মধ্যে পার্থক্য নিম্নরূপ : পার্থক্যের বিষয় → কডর্েট প্রাণী: (র) নটোকর্ড → জীবনের কোনো না কোনো দশায় থাকে। (রর) স্নায়ুর¾ু → পৃষ্ঠীয় ও ফা্পা। (ররর) গলবিলীয় ফুলকারন্ধ্র → জীবনের যেকোন দশায় থাকে। (রা) পায়ু-উত্তর লেজ → জীবনের কোনো না কোনো দশায় থাকে। (া) হৃৎপিণ্ড → পেৌষ্টিকনালির নিচে অবস্থান করে। (ার) কঙ্কাল → অন্তঃকঙ্কাল ও বহিঃকঙ্কাল বিদ্যমান। (ারর) চক্ষু → মস্িত®‹ থেকে সৃষ্টি হয়। (াররর) হিমোগ্লোবিন → লোহিত কণিকার ভিতরে অবস্িথত। পার্থক্যের বিষয় → ননকডর্েট প্রাণী: (র) নটোকর্ড → কখনো থাকে না। (রর) স্নায়ুর¾ু → সাধারণত থাকে না, থাকলেও তা অঙ্কীয় ও নিরেট। (ররর) গলবিলীয় ফুলকারন্ধ্র → কখনোই থাকে না। (রা) পায়ু-উত্তর লেজ → থাকে না। (া) হৃৎপিণ্ড → যদি থাকে, তা পেৌষ্টিকনালির উপরে বা পাশে অবস্থান করে। (ার) কঙ্কাল → থাকলেও সেটি বহিঃকঙ্কাল। (ারর) চক্ষু → তaক থেকে সৃষ্টি লাভ করে। (াররর) হিমোগ্লোবিন → নাও থাকতে পারে, থাকলে রক্তরসে।",নম্বর বণ্টন: কডর্েট প্রাণী ও নন-কডর্েট প্রাণীর মধ্যে ৫টি পার্থক্য লেখার জন্য; (০.৫ \(\times \) ৫) = ২.৫ নম্বর।
853483653693,3363846,Biology,other,other/853483653693.jpg,5/2,,ব্যারিয়াট্রিকস কাকে বলে ? স্থূ লতার ৪টি স্বাস্থ্য ঝু্কি উল্লেখ কর।,"চিকিৎসাবিÁানের যে শাখায় স্থূ লতার কারণ , প্রতিরোধ , চিকিৎসা ও অ স্ে¿ াপচার সম্বন্ধে আলোচনা করা হয় তাকে ব্যারিয়াট্রিকস বলে । স্থূ লতার স্বাস্থ্য ঝ্ুকি : র . করোনারি হৃদে রাগ রর. টাইপ-২ ডায়াবেটিস ররর. ক্যাÝার (স্ তন , ে কালন ) রা. উচ্চ রক্তচাপ া. স্ট্রে াক ার. যক …ত ও পিত্তথলির অসুখ ারর. অস্টিও-আ থ্র্র াইটিস াররর. বন্ধ্যাত a রী. স্লিপ অ্যাপনিয়া",নম্ব র বণ্টন : ব্যারিয়াট্রিকস এর সংÁা লিখলে ০.৫ নম্ব র । স্থূ লতার ৪টি স্বাস্থ্য ঝু্কি লিখলে (০.৫ \(\times \) ৪) = ০২ নম্বর।
964651392333,3363846,Biology,other,other/964651392333.jpg,5/2,,টিসু্য কালচার ও রিকম্বিনেন্ট উঘঅ প্রযুক্তির মধ্যে ৫টি পার্থক্য লিখ।,"টিসু্য কালচার ও রিকম্বিনেন্ট উঘঅ প্রযুক্তির মধ্যে পার্থক্য: টিসু্য কালচার: (র) জীবদেহের বিচ্িছন্ন করা কোনো বিভাজনক্ষম টিসু্য ক…ত্রিম পুষ্টি মাধ্যমে কালচার (আবাদ) করে চারা উ™্ভিদ সৃষ্টি বা টিসু্য বৃদ্ধির (প্রাণীর ক্ষেত্রে) প্রক্রিয়াই হলো টিসু্য কালচার। (রর) এ পদ্ধতিতে অল্প সময়ের মধ্যে অধিক সংখ্যক উ™্ভিদের চারা উৎপাদন করা সম্ভব। (ররর) ভাইরাস ও রোগমুক্ত উ™্ভিদ সৃষ্টির জন্য ব্যবহার হয়। (রা) অপেক্ষাক…ত কম জটিল প্রক্রিয়া। (া) এক্ষেত্রে প্লাসমিডের প্রয়োজন হয় না, কারণ জিন স্থানান্তরণ বিনিময়ের কোনো সুযোগ নেই। (ার) এক্ষেত্রে জিন ম্যানিপুলেশন করে জীবের জিনোটাইপ পরিবর্তন করা হয় না। (ারর) উৎপন্ন উ™্ভিদ মাত…উ™্ভিদের সমগুণসম্পন্ন হয়। রিকম্বিনেন্ট উঘঅ প্রযুক্তি: (র) কোনো জীবের উঘঅ- তে ভিন্ন উৎস থেকে সংগৃহীত এক বা একাধিক কা•িক্ষত জিন বা উঘঅ খণ্ড সংযুক্ত করে সংকর (হাইব্রিড) উঘঅ তৈরির কেৌশলই হলো রিকম্বিনেন্ট উঘঅ প্রযুক্তি। (রর) এ পদ্ধতিতে অল্প সময়ের মধ্যে আকা•িক্ষত বৈশিষ্ট্যসম্পন্ন উ™্ভিদ উৎপাদন করা সম্ভব নয়। (ররর) কা•িক্ষত বৈশিষ্ট্যসম্পন্ন উ™্ভিদ সৃষ্টিতে ব্যবহৃত হয়। (রা) অপেক্ষাক…ত বেশি জটিল প্রক্রিয়া। (া) এক্ষেত্রে প্লাসমিডের প্রয়োজন হয়, কারণ জিন স্থানান্তর বা বিনিময়ের সুযোগ রয়েছে। (ার) এক্ষেত্রে জিন ম্যানিপুলেশন করে জীবের জিনোটাইপ পরিবর্তন করা হয়। (ারর) উৎপন্ন জীব প্যারেন্ট জীব থেকে ভিন্নগুণসম্পন্ন। নম্বর বন্টন: টিসু্য কালচার ও রিকম্বিনেন্ট উঘঅ প্রযুক্তির মধ্যে ৫টি পার্থক্য লেখার জন্য (০.৫ \(\times \) ৫) = ২.৫ নম্বর।",
502548464161,3363846,Bangla,other,other/502548464161.jpg,,,"Òউপসগর্ের অর্থবাচকতা নেই, কিন্তু অর্থদ্যোতকতা আছে।""- উদাহরণসহ উক্তিটি বিশ্লেষণ কর।","বাংলা ভাষায় এমন কতকগুলো অর্থহীন শãাংশ বা শã খণ্ড রয়েছে যেগুলো স্বাধীন শã হিসেবে বাক্যে ব্যবহৃত হতে পারে না। এগুলো অন্য শãের আগে বসে এর প্রভাবে নতুন অর্থবোধক শã তৈরি করে এবং শãের অথর্ের পূর্ণতা সাধিত হয় কিংবা শãের অথর্ের সম্প্রসারণ অথবা সংকোচন ঘটে। ভাষায় ব্যবহৃত এসব অর্থহীন শãাংশ বা শã খণ্ডের নাম উপসর্গ। উপরিউক্ত সংÁাথর্ে প্রমাণ করে যে, নাম শã বা ক…দন্ত শãের সঙ্গে যুক্ত না হয়ে স্বাধীনভাবে থাকলে উপসগর্ের কোনো অর্থ নেই। যেমন: উপ, প্রতি, বি ইত্যাদি উপসর্গগুলোর কোনো অর্থবাচকতা নেই অর্থাৎ নিজস্ব কোনো অর্থ নেই। কিন্তু অর্থদ্যোতনা আছে অর্থাৎ অন্য শãের আগে বসে অর্থদ্যোতক হয়ে ওঠে। যেমন: উপ + হার= উপহার (পারিতোষিক/উপঢেৌকন), প্রতি + বেশী = প্রতিবেশী (নিকট আত্মীয়); বি + হার = বিহার (জ্ঞমণ)। উপসর্গ যুক্ত হলে সাধারণত শãের প্াচ ধরনের পরিবর্তন ঘটে। যেমন: ১. নতুন অর্থবোধক শãের সৃষ্টি হয়। যেমন কাজ থেকে অকাজ (অর্থহীন)। ২. শãের অর্থ পরিপূর্ণ হয়ে ওঠে। যেমন: কাল থেকে বিকাল (অপরাহè)। ৩. শãের অর্থ সম্প্রসারিত হয়। যেমন: দান থেকে প্রতিদান (অনুরূপ) ৪. শãের অথর্ের সীমানা সংকুচিত হয়। যেমন: হার থেকে প্রহার (মারা) ৫. শãের অথর্ের পরিবর্তন ঘটে। যেমন: দ্বীপ থেকে উপদ্বীপ (ক্ষুদ্র ভূখণ্ড) উপসগর্ের উপযুক্ত সংÁার্থ, প্রক…তি ও ভূমিকা বিশ্লেষণ করলে তাদের যে বৈশিষ্ট্য পাওয়া যায় তা হচ্েছ- উপসর্গগুলো প্রত্যেকটি এক একটি শãাংশ বা শãখণ্ড। এদের নিজেদের কোনো অর্থ নেই, বা পৃথকভাবে ব্যবহৃত হয় না। কেবল ধাতু বা শãের পূবর্ে যুক্ত হলেই এরা শã গঠন করে এবং অথর্ের বৈচিত্র ‍ ্য সাধন ক ে র। উপয ু ক্ত উদাহরণসমূ ে হ যু ক্ত প ্র , পরি, উপ, অনু ইত ্য াদি উপসগ গুে লার আলাদাভা ে ব ে কা ে না অথ ে নই; অথচ এ গুে লা ধাতু বা শ ãে র পূ ে ব যু ক্ত হ ে য় অ ে থ র নানা ধর ে নর পরিবত ন সাধন করার পাশাপাশি নতুন শ ã গঠন ক ে র ে ছ। সুতরাং একথা নিি দ্র্ব ধায় বলা যায় ে য, ""উপস ে গ র অথ বাচকতা ে নই, কি ন্তু অথ ে দ ্য াতকতা আছে"" উক্তিটি যথার্থ।","নম্বর বণ্টনঃ উপসগর্ের সংÁা লেখার জন্য ০১ নম্বর। উপসগর্ের অর্থবাচকতা নেই- বুঝানোর জন্য ০১ নম্বর। দুটি উপসর্গ উদাহরণসহ লেখার জন্য (০.৫ \(\times \) ২)= ০১ নম্বর। ( যেমন : প্রতি, বি, প ্র , পরি, উপ ইত্যাদি) উপসগর্ের অর্থদ্যোতনা আছে - বুঝানোর জন্য ০১ নম্বর। অর্থপূর্ণ উপসর্গযুক্ত দুটি শã উদাহরণের জন্য (০.৫ \(\times \) ২) = ০১নম্বর। ( যেমন : উপদ্বীপ, প্রহার, প্রতিদান, উপহার ইত্যাদি)"
287424916599,3363846,Bangla,other,other/287424916599.jpg,,,"নিচের শãগুলোর দুইটি করে সমার্থক শã লেখ: গগন, পিক, গৃহ, বসুন্ধরা , তটিনী","সমার্থক শã: গগন-আকাশ, আসমান, নীলিমা, নভোমন্ডল, দু্যলোক, অজ্ঞ, শূন্য, নভঃ, অনন্ত, সুরপথ, খলোক, খগোল, নক্ষত্রলোক, নভোলোক, নভস্তল, নভস্থল, অম্বর, ব্যোম, খ, অন্তরিক্ষ, শূন্যলোক । পিক-কোকিল, পরপুষ্ট, অন্যভ…ত, পরভ…ত, কাকপুষ্ট, অন্যপুষ্ট, কলকÉ, বসন্তদূত, মধুবন, কোয়েল, কলঘোষ, বসন্তসখ, বসন্তী, মধুঘোষ, কাকপুচ্ছ । তটিনী-নদী, তরঙ্গিনী, স্রোতস্বিনী, প্রবাহিণী, নদ, নদনদী, শৈবলিনী, স্রোতস্বতী, গাঙ, সরিৎ, সমুদ্রকান্তা, সমুদ্রদয়িতা, স্রোতোবহা, মন্দাকিনী, কল্লোলিনী। গৃহ-বাড়ি, নিকেতন, নিলয়, আবাস , আলয়, ভবন, সদন, আগার, বাটি, বাটিকা, গেহ, নিকেত, বাড়িঘর। বসুন্ধরা-পৃথিবী, বসুমতী, ভুবন, জগৎ , বসুধা, ভূ, অবনি, ধরণি, ধরা, ধরিত্রী, মহি, মেদিনী, ক্ষিতি, বিশ্ব, ধরাতল, ধরাধাম, বসুমাতা, ভূমণ্ডল, মর্ত, ভূতল, পৃথaী, দুনিয়া, জাহান।",নম্বর বণ্টনঃ প্রত্যেকটি শãের ২টি সঠিক সমার্থক শã লেখার জন্য (০.২৫ \(\times \) ২) = ০.৫ নম্বর। ৫টি শãের সঠিক সমার্থক শã লেখার জন্য (০.৫ \(\times \) ৫) = ২.৫ নম্বর। [বি. দ্রঃ শãের বানান ভুল করলে ০.২৫ নম্বর কাটা যাবে।]
227231347108,3363846,Bangla,other,other/227231347108.jpg,,,"ভাব-সম্প্রসারণ কর: পথ পথিকের সৃষ্টি করে না, পথিকই পথের সৃষ্টি করে।","ভাব-সম্প্রসারণ: পথ ও পথিক পরস্পর সম্পকর্িত। পথিকের পদভারে রচিত হয় নতুন পথ। জীবন সন্ধানী পথিক তার প্রয়োজনেই নতুন পথ ও পন্থা সৃষ্টি করে। পথ পথিকের স্রষ্টা নয়। মানবজীবন চআল, গতিময়। চলমানতা এর বৈশিষ্ট্য। নিজেকে চেনা ও অজানাকে জানার জন্য মানুষ নিরন্তর নানা-দিকে, নানা জায়গায় পরিজ্ঞমণ করে বেড়ায়। জীবনের উদ্দেশ্য সাধনের জন্য গতানুগতিক পথ পরিহার করে নতুন পথ ও পন্থা তার নিজেকেই তৈরি করে নিতে হয়। নিজের চেষ্টা ও সাধনায় নতুন পথ সৃষ্টি করে পথিক তার অভীষ্ট লক্ষ্যে পে্ৌছাতে তৎপর হয়ে ওঠে। জীবন পথের দুরন্ত পথিক জানে, পুরানো পথ অনুসরণ করে নতুন সম্ভাবনার দ্বার উন্মুক্ত করা যায় না। তাই তাকে নতুন পথের সন্ধান করতে হয়। সকল বাধা-বিঘ্ন অতিক্রম করে পথিক তার সৃষ্ট নতুন পথে এগিয়ে যায়। আর এভাবেই এগিয়ে চলার নেশায় অবিরাম চলতে গিয়ে পৃথিবীতে অসংখ্য পথ তৈরি হয়েছে; নিমর্িত হয়েছে মানবসভ্যতা। আমরা বর্তমানে যে পৃথিবীতে জীবনের পথ অতিক্রম করছি, সে পৃথিবী একসময় ছিল দুর্গম, দুরধিগম্য। তখন সভ্য জীবনযাপনের কোনো পথ ও পন্থা ছিল না বললেই চলে। মানুষ তার জীবন রক্ষা ও জীবন বিকাশের জন্য প্রয়োজন মতো পথ ও পন্থা তৈরি করতে বাধ্য হয়েছে। ফলে আজকের পৃথিবী হয়েছে মানুষের পদানত। জগতের ক…তি মানুষেরা তাদের জীবনের গতিময় পথ নিজেরাই তৈরি করেছেন এবং মানুষকে নতুন পথ সৃষ্টিতে অনুপ্রাণিত করেছেন। যুগে যুগে অসংখ্য উদ্যমী মানুষ অসংখ্য পথ সৃষ্টি করে মানুষের জীবনকে করেছেন সহজতর। সকল পথ ও পন্থা মানুষেরই তৈরি। কোনো পথ আপনা থেকে সৃষ্ট হয়ে মানুষকে তার পথিক হতে বলেনি। পথের নির্মাতা ও স্রষ্টা মানুষ নিজেই। নিজের সৃষ্ট পথেই মানুষ পথিকরূপে পৃথিবীর সকল প্রান্েত বিচরণ করে। পথ কখনো পথিক সৃষ্টি করেনি। বরং পথিকই নিত্য-নতুন পথের স্রষ্টা।","নম্বর বণ্টন: মানবজীবন চআল, গতিময়। চলমানতা এর বৈশিষ্ট্য - নির্ধারিত অংশে লেখার ভাব ঠিকমতো বোঝাতে পারলে ০.৫ নম্বর। জীবনের উদ্দেশ্য সাধনের জন্য গতানুগতিক পথ পরিহার করে নতুন পথ ও পন্থা তার নিজেকেই তৈরি করে নিতে হয় - নির্ধারিত অংশে লেখার ভাব ঠিকমতো বোঝাতে পারলে ০.৫ নম্বর। সকল বাধা-বিঘ্ন অতিক্রম করে পথিক তার সৃষ্ট নতুন পথে এগিয়ে যায়। আর এভাবেই এগিয়ে চলার নেশায় অবিরাম চলতে গিয়ে পৃথিবীতে অসংখ্য পথ তৈরি হয়েছে; নিমর্িত হয়েছে মানবসভ্যতা - নির্ধারিত অংশে লেখার ভাব ঠিকমতো বোঝাতে পারলে ০.৫ নম্বর। মানুষ তার জীবন রক্ষা ও জীবন বিকাশের জন্য প্রয়োজন মতো পথ ও পন্থা তৈরি করতে বাধ্য হয়েছে - নির্ধারিত অংশে লেখার ভাব ঠিকমতো বোঝাতে পারলে ০.৫ নম্বর। যুগে যুগে অসংখ্য উদ্যমী মানুষ অসংখ্য পথ সৃষ্টি করে মানুষের জীবনকে করেছেন সহজতর - নির্ধারিত অংশে লেখার ভাব ঠিকমতো বোঝাতে পারলে ০.৫ নম্বর। [বিঃ দ্রঃ দুইটি বানান ভুল করলে ০.৫ নম্বর, তিন বা ততোধিক বানান ভুল করলে ০১ নম্বর কাটা যাবে, তবে নির্ধারিত অংশে লেখার ভাব ঠিকমতো বোঝাতে না পারলে বরাদ্দক…ত নম্বর কাটা যাবে।]"
786682527741,3363846,English,other,other/786682527741.jpg,,"Compose a paragraph in approximately 100 words exploring how war between states affects economic progress, education, and human rights. Maintain a critical tone and present your points with clarity and logical flow.",,"War’s Shadow on Progress and Human Rights War between states is not just a political conflict, it is also a human crisis. Armed conflicts destroy infrastructure, displace populations, collapse economies, and halt education and healthcare systems. The Ukraine-Russia war, for example, disrupted global food supply chains, caused mass migrations, and shattered thousands of lives. Wars also consume national budgets, diverting resources from development to destruction. Children grow up without schooling, hospitals are reduced to rubble, and entire generations are psychologically scarred. Beyond physical damage, war fuels mistrust, division, and long-term instability. It reverses decades of progress in poverty reduction, education, and gender equality. Peace, on the other hand, allows nations to invest in people, not weapons. The true cost of war is measured not in borders won or lost, but in human potential wasted. To build a just and prosperous world, diplomacy must triumph over violence. Marks Distribution: For writing the Title “ War’s Shadow on Progress and Human Rights ”; 0.5 mark. For writing ; Introductory sentence; 01 mark. For writing ; Armed conflicts destroy infrastructure, displace populations, collapse economies, and halt education and healthcare systems ; 01 mark. For writing ; Wars also consume national budgets, diverting resources from development to destruction. Children grow up without schooling, hospitals are reduced to rubble, and entire generations are psychologically scarred ; 01 mark. For writing ; Beyond physical damage, war fuels mistrust, division, and long-term instability. It reverses decades of progress in poverty reduction, education, and gender equality ; 01 mark. For writing conclusion; 0.5 mark . [ Instructions: * Students must write it within one single para. If it becomes more than one para , 50% marks have to be deducted from the obtained marks. * 0.5 mark will be deducted for one or two grammar or spelling mistakes, 01 mark for three or more grammar or spelling mistakes.] [ N.B. The student will get the allotted marks if he/she writes a proper alternative title .]",
107239793123,3363846,English,other,other/107239793123.jpg,,"Make meaningful sentences with the following words: Ambiguous, Circumvent, Advocate, Pragmatic, Perspicacious",,"Ambiguous – His ambiguous statement left everyone confused about his true intentions. Circumvent – They found ways to circumvent the strict regulations to complete the project on time. Advocate – She is a strong advocate for human rights and social justice. Pragmatic – The manager took a pragmatic approach to solving the company’s financial problems. Perspicacious – Her perspicacious mind allowed her to solve the puzzle faster than anyone else. Marks Distribution: For making meaningful sentences with the given words, (0.5×5) =2.5 marks.",
136003364062,3363846,English,other,other/136003364062.jpg,,"Read the following extract and answer questions that follow: I wandered lonely as a cloud That floats on high o’er vales and hills, When all at once I saw a crowd, A host, of golden daffodils; Beside the lake, beneath the trees, Fluttering and dancing in the breeze. ( a) Identify and explain any one literary device used in the extract. ( b) How does the imagery of the “host of golden daffodils” contribute to the poem’s emotional tone?",,"(a) Wordsworth uses personification by describing the daffodils as “fluttering and dancing.” This human-like quality creates a vivid, joyful image that mirrors the poet’s lifted spirits. (b) The image of countless bright, dancing daffodils evokes a feeling of beauty and elation. It transforms the poet’s loneliness into joy, reflecting the restorative power of nature. Marks Distribution: For writing, Wordsworth uses personification by describing the daffodils as “fluttering and dancing.” This human-like quality creates a vivid, joyful image that mirrors the poet’s lifted spirits ; 1.5 marks. For writing, the image of countless bright, dancing daffodils evokes a feeling of beauty and elation. It transforms the poet’s loneliness into joy, reflecting the restorative power of nature ; 01 mark. [ N.B: 0.5 mark will be deducted for two grammar or spelling mistakes, 01 mark for three or more grammar or spelling mistakes.]",
321253565642,3363846,Biology,other,other/321253565642.jpg,5/2,,একবীজপত্রী উি ™্ভদে র মূলের অন্তর্গঠনগত শনাক্তকারী প্াচটি ৈ বশিষ্ট ্য লিখ ।,"একবীজপত্রী উি ™্ভদে র মূলের অন্তর্গঠনগত শনাক্তকারী ৈ বশিষ্ট ্য নিম্নরূপ : ( র ) তaকে কিউটিকল অনুপি স্থত। এতে এককোষী মূলরোম থ াকে । (রর) অধঃতaক অনুপি স্থত। (ররর) কটর্েক্স-এ অধঃতaক ে নই , কেবল অন্তঃতaক আছে । (রা) পরিচ ক্র একসারি ে কাষ দিয়ে গঠিত । (া) ভা স্‹ ুলার বান্ডল অরীয় এবং একান্তরভাবে স¾িত। (ার) ে মটাজাইলেম কেন্েদ্র র দিকে এবং ে প্রাটোজাইলেম পরিধির দিকে অবি স্থত। (ারর) জাইলেম ও ে ফ্লায়েম গু চ্েছর সংখ্যা ৬ এর অধিক। (াররর) ম¾া বৃহৎ ও সুগঠিত ।",নম্ব র বণ্টন : একবীজপত্রী উি ™্ভদে র মূলের অন্তর্গঠনের প্াচটি শনাক্তকারী ৈ বশিষ্ট ্য লিখলে (০.৫ \(\times \) ৫) = ২.৫ নম্বর।
360916001775,3363846,Bangla,other,other/360916001775.jpg,,,"নিচের উপসগ গুে লা দিয়ে দ ুÕটি করে শã গঠন কর: নি , প্র , আম, অনু, স","উপসগ দিয়ে শã গঠন : নি-নিখু্ত , নিখে্াজ , নিখা দ, নির্ভর , নির্ণয় , নিবারণ , নিবৃত্তি , নিগূঢ় , নিথর , নিপুণ , নিবিষ্ট , নিবেদন , নিমগ্ন , নিক …ষ্ট, নিদাঘ , নিদারুণ , নিকষ , নিতল , নিপীড়ন , নিবিড় , নিস্তক্ষ । প্র-প্রভাত , প্রকাশ , প্রভাব , প্রতাপ , প্রবাহ , প্রগাঢ় , প্রচার , প্রবল , প্রসার , প্রকোপ , প্রখর , প্রচণ্ড , প্রমত্ত , প্রগতি , প্রণতি , প্রণাম , প্রাগ্রসর , প্রবেশ , প্র স্থ ান , প্রচার , প্রজনন , প্রদান , প্রপেৌত্র , প্রশাখা , প্রশিষ ্য, প্রজন ্ম। আম- আমদরবার , আমমোক্তার, আমজনতা । অনু- অনুগমন , অনুসরণ , অনুধাবন , অনুবাদ, অনুশোচনা , অনুগামী , অনুজ , অনুচর , অনুতাপ , অনুকরণ , অনুরূপ , অনুকার , অনুদান , অনুক্ষণ , অনুদিন , অনুশীলন , অনুকূল , অনুকম্পা । স- সঠিক , সলাজ , সজোরে , সরব , সপাট ।",নম্ব র বণ্টন : প্রত্যেকটি উপসগর্ের ২ টি করে সঠিক শã গঠন করার জন্য (০.২৫ \(\times \) ২) = ০.৫ নম্বর। ৫টি উপসগর্ের শã গঠন করার জন্য (০.৫ \(\times \) ৫) = ২.৫ নম্বর। [বি. দ্রঃ শãের বানান ভুল করলে ০.২৫ নম্ব র কাটা যাবে ।]
288726814558,3363846,Bangla,other,other/288726814558.jpg,,,বাংলা একাডেমি প্রণীত প্রমিত বাংলা বানানের প্াচটি নিয়ম উদাহরণসহ লেখ।,"বাংলা একাডেমি প্রণীত প্রমিত বাংলা বানানের নিয়ম : ক. তৎসম শãে রেফের পর ব্যÄনবণর্ের দ্বিতa হবে না। যেমন- অর্জন, কর্ম, কার্য, সূর্য। খ. সকল অ-তৎসম শãে (ত™্ভব, দেশি, বিদেশি) ই, উ-কার হবে। যেমন- আসামি, দাদি, মাস্টারি, হিজরি, ধুলো, সুয্যি। গ. এগারো থেকে আঠারো পর্যন্ত সংখ্যাবাচক শãে ও-কার বসে। যেমন- এগারো, বারো, তেরো, পনেরো, ষোলো, আঠারো। ঘ. তৎসম শãে ট, ঠ, ড, ঢ-এর পূবর্ে যুক্তনাসিক্যবর্ণ ণ হয়। যেমন- কণ্টক, প্রচণ্ড, লÉন। ঙ. বিদেশি শãে শ/স বসে। যেমন- শয়তান, পুলিশ, স্টল, স্টেশন। চ.শãের শেষে বিসর্গ (ঃ) থাকবে না। যেমন: কার্যত, ক্রমশ, প্রথমত, প্রধানত ইত্যাদি। তবে নিম্নলিখিত শãগুলোর ক্ষেত্রে শãমধ্যস্থ বিসর্গবজর্িত রূপ গৃহীত হবে। যেমন: দুস্থ, নিস্তক্ষ, নিস্প…হ, নিশ্বাস। ছ. হস-চিহ্ন যথাসম্ভব বর্জন করতে হবে। যেমন: টক, টন, টাক, জজ, শখ, হুক। জ. ঊধর্Ÿ-কমা যথাসম্ভব বর্জন করতে হবে। যেমন: ব'লে (বলিয়া), হ'য়ে (হইয়া), চা'ল (চাউল), আ'ল (আইল)।",নম্বর বণ্টন: বাংলা একাডেমি প্রণীত প্রমিত বাংলা বানানের যেকোনো সঠিক প্াচটি নিয়ম লেখার জন্য (০.৫ দ্ধ ৫) = ২.৫ নম্বর। বাংলা একাডেমি প্রণীত প্রমিত বাংলা বানানের যেকোনো সঠিক প্াচটি নিয়মের উদাহরণ লেখার জন্য (০.৫ দ্ধ ৫) = ২.৫ নম্বর। [বি. দ্রঃ উত্তরপত্রের বাইরেও সঠিক নিয়ম লিখলে নম্বর পাবে]
799877472430,3363846,Biology,other,other/799877472430.jpg,5/2,,ে পশিটিসু্যর ৩টি সাধারণ ৈ বশিষ্ট ্য ও ২টি কাজ উল্লেখ কর।,"ে পশিটিসু্যর সাধারণ ৈ বশিষ্ট ্য: ১। ে পশিটিসু্যর প্রতিটি ে কাষ সারকোলেমা নামক ঝিল্লিতে আবৃত এবং এর ভিতরের সাইটোপ্লাজমকে সারকোপ্লাজম বলে । ২। ে পশিকোষের মায়োফাইব্রিল গুে লা অ্যাকটিন ও মায়োসিন নামক দ ুধরনের সঙ্কোচী ে প্রাটিনে নিমর্িত । এদে র একত্রে সারকোমিয়ার বলে এবং ে পশিতন্তু ও কার্যকরি একক হিসেবে গণ্য করা হয়। ৩। ে পশিতন্ তু গুে লা স্িথ তি স্থ াপক এবং সংকোচন-প্রসারণ ক্ষমতা সম্পন্ন । ৪। ে পশিটিসু্যর ে কাষ গুে লা লম্বা তন্তু র মতো হওয়ার এদে রকে ে পশিতন্তু ও বলে । ৫। ে পশিকোষকে মায়োসাইট বলে যা মায়োব্লা স্ট নামক আি দ ে পশিকোষ থেকে রূপান্তরের মাধ ্যমে উৎপন্ন হয়। ৬। ে কাষ গুে লা এক বা একাধিক সুস্পষ্ট নিউক্লিয়াসযুক্ত। ৭। ে পশিকোষের সারকোপ্লাজমে মায়োফাইব্রিল নামক অসংখ ্য সূ² উপতন্ তু অনু দৈঘ্যর্ে পরস্পর সমান্তরালে বিন্যস্ত থ াকে । ৮। ে পশিটিসু্যর আন্তঃকোষীয় পদা র্থ বা মাত … কা খুব কম থ াকে এবং আন্তঃকোষীয় ফা্কগুলো নানা ধরনের টিসু ্যতে পূণ থ াকে । ৯। কিছু ব্যতিক্রম ছাড়া জ্ঞূণীয় ে মসোডাম থেকে ে পশির উৎপত্তি হয়। ১০। ে পশিটিসু ্য প্রায় ৭৫ শতাংশ পানি ও অবশিষ্টাংশ বিভিন্ন ধরনের কঠিন পদা থর্ে গঠিত । ে পশিটিসু্যর কাজ : ১। দেে হর আক … তি প্রদান : কঙ্কাল সংলগ্ন থেকে ে পশি দেে হর আক … তি প্রদান করে । ২। অভ্যন্তরী ণ গঠন তৈরি ও সুরক্ষা : ভিসেরাল ে পশি সিলোমিক প্রাচীর তৈরি ও দেে হর অভ্যন্তরী ণ অঙ্গসমূহকে রক্ষা করে । ৩। রক্ত সআালন : হৃৎপেশি রক্ত সআালনে গু রুতaপূণ ভূমিকা পালন করে । ৪। সআালন নিয়ন্¿ণ : ে পশির সংকোচন - প্রসারণের ফলে বিভিন্ন অঙ্গেও সুষ্ঠু সআালন ঘটে। ৫। শারীরবৃত্তীয় কাজে সহায়তা : ে পশিটিসু ্য সংশ্লিষ্ট অঙ্গের সংকোচন-প্রসারণ ঘটিয়ে পরিপাক , ে রচন , প্রজনন ইত্যাি দ শারীরবৃত্তীয় কাজে সহায়তা করে । ৬। ে দহভঙ্গি ি নয়ন্¿ণ : কঙ্কালপেশির সমদৈঘ ্র্য সংকোচন ও ে পশিটান বজায় ে রখে দেহভঙ্গি নিয়ন্¿ণ করে ।",নম্ব র বণ্টন : ে পশিটিসু্যর ৩টি সাধারণ ৈ বশিষ্ট ্য ে লখার জন্য (০.৫ \(\times \) ৩) = ১.৫ নম্বর। ২টি কাজ ে লখার জন্য (০.৫ \(\times \) ২) = ০১ নম্বর।
753809588107,3363846,Bangla,other,other/753809588107.jpg,,,"সারাংশ ে লখ : আজকের দ ুনিয়াটা আðর্যভাবে অথর্ে র বা বিত্তের উপর নির্ভরশীল । লাভ ও ে লাভের দ ুনর্িবার গতি কেবল আগে যাবার ে নশায় লক্ষ্য হীন প্রচণ্ড ে বগে শুধুই আত্মবিনাশের পথে এগিয়ে চলেছে ; মানুষ যি দ এই মূঢ়তাকে জয় না করতে পারে , তবে মনুষ্যত a কথাটাই হয়তো ে লাপ ে পয়ে যাবে । মানুষের জীবন আজ এমন এক পর্যায়ে এসে ে পৌ্ছেছে , ে যখান থেকে আর হয়তো নামবার উপায় ে নই ; এবার উঠবার সি্ড়িটা না খু্জলেই নয় ।",সারাংশ : মানুষ অর্থ আর বিত্তের ে পছনে প্রচণ্ড ে নশায় ছুটছে আর ছুটছে । ফলে মানুষের মনুষ্যত a আজ সর্বনাশের দ্বারপ্রান্েত উপনীত । বর্তমান সভ্যতার জন্য এ এক ভয়াবহ অশনি-সংকেত । এ থেকে মুক্তির পথ ে খ্াজা জরুরি হয়ে পড়েছে ।,নম্ব র বণ্টন : মানুষ অর্থ আর বিত্তের ে পছনে প্রচণ্ড ে নশায় ছুটছে আর ছুটছে ; ঠিকমতো ে বাঝাতে পারলে ০১ নম্ব র । ফলে মানুষের মনুষ্যত a আজ সর্বনাশের দ্বারপ্রান্েত উপনীত ; ঠিকমতো ে বাঝাতে পারলে ০.৫ নম্ব র । বর্তমান সভ্যতার জন্য এ এক ভয়াবহ অশনি-সংকেত । এ থেকে মুক্তির পথ ে খ্াজা জরুরি হয়ে পড়েছে ; ঠিকমতো ে বাঝাতে পারলে ০১ নম্ব র । [ বিঃ দ্রঃ সারাংশ মূল অনু চ্েছ দে র এক ত… তীয়াংশের বড় হলে ১.৫ নম্ব র পাবে তবে নির্ধারিত অং শে ে লখার ভাব ঠিকমতো ে বাঝাতে না পারলে বরাদ্দক …ত নম্ব র কাটা যাবে ]
381558170861,3363846,Biology,other,other/381558170861.jpg,25/2,,গ্লাইকোজেনোলাইসিস প্রক্রিয়াটি ে কান হরমোনদ্বয় দ্বারা প্রভাবিত হয়? গ্লুকোনিয়োজেনেসিস প্রক্রিয়টি ব্যাখ্যা কর।,"গ্লাইকোজেনোলাইসিস প্রক্রিয়াটি এপিনেফ্রিন ও গ্লুকাগন হরমোনদ্বয় দ্বারা প্রভাবিত হয়। গ্লুকোনিয়োজেনেসিস প্রক্রিয়া : যে জৈব- রাসায়নিক প্রক্রিয়ায় অশর্করা জাতীয় উপাদান থেকে গ্লুকোজ শর্করা উৎপন্ন হয়, তাকে গ্লুকোনিয়োজেনেসিস বলে । এটি শর্করার উপচিতিমূলক বিপাক । এটি প্রধানত যক …ত ে কাষের সাইটোপ্লাজমে সংঘটিত হয়। দেে হর চাহিদার ে প্রক্ষিতে রক্তে গ্লুকোজের মাত্রা অত্যধিক কমে ে গলে যক …ত অ্যামিনো এসিড , ল্যাকটিক এসিড , পাইরুভিক এসিড , গ্লিসারল ইত্যাি দ অশর্করা জাতীয় উপাদান থেকে গ্লুকোজ তৈরি করে রক্তে ে প্ররণ করে , ফলে রক্তে গ্লুকোজের মাত্রা বাড়ে । এ প্রক্রিয়াটি গ্লুকাগন হরমোন দ্বারা উদ্দী্ হয়। এভাবে যক …ত রক্তে গ্লুকোজের স্ব াভাবিক মাত্রা ৯০ মিলিগ্রাম /১০০ ঘন ে সন্িটমিটার বজায় রাখতে গু রুতaপূণ ভূমিকা পালন করে থ াকে ।","নম্ব র বণ্টন : এপিনেফ্রিন ও গ্লুকাগন হরমোনদ্বয় ে লখার জন্য (০. ২৫ \(\times \) ২) = ০.৫ নম্ব র । যে জৈব- রাসায়নিক প্রক্রিয়ায় অশর্করা জাতীয় উপাদান থেকে গ্লুকোজ শর্করা উৎপন্ন হয়, তাকে গ্লুকোনিয়োজেনেসিস বলে ে লখার জন্য ০.৫ নম্ব র । দেে হর চাহিদার ে প্রক্ষিতে রক্তে গ্লুকোজের মাত্রা অত্যধিক কমে ে গলে যক …ত অ্যামিনো এসিড , ল্যাকটিক এসিড , পাইরুভিক এসিড , গ্লিসারল ইত্যাি দ অশর্করা জাতীয় উপাদান থেকে গ্লুকোজ তৈরি করে রক্তে ে প্ররণ করে , ফলে রক্তে গ্লুকোজের মাত্রা বাড়ে ে লখার জন্য ০১ নম্ব র । এটি শর্করার উপচিতিমূলক বিপাক / এটি প্রধানত যক …ত ে কাষের সাইটোপ্লাজমে সংঘটিত হয় / এ প্রক্রিয়াটি গ্লুকাগন হরমোন দ্বারা উদ্দী্ হয় ে লখার জন্য ০.৫ নম্ব র ।"
585728319952,3363846,Biology,other,other/585728319952.jpg,5/2,,শ্বসনের রাসায়নিক বিক্রিয়াটি লিখ । প্রক্রিয়াটির প্রধান তিনটি ভূমিকা / তাৎপয উল্লেখ কর।,"শ্বসনের রাসায়নিক বিক্রিয়া : \({C}_{6}{H}_{12}{O}_{6}+6{O}_{2}+6{H}_{2}O{\underset{co-enzyme}{ \xrightarrow{\ \ \ \ \ \ enzyme\ \ \ \ \ \ \ }}}6C{O}_{2}+12{H}_{2}O+36ATP\) শ্বসনের ভূমিকা নি ম্ে্ন উল্লেখ করা হলো : ( র ) জীবের দেহে শক্তি সরবরাহ : জীবের প্রতিটি প্রক্রিয়া (যা জীবনের ৈ বশিষ্ট ্য) পরিচালনার জন্য শক্তির প্রয়োজন , আর এ শক্তি আসে শ্বসন প্রক্রিয়ার মাধ ্যমে। কাজেই শক্তি উৎপা দে নর মাধ ্যমে জীবের সকল ৈ জবিক প্রক্রিয়া পরিচালিত করার মধ্যেই রয়েছে ে যকোনো জীবের জীবনে শ্বসন প্রক্রিয়ার প্রক …ত গু রুত a। (রর) খা দ্য প্র স্তু ত: শ্বসন প্রক্রিয়ায় নির্গত \(C{O}_{2}\) প্রত্যক্ষ বা পরোক্ষভাবে সালোকসংশ্লেষণ প্রক্রিয়ায় ব্যবহৃত হয় এবং খাদ্য উৎপন্ন করে। সে খাদ্য যেমন উ™্ভিদ জীবনকে রক্ষা করে, তেমনই আবার সমগ্র প্রাণী জগতকেও রক্ষা করে। (ররর) খনিজ লবণ পরিশোষণ : উি ™্ভদে র খনিজ লবণ পরিশোষণে শ্বসন প্রক্রিয়া গু রুতaপূণ ভূমিকা পালন করে । শ্বসনের হার কম হলে লবণ পরিশোষণ হার কমে যায় এবং বৃি দ্ধ ও অন্যান ্য ৈ জবিক ক্রিয়া ব্যাহত হয়। (রা) ে কাষ বিভাজন ও দৈ হিক বৃি দ্ধ : শ্বসন প্রক্রিয়ার প্রভাব ে কাষ বিভাজন প্রক্রিয়ার ওপরও প্রতিফলিত হয়। ে কাষ বিভাজনের প্রয়োজনীয় শক্তি ও কিছু আনুষঙ্গিক পদা র্থ শ্বসন প্রক্রিয়া হতে আসে । তাই এ প্রক্রিয়া জীবের দৈ হিক বৃদ্ধিও নিয়ন্¿ণ করে । (া) তাপমাত্রা রক্ষা : শ্বসনে সৃষ্ট তাপ জীবদেে হর প্রয়োজনীয় তাপমাত্রা বজায় রাখে । (ার) এনজাইম ও জৈব এসিড উৎপাদন : এ প্রক্রিয়া বিভিন্ন উপক্ষার ও জৈব এসিড সৃষ্টিতে সহায়তা করার মাধ ্যমে জীবনের অন্যান ্য ৈ জবিক কায ক্রে মও সহায়তা করে । (ারর) বায়ুমণ্ডলে \(C{O}_{2}\) ও \({O}_{2}\) এর ভারসাম ্য রক্ষা : সালোকসংশ্লেষণ প্রক্রিয়ায় বায়ুমণ্ডল হতে \(C{O}_{2}\) গৃহীত হয় এবং \({O}_{2}\) বজর্িত হয় কিন্তু শ ্বসন প্রক্রিয়ায় বায়ুমণ্ডল হতে \({O}_{2}\) গৃহীত হয় এবং \(C{O}_{2}\) বজর্িত হয়, তাই বায়ুমণ্ডলে \(C{O}_{2}\) ও \({O}_{2}\) এর ভারসাম্য রক্ষিত হয়। (াররর) শিল্পে ব্যবহার : বিভিন্ন অণুজীবের অবাত শ্বসন প্রক্রিয়াকে কাজে লাগিয়ে গড়ে উঠেছে অ্যালকোহল , মদ, সিরকা , আচার , মাছ ও মাংসের সস ইত্যাি দ উৎপাদন শিল্প প্রতিষ্ঠান । (রী) ে বকারি ও দ ু»জাত শিল্প : বিভিন্ন অণুজীবের অবাত শ্বসন প্রক্রিয়াকে কাজে লাগিয়ে মানুষের প্রয়োজনীয় ে বকারি ( পাউরুটি ) ও দ ু»জাত দ্র ব্যাি দ (দই, পনির ) উৎপাদন করা হয়।",নম্ব র বণ্টন : শ্বসনের রাসায়নিক বিক্রিয়াটি ে লখার জন্য ০১ নম্ব র । শ্বসনের প্রধান তিনটি ভূমিকা / তাৎপয ে লখার জন্য (০.৫ \(\times \) ৩ ) = ১.৫ নম্ব র ।
954169963843,3363846,English,other,other/954169963843.jpg,,"Read the following extract and answer the following question: The woods are lovely, dark and deep, But I have promises to keep, And miles to go before I sleep, And miles to go before I sleep. – Robert Frost Identify and explain any one literary device used in the above extract.",,"One important literary device used in this extract is repetition. The line “And miles to go before I sleep” is repeated for emphasis. This repetition highlights the speaker’s sense of duty and ongoing responsibilities. It creates a rhythmic and reflective tone, showing that although the woods are peaceful and inviting, the speaker cannot stop—he has commitments to fulfill before he can rest. The repeated line may also symbolize the journey of life, suggesting that rest (or even death) will only come after completing one’s duties. Marks Distribution: For writing, one important literary device used in this extract is repetition; 0.5 mark. For writing, the line “And miles to go before I sleep” is repeated for emphasis. This repetition highlights the speaker’s sense of duty and ongoing responsibilities ; 01 mark. For writing, it creates a rhythmic and reflective tone, showing that although the woods are peaceful and inviting, the speaker cannot stop—he has commitments to fulfill before he can rest. The repeated line may also symbolize the journey of life, suggesting that rest (or even death) will only come after completing one’s duties ; 01 mark. [ N.B: 0.5 mark will be deducted for two grammar or spelling mistakes, 01 mark for three or more grammar or spelling mistakes.]",
355538699550,3363846,English,other,other/355538699550.jpg,,"Make meaningful sentences with the following words: Dogmatic , Recess, Obsession, Absurdity, Dissolve.",,\(\left(0.5\times 5\right)=2.5\),
215601159203,3363846,English,other,other/215601159203.jpg,,"Why are ethical guidelines essential in fields like medical testing, genetic engineering, and AI (Artificial Intelligence) research? Write a paragraph in approximately 100 words maintaining proper structure with a clear topic sentence, logical development, and a concluding sentence.",,"The Importance of Ethical Guidelines in Modern Scientific Research Ethical guidelines are extremely important in fields like medical testing, genetic engineering, and artificial intelligence (AI) research because they protect people’s rights and ensure safety while encouraging responsible progress. In medical testing, these guidelines require that patients give informed consent and are not exposed to unnecessary risks. This helps prevent harm and builds trust between doctors and patients. Genetic engineering deals with changing the genes of living organisms, which can have long-lasting effects on health and the environment. Therefore, strict ethical rules are needed to avoid misuse, such as creating harmful organisms or unfairly altering human traits. In AI research, ethical principles help address concerns about privacy, bias, job loss, and decision-making transparency. Without ethical oversight, scientific advancements could cause social problems or harm individuals. In short, ethics guide researchers to use science in ways that are safe, fair, and beneficial for all. Marks Distribution: For writing the Title, ‘ ’ The Importance of Ethical Guidelines in Modern Scientific Research ”; 0.5 mark . For writing; Introductory sentence; 01 mark. For writing, in medical testing, these guidelines require that patients give informed consent and are not exposed to unnecessary risks. This helps prevent harm and builds trust between doctors and patients ; 1.5 marks. For writing, Therefore, strict ethical rules are needed to avoid misuse, such as creating harmful organisms or unfairly altering human traits; 01 mark. For writing conclusion; 01 mark . [ Instructions: * Students must write it within one single para. If it becomes more than one para , 50% marks have to be deducted from the obtained marks. * 0.5 mark will be deducted for one or two grammar or spelling mistakes, 01 mark for three or more grammar or spelling mistakes.] [ N.B. The student will get the allotted marks if he/she writes a proper alternative title .]",
102841395180,3363846,Biology,other,other/102841395180.jpg,5/2,,সক্রিয় ও নি®িŒয় লবণ পরিশোষণের মধে ্য ৫টি পার্থক ্য লিখ ।,সক্রিয় ও নি®িŒয় লবণ পরিশোষণের ৫টি পার্থক ্য নিম্নরূপ : সক্রিয় পরিশোষণ → নি®িŒয় পরিশোষণ ( র ) এই পরিশোষণে শ্বসন হার বৃি দ্ধ পায় → এই পরিশোষণে শ্বসন হার স্ব াভাবিক থ াকে । (রর) এই পরিশোষণে আয়ন বাহকের দ রকার হয় → এই পরিশোষণে আয়ন বাহকের দ রকার হয় না । (ররর) সক্রিয় ে শাষণে এনজাইম গু রুতaপূণ ভূমিকা রাখে → এখানে এনজাইমের ে কানো ভূমিকা ে নই । (রা) বিপাকীয় শক্তির প্রত্যক্ষ প্রয়োগে সক্রিয় পরিশোষণ ঘটে → বিপাকীয় শক্তির প্রত্যক্ষ প্রয়োজন পড়ে না । (া) ক্যাটায়ন ও অ ্যানায়নের ে শাষণ একই সাথে ঘটে → ক্যাটায়ন ও অ ্যানায়ন একই সাথে ে শাষিত হয় না ।,নম্ব র বণ্টন : সক্রিয় ও নি®িŒয় লবণ পরিশোষণের মধে ্য ৫টি পার্থক ্য ে লখার জন্য (০.৫ \(\times \) ৫) = ২.৫ নম্বর।
396770582965,3363846,ICT,other,other/396770582965.jpg,5/2,,রিকি ম্বে নন্ট উঘঅ প্রযুক্তির ধাপসমূহ উল্লেখ কর।,"রিকি ম্বে নন্ট উঘঅ প্র স্তু ত করার প্রধান ধাপসমূহ নিম্নরূপ : ( র ) কা•িক্ষত উঘঅ ( টাগর্েট উঘঅ ) নির্বাচন ও পৃথ কীকরণ । ( রর ) একটি বাহক নির্বাচন , যার মধে ্য কা•িক্ষত উঘঅ খণ্ডটি প্রতি স্থ াপন করা যাবে । এক্ষেত্রে প্লাসমিড উঘঅ কে ব্যবহার করা হয়। (ররর ) টাগর্েট এবং বাহকের উঘঅ অণুর নিি র্দষ্ট স্থ ানে ( ঝঢ়বপরভরপ ংরঃব ) ে ছদন করার জন্য প্রয়োজনীয় ে রি স্ট্র কশন এনজাইম নির্বাচন । উভয় ে ক্ষত্রে একই এনজাইম ব্যবহার করা হয়। ( ার ) ে ছদনক …ত উঘঅ খণ্ডসমূহ ( কা•িক্ষত উঘঅ ও বাহক ) উঘঅ লাইগেজ এনজাইম দ্বারা সংযুক্ত করা হয়। ( া ) কা•িক্ষত উঘঅ সহ বাহক উঘঅ এর অনুলিপনের জন্য একটি ে পাষক ( যড়ংঃ ) নির্বাচন (ে যমন - ঊ.পড়ষর )। ( ার ) কা•িক্ষত উঘঅ খণ্ড সমন্ ্বয়ে প্র স্তু তক…ত রিকি ম্বে নন্ট উঘঅ- এর বহিঃপ্রকাশ মূল্যায়ন । (ারর) রিকি ম্বে নন্ট উঘঅ ৈ তরির সময় বাহক হিসেবে ঞর প্লাসমিড ব্যবহার করা হয়ে থ াকলে রিকি ম্বে নন্ট উঘঅ কে অমৎড়নধপঃবৎর্স- এ স্থ ানান্তর করানো । (াররর) কা•িক্ষত উি ™্ভদে কাষে রিকি ম্বে নন্ট উঘঅ প্রবেশ করানো ।",নম্ব র বণ্টন : রিকি ম্বে নন্ট উঘঅ প্রযুক্তির ৮টি ধাপ ে লখার জন্য ২.৫ নম্ব র । [বি: দ্র: ে কান ১টি ধাপ না লিখলে বা ভুল লিখলে ০.২৫ নম্ব র কর্তন করা হবে । ধাপ গুে লা অবশ্যই ধারাবাহিকভাবে উল্লেখ করতে হবে । ]
271623315383,3363846,Biology,other,other/271623315383.jpg,2/2,,সংÁা লিখ : ( র ) লসিকা (রর) ে লাকাস (ররর) অ্যালিল (রা) ফিনোটাইপ (া) গ্লুকোনিয়োজেনেসিস,"( র ) লসিকা : টিসু ্য গঠনকারী ে কাষের ফ্াকে ফ্াকে অবি স্থত বর্ণহীন তরল পদা র্থকে লসিকা বলে । (রর) ে লাকাস : ক্রে ামোজোমে জিনের নিি র্দষ্ট স্থ ান -এর নাম ে লাকাস । একটি নিি র্দষ্ট জিনের অ্যালিল গুে লা সমসং স্থ ক্রে ামোজোমের একই ে লাকাসে অবস্থ ান করে । (ররর) অ্যালিল : সমসং স্থ ক্রে ামোজোম ে জাড়ের নিি র্দষ্ট ে লাকাসে অবস্থ ানকারী নিি র্দষ্ট জিন -ে জাড়ার একটিকে অপরটির অ্যালিল বলে । (রা) ফিনোটাইপ : জিনোটাইপ দিয়ে নিয়ন্ি¿ত জীবের বাহ্যিক লক্ষণকে ফিনোটাইপ বলে । এটি জীবের আকার , আক … তি , বণ প্রভ … তি প্রকাশ করে । (া) গ্লুকোনিয়োজেনেসিস : যে জৈব- রাসায়নিক প্রক্রিয়ায় অশর্করা জাতীয় উপাদান থেকে গ্লুকোজ শর্করা উৎপন্ন হয়, তাকে গ্লুকোনিয়োজেনেসিস বলে ।",নম্ব র বণ্টন : ৫টি সংÁা ে লখার জন্য (০.৫ দ্ধ ৫) = ২.৫ নম্ব র ।
963922494369,3363846,Biology,other,other/963922494369.jpg,5/2,,রক্ত তআন প্রক্রিয়াটি প্রবাহচিত্রের মাধ ্যমে বর্ণনা কর।,রক্ত তআন প্রক্রিয়াটির প্রবাহচিত্র ঃ,নম্ব র বণ্টনঃ ১/২ টি ধাপ বর্ণনার জন্য ০১ নম্ব র । ৩ টি ধাপ বর্ণনার জন্য ০২ নম্ব র । ৪ টি ধাপ বর্ণনার জন্য ২.৫ নম্ব র । [ বি. দ্র : যে ে কানো একটি ফ্যা±র ভুল করলে / না লিখলে ০.৫ নম্ব র কর্তন করা হবে । ধাপগুলি ধারাবাহিকভাবে লিখতে হবে ]
916945179475,3363846,Bangla,other,other/916945179475.jpg,,,"নিচের শã গুে লার সঠিক উচ্চারণ ে লখ : ব্যাখ্যা , বিÁান , দ ায়িত a, পদ্য, একাডেমি",সঠিক উচ্চারণ নির্ণয়ঃ ব্যাখ্যা - ব্যাক&খা বিÁান - বিগ && গ্যান && দ ায়িত a - দ ায়িত &ে তা পদ্য - পোদ&দো একাডেমি - অ্যাকাডেমি,নম্ব র বণ্টনঃ চিহ্নিত শãসম ূে হর সঠিক উচ্চারণ ে লখার জন্য (০.৫ \(\times \) ৫) = ২.৫ নম্বর। [ বি.দ ্রঃ বানান ভুলে বরাদ্দক …ত নম্ব র কাটা যাবে । ]
523228263182,3363846,English,other,other/523228263182.jpg,,"Make meaningful sentences with the following words: Resilient, Discretionary, Undermine, Speculative, Conundrum",,"Resilient - Despite repeated failures, her resilient spirit kept her moving forward. Discretionary - The manager allocated a portion of the budget for discretionary spending on team development. Undermine - Spreading false rumors can seriously undermine a person's reputation. Speculative - Investing in cryptocurrency is considered highly speculative due to market volatility. Conundrum - Deciding between two excellent job offers put her in a real conundrum . Mark Distribution: For making meaningful sentences with the given words, (0.5×5) =2.5 marks.",
962330432237,3363846,Bangla,other,other/962330432237.jpg,,,"উদাহরণসহ সংÁা দ াও : সমাস , উপসগ , সমীভবন ।","উদাহরণসহ সংÁা : সমাস : একাধিক পদকে বিশেষ ে কৌশলে ব্যাকরে ণ র রীতি অনুসারে একপ দে নিয়ে আসার পদ্ধতিকে সমাস বলা হয়। ে যমন : সিংহ চিহ্নিত আসন = সিংহাসন উপসগ : ে যসব অর্থ হীন শãাংশ / অব্যয় অন্য শãের শুরুতে বসে নতুন শã গঠন করে , সেগুে লাকে উপসগ বলে । ে যমন : ÔপরিÕ উপসগ ে যাগে গঠিত শã পরিহার , পরিমাণ ইত্যাি দ সমীভবন : পাশাপাশি অবি স্থত দ ুটি ব্যÄনধŸনির একটির প্রভাবে অপরটি পরিবতর্িত হয়ে সমান রূপ ধারণ করলে , তাকে সমীভবন বলে । ে যমন : ধর্ম > ধম্ম, পÙ > পদ্দ ইত্যাি দ।",নম্ব র বণ্টনঃ উদাহরণসহ ১ টি সংÁা ে লখার জন্য ০১ নম্ব র । উদাহরণসহ ২ টি সংÁা ে লখার জন্য ০২ নম্ব র । উদাহরণসহ ৩ টি সংÁা ে লখার জন্য ২.৫ নম্ব র ।
636902473994,3363846,Bangla,other,other/636902473994.jpg,,,উৎপত্তিগতভাবে বাংলা শã কত প্রকার ও কী কী ? সংÁাসহ উদাহরণ ে লখ ।,"উৎপত্তি অনুসারে বাংলা শã প্াচ প্রকার । যথা : তৎসম শã : ে যসব শã সং স্‹…ত ভাষা থেকে হুবহু বাংলা ভাষায় এসেছে তা দে র তৎসম শã বলে । ে যমন - গাত্র , গৃহিণী , ক…ò, চন্দ্র ইত্যাি দ। অর্ধ- তৎসম শã : ে যসব শã সং স্‹…ত ভাষা থেকে অনেকটা পরিবতর্িত হয়ে বাংলা ভাষায় এসেছে তা দে র অর্ধ- তৎসম শã বলে । ে যমন - গতর , ে কষ্ট , গিনি্ন , চন্দ ইত্যাি দ। ত™্ভব শã : ে যসব শã সং স্‹…ত ভাষা থেকে সম্পূণ পরিবতর্িত হয়ে বাংলা ভাষায় এসেছে তা দে র ত™্ভব শã বলে । ে যমন -গা, কানু , ঘরনি , চ্া দ ইত্যাি দ। দে শি শã : ে যসব শã বাংলা দেশের আদিম অধিবাসী ভাষা থেকে বাংলা ভাষায় রক্ষিত আছে তা দে র দে শি শã বলে । ে যমন - কুলা , চলা , কুড়ি , ে পট ইত্যাি দ। বিদে শি শã : ধর্মীয় , রাজনীতিক , রাষ্ট্রীয় , সাং স্‹… তিক ও বাণিজ্যিক কারণে বাংলায় আগত বিভিন্ন দেশের ভাষাভাষী মানুষের মাধ ্যমে ে যসব শã বাংলা ভাষায় এসেছে তা দে র বিদে শি শã বলে । ে যমন - আরবি : আল্লাহ , ইসলাম , জান্নাত ; ফারসি : ে ফরেস্তা , ে খাদা ; ইংরেজি : স্‹ ুল , কলেজ ; পর্তুগিজ : কামরা , বালতি , সাবান ; ফরাসি : ে র স্ে তার্া , কুপন ; ওল ন্দ াজ : ইস্‹ াপন ে ট°া ; তুকি : চাকর , চাকু , দ ারোগা ; চীনা : চা , চিনি , লিচু ; জাপানি : রিকশা ইত্যাি দ।",নম্ব র বণ্টনঃ ৫ প্রকার সংÁা ে লখার জন্য (০.৫ \(\times \) ৫) = ২.৫ নম্বর। ৫ প্রকার উদাহরণ ে লখার জন্য (০.৫ \(\times \) ৫) = ২.৫ নম্বর। [বিঃ দ্রঃ উৎপত্তিগতভাবে ৫ প্রকার ে লখার জন্য ০.৫ নম্ব র । শুধু ৫ প্রকার নাম ে লখার জন্য ০১ নম্ব র ]
308692393151,3363846,English,other,other/308692393151.jpg,,"Read the following extract and answer questions that follow: ‎ ""I wandered lonely as a cloud That floats on high o’er vales and hills, When all at once I saw a crowd, A host, of golden daffodils; Beside the lake, beneath the trees, Fluttering and dancing in the breeze."" – William Wordsworth (a) How does the poet use nature as a metaphor for emotional transformation? ‎(b) What kind of image does the phrase ‘floats on high’ create?",,"(a) Wordsworth uses the daffodils as a metaphor for spontaneous joy and healing. The unexpected sight of the flowers contrasts with his earlier loneliness, reflecting how nature transforms the poet’s emotional state from isolation to delight. ‎(b) The phrase ‘floats on high’ creates a visual image of lightness, elevation, and freedom. It suggests the poet’s sense of detachment from the world, as if he is peacefully drifting above it all like a cloud, lost in thought and observation. ‎ Mark Distribution: For writing, Wordsworth uses the daffodils as a metaphor for spontaneous joy and healing. The unexpected sight of the flowers contrasts with his earlier loneliness, reflecting how nature transforms the poet’s emotional state from isolation to delight . ; 01 mark. ‎For writing, The phrase ‘floats on high’ creates a visual image of lightness, elevation, and freedom. It suggests the poet’s sense of detachment from the world, as if he is peacefully drifting above it all like a cloud, lost in thought and observation . ; 1.5 marks. ‎[ N.B: 0.5 mark will be deducted for two grammar or spelling mistakes, 01 mark for three or more grammar or spelling mistakes.]",
807233574132,3363846,English,other,other/807233574132.jpg,,Write a paragraph in approximately 100 words analyzing how digital communication is changing the way people connect and interact. Focus on both positive and negative effects with an academic tone and paragraph structure.,,"Digital Communication and the Transformation of Human Interaction Digital communication has fundamentally altered human interaction, producing both empowering and troubling consequences. While it enables unprecedented global connectivity and rapid information exchange, it often reduces communication to superficial exchanges, undermining deeper, empathetic understanding. The ease of online interaction can foster isolation, as people increasingly prefer virtual contacts over face-to-face relationships, weakening social skills and emotional intelligence. Additionally, digital platforms can amplify misinformation, echo chambers, and cyberbullying, eroding public trust and social cohesion. Therefore, despite its benefits, digital communication demands critical scrutiny to address its profound impact on the quality and authenticity of human connections. Mark Distribution: For writing title like, “ Digital Communication and the Transformation of Human Interaction ” ; 0.5 mark. For writing introductory sentence like, Digital communication has fundamentally altered human interaction, producing both empowering and troubling consequences; 01 mark. For writing positive effects like, the ease of online interaction can foster isolation, as people increasingly prefer virtual contacts over face-to-face relationships, weakening social skills and emotional intelligence; 1.5 marks. For writing negative effects like, digital platforms can amplify misinformation, echo chambers, and cyberbullying, eroding public trust and social cohesion; 1.5 marks. For writing conclusion such as , despite its benefits, digital communication demands critical scrutiny to address its profound impact on the quality and authenticity of human connections; 0.5 mark.",
621163429496,3363846,Biology,other,other/621163429496.jpg,5/2,,পাকস্থলির কোন অংশটি ডিওডেনামে উন্মুক্ত হয়? পাকস্থলিতে শর্করা ও আমিষের রাসায়নিক পরিপাক ব্যাখ্যা কর।,পাকস্থলির পাইলোরাস অংশটি ডিওডেনামে উন্মুক্ত হয়। শর্করা পরিপাক: পাকস্থলির থেকে শর্করাবিশ্লেষী কোনো এনজাইম নিঃসৃত হয় না। ফলে শর্করা জাতীয় খাদ্যের কোন পরিবর্তন ঘটে না। আমিষ পরিপাক: গ্যাস্ট্রিক জুসে পেপসিনোজেন ও প্রোরেনিন নামক নি®িŒয় প্রোটিওলাইটিক (আমিষ বিশ্লেষী) এনজাইম থাকে। নি®িŒয় এনজাইমটি গ্যাস্ট্রিক জুসের ঐঈষ- এর সাথে বিক্রিয়া করে যথাক্রমে পেপসিন ও রেনিন নামক সক্রিয় এনজাইমে পরিণত হয়। পেপসিন অম্লীয় মাধ্যমে জটিল আমিষের আদ্র্র বিশ্লেষণ ঘটিয়ে প্রোটিওজ ও পেপটোন-এ পরিণত করে। এছাড়া পাচকরসের জিলেটিনেজ নামক এনজাইম জিলেটিন ( মবষধঃরহ) নামক আমিষকে আংশিক পরিপাক করে পেপটোন ও পলিপেপটাইড উৎপন্ন করে। ১. আমিষ + পানি প্রোটিওজ + পেপটোন ২. কেসিন (দু» আমিষ) + পানি প্যারাকেসিন ৩. প্যারাকেসিন পেপটোন ৪. জিলেটিন পেপটোন + পলিপেপটাইড নম্বর বন্টন: পাক স্থ লির পাইলোরাস অংশটি ডিওডেনামে উন্মুক্ত হয় ে লখার জন্য ০.৫ ন ম্ব র । পাক স্থ লির থেকে শর্করাবিশ্লেষী ে কানো এনজাইম নিঃসৃত হয় না ে লখার জন্য ০.৫ নম্ব র । পাক স্থ লিতে আমিষের রাসায়নিক পরিপাকের ৩টি তথ্য/ বিক্রিয়া ে লখার জন্য (০.৫ \(\times \) ৩) = ১.৫ নম্ব র ।,
252203666667,3363846,Biology,other,other/252203666667.jpg,75/2,,"নিম্ে্ন উ ি ল্লখিত মানবদেহে সৃষ্ট রোগগুলোর জন্য দায়ী ভাইরাসের নাম লিখ। অওউঝ, ডেঙ্গুজ্বর, ঝরিহব ভষ্ , জলাতঙ্ক, গুটি বসন্ত, জলবসন্ত, ভাইরাল নিউমোনিয়া, হাম, ক্যাপোসি সাকর্োমা এবং এনোজেনিটাল ক্যাÝার।",মানবদেহে সৃষ্ট রোগগুলোর জন্য দায়ী ভাইরাসের নাম: অওউঝ - ঐওঠ ভাইরাস; ডেঙ্গুজ্বর - ফ্ল্যাভি ভাইরাস (ঋষধার ারৎ্ং); ঝরিহব ভষ্ - ইনফ্লুয়েÄা \(\left({H}_{1}{N}_{1}\right)\) ভাইরাস; জলাতঙ্ক - র্যাবিস ভাইরাস (জধনরং ারৎ্ং); গুটি বসন্ত - ভেরিওলা ভাইরাস (ঠধৎরড়ষধ ারৎ্ং); জলবসন্ত - ঠধৎরপবষষধ-তড়ংঃবৎ ারৎ্ং; ভাইরাল নিউমোনিয়া - অফবহড় ারৎ্ং; হাম - রুবিওলা ভাইরাস (জ্নবড়ষধ ারৎ্ং); ক্যাপোসি সাকর্োমা - হাপর্িস সিমপ্লেক্স (ঐবৎঢ়বং ংরসঢ়ষবী); এনোজেনিটাল ক্যাÝার - পেপিলোমা ভাইরাস (চবঢ়রষড়সধ ারৎ্ং).,নম্বর বণ্টন: উল্লেখিত মানবদেহে সৃষ্ট রোগগুলোর জন্য দায়ী ভাইরাসের নাম লেখার জন্য (০.২৫ \(\times \) ১০) = ২.৫ নম্বর ।
107644564091,3363846,Bangla,other,other/107644564091.jpg,,,ভাব-সম্প্রসারণ কর: দ ুর্জন বিদ্বান হইলেও পরিত্যাজ ্য।,"ভাব-সম্প্রসারণ : বিদ্বান সব সমাজেই আদৃত ও সম্ম ানিত । কিন্ তু দ ুর্জন বিদ্বান হলেও সকল সমাজেই ঘৃণিত । ে কননা দ ুর্জন বিদ্বানের ে মাড়কে নিজেকে জড়িয়ে ে রখে নি ®‹ লুষ ে লাককে কলুষিত করতে পারে । দ ুর্জন শãের আভিধানিক অর্থ দ ুষ্ট বা খল ব্যক্তি আর বিদ্বান হলো পণ্ডিত , সুশিক্ষিত , Áানী ইত্যাি দ। কিন্ তু একজন খারাপ ে লাকের শিক্ষার ে জার থ াকলেও তার ে সই শিক্ষার শক্তি মূল্যহীন হয়ে পড়ে তার চারিত্রিক ত্রুটির কারণে । চরিত্র হলো প্রতিটি মানুষের অলংকার । কল্যাণ ও স ত্যের প্রতি তীব ্র অনুরাগই চরিত্রের ৈ বশিষ্ট ্য। চরিত্রবান ব্যক্তি তার সমস্ত Áানকে সত ্য ও কল্যাণের পথে চালিত করে । মানবকল্যাণে নিমগ্ন চরিত্রবান ব্যক্তি অহংকারহীন ও হিংসাদ্বেষহীন সংযত জীবনেই সুখ খু্জে পান । বিদ্যা শিক্ষার উদ্দেশ্যই হচ্েছ চরিত্র গঠন । কিন্ তু, দ ুজ ে নর চিন্তা ও ে চতনা বিদ্যার এ ধারা থেকে বিচু্যত , ফলে সে হয় দ ুর্জন । তাই ে কানো দুর্জ ন ব ্যক্তি বিদ্বান হলে সে তার সমস্ত Áান অমঙ্গলের পথে, অসুন্দরের পথে কাজে লাগানোর ে চষ্টা করে , যা সমাজের জন্য কখনোই কল্যাণকর নয় । দ ুর্জন সমাজের দ ুষ্টক্ষত । তার সাহচযে সুস্থ চিন্তার অধিকারী ও সুন্দ র মনের মানুষের চারিত্রিক öলন হতে পারে । তাই দুর্জ ন ব ্যক্তির বিদ্যার কাছে নত না হয়ে তার সঙ্গ পরিত্যাগ করাই ে শ্রয় । ড. মুহম্মদ এনামুল হকের মতে - ' বাকে ্য, কাযে এবং চিন্তায় সামÄস ্য রক্ষিত হইলে মানুষের মধে ্য যে পবিত্র ভাব ফুটিয়া উঠে তাহাকে চরিত্র বলিয়া অভিহিত করা যায় ।' তাই Áানের পাশাপাশি চরিত্রের এই সত ্য পাঠ সবাইকে মনে রাখতে হবে । দ ুজ ে নর চরিত্রে এতসব গুণের সমাবেশ দে খা যায় না । তাই তাকে সমাজের সুজনও ভাবা যায় না । বিদ্যা অমূল ্য সম্প দ। বিদ্যা মানুষের ে চাখ , মন খুলে দেয় এবং চিন্তাকে করে পরিশু দ্ধ। যার মাধ ্যমে একজন মানুষ তার চরিত্র গঠনের শিক্ষা ে নওয়ার পাশাপাশি বিদ্যা শিক্ষার গুণে সমাজের চারপাশকেও আলোকিত করার স্ব প্ন দেখে। কিন্ তু দ ুর্জন বিদ্বান তার বিদ্যার সফল প্রয়োগ করে না । তার বিদ্য াকে অন্যায় কাজে লাগিয়ে সমাজজীবনকে হুমকির দিকে ে ঠলে দেয়। প্রবা দে আছে যে, ে কানো ে কানো বিষধর সাপের মাথায় মণি থ াকে । মণি বহু মূল্যবান পদা র্থ বটে । কিন্ তু তাই বলে ে যমন মণি লাভের জন্য সাপের সাহচয কামনা বুদ্ধিমানের কাজ নয় , ঠিক ে তমনই দ ুর্জন বিদ্বান হলেও বিদ্য ালাভের জন্য দ ুজ ে নর সাহচর্যও বুদ্ধিমানের কাজ নয় । অসৎ সঙ্গে নিজের সর্বনাশ না করে দুর্জ ন ব ্যক্তিকে এড়িয়ে চলাই উচিত । সমাজে বিদ্বান ও দ ুর্জন ে কানো ে লাকেরই অভাব ে নই । চরিত্রবান বিদ্বানের সাহচযর্ে ই ব ্যক্তিজীবনকে উন্নত করা উচিত । তবেই বিদ্যার প্রক …ত মূল্যায়ন করা হবে ।","নম্ব র বণ্টন : বিদ্বান সব সমাজেই আদৃত ও সম্ম ানিত । কিন্ তু দ ুর্জন বিদ্বান হলেও সকল সমাজেই ঘৃণিত - নির্ধারিত অং শে ে লখার ভাব ঠিকমতো ে বাঝাতে পারলে ০১ নম্ব র । কল্যাণ ও স ত্যের প্রতি তীব ্র অনুরাগই চরিত্রের ৈ বশিষ্ট ্য - নির্ধারিত অং শে ে লখার ভাব ঠিকমতো ে বাঝাতে পারলে ০.৫ নম্ব র । চরিত্রবান ব্যক্তি তার সমস্ত Áানকে সত ্য ও কল্যাণের পথে চালিত করে । মানবকল্যাণে নিমগ্ন চরিত্রবান ব্যক্তি অহংকারহীন ও হিংসাদ্বেষহীন সংযত জীবনেই সুখ খু্জে পান - নির্ধারিত অং শে ে লখার ভাব ঠিকমতো ে বাঝাতে পারলে ০১ নম্ব র । কিন্ তু , দ ুজ ে নর চিন্তা ও ে চতনা বিদ্যার এ ধারা থেকে বিচু্যত , ফলে সে হয় দ ুর্জন - নির্ধারিত অং শে ে লখার ভাব ঠিকমতো ে বাঝাতে পারলে ০.৫ নম্ব র । বিদ্যা মানুষের ে চাখ , মন খুলে দেয় এবং চিন্তাকে করে পরিশু দ্ধ। যার মাধ ্যমে একজন মানুষ তার চরিত্র গঠনের শিক্ষা ে নওয়ার পাশাপাশি বিদ্যা শিক্ষার গুণে সমাজের চারপাশকেও আলোকিত করার স্ব প্ন দেখে - নির্ধারিত অং শে ে লখার ভাব ঠিকমতো ে বাঝাতে পারলে ০১ নম্ব র । প্রবা দে আছে যে, ে কানো ে কানো বিষধর সাপের মাথায় মণি থ াকে । মণি বহু মূল্যবান পদা র্থ বটে । কিন্ তু তাই বলে ে যমন মণি লাভের জন্য সাপের সাহচয কামনা বুদ্ধিমানের কাজ নয় , ঠিক ে তমনই দ ুর্জন বিদ্বান হলেও বিদ্য ালাভের জন্য দ ুজ ে নর সাহচর্যও বুদ্ধিমানের কাজ নয় - নির্ধারিত অংশে ে লখার ভাব ঠিকমতো ে বাঝাতে পারলে ০১ নম্ব র । [বিঃ দ্রঃ দ ুইটি বানান ভুল করলে ০.৫ নম্ব র , তিন বা ততোধিক বানান ভুল করলে ০১ নম্ব র কাটা যাবে , তবে নির্ধারিত অং শে ে লখার ভাব ঠিকমতো ে বাঝাতে না পারলে বরাদ্দক …ত নম্ব র কাটা যাবে ।]"
166928334611,3363846,Biology,other,other/166928334611.jpg,2/2,,সালোকসংশ্লেষণ প্রক্রিয়ার লিমিটিং ফ্যা±র কয়টি ও কী কী? গ্লাইকোলাইসিস ও ফটোলাইসিস এর মধ্যে ৩টি পার্থক্য লিখ।,"সালোকসংশ্লেষণ প্রক্রিয়ার লিমিটিং ফ্যা±র তিনটি। যথা- তাপমাত্রা, আলোর তীব্রতা এবং \(C{O}_{2}\) এর ঘনতa। গ্লাইকোলাইসিস ও ফটোলাইসিস এর মধ্যে পার্থক্য: ১. সংঘটনের প্রক্রিয়া → শ্বসনকালে ঘটে। → সালোকসংশ্লেষণকালে ঘটে। ২. সংঘটনের স্থান → কোষের সাইটোপ্লাজমে সম্পন্ন হয়। → ক্লোরোপ্লাস্টের গ্রানাম অআলে সম্পন্ন হয়। ৩. আলো → সূর্যালোকের প্রয়োজন হয় না। → সূর্যালোকের প্রয়োজন হয়। ৪. উৎপন্ন দ্রব্য → এ প্রক্রিয়ায় গ্লুকোজ থেকে পাইরুভিক অ্যাসিড উৎপন্ন হয়। → এ প্রক্রিয়ায় পানি থেকে ইলেকট্রন, প্রোটন ও অক্সিজেন উৎপন্ন হয়। ৫. প্রক্রিয়ার নাম → এ প্রক্রিয়াকে ঊগচ পথ বলে। → এ প্রক্রিয়াটি হিল বিক্রিয়া তুল্য।","নম্বর বণ্টন: সালোকসংশ্লেষণ প্রক্রিয়ার লিমিটিং ফ্যা±র তিনটি লেখার জন্য ০.৫ নম্বর। তাপমাত্রা, আলোর তীব্রতা এবং \(C{O}_{2}\) এর ঘনতa লেখার জন্য ০.৫ নম্বর। গ্লাইকোলাইসিস ও ফটোলাইসিস এর মধ্যে ৩টি পার্থক্য লেখার জন্য (০.৫ \(\times \) ৩) = ১.৫ নম্বর।"
278855202234,3363846,Biology,other,other/278855202234.jpg,5/2,,লিথাল জিন কাকে বলে? ৬টি লিথাল জিন জনিত রোগের নাম লিখ।,"লিথাল জিন: যেসব জিন হোমোজাইগাস অবস্থায় উপস্িথত থাকলে সংশ্লিষ্ট জীবের মৃতু্য ঘটে সেসব জিনকে লিথাল জিন বলে। লিথাল জিন জনিত রোগের নাম : ১। ড্রসোফিলা মাছির লু্প্রায় ডানা, ২। ক্রীপার মুরগী, ৩। পা বিহীন বাছুর, ৪। ব্রাকিফ্যালাÄি, ৫। হিমোফিলিয়া, ৬। জন্মগত মূক-বধিরতা, ৭। ইনফ্যান্টাইল অ্যামারটিক ইডিওসি, ৮। থ্যালাসেমিয়া, ৯। সিকল সেল অ্যানিমিয়া, ১০। সিস্টিক ফাইব্রোসিস, ১১। রেটিনোব্লাস্টোমা, ১২। কনজেনিটাল ইকথিওসিস।",নম্বর বণ্টন: লিথাল জিন এর সংÁা লিখলে ০১ নম্বর। ৬টি লিথাল জিন জনিত রোগের নাম লিখলে (০.২৫ \(\times \) ৬) = ১.৫ নম্বর।
711577258988,3363846,Bangla,other,other/711577258988.jpg,,,"সারমর্ম লেখ: মরিতে চাহি না আমি সুন্দর ভুবনে, মানবের মাঝে আমি ব্াচিবারে চাই, এই সূর্যকরে এই পু®িপত কাননে জীবন্ত হৃদয়-মাঝে যদি স্থান পাই। ধরায় প্রাণের খেলা চিরতরঙ্গিত, বিরহ মিলন কত হাসি-অশ্রু-ময়, মানবের সুখে দুঃখে গ্াথিয়া সংগীত যদি গো রচিতে পারি অমর-আলয়। তা যদি না পারি তবে ব্াচি যত কাল তোমাদেরি মাঝখানে লভি যেন ঠ্াই, তোমরা তুলিবে বলে সকাল বিকাল নব নব সংগীতের কুসুম ফুটাই। হাসিমুখে নিয়ো ফুল, তার পরে হায়, ফেলে দিয়ো ফুল, যদি সে ফুল শুকায়।","সারমর্ম: অপরিসীম সেৌন্দযর্ে ভরপুর এ পৃথিবী ছেড়ে কেউ চলে যেতে চায় না। সুখ-দুঃখ, আনন্দ-বেদনা, বিরহ-মিলনের মাঝে মানুষ বে্চে থাকতে চায়। কিন্তু মৃতু্যকে উপেক্ষা করার সাধ্য কারো নেই; তাই শুধু কমর্ের মধ্য দিয়েই অমরতa লাভ সম্ভব।","নম্বর বণ্টন: অপরিসীম সেৌন্দযর্ে ভরপুর এ পৃথিবী ছেড়ে কেউ চলে যেতে চায় না - নির্ধারিত অংশে লেখার ভাব ঠিকমতো বোঝাতে পারলে ০১ নম্বর। সুখ-দুঃখ, আনন্দ-বেদনা, বিরহ-মিলনের মাঝে মানুষ বে্চে থাকতে চায় - নির্ধারিত অংশে লেখার ভাব ঠিকমতো বোঝাতে পারলে ০১ নম্বর। কিন্তু মৃতু্যকে উপেক্ষা করার সাধ্য কারো নেই; তাই শুধু কমর্ের মধ্য দিয়েই অমরতa লাভ সম্ভব - নির্ধারিত অংশে লেখার ভাব ঠিকমতো বোঝাতে পারলে ০.৫ নম্বর । [বিঃ দ্রঃ চার বাক্যের বেশি লিখলে ৫০% নম্বর পাবে।]"
144591296481,3363846,Bangla,other,other/144591296481.jpg,,,"নিচের শã গুে লার প্রমিত বানানরূপ ে লখ : ইতিমধে ্য, সম্ম বর্ধনা , ৈ পত্রিক , অপোরাহ্ন , দৈ ন্যতা",প্রমিত বানানরূপঃ ইতিমধে ্য- ইতোমধে ্য সম্ম বর্ধনা-সংবর্ধনা ৈ পত্রিক -ৈ পত …ক অপোরাহ্ন-অপরাহè দৈ ন্যতা -দ ীনতা /দৈন্য,নম্ব র বণ্টন : শã গুে লার প্রমিত বানানরূপ ে লখার করার জন্য (০.৫ \(\times \) ৫) = ২.৫ নম্বর।
912113978854,3363846,English,other,other/912113978854.jpg,,"Fill in the blanks with suitable words from the list below: ( List: calm, harsh, knowledge, inclusive, patient, joyful ) An ideal classroom is one where every learner feels seen, heard, and respected. To achieve this, it must be an (a)_____ space that welcomes students of all backgrounds, abilities, and perspectives. Teachers play a vital role in shaping this atmosphere and so they should remain (b) _____ in the face of challenges and avoid using (c) _____ or discouraging language, even when correcting mistakes. A/an (d) _____ environment reduces anxiety and promotes focus, while mutual sharing of (e) _____ enhances the learning experience for all.",,(a) inclusive (b) patient/calm (c) harsh (d) calm/joyful/inclusive (e) knowledge Mark Distribution: For filling the blanks with suitable words; (0.5×5) =2.5 marks.,
590029928369,3363846,English,other,other/590029928369.jpg,,"Write a well organised paragraph on ‘The Importance of Honesty’ in the space provided, considering the element of a paragraph, such as topic sentence, supporting detail sentences and conclusion.",,"‘The Importance of Honesty’ Honesty is one of the most essential virtues that builds the foundation of trust in both personal and social life. It means speaking the truth, being sincere, and acting in a morally upright way. An honest person earns the respect and confidence of others, which strengthens relationships and creates a sense of integrity in society. In academic and professional life, honesty promotes fairness, accountability, and transparency—qualities that lead to long-term success and inner peace. Dishonesty, on the other hand, may offer temporary gain but ultimately results in distrust, shame, and failure. Therefore, honesty is not only a personal value but also a pillar of social harmony and moral strength. In every sphere of life, honesty truly proves to be the best policy. Marks Distribution: For writing Title, ‘The Importance of Honesty’ ; 0.5 mark. For writing topic sentence such as, an honest person earns the respect and confidence of others, which strengthens relationships and creates a sense of integrity in society; 1.5 marks. For writing supporting detail sentences such as, in academic and professional life, honesty promotes fairness, accountability, and transparency—qualities that lead to long-term success and inner peace. Dishonesty, on the other hand, may offer temporary gain but ultimately results in distrust, shame, and failure; 1.5 marks. For writing conclusion such as, honesty is not only a personal value but also a pillar of social harmony and moral strength. In every sphere of life, honesty truly proves to be the best policy; 1.5 marks. [ Instructions: * Students must write it within one single para. If it becomes more than one para , 50% marks have to be deducted from the obtained marks. * 0.5 mark will be deducted for one or two grammar or spelling mistakes , 01 mark for three or more grammar or spelling mistakes .]",
300891978421,3363846,English,other,other/300891978421.jpg,,"Make meaningful sentences with the following words: ‎ Imminent, Resilient, Thrive, Vigilant, Ephemeral",,"Imminent – The dark clouds signaled an imminent storm. Resilient – Despite many hardships, she remained resilient and hopeful. Thrive – Plants thrive when they receive enough sunlight and water. Vigilant – The guard remained vigilant throughout the night. Ephemeral – The beauty of a rainbow is ephemeral , lasting only a few moments before it fades. Mark Distribution: For making meaningful sentence with the following words (0.5×5) =2.5 marks. [ N.B: Any sentence that is meaningful and correct will get allocated marks]",
