"task_id","exam_set","script_id","question_no","question_type","max_mark","teacher_mark","teacher_mark_confidence","teacher_mark_source","question","source_text","extracted_text_raw","extracted_text","student_title","page_range","extraction_status","error_message","confidence","illegible_count","unclear_count","cut_count","struck_count","inserted_count","ambiguous_authorship_count","red_ink_suspected","needs_review","review_flags","word_count","char_count","source_word_count","length_ratio","exceeds_one_third","verbatim_overlap_pct","paragraph_break_count","letter_components_found","letter_components_missing_count","transcription_model_version","transcription_provider","transcription_prompt_version","prompt_hash","transcription_settings","extraction_timestamp"
"MCQ_001","SE_06_Q1","SE_06_Q1_0001","1","MCQ","7","","","absent","Read the text and answer question 1: Choose the best answer from the alternatives. (1 x 7 = 7)
a. On the 16th of December of the same year, the 26 March declaration of independence became a reality. Here the meaning of the word reality is — i. experience  ii. certainty  iii. virtuality  iv. actuality
b. To every Bangladeshi the 16th December is a day of — i. self analysis  ii. sorrows and sufferings  iii. self questioning  iv. pride and joy
c. We pay our deep respect to the martyrs who gave their lives for the independence of Bangladesh. Here respect means — i. neglect  ii. honour  iii. favour  iv. dignity
d. We, the Bangalees celebrate our Victory Day by remembering the roles played by our fearless freedom fighters and the people at large. Which of the following words has a similar meaning of fearless? i. curious  ii. courageous  iii. fearful  iv. rebillion
e. This is why December 16 is our Victory Day when the Pakistan army surrendered unconditionally. What does surrendered mean here? i. defended  ii. submitted  iii. captured  iv. with stood
f. To build up our nation as a prosperous country we have to work — i. individually  ii. separately  iii. independently  iv. unitedly
g. 1971 is the year of our — i. Liberation War  ii. Independence  iii. Victory day  iv. all of i, ii & iii

READING PASSAGE (questions 1 and 2):
December 16 is a remarkable day for Bangladeshi people. On this day in 1971. Bangladesh got independence after a nine-month-long blood-soaked battle against the Pakistani army. It is a day of national pride as well as a day of commemorating the sacrifices of the millions of Bangladeshi people. Pakistani army killed three million people and assaulted thousands of women.
The Victory Day is celebrated with great enthusiasm across the country. The day begins with a 31-gun salute at dawn, followed by the hoisting of the national flag at government buildings and private institutions. Different political, cultural and educational programmes are organised to pay homage to the martyrs of the war. The entire nation celebrates the day with colourful flags, banners and parades.
The National Parade ground hosts a grand military parade where the president, the prime minister and dignitaries from government and non-government sectors join, The National Martyrs Memorial in Savar, our monument dedicated to the soldiers and civilians who lost their lives during the war, becomes a focal point for citizens to pay their respect. People from all walks of life gather to offer flowers, recite patriotic songs, and recall the sacrifices made by the nation's heroes.

ANSWER KEY (1 mark per item, no part marks):
a. iv. actuality
b. iv. pride and joy
c. ii. honour
d. ii. courageous
e. ii. submitted
f. iv. unitedly
g. iv. all of i, ii & iii

Accept the option written as the roman numeral alone (“iv”), as the option text alone (“actuality”), or as both. Misspelling a correctly chosen option does NOT cost the mark.

MARKING NOTE: this question is ITEM-SCORED. Mark each lettered item against the key and put the SUM of the item marks in context_content_data, leaving structure_format_brevity, language_mechanics and originality_comparisons_paraphrase at 0. Nothing is awarded or deducted for handwriting, style, or spelling beyond what the key requires. An item the student did not attempt scores 0 for that item only. No structural cap is ever applied to an item-scored question.","","a. i) experience
b. iv) pride and joy
c. ii) honour
d. iv) nebillion
e. t
f. +
g. iv) all of it, i; and iii","a. i) experience
b. iv) pride and joy
c. ii) honour
d. iv) nebillion
e. t
f. +
g. iv) all of it, i; and iii","","1","ok","","0.8","0","0","0","0","0","0","False","False","","25","107","","","","","0","","","gemma-4-31b-it","gemini","extraction_prompt_c6_v1","f172ab06cd2b8256703c24aac7a3e69688981e106974ba6a4975feb8e0e852b6","{""thinking_level"": ""medium"", ""max_output_tokens"": 32768}","2026-09-17T03:55:23.394254+00:00"
"SHORT_001","SE_06_Q1","SE_06_Q1_0001","2","Short_Answer","5","","","absent","Write short answers to the following questions. (1 x 5 = 5)
a. What happened during the war in 1971?
b. How do people celebrate Victory Day?
c. Why is the National Martyrs’ Memorial important?
d. What do people sing at the National Martyrs’ Memorial?
e. What does the 31-gun salute represent on Victory Day?

READING PASSAGE (questions 1 and 2):
December 16 is a remarkable day for Bangladeshi people. On this day in 1971. Bangladesh got independence after a nine-month-long blood-soaked battle against the Pakistani army. It is a day of national pride as well as a day of commemorating the sacrifices of the millions of Bangladeshi people. Pakistani army killed three million people and assaulted thousands of women.
The Victory Day is celebrated with great enthusiasm across the country. The day begins with a 31-gun salute at dawn, followed by the hoisting of the national flag at government buildings and private institutions. Different political, cultural and educational programmes are organised to pay homage to the martyrs of the war. The entire nation celebrates the day with colourful flags, banners and parades.
The National Parade ground hosts a grand military parade where the president, the prime minister and dignitaries from government and non-government sectors join, The National Martyrs Memorial in Savar, our monument dedicated to the soldiers and civilians who lost their lives during the war, becomes a focal point for citizens to pay their respect. People from all walks of life gather to offer flowers, recite patriotic songs, and recall the sacrifices made by the nation's heroes.

ANSWER KEY — indicative content, 1 mark per item (whole mark or nothing; there are no half marks on this question):
a. Bangladesh fought a nine-month-long battle against the Pakistani army, who killed three million people and assaulted thousands of women; the country won independence on 16 December 1971.
b. With a 31-gun salute at dawn, hoisting of the national flag, political, cultural and educational programmes, and parades with colourful flags and banners.
c. It is the monument dedicated to the soldiers and civilians who lost their lives during the war, and it becomes the focal point where citizens pay their respect.
d. Patriotic songs.
e. It marks the start of Victory Day at dawn and honours the martyrs and the nation's victory.

Wording need not match the key — award the mark for any answer carrying the same content, in the student's own words or lifted from the passage. Award 0 for a wrong, off-question or omitted answer.

MARKING NOTE: this question is ITEM-SCORED. Mark each lettered item against the key and put the SUM of the item marks in context_content_data, leaving structure_format_brevity, language_mechanics and originality_comparisons_paraphrase at 0. Nothing is awarded or deducted for handwriting, style, or spelling beyond what the key requires. An item the student did not attempt scores 0 for that item only. No structural cap is ever applied to an item-scored question.","","a. The war in 1971 Pakistani army killed theree million people and assaulted thousands of woman,
b. The Vietory Day is celebrated with great enthusiasm across the eountry.
c. The National Martyrs' Memorial is important bedcause our monument dedicated to the slodirzes and civilians to pay their respect lives durzing the war, becomes a focal point for citizens to pay their respect.
e. The ba day begins with a 31-gun salute at dawn, followed by the hoisting of the national flag at governimment buildings and private institutions.","a. The war in 1971 Pakistani army killed theree million people and assaulted thousands of woman,
b. The Vietory Day is celebrated with great enthusiasm across the eountry.
c. The National Martyrs' Memorial is important bedcause our monument dedicated to the slodirzes and civilians to pay their respect lives durzing the war, becomes a focal point for citizens to pay their respect.
e. The ba day begins with a 31-gun salute at dawn, followed by the hoisting of the national flag at governimment buildings and private institutions.","","1-2","ok","","0.9","0","0","0","0","0","0","False","False","","86","531","","","","","0","","","gemma-4-31b-it","gemini","extraction_prompt_c6_v1","f172ab06cd2b8256703c24aac7a3e69688981e106974ba6a4975feb8e0e852b6","{""thinking_level"": ""medium"", ""max_output_tokens"": 32768}","2026-09-17T03:55:23.394254+00:00"
"GAP_001","SE_06_Q1","SE_06_Q1_0001","3","Gap_Fill","5","","","absent","Read the text and answer question 3: Complete the passage with suitable words. (1 x 5 = 5)
After finding the box Rajendra and Ravi (a) — about valuable stones. Then they (b) — to Jaipur. After showing the papers to the museum people, Uncle Santosh (c) — to know that the papers were valuable. He (d) — the papers to the museum for ten thousand rupees. Later, (e) — the news, the boy were happy.

READING PASSAGE (questions 3 and 4):
That night Ravi dreamt about gold coins and jewels. The next morning they packed everything into the jeep and went back to Jaipur, Uncle Santosh went to the museum to show his friend the papers. When he came back, he told the boys, ""Those papers were very valuable. The museum people bought them for ten thousand rupees."" The boys were delighted. When Ravi met his father and mother once again, he told them about his adventures and gave them Rs 50,000. Rajendra and Ravi never forgot the kind owl who helped them to find the old box.

ANSWER KEY (1 mark per gap). No clue words are supplied, so ANY word that fits the sentence grammatically and agrees with the passage is correct:
a. dreamt / dreamed / talked / thought
b. went back / returned / came back
c. was surprised / was glad / was happy / came
d. sold
e. hearing / on hearing / after hearing / getting

A word that fits the sense but is misspelled still earns the mark. A word of the wrong part of speech, or one that contradicts the passage, does not.

MARKING NOTE: this question is ITEM-SCORED. Mark each lettered item against the key and put the SUM of the item marks in context_content_data, leaving structure_format_brevity, language_mechanics and originality_comparisons_paraphrase at 0. Nothing is awarded or deducted for handwriting, style, or spelling beyond what the key requires. An item the student did not attempt scores 0 for that item only. No structural cap is ever applied to an item-scored question.","","a. dreamt
b. go
d. saw","a. dreamt
b. go
d. saw","","3","ok","","0.9","0","0","0","0","0","0","False","False","","6","22","","","","","0","","","gemma-4-31b-it","gemini","extraction_prompt_c6_v1","f172ab06cd2b8256703c24aac7a3e69688981e106974ba6a4975feb8e0e852b6","{""thinking_level"": ""medium"", ""max_output_tokens"": 32768}","2026-09-17T03:55:23.394254+00:00"
"VOCAB_001","SE_06_Q1","SE_06_Q1_0001","4","Vocabulary","5","","","absent","Read the passage carefully and replace the following words with their suitable synonyms or antonyms. (1 x 5 = 5)
(a) Went back (antonym), (b) Museum (synonym), (c) Friend (synonym), (d) Show (antonym), (e) Bought (synonym)

READING PASSAGE (questions 3 and 4):
That night Ravi dreamt about gold coins and jewels. The next morning they packed everything into the jeep and went back to Jaipur, Uncle Santosh went to the museum to show his friend the papers. When he came back, he told the boys, ""Those papers were very valuable. The museum people bought them for ten thousand rupees."" The boys were delighted. When Ravi met his father and mother once again, he told them about his adventures and gave them Rs 50,000. Rajendra and Ravi never forgot the kind owl who helped them to find the old box.

ANSWER KEY (1 mark per item). Any correct word of the required relation is acceptable; the words below are indicative, not exhaustive:
a. Went back (Antonym): came / went forward / advanced / set out / left
b. Museum (Synonym): gallery / archive / repository / exhibition hall
c. Friend (Synonym): companion / mate / comrade / ally / pal
d. Show (Antonym): hide / conceal / cover
e. Bought (Synonym): purchased

Giving a synonym where an antonym was asked (or the reverse) scores 0 for that item. A correct word that is misspelled still earns the mark.

MARKING NOTE: this question is ITEM-SCORED. Mark each lettered item against the key and put the SUM of the item marks in context_content_data, leaving structure_format_brevity, language_mechanics and originality_comparisons_paraphrase at 0. Nothing is awarded or deducted for handwriting, style, or spelling beyond what the key requires. An item the student did not attempt scores 0 for that item only. No structural cap is ever applied to an item-scored question.","","Went back | x | Come Beack
Museum | | x
Friend | Besti | x
Show | x | Ignor
Bought | . | x","Went back | x | Come Beack
Museum | | x
Friend | Besti | x
Show | x | Ignor
Bought | . | x","","12","ok","","0.9","0","0","0","0","0","0","False","False","","15","90","","","","","0","","","gemma-4-31b-it","gemini","extraction_prompt_c6_v1","f172ab06cd2b8256703c24aac7a3e69688981e106974ba6a4975feb8e0e852b6","{""thinking_level"": ""medium"", ""max_output_tokens"": 32768}","2026-09-17T03:55:23.394254+00:00"
"TABLE_001","SE_06_Q1","SE_06_Q1_0001","5","Table_Completion","5","","","absent","Read the text and answer question 5: Complete the table with information from the passage. (1 x 5 = 5)
| Topic | Information from the passage |
| a. Class Raju reads in | (i) |
| b. Subjects he did well in | (ii) |
| c. Marks he got in those subjects | (iii) |
| d. Subjects he did poorly in | (iv) |
| e. Marks he got in weak subjects | (v) |

READING PASSAGE (questions 5, 6 and 7):
Raju is a student of class six. Last week, his school held class tests in several subjects. Raju worked very hard to do well. He got 8 in Bangla, 9 in English, and 10 in Mathematics out of 10. His teachers praised him for his good marks. However, he could not do well in ICT, Science, and Religion, getting only 6 marks in each.
Raju felt a little sad about his low marks but promised to study harder next time. His father told him not to lose hope. His mother advised him to read ICT and Science regularly. Raju made a plan to give more time to those subjects. He was happy that he did very well in Bangla, English, and Math. Raju believes that with more practice, he can improve all his subjects.

ANSWER KEY (1 mark per blank):
i. Class six
ii. Bangla, English and Mathematics
iii. 8 in Bangla, 9 in English and 10 in Mathematics (out of 10)
iv. ICT, Science and Religion
v. 6 marks in each

This question asks for information lifted from the passage, so copying the passage's wording is CORRECT here and must not be penalised. A partial but unambiguous answer (e.g. naming all three subjects in ii) earns the mark; an answer that names only some of the required items does not.

MARKING NOTE: this question is ITEM-SCORED. Mark each lettered item against the key and put the SUM of the item marks in context_content_data, leaving structure_format_brevity, language_mechanics and originality_comparisons_paraphrase at 0. Nothing is awarded or deducted for handwriting, style, or spelling beyond what the key requires. An item the student did not attempt scores 0 for that item only. No structural cap is ever applied to an item-scored question.","","a. Six
b. Math . Bangla and English
c. Out of 10
d. ICT, Science and Religion
e. 6 marks each","a. Six
b. Math . Bangla and English
c. Out of 10
d. ICT, Science and Religion
e. 6 marks each","","5","ok","","1.0","0","0","0","0","0","0","False","False","","18","93","","","","","0","","","gemma-4-31b-it","gemini","extraction_prompt_c6_v1","f172ab06cd2b8256703c24aac7a3e69688981e106974ba6a4975feb8e0e852b6","{""thinking_level"": ""medium"", ""max_output_tokens"": 32768}","2026-09-17T03:55:23.394254+00:00"
"TF_001","SE_06_Q1","SE_06_Q1_0001","6","True_False","5","","","absent","Read the statements below. Write ‘True’ if the statement is correct and ‘False’ if it is incorrect. If false, write the correct answer. (1 x 5 = 5)
a. Raju thinks he cannot improve his weak subjects.
b. He got 6 marks out of 10 in Mathematics.
c. Raju got full marks in Mathematics.
d. Raju plans to work lesser next time.
e. His father scolded him for low marks.

READING PASSAGE (questions 5, 6 and 7):
Raju is a student of class six. Last week, his school held class tests in several subjects. Raju worked very hard to do well. He got 8 in Bangla, 9 in English, and 10 in Mathematics out of 10. His teachers praised him for his good marks. However, he could not do well in ICT, Science, and Religion, getting only 6 marks in each.
Raju felt a little sad about his low marks but promised to study harder next time. His father told him not to lose hope. His mother advised him to read ICT and Science regularly. Raju made a plan to give more time to those subjects. He was happy that he did very well in Bangla, English, and Math. Raju believes that with more practice, he can improve all his subjects.

ANSWER KEY (1 mark per item):
a. False — Raju believes that with more practice he can improve all his subjects.
b. False — he got 10 out of 10 in Mathematics; 6 was his mark in ICT, Science and Religion.
c. True
d. False — he promised to study harder and planned to give more time to his weak subjects.
e. False — his father told him not to lose hope.

A ‘False’ verdict with NO correction, or with a wrong correction, scores 0 for that item — the question requires both. The correction need not match the key's wording; any correction carrying the right fact is accepted.

MARKING NOTE: this question is ITEM-SCORED. Mark each lettered item against the key and put the SUM of the item marks in context_content_data, leaving structure_format_brevity, language_mechanics and originality_comparisons_paraphrase at 0. Nothing is awarded or deducted for handwriting, style, or spelling beyond what the key requires. An item the student did not attempt scores 0 for that item only. No structural cap is ever applied to an item-scored question.","","a. [illegible]
b. Flase = He got 10 marks out of 10 in Mathematics
c. True
d. Flase = Raju plans to work {inserted: all} those next time.
e. Flase = His fathen told ~~he~~ him not to lose hope.","a. [illegible]
b. Flase = He got 10 marks out of 10 in Mathematics
c. True
d. Flase = Raju plans to work all those next time.
e. Flase = His fathen told  him not to lose hope.","","4-6","ok","","0.8","1","0","0","1","1","0","False","False","","32","175","","","","","0","","","gemma-4-31b-it","gemini","extraction_prompt_c6_v1","f172ab06cd2b8256703c24aac7a3e69688981e106974ba6a4975feb8e0e852b6","{""thinking_level"": ""medium"", ""max_output_tokens"": 32768}","2026-09-17T03:55:23.394254+00:00"
"SUMMARY_001","SE_06_Q1","SE_06_Q1_0001","7","Summary","5","","","absent","Write a summary of the passage in your own words. (5)

TEXT TO BE SUMMARIZED (questions 5, 6 and 7):
Raju is a student of class six. Last week, his school held class tests in several subjects. Raju worked very hard to do well. He got 8 in Bangla, 9 in English, and 10 in Mathematics out of 10. His teachers praised him for his good marks. However, he could not do well in ICT, Science, and Religion, getting only 6 marks in each.
Raju felt a little sad about his low marks but promised to study harder next time. His father told him not to lose hope. His mother advised him to read ICT and Science regularly. Raju made a plan to give more time to those subjects. He was happy that he did very well in Bangla, English, and Math. Raju believes that with more practice, he can improve all his subjects.","Raju is a student of class six. Last week, his school held class tests in several subjects. Raju worked very hard to do well. He got 8 in Bangla, 9 in English, and 10 in Mathematics out of 10. His teachers praised him for his good marks. However, he could not do well in ICT, Science, and Religion, getting only 6 marks in each.
Raju felt a little sad about his low marks but promised to study harder next time. His father told him not to lose hope. His mother advised him to read ICT and Science regularly. Raju made a plan to give more time to those subjects. He was happy that he did very well in Bangla, English, and Math. Raju believes that with more practice, he can improve all his subjects.","Raju reads in class Six. He got 8 in Bangela, 9 in English and 10 in Math out of 10. But, he could not do well in ICT, Science and Religion only 6 markes. Raju believes that he did well with mone practoe.","Raju reads in class Six. He got 8 in Bangela, 9 in English and 10 in Math out of 10. But, he could not do well in ICT, Science and Religion only 6 markes. Raju believes that he did well with mone practoe.","Summary","6","ok","","0.9","0","0","0","0","0","0","False","False","","38","204","129","0.2946","False","0.2326","0","","","gemma-4-31b-it","gemini","extraction_prompt_c6_v1","f172ab06cd2b8256703c24aac7a3e69688981e106974ba6a4975feb8e0e852b6","{""thinking_level"": ""medium"", ""max_output_tokens"": 32768}","2026-09-17T03:55:23.394254+00:00"
"PREP_001","SE_06_Q1","SE_06_Q1_0001","8","Preposition_Use","5","","","absent","Use these prepositions in sentences of your own. (1 x 5 = 5)
a. bottom of, b. top of, c. through, d. along, e. across

ANSWER KEY (1 mark per item). There is no fixed answer: the student composes their own sentence for each preposition. Award the mark when the sentence (1) actually contains the given preposition, (2) uses it in a sense that is correct English, and (3) is a complete, intelligible sentence.

Model sentences, for reference only — a student sentence need not resemble them:
a. bottom of: The old box lay at the bottom of the river.
b. top of: A small flag was fixed on the top of the hill.
c. through: We walked through the forest before sunset.
d. along: They strolled along the river bank in the evening.
e. across: A wooden bridge runs across the canal.

Award 0 for an item where the preposition is missing, is used in a way that is not English (e.g. “He is bottom of happy”), or where nothing resembling a sentence was written. A minor spelling or article slip does NOT cost the mark — the item tests the preposition, not general accuracy.

MARKING NOTE: this question is ITEM-SCORED. Mark each lettered item against the key and put the SUM of the item marks in context_content_data, leaving structure_format_brevity, language_mechanics and originality_comparisons_paraphrase at 0. Nothing is awarded or deducted for handwriting, style, or spelling beyond what the key requires. An item the student did not attempt scores 0 for that item only. No structural cap is ever applied to an item-scored question.","","","","","","not_attempted","question not found in transcript (verified absent)","","","","","","","","","","","0","0","","","","","","","","gemma-4-31b-it","gemini","extraction_prompt_c6_v1","f172ab06cd2b8256703c24aac7a3e69688981e106974ba6a4975feb8e0e852b6","{""thinking_level"": ""medium"", ""max_output_tokens"": 32768}","2026-09-17T03:55:23.394254+00:00"
"REARR_001","SE_06_Q1","SE_06_Q1_0001","9","Rearrange","8","","","absent","Put the following parts of the story in the correct order to make the whole story. Only the corresponding numbers of the sentences need to be written. (1 x 8 = 8)
a. She asked Bayazid to give her a glass of water, but he could not find any water in the pitcher.
b. Once Hazrat Bayazid Bustami came home to see his ailing mother.
c. But she again fell asleep.
d. So, he went to the well quite far from their house.
e. She woke up some hours later.
f. He filled the pitcher, came back and went to his mother with a glass of water.
g. As he was still standing by her bed, his mother drank the glass of water and blessed him from the core of heart.
h. He, instead of waking her up, stood by her bed with the glass of water in his hand.

ANSWER KEY — correct order (8 positions, 1 mark each):
1. b  (Once Hazrat Bayazid Bustami came home to see his ailing mother.)
2. a  (She asked Bayazid to give her a glass of water, but he could not find any water in the pitcher.)
3. d  (So, he went to the well quite far from their house.)
4. f  (He filled the pitcher, came back and went to his mother with a glass of water.)
5. c  (But she again fell asleep.)
6. h  (He, instead of waking her up, stood by her bed with the glass of water in his hand.)
7. e  (She woke up some hours later.)
8. g  (As he was still standing by her bed, his mother drank the glass of water and blessed him from the core of heart.)

Award 1 mark for each sentence the student places in its correct POSITION in the sequence above — a position-by-position comparison: b in slot 1 earns a mark, b anywhere else does not. The student may give the letters, the full sentences, or both; mark the order either way, and do not penalise copying slips inside the sentences.

MARKING NOTE: this question is ITEM-SCORED. Mark each lettered item against the key and put the SUM of the item marks in context_content_data, leaving structure_format_brevity, language_mechanics and originality_comparisons_paraphrase at 0. Nothing is awarded or deducted for handwriting, style, or spelling beyond what the key requires. An item the student did not attempt scores 0 for that item only. No structural cap is ever applied to an item-scored question.","","1. b
2. d
3. a
4. f
5. e
6. h
7. e
8. g","1. b
2. d
3. a
4. f
5. e
6. h
7. e
8. g","","7","ok","","1.0","0","0","0","0","0","0","False","False","","8","39","","","","","0","","","gemma-4-31b-it","gemini","extraction_prompt_c6_v1","f172ab06cd2b8256703c24aac7a3e69688981e106974ba6a4975feb8e0e852b6","{""thinking_level"": ""medium"", ""max_output_tokens"": 32768}","2026-09-17T03:55:23.394254+00:00"
"POEM_001","SE_06_Q1","SE_06_Q1_0001","10","Poem_Short_Answer","10","","","absent","Answer any five of the following questions from the poems in your text book. (2 x 5 = 10)
a. What does Robin say about autumn?
b. How is Robin a happy bird?
c. How is Robin a hopeful bird?
d. What reason does Robin give for singing during the winter?
e. What does Robin teach us in the poem?
f. Why does the playmate come only on a rainy day?
g. Why does the boy think the playmate lives in another land?
h. What does the Moon come there to do?

ANSWER KEY — INDICATIVE ONLY, 2 marks per answer. The poem texts are not supplied with this paper, so the notes below describe the expected substance rather than fixed wording. Items a–e concern the poem about Robin, a bird who goes on singing as autumn turns to winter; items f–h concern the poem about a boy and an imagined playmate who visits on rainy days.
a. That autumn is passing and the cold season is coming — leaves fall and the bright days are ending.
b. He sings cheerfully whatever the season, finding joy in small things rather than complaining of the cold.
c. He keeps singing through the bleak season because he trusts that spring and better days will return.
d. He sings in winter to keep up his own and others' spirits, and because he believes the hard season will pass.
e. To stay cheerful and hopeful in hard times instead of giving way to gloom.
f. Because the rain keeps the boy indoors and alone, so that is when he longs for and imagines his playmate.
g. Because the playmate is never seen among the people he knows and appears only in his imagination, so the boy supposes he must come from some distant, unknown land.
h. It comes to look in on the child and keep him company — to shine on him and share the night with him.

BECAUSE THE KEY IS INDICATIVE, mark generously on substance: award 2 for an answer that is clearly about the right poem and carries a sensible reading consistent with these notes, 1 for a partly relevant or very thin answer, and 0 for an answer about the wrong poem, one that merely repeats the question, or one left blank.

ANY FIVE answers count, and only five are marked: if the student answers more than five, mark the FIRST five attempted and ignore the rest; if fewer than five, the unanswered ones score 0. Put the sum of the five item marks (0–10) in context_content_data and leave the other three criteria at 0.","","a. Robin says ad about autumm is a beautiful season.
d. Robin is a very happy bride.","a. Robin says ad about autumm is a beautiful season.
d. Robin is a very happy bride.","","8","ok","","0.9","0","0","0","0","0","0","False","False","","17","84","","","","","0","","","gemma-4-31b-it","gemini","extraction_prompt_c6_v1","f172ab06cd2b8256703c24aac7a3e69688981e106974ba6a4975feb8e0e852b6","{""thinking_level"": ""medium"", ""max_output_tokens"": 32768}","2026-09-17T03:55:23.394254+00:00"
"STORY_001","SE_06_Q1","SE_06_Q1_0001","11","Story","10","","","absent","Part-B : Writing. Read the opening of a story below and complete it in at least ten new sentences. Give a suitable title to it. (10)
Once upon a time two friends went on a journey. They had to go through a forest on the way. As they came through the wood, they saw a bear approaching…………","","Once upon a time two friends Went on a Journey. They had to go through a forzest on the way. As they came through the wood, they saw a bear appricocation. They ~~are~~ saw Another beccame up on the three. One friding he sleep of the ground. The bean semlt his body. The bear go away. Another friend down of the tree. And he asked - ""What did say the bean? his erepiled : 'He said a goob advice.","Once upon a time two friends Went on a Journey. They had to go through a forzest on the way. As they came through the wood, they saw a bear appricocation. They  saw Another beccame up on the three. One friding he sleep of the ground. The bean semlt his body. The bear go away. Another friend down of the tree. And he asked - ""What did say the bean? his erepiled : 'He said a goob advice.","A frizend in need and indeed","9","ok","","0.8","0","0","0","1","0","0","False","False","","76","387","","","","","0","","","gemma-4-31b-it","gemini","extraction_prompt_c6_v1","f172ab06cd2b8256703c24aac7a3e69688981e106974ba6a4975feb8e0e852b6","{""thinking_level"": ""medium"", ""max_output_tokens"": 32768}","2026-09-17T03:55:23.394254+00:00"
"PARA_001","SE_06_Q1","SE_06_Q1_0001","12","Paragraph","10","","","absent","Write a paragraph in 120 words. ""A Rickshaw-Puller"" (10)","","A Riekshaw Puller is improtant and comon perzon in our eountry. He pulls a riekshaw and no carries passengers from one place to anther place to te till late. His dati daliy routing is very hand, beacuse he wonks early in the morning. He works in hot sun, rainy day and ebd waethen,","A Riekshaw Puller is improtant and comon perzon in our eountry. He pulls a riekshaw and no carries passengers from one place to anther place to te till late. His dati daliy routing is very hand, beacuse he wonks early in the morning. He works in hot sun, rainy day and ebd waethen,","A Rickshaw Puller","10","ok","","0.9","0","0","0","0","0","0","False","False","","53","281","","","","","0","","","gemma-4-31b-it","gemini","extraction_prompt_c6_v1","f172ab06cd2b8256703c24aac7a3e69688981e106974ba6a4975feb8e0e852b6","{""thinking_level"": ""medium"", ""max_output_tokens"": 32768}","2026-09-17T03:55:23.394254+00:00"
"DIALOG_001","SE_06_Q1","SE_06_Q1_0001","13","Dialogue","10","","","absent","You are Shahid and you have been suffering from fever along with some Covid-19 symptoms for a week. Now, you are at the chamber of a doctor. Write a dialogue between you and the doctor. (10)","","Myself : May I come in, sir?
Doeton : Yes, sit there on the chain and tell your poblem?
Myself : I have been suffering fever. Also I bad headache and running shases and pains all over body.
Doeton : 
Myself : My parents and my elder sister.
Doeton : Any podlems your family memdens
Myself : Oh, no. My father pains all oven bady.
Doeton : Please, gekly covid-19 test.","Myself : May I come in, sir?
Doeton : Yes, sit there on the chain and tell your poblem?
Myself : I have been suffering fever. Also I bad headache and running shases and pains all over body.
Doeton : 
Myself : My parents and my elder sister.
Doeton : Any podlems your family memdens
Myself : Oh, no. My father pains all oven bady.
Doeton : Please, gekly covid-19 test.","","11","ok","","0.9","0","0","0","0","0","0","False","False","","63","367","","","","","0","","","gemma-4-31b-it","gemini","extraction_prompt_c6_v1","f172ab06cd2b8256703c24aac7a3e69688981e106974ba6a4975feb8e0e852b6","{""thinking_level"": ""medium"", ""max_output_tokens"": 32768}","2026-09-17T03:55:23.394254+00:00"
"MCQ_002","SE_06_Q1","SE_06_Q1_0002","1","MCQ","7","","","absent","Read the text and answer question 1: Choose the best answer from the alternatives. (1 x 7 = 7)
a. On the 16th of December of the same year, the 26 March declaration of independence became a reality. Here the meaning of the word reality is — i. experience  ii. certainty  iii. virtuality  iv. actuality
b. To every Bangladeshi the 16th December is a day of — i. self analysis  ii. sorrows and sufferings  iii. self questioning  iv. pride and joy
c. We pay our deep respect to the martyrs who gave their lives for the independence of Bangladesh. Here respect means — i. neglect  ii. honour  iii. favour  iv. dignity
d. We, the Bangalees celebrate our Victory Day by remembering the roles played by our fearless freedom fighters and the people at large. Which of the following words has a similar meaning of fearless? i. curious  ii. courageous  iii. fearful  iv. rebillion
e. This is why December 16 is our Victory Day when the Pakistan army surrendered unconditionally. What does surrendered mean here? i. defended  ii. submitted  iii. captured  iv. with stood
f. To build up our nation as a prosperous country we have to work — i. individually  ii. separately  iii. independently  iv. unitedly
g. 1971 is the year of our — i. Liberation War  ii. Independence  iii. Victory day  iv. all of i, ii & iii

READING PASSAGE (questions 1 and 2):
December 16 is a remarkable day for Bangladeshi people. On this day in 1971. Bangladesh got independence after a nine-month-long blood-soaked battle against the Pakistani army. It is a day of national pride as well as a day of commemorating the sacrifices of the millions of Bangladeshi people. Pakistani army killed three million people and assaulted thousands of women.
The Victory Day is celebrated with great enthusiasm across the country. The day begins with a 31-gun salute at dawn, followed by the hoisting of the national flag at government buildings and private institutions. Different political, cultural and educational programmes are organised to pay homage to the martyrs of the war. The entire nation celebrates the day with colourful flags, banners and parades.
The National Parade ground hosts a grand military parade where the president, the prime minister and dignitaries from government and non-government sectors join, The National Martyrs Memorial in Savar, our monument dedicated to the soldiers and civilians who lost their lives during the war, becomes a focal point for citizens to pay their respect. People from all walks of life gather to offer flowers, recite patriotic songs, and recall the sacrifices made by the nation's heroes.

ANSWER KEY (1 mark per item, no part marks):
a. iv. actuality
b. iv. pride and joy
c. ii. honour
d. ii. courageous
e. ii. submitted
f. iv. unitedly
g. iv. all of i, ii & iii

Accept the option written as the roman numeral alone (“iv”), as the option text alone (“actuality”), or as both. Misspelling a correctly chosen option does NOT cost the mark.

MARKING NOTE: this question is ITEM-SCORED. Mark each lettered item against the key and put the SUM of the item marks in context_content_data, leaving structure_format_brevity, language_mechanics and originality_comparisons_paraphrase at 0. Nothing is awarded or deducted for handwriting, style, or spelling beyond what the key requires. An item the student did not attempt scores 0 for that item only. No structural cap is ever applied to an item-scored question.","","a. (iv) actuality
b. (iv) pride and soy
c. (ii) honour
d. (iv) courageous
e. (iii) captured
f. (iv) unitedly
g. (iv) all of i, ii & iii","a. (iv) actuality
b. (iv) pride and soy
c. (ii) honour
d. (iv) courageous
e. (iii) captured
f. (iv) unitedly
g. (iv) all of i, ii & iii","","5","ok","","1.0","0","0","0","0","0","0","False","False","","27","135","","","","","0","","","gemma-4-31b-it","gemini","extraction_prompt_c6_v1","f172ab06cd2b8256703c24aac7a3e69688981e106974ba6a4975feb8e0e852b6","{""thinking_level"": ""medium"", ""max_output_tokens"": 32768}","2026-09-17T03:45:23.001408+00:00"
"SHORT_002","SE_06_Q1","SE_06_Q1_0002","2","Short_Answer","5","","","absent","Write short answers to the following questions. (1 x 5 = 5)
a. What happened during the war in 1971?
b. How do people celebrate Victory Day?
c. Why is the National Martyrs’ Memorial important?
d. What do people sing at the National Martyrs’ Memorial?
e. What does the 31-gun salute represent on Victory Day?

READING PASSAGE (questions 1 and 2):
December 16 is a remarkable day for Bangladeshi people. On this day in 1971. Bangladesh got independence after a nine-month-long blood-soaked battle against the Pakistani army. It is a day of national pride as well as a day of commemorating the sacrifices of the millions of Bangladeshi people. Pakistani army killed three million people and assaulted thousands of women.
The Victory Day is celebrated with great enthusiasm across the country. The day begins with a 31-gun salute at dawn, followed by the hoisting of the national flag at government buildings and private institutions. Different political, cultural and educational programmes are organised to pay homage to the martyrs of the war. The entire nation celebrates the day with colourful flags, banners and parades.
The National Parade ground hosts a grand military parade where the president, the prime minister and dignitaries from government and non-government sectors join, The National Martyrs Memorial in Savar, our monument dedicated to the soldiers and civilians who lost their lives during the war, becomes a focal point for citizens to pay their respect. People from all walks of life gather to offer flowers, recite patriotic songs, and recall the sacrifices made by the nation's heroes.

ANSWER KEY — indicative content, 1 mark per item (whole mark or nothing; there are no half marks on this question):
a. Bangladesh fought a nine-month-long battle against the Pakistani army, who killed three million people and assaulted thousands of women; the country won independence on 16 December 1971.
b. With a 31-gun salute at dawn, hoisting of the national flag, political, cultural and educational programmes, and parades with colourful flags and banners.
c. It is the monument dedicated to the soldiers and civilians who lost their lives during the war, and it becomes the focal point where citizens pay their respect.
d. Patriotic songs.
e. It marks the start of Victory Day at dawn and honours the martyrs and the nation's victory.

Wording need not match the key — award the mark for any answer carrying the same content, in the student's own words or lifted from the passage. Award 0 for a wrong, off-question or omitted answer.

MARKING NOTE: this question is ITEM-SCORED. Mark each lettered item against the key and put the SUM of the item marks in context_content_data, leaving structure_format_brevity, language_mechanics and originality_comparisons_paraphrase at 0. Nothing is awarded or deducted for handwriting, style, or spelling beyond what the key requires. An item the student did not attempt scores 0 for that item only. No structural cap is ever applied to an item-scored question.","","a. During the war in 1971, we got victory ley Nine month Fight.
b. People celebrate the victory day ley respect the myrtyrs martyrs, giving flower in the National Martyres Memorial o.t.c","a. During the war in 1971, we got victory ley Nine month Fight.
b. People celebrate the victory day ley respect the myrtyrs martyrs, giving flower in the National Martyres Memorial o.t.c","","5","ok","","0.9","0","0","0","0","0","0","False","False","","33","186","","","","","0","","","gemma-4-31b-it","gemini","extraction_prompt_c6_v1","f172ab06cd2b8256703c24aac7a3e69688981e106974ba6a4975feb8e0e852b6","{""thinking_level"": ""medium"", ""max_output_tokens"": 32768}","2026-09-17T03:45:23.001408+00:00"
"GAP_002","SE_06_Q1","SE_06_Q1_0002","3","Gap_Fill","5","","","absent","Read the text and answer question 3: Complete the passage with suitable words. (1 x 5 = 5)
After finding the box Rajendra and Ravi (a) — about valuable stones. Then they (b) — to Jaipur. After showing the papers to the museum people, Uncle Santosh (c) — to know that the papers were valuable. He (d) — the papers to the museum for ten thousand rupees. Later, (e) — the news, the boy were happy.

READING PASSAGE (questions 3 and 4):
That night Ravi dreamt about gold coins and jewels. The next morning they packed everything into the jeep and went back to Jaipur, Uncle Santosh went to the museum to show his friend the papers. When he came back, he told the boys, ""Those papers were very valuable. The museum people bought them for ten thousand rupees."" The boys were delighted. When Ravi met his father and mother once again, he told them about his adventures and gave them Rs 50,000. Rajendra and Ravi never forgot the kind owl who helped them to find the old box.

ANSWER KEY (1 mark per gap). No clue words are supplied, so ANY word that fits the sentence grammatically and agrees with the passage is correct:
a. dreamt / dreamed / talked / thought
b. went back / returned / came back
c. was surprised / was glad / was happy / came
d. sold
e. hearing / on hearing / after hearing / getting

A word that fits the sense but is misspelled still earns the mark. A word of the wrong part of speech, or one that contradicts the passage, does not.

MARKING NOTE: this question is ITEM-SCORED. Mark each lettered item against the key and put the SUM of the item marks in context_content_data, leaving structure_format_brevity, language_mechanics and originality_comparisons_paraphrase at 0. Nothing is awarded or deducted for handwriting, style, or spelling beyond what the key requires. An item the student did not attempt scores 0 for that item only. No structural cap is ever applied to an item-scored question.","","(a) told.
(b) event back.
(c) He had.
(d) gave.
(e) printed.","(a) told.
(b) event back.
(c) He had.
(d) gave.
(e) printed.","","2","ok","","1.0","0","0","0","0","0","0","False","False","","12","60","","","","","0","","","gemma-4-31b-it","gemini","extraction_prompt_c6_v1","f172ab06cd2b8256703c24aac7a3e69688981e106974ba6a4975feb8e0e852b6","{""thinking_level"": ""medium"", ""max_output_tokens"": 32768}","2026-09-17T03:45:23.001408+00:00"
"VOCAB_002","SE_06_Q1","SE_06_Q1_0002","4","Vocabulary","5","","","absent","Read the passage carefully and replace the following words with their suitable synonyms or antonyms. (1 x 5 = 5)
(a) Went back (antonym), (b) Museum (synonym), (c) Friend (synonym), (d) Show (antonym), (e) Bought (synonym)

READING PASSAGE (questions 3 and 4):
That night Ravi dreamt about gold coins and jewels. The next morning they packed everything into the jeep and went back to Jaipur, Uncle Santosh went to the museum to show his friend the papers. When he came back, he told the boys, ""Those papers were very valuable. The museum people bought them for ten thousand rupees."" The boys were delighted. When Ravi met his father and mother once again, he told them about his adventures and gave them Rs 50,000. Rajendra and Ravi never forgot the kind owl who helped them to find the old box.

ANSWER KEY (1 mark per item). Any correct word of the required relation is acceptable; the words below are indicative, not exhaustive:
a. Went back (Antonym): came / went forward / advanced / set out / left
b. Museum (Synonym): gallery / archive / repository / exhibition hall
c. Friend (Synonym): companion / mate / comrade / ally / pal
d. Show (Antonym): hide / conceal / cover
e. Bought (Synonym): purchased

Giving a synonym where an antonym was asked (or the reverse) scores 0 for that item. A correct word that is misspelled still earns the mark.

MARKING NOTE: this question is ITEM-SCORED. Mark each lettered item against the key and put the SUM of the item marks in context_content_data, leaving structure_format_brevity, language_mechanics and originality_comparisons_paraphrase at 0. Nothing is awarded or deducted for handwriting, style, or spelling beyond what the key requires. An item the student did not attempt scores 0 for that item only. No structural cap is ever applied to an item-scored question.","","(a) came back.
(b) gallery.
(c) partner.
(d) secret.
(e) ~~But/Keep/bey~~.","(a) came back.
(b) gallery.
(c) partner.
(d) secret.
(e) .","","3","ok","","1.0","0","0","0","1","0","0","False","False","","10","58","","","","","0","","","gemma-4-31b-it","gemini","extraction_prompt_c6_v1","f172ab06cd2b8256703c24aac7a3e69688981e106974ba6a4975feb8e0e852b6","{""thinking_level"": ""medium"", ""max_output_tokens"": 32768}","2026-09-17T03:45:23.001408+00:00"
"TABLE_002","SE_06_Q1","SE_06_Q1_0002","5","Table_Completion","5","","","absent","Read the text and answer question 5: Complete the table with information from the passage. (1 x 5 = 5)
| Topic | Information from the passage |
| a. Class Raju reads in | (i) |
| b. Subjects he did well in | (ii) |
| c. Marks he got in those subjects | (iii) |
| d. Subjects he did poorly in | (iv) |
| e. Marks he got in weak subjects | (v) |

READING PASSAGE (questions 5, 6 and 7):
Raju is a student of class six. Last week, his school held class tests in several subjects. Raju worked very hard to do well. He got 8 in Bangla, 9 in English, and 10 in Mathematics out of 10. His teachers praised him for his good marks. However, he could not do well in ICT, Science, and Religion, getting only 6 marks in each.
Raju felt a little sad about his low marks but promised to study harder next time. His father told him not to lose hope. His mother advised him to read ICT and Science regularly. Raju made a plan to give more time to those subjects. He was happy that he did very well in Bangla, English, and Math. Raju believes that with more practice, he can improve all his subjects.

ANSWER KEY (1 mark per blank):
i. Class six
ii. Bangla, English and Mathematics
iii. 8 in Bangla, 9 in English and 10 in Mathematics (out of 10)
iv. ICT, Science and Religion
v. 6 marks in each

This question asks for information lifted from the passage, so copying the passage's wording is CORRECT here and must not be penalised. A partial but unambiguous answer (e.g. naming all three subjects in ii) earns the mark; an answer that names only some of the required items does not.

MARKING NOTE: this question is ITEM-SCORED. Mark each lettered item against the key and put the SUM of the item marks in context_content_data, leaving structure_format_brevity, language_mechanics and originality_comparisons_paraphrase at 0. Nothing is awarded or deducted for handwriting, style, or spelling beyond what the key requires. An item the student did not attempt scores 0 for that item only. No structural cap is ever applied to an item-scored question.","","","","","","not_attempted","question not found in transcript (verified absent)","","","","","","","","","","","0","0","","","","","","","","gemma-4-31b-it","gemini","extraction_prompt_c6_v1","f172ab06cd2b8256703c24aac7a3e69688981e106974ba6a4975feb8e0e852b6","{""thinking_level"": ""medium"", ""max_output_tokens"": 32768}","2026-09-17T03:45:23.001408+00:00"
"TF_002","SE_06_Q1","SE_06_Q1_0002","6","True_False","5","","","absent","Read the statements below. Write ‘True’ if the statement is correct and ‘False’ if it is incorrect. If false, write the correct answer. (1 x 5 = 5)
a. Raju thinks he cannot improve his weak subjects.
b. He got 6 marks out of 10 in Mathematics.
c. Raju got full marks in Mathematics.
d. Raju plans to work lesser next time.
e. His father scolded him for low marks.

READING PASSAGE (questions 5, 6 and 7):
Raju is a student of class six. Last week, his school held class tests in several subjects. Raju worked very hard to do well. He got 8 in Bangla, 9 in English, and 10 in Mathematics out of 10. His teachers praised him for his good marks. However, he could not do well in ICT, Science, and Religion, getting only 6 marks in each.
Raju felt a little sad about his low marks but promised to study harder next time. His father told him not to lose hope. His mother advised him to read ICT and Science regularly. Raju made a plan to give more time to those subjects. He was happy that he did very well in Bangla, English, and Math. Raju believes that with more practice, he can improve all his subjects.

ANSWER KEY (1 mark per item):
a. False — Raju believes that with more practice he can improve all his subjects.
b. False — he got 10 out of 10 in Mathematics; 6 was his mark in ICT, Science and Religion.
c. True
d. False — he promised to study harder and planned to give more time to his weak subjects.
e. False — his father told him not to lose hope.

A ‘False’ verdict with NO correction, or with a wrong correction, scores 0 for that item — the question requires both. The correction need not match the key's wording; any correction carrying the right fact is accepted.

MARKING NOTE: this question is ITEM-SCORED. Mark each lettered item against the key and put the SUM of the item marks in context_content_data, leaving structure_format_brevity, language_mechanics and originality_comparisons_paraphrase at 0. Nothing is awarded or deducted for handwriting, style, or spelling beyond what the key requires. An item the student did not attempt scores 0 for that item only. No structural cap is ever applied to an item-scored question.","","a. False. correct = Rajer thinks he can improve his weak subject.
b. False ~~cnt~~ correct = He got 10 marks out of 10 in mathmatices.
c. True
d. False. correct = Raju plans to work harder next time.
e. ~~P~~ False. ~~correl~~ correct = His ~~fa~~ father told him not to lose hope for low marks.","a. False. correct = Rajer thinks he can improve his weak subject.
b. False  correct = He got 10 marks out of 10 in mathmatices.
c. True
d. False. correct = Raju plans to work harder next time.
e.  False.  correct = His  father told him not to lose hope for low marks.","","1","ok","","1.0","0","0","0","4","0","0","False","False","","47","267","","","","","0","","","gemma-4-31b-it","gemini","extraction_prompt_c6_v1","f172ab06cd2b8256703c24aac7a3e69688981e106974ba6a4975feb8e0e852b6","{""thinking_level"": ""medium"", ""max_output_tokens"": 32768}","2026-09-17T03:45:23.001408+00:00"
"SUMMARY_002","SE_06_Q1","SE_06_Q1_0002","7","Summary","5","","","absent","Write a summary of the passage in your own words. (5)

TEXT TO BE SUMMARIZED (questions 5, 6 and 7):
Raju is a student of class six. Last week, his school held class tests in several subjects. Raju worked very hard to do well. He got 8 in Bangla, 9 in English, and 10 in Mathematics out of 10. His teachers praised him for his good marks. However, he could not do well in ICT, Science, and Religion, getting only 6 marks in each.
Raju felt a little sad about his low marks but promised to study harder next time. His father told him not to lose hope. His mother advised him to read ICT and Science regularly. Raju made a plan to give more time to those subjects. He was happy that he did very well in Bangla, English, and Math. Raju believes that with more practice, he can improve all his subjects.","Raju is a student of class six. Last week, his school held class tests in several subjects. Raju worked very hard to do well. He got 8 in Bangla, 9 in English, and 10 in Mathematics out of 10. His teachers praised him for his good marks. However, he could not do well in ICT, Science, and Religion, getting only 6 marks in each.
Raju felt a little sad about his low marks but promised to study harder next time. His father told him not to lose hope. His mother advised him to read ICT and Science regularly. Raju made a plan to give more time to those subjects. He was happy that he did very well in Bangla, English, and Math. Raju believes that with more practice, he can improve all his subjects.","Ans: Rajer is a student of class six. Last week, his school held class test. He work hard to do well. ~~Asa~~ As a result, ~~ft~~ he do well in Bangla, English, Math. But, he couldnt better in ~~ft~~ ICT, Seince, and Religion. His parents advice him to do well in next exam. He {inserted: think} that he can do well in next exam. He believes, if he ~~prae~~ practice more he can ~~impo~~ improve this subjects.","Ans: Rajer is a student of class six. Last week, his school held class test. He work hard to do well.  As a result,  he do well in Bangla, English, Math. But, he couldnt better in  ICT, Seince, and Religion. His parents advice him to do well in next exam. He think that he can do well in next exam. He believes, if he  practice more he can  improve this subjects.","","4","ok","","0.9","0","0","0","5","1","0","False","False","","71","363","129","0.5504","True","0.169","0","","","gemma-4-31b-it","gemini","extraction_prompt_c6_v1","f172ab06cd2b8256703c24aac7a3e69688981e106974ba6a4975feb8e0e852b6","{""thinking_level"": ""medium"", ""max_output_tokens"": 32768}","2026-09-17T03:45:23.001408+00:00"
"PREP_002","SE_06_Q1","SE_06_Q1_0002","8","Preposition_Use","5","","","absent","Use these prepositions in sentences of your own. (1 x 5 = 5)
a. bottom of, b. top of, c. through, d. along, e. across

ANSWER KEY (1 mark per item). There is no fixed answer: the student composes their own sentence for each preposition. Award the mark when the sentence (1) actually contains the given preposition, (2) uses it in a sense that is correct English, and (3) is a complete, intelligible sentence.

Model sentences, for reference only — a student sentence need not resemble them:
a. bottom of: The old box lay at the bottom of the river.
b. top of: A small flag was fixed on the top of the hill.
c. through: We walked through the forest before sunset.
d. along: They strolled along the river bank in the evening.
e. across: A wooden bridge runs across the canal.

Award 0 for an item where the preposition is missing, is used in a way that is not English (e.g. “He is bottom of happy”), or where nothing resembling a sentence was written. A minor spelling or article slip does NOT cost the mark — the item tests the preposition, not general accuracy.

MARKING NOTE: this question is ITEM-SCORED. Mark each lettered item against the key and put the SUM of the item marks in context_content_data, leaving structure_format_brevity, language_mechanics and originality_comparisons_paraphrase at 0. Nothing is awarded or deducted for handwriting, style, or spelling beyond what the key requires. An item the student did not attempt scores 0 for that item only. No structural cap is ever applied to an item-scored question.","","a. There {inserted: are} Five foods at the bottom of food pyramyds.
b. The bird was sat at the top of trees.
c. They were came through the windowe.
d. He was passed along the road.
e. He runs across
e. He runs across the fields.","a. There are Five foods at the bottom of food pyramyds.
b. The bird was sat at the top of trees.
c. They were came through the windowe.
d. He was passed along the road.
e. He runs across
e. He runs across the fields.","","3","ok","","1.0","0","0","0","0","1","0","False","False","","45","216","","","","","0","","","gemma-4-31b-it","gemini","extraction_prompt_c6_v1","f172ab06cd2b8256703c24aac7a3e69688981e106974ba6a4975feb8e0e852b6","{""thinking_level"": ""medium"", ""max_output_tokens"": 32768}","2026-09-17T03:45:23.001408+00:00"
"REARR_002","SE_06_Q1","SE_06_Q1_0002","9","Rearrange","8","","","absent","Put the following parts of the story in the correct order to make the whole story. Only the corresponding numbers of the sentences need to be written. (1 x 8 = 8)
a. She asked Bayazid to give her a glass of water, but he could not find any water in the pitcher.
b. Once Hazrat Bayazid Bustami came home to see his ailing mother.
c. But she again fell asleep.
d. So, he went to the well quite far from their house.
e. She woke up some hours later.
f. He filled the pitcher, came back and went to his mother with a glass of water.
g. As he was still standing by her bed, his mother drank the glass of water and blessed him from the core of heart.
h. He, instead of waking her up, stood by her bed with the glass of water in his hand.

ANSWER KEY — correct order (8 positions, 1 mark each):
1. b  (Once Hazrat Bayazid Bustami came home to see his ailing mother.)
2. a  (She asked Bayazid to give her a glass of water, but he could not find any water in the pitcher.)
3. d  (So, he went to the well quite far from their house.)
4. f  (He filled the pitcher, came back and went to his mother with a glass of water.)
5. c  (But she again fell asleep.)
6. h  (He, instead of waking her up, stood by her bed with the glass of water in his hand.)
7. e  (She woke up some hours later.)
8. g  (As he was still standing by her bed, his mother drank the glass of water and blessed him from the core of heart.)

Award 1 mark for each sentence the student places in its correct POSITION in the sequence above — a position-by-position comparison: b in slot 1 earns a mark, b anywhere else does not. The student may give the letters, the full sentences, or both; mark the order either way, and do not penalise copying slips inside the sentences.

MARKING NOTE: this question is ITEM-SCORED. Mark each lettered item against the key and put the SUM of the item marks in context_content_data, leaving structure_format_brevity, language_mechanics and originality_comparisons_paraphrase at 0. Nothing is awarded or deducted for handwriting, style, or spelling beyond what the key requires. An item the student did not attempt scores 0 for that item only. No structural cap is ever applied to an item-scored question.","","1. b
2. a
3. d
4. ~~f~~ p
5. c
6. h
7. e
8. g","1. b
2. a
3. d
4.  p
5. c
6. h
7. e
8. g","","2","ok","","1.0","0","0","0","1","0","0","False","False","","8","40","","","","","0","","","gemma-4-31b-it","gemini","extraction_prompt_c6_v1","f172ab06cd2b8256703c24aac7a3e69688981e106974ba6a4975feb8e0e852b6","{""thinking_level"": ""medium"", ""max_output_tokens"": 32768}","2026-09-17T03:45:23.001408+00:00"
"POEM_002","SE_06_Q1","SE_06_Q1_0002","10","Poem_Short_Answer","10","","","absent","Answer any five of the following questions from the poems in your text book. (2 x 5 = 10)
a. What does Robin say about autumn?
b. How is Robin a happy bird?
c. How is Robin a hopeful bird?
d. What reason does Robin give for singing during the winter?
e. What does Robin teach us in the poem?
f. Why does the playmate come only on a rainy day?
g. Why does the boy think the playmate lives in another land?
h. What does the Moon come there to do?

ANSWER KEY — INDICATIVE ONLY, 2 marks per answer. The poem texts are not supplied with this paper, so the notes below describe the expected substance rather than fixed wording. Items a–e concern the poem about Robin, a bird who goes on singing as autumn turns to winter; items f–h concern the poem about a boy and an imagined playmate who visits on rainy days.
a. That autumn is passing and the cold season is coming — leaves fall and the bright days are ending.
b. He sings cheerfully whatever the season, finding joy in small things rather than complaining of the cold.
c. He keeps singing through the bleak season because he trusts that spring and better days will return.
d. He sings in winter to keep up his own and others' spirits, and because he believes the hard season will pass.
e. To stay cheerful and hopeful in hard times instead of giving way to gloom.
f. Because the rain keeps the boy indoors and alone, so that is when he longs for and imagines his playmate.
g. Because the playmate is never seen among the people he knows and appears only in his imagination, so the boy supposes he must come from some distant, unknown land.
h. It comes to look in on the child and keep him company — to shine on him and share the night with him.

BECAUSE THE KEY IS INDICATIVE, mark generously on substance: award 2 for an answer that is clearly about the right poem and carries a sensible reading consistent with these notes, 1 for a partly relevant or very thin answer, and 0 for an answer about the wrong poem, one that merely repeats the question, or one left blank.

ANY FIVE answers count, and only five are marked: if the student answers more than five, mark the FIRST five attempted and ignore the rest; if fewer than five, the unanswered ones score 0. Put the sum of the five item marks (0–10) in context_content_data and leave the other three criteria at 0.","","a. About autumn, Robin says, ""Autumn comes after Summer""
b. Robin is a ~~ft~~ happy bird because because He ~~sans~~ sing always. for his happiness.
H. The moon comes there to peep.","a. About autumn, Robin says, ""Autumn comes after Summer""
b. Robin is a  happy bird because because He  sing always. for his happiness.
H. The moon comes there to peep.","","4","ok","","1.0","0","0","0","2","0","0","False","False","","30","167","","","","","0","","","gemma-4-31b-it","gemini","extraction_prompt_c6_v1","f172ab06cd2b8256703c24aac7a3e69688981e106974ba6a4975feb8e0e852b6","{""thinking_level"": ""medium"", ""max_output_tokens"": 32768}","2026-09-17T03:45:23.001408+00:00"
"STORY_002","SE_06_Q1","SE_06_Q1_0002","11","Story","10","","","absent","Part-B : Writing. Read the opening of a story below and complete it in at least ten new sentences. Give a suitable title to it. (10)
Once upon a time two friends went on a journey. They had to go through a forest on the way. As they came through the wood, they saw a bear approaching…………","","A Friend in need, is a friend indeed,

Ans: Once upon a time, two friends event to a journey. They had {inserted: go} through the wood, they saw a bear approaching. Both of them be became frightened. But, suddenly one them climbed up a tree. The other finding no other alternative Lay flat down his body without breathing. The bear soon came up. Lay flat without breathing. the bear took him to be death and and went away. Seeing the bear going up the other put do down to the tree. He said, ""What did the bear whisper into your ear?""

The other said, ""He {inserted: give} me a piece of good advice.""

""What is that?"" He asked.

He told that the bear said, ""Do not trust a friend who leaves you alone in danger.""","A Friend in need, is a friend indeed,

Ans: Once upon a time, two friends event to a journey. They had go through the wood, they saw a bear approaching. Both of them be became frightened. But, suddenly one them climbed up a tree. The other finding no other alternative Lay flat down his body without breathing. The bear soon came up. Lay flat without breathing. the bear took him to be death and and went away. Seeing the bear going up the other put do down to the tree. He said, ""What did the bear whisper into your ear?""

The other said, ""He give me a piece of good advice.""

""What is that?"" He asked.

He told that the bear said, ""Do not trust a friend who leaves you alone in danger.""","A True Friend","6","ok","","0.9","0","0","0","0","2","0","False","False","","133","688","","","","","4","","","gemma-4-31b-it","gemini","extraction_prompt_c6_v1","f172ab06cd2b8256703c24aac7a3e69688981e106974ba6a4975feb8e0e852b6","{""thinking_level"": ""medium"", ""max_output_tokens"": 32768}","2026-09-17T03:45:23.001408+00:00"
"PARA_002","SE_06_Q1","SE_06_Q1_0002","12","Paragraph","10","","","absent","Write a paragraph in 120 words. ""A Rickshaw-Puller"" (10)","","A rickshaw puller is a poor man who pulls a rickshaw for his living. He lives in towns and cities. He usually lives in a small hut or on slum. His life is full of struggle. He works very hard. He pulls rickshaw in roads. He waits for passengers. Sometimes he hires a rickshaw from the owner, then he pays the rent at night. He carries us quickly when we are in Hurry. Society should also try to improve his poor condition.","A rickshaw puller is a poor man who pulls a rickshaw for his living. He lives in towns and cities. He usually lives in a small hut or on slum. His life is full of struggle. He works very hard. He pulls rickshaw in roads. He waits for passengers. Sometimes he hires a rickshaw from the owner, then he pays the rent at night. He carries us quickly when we are in Hurry. Society should also try to improve his poor condition.","A Rickshaw puller","7","ok","","1.0","0","0","0","0","0","0","False","False","","82","422","","","","","0","","","gemma-4-31b-it","gemini","extraction_prompt_c6_v1","f172ab06cd2b8256703c24aac7a3e69688981e106974ba6a4975feb8e0e852b6","{""thinking_level"": ""medium"", ""max_output_tokens"": 32768}","2026-09-17T03:45:23.001408+00:00"
"DIALOG_002","SE_06_Q1","SE_06_Q1_0002","13","Dialogue","10","","","absent","You are Shahid and you have been suffering from fever along with some Covid-19 symptoms for a week. Now, you are at the chamber of a doctor. Write a dialogue between you and the doctor. (10)","","","","","","not_attempted","question not found in transcript (verified absent)","","","","","","","","","","","0","0","","","","","","","","gemma-4-31b-it","gemini","extraction_prompt_c6_v1","f172ab06cd2b8256703c24aac7a3e69688981e106974ba6a4975feb8e0e852b6","{""thinking_level"": ""medium"", ""max_output_tokens"": 32768}","2026-09-17T03:45:23.001408+00:00"
"MCQ_003","SE_06_Q1","SE_06_Q1_0003","1","MCQ","7","","","absent","Read the text and answer question 1: Choose the best answer from the alternatives. (1 x 7 = 7)
a. On the 16th of December of the same year, the 26 March declaration of independence became a reality. Here the meaning of the word reality is — i. experience  ii. certainty  iii. virtuality  iv. actuality
b. To every Bangladeshi the 16th December is a day of — i. self analysis  ii. sorrows and sufferings  iii. self questioning  iv. pride and joy
c. We pay our deep respect to the martyrs who gave their lives for the independence of Bangladesh. Here respect means — i. neglect  ii. honour  iii. favour  iv. dignity
d. We, the Bangalees celebrate our Victory Day by remembering the roles played by our fearless freedom fighters and the people at large. Which of the following words has a similar meaning of fearless? i. curious  ii. courageous  iii. fearful  iv. rebillion
e. This is why December 16 is our Victory Day when the Pakistan army surrendered unconditionally. What does surrendered mean here? i. defended  ii. submitted  iii. captured  iv. with stood
f. To build up our nation as a prosperous country we have to work — i. individually  ii. separately  iii. independently  iv. unitedly
g. 1971 is the year of our — i. Liberation War  ii. Independence  iii. Victory day  iv. all of i, ii & iii

READING PASSAGE (questions 1 and 2):
December 16 is a remarkable day for Bangladeshi people. On this day in 1971. Bangladesh got independence after a nine-month-long blood-soaked battle against the Pakistani army. It is a day of national pride as well as a day of commemorating the sacrifices of the millions of Bangladeshi people. Pakistani army killed three million people and assaulted thousands of women.
The Victory Day is celebrated with great enthusiasm across the country. The day begins with a 31-gun salute at dawn, followed by the hoisting of the national flag at government buildings and private institutions. Different political, cultural and educational programmes are organised to pay homage to the martyrs of the war. The entire nation celebrates the day with colourful flags, banners and parades.
The National Parade ground hosts a grand military parade where the president, the prime minister and dignitaries from government and non-government sectors join, The National Martyrs Memorial in Savar, our monument dedicated to the soldiers and civilians who lost their lives during the war, becomes a focal point for citizens to pay their respect. People from all walks of life gather to offer flowers, recite patriotic songs, and recall the sacrifices made by the nation's heroes.

ANSWER KEY (1 mark per item, no part marks):
a. iv. actuality
b. iv. pride and joy
c. ii. honour
d. ii. courageous
e. ii. submitted
f. iv. unitedly
g. iv. all of i, ii & iii

Accept the option written as the roman numeral alone (“iv”), as the option text alone (“actuality”), or as both. Misspelling a correctly chosen option does NOT cost the mark.

MARKING NOTE: this question is ITEM-SCORED. Mark each lettered item against the key and put the SUM of the item marks in context_content_data, leaving structure_format_brevity, language_mechanics and originality_comparisons_paraphrase at 0. Nothing is awarded or deducted for handwriting, style, or spelling beyond what the key requires. An item the student did not attempt scores 0 for that item only. No structural cap is ever applied to an item-scored question.","","a. iv. actuality
b. iv. prid and joy
c. ii. honour
d. i) re billowing
e. iii. captured
f. iii. Independly
g. iv. all of i, ii & iii","a. iv. actuality
b. iv. prid and joy
c. ii. honour
d. i) re billowing
e. iii. captured
f. iii. Independly
g. iv. all of i, ii & iii","","7","ok","","0.9","0","0","0","0","0","0","False","False","","28","131","","","","","0","","","gemma-4-31b-it","gemini","extraction_prompt_c6_v1","f172ab06cd2b8256703c24aac7a3e69688981e106974ba6a4975feb8e0e852b6","{""thinking_level"": ""medium"", ""max_output_tokens"": 32768}","2026-09-17T03:48:08.045315+00:00"
"SHORT_003","SE_06_Q1","SE_06_Q1_0003","2","Short_Answer","5","","","absent","Write short answers to the following questions. (1 x 5 = 5)
a. What happened during the war in 1971?
b. How do people celebrate Victory Day?
c. Why is the National Martyrs’ Memorial important?
d. What do people sing at the National Martyrs’ Memorial?
e. What does the 31-gun salute represent on Victory Day?

READING PASSAGE (questions 1 and 2):
December 16 is a remarkable day for Bangladeshi people. On this day in 1971. Bangladesh got independence after a nine-month-long blood-soaked battle against the Pakistani army. It is a day of national pride as well as a day of commemorating the sacrifices of the millions of Bangladeshi people. Pakistani army killed three million people and assaulted thousands of women.
The Victory Day is celebrated with great enthusiasm across the country. The day begins with a 31-gun salute at dawn, followed by the hoisting of the national flag at government buildings and private institutions. Different political, cultural and educational programmes are organised to pay homage to the martyrs of the war. The entire nation celebrates the day with colourful flags, banners and parades.
The National Parade ground hosts a grand military parade where the president, the prime minister and dignitaries from government and non-government sectors join, The National Martyrs Memorial in Savar, our monument dedicated to the soldiers and civilians who lost their lives during the war, becomes a focal point for citizens to pay their respect. People from all walks of life gather to offer flowers, recite patriotic songs, and recall the sacrifices made by the nation's heroes.

ANSWER KEY — indicative content, 1 mark per item (whole mark or nothing; there are no half marks on this question):
a. Bangladesh fought a nine-month-long battle against the Pakistani army, who killed three million people and assaulted thousands of women; the country won independence on 16 December 1971.
b. With a 31-gun salute at dawn, hoisting of the national flag, political, cultural and educational programmes, and parades with colourful flags and banners.
c. It is the monument dedicated to the soldiers and civilians who lost their lives during the war, and it becomes the focal point where citizens pay their respect.
d. Patriotic songs.
e. It marks the start of Victory Day at dawn and honours the martyrs and the nation's victory.

Wording need not match the key — award the mark for any answer carrying the same content, in the student's own words or lifted from the passage. Award 0 for a wrong, off-question or omitted answer.

MARKING NOTE: this question is ITEM-SCORED. Mark each lettered item against the key and put the SUM of the item marks in context_content_data, leaving structure_format_brevity, language_mechanics and originality_comparisons_paraphrase at 0. Nothing is awarded or deducted for handwriting, style, or spelling beyond what the key requires. An item the student did not attempt scores 0 for that item only. No structural cap is ever applied to an item-scored question.","","a. During the war in 1971, Bangladeshi People battled against Pakistani Army. army.
b. The Victory Day is celebrated with great enthusiasm across across the country
c. National {inserted: Martyrs'} Memorial is important because its {inserted: monument} dedicated to the soldiers and civilians who lost their lives during the war and it's a focal paint to pay their respect to the martynis.
d. People signs national anthem at the National My Martyns' Memorial.
e. At the Victory Day, 31 gun salute represent the hard work of our people","a. During the war in 1971, Bangladeshi People battled against Pakistani Army. army.
b. The Victory Day is celebrated with great enthusiasm across across the country
c. National Martyrs' Memorial is important because its monument dedicated to the soldiers and civilians who lost their lives during the war and it's a focal paint to pay their respect to the martynis.
d. People signs national anthem at the National My Martyns' Memorial.
e. At the Victory Day, 31 gun salute represent the hard work of our people","","1-2","ok","","0.9","0","0","0","0","2","0","False","False","","84","510","","","","","0","","","gemma-4-31b-it","gemini","extraction_prompt_c6_v1","f172ab06cd2b8256703c24aac7a3e69688981e106974ba6a4975feb8e0e852b6","{""thinking_level"": ""medium"", ""max_output_tokens"": 32768}","2026-09-17T03:48:08.045315+00:00"
"GAP_003","SE_06_Q1","SE_06_Q1_0003","3","Gap_Fill","5","","","absent","Read the text and answer question 3: Complete the passage with suitable words. (1 x 5 = 5)
After finding the box Rajendra and Ravi (a) — about valuable stones. Then they (b) — to Jaipur. After showing the papers to the museum people, Uncle Santosh (c) — to know that the papers were valuable. He (d) — the papers to the museum for ten thousand rupees. Later, (e) — the news, the boy were happy.

READING PASSAGE (questions 3 and 4):
That night Ravi dreamt about gold coins and jewels. The next morning they packed everything into the jeep and went back to Jaipur, Uncle Santosh went to the museum to show his friend the papers. When he came back, he told the boys, ""Those papers were very valuable. The museum people bought them for ten thousand rupees."" The boys were delighted. When Ravi met his father and mother once again, he told them about his adventures and gave them Rs 50,000. Rajendra and Ravi never forgot the kind owl who helped them to find the old box.

ANSWER KEY (1 mark per gap). No clue words are supplied, so ANY word that fits the sentence grammatically and agrees with the passage is correct:
a. dreamt / dreamed / talked / thought
b. went back / returned / came back
c. was surprised / was glad / was happy / came
d. sold
e. hearing / on hearing / after hearing / getting

A word that fits the sense but is misspelled still earns the mark. A word of the wrong part of speech, or one that contradicts the passage, does not.

MARKING NOTE: this question is ITEM-SCORED. Mark each lettered item against the key and put the SUM of the item marks in context_content_data, leaving structure_format_brevity, language_mechanics and originality_comparisons_paraphrase at 0. Nothing is awarded or deducted for handwriting, style, or spelling beyond what the key requires. An item the student did not attempt scores 0 for that item only. No structural cap is ever applied to an item-scored question.","","a) thought
b) went
c) wanted
d) ~~sold~~ gave
e) heard","a) thought
b) went
c) wanted
d)  gave
e) heard","","2","ok","","0.9","0","0","0","1","0","0","False","False","","10","46","","","","","0","","","gemma-4-31b-it","gemini","extraction_prompt_c6_v1","f172ab06cd2b8256703c24aac7a3e69688981e106974ba6a4975feb8e0e852b6","{""thinking_level"": ""medium"", ""max_output_tokens"": 32768}","2026-09-17T03:48:08.045315+00:00"
"VOCAB_003","SE_06_Q1","SE_06_Q1_0003","4","Vocabulary","5","","","absent","Read the passage carefully and replace the following words with their suitable synonyms or antonyms. (1 x 5 = 5)
(a) Went back (antonym), (b) Museum (synonym), (c) Friend (synonym), (d) Show (antonym), (e) Bought (synonym)

READING PASSAGE (questions 3 and 4):
That night Ravi dreamt about gold coins and jewels. The next morning they packed everything into the jeep and went back to Jaipur, Uncle Santosh went to the museum to show his friend the papers. When he came back, he told the boys, ""Those papers were very valuable. The museum people bought them for ten thousand rupees."" The boys were delighted. When Ravi met his father and mother once again, he told them about his adventures and gave them Rs 50,000. Rajendra and Ravi never forgot the kind owl who helped them to find the old box.

ANSWER KEY (1 mark per item). Any correct word of the required relation is acceptable; the words below are indicative, not exhaustive:
a. Went back (Antonym): came / went forward / advanced / set out / left
b. Museum (Synonym): gallery / archive / repository / exhibition hall
c. Friend (Synonym): companion / mate / comrade / ally / pal
d. Show (Antonym): hide / conceal / cover
e. Bought (Synonym): purchased

Giving a synonym where an antonym was asked (or the reverse) scores 0 for that item. A correct word that is misspelled still earns the mark.

MARKING NOTE: this question is ITEM-SCORED. Mark each lettered item against the key and put the SUM of the item marks in context_content_data, leaving structure_format_brevity, language_mechanics and originality_comparisons_paraphrase at 0. Nothing is awarded or deducted for handwriting, style, or spelling beyond what the key requires. An item the student did not attempt scores 0 for that item only. No structural cap is ever applied to an item-scored question.","","a) come on
b). Museum = Showcase house
c) Friend = Brother
d) Show = Hide
e) Bought = Owned","a) come on
b). Museum = Showcase house
c) Friend = Brother
d) Show = Hide
e) Bought = Owned","","2","ok","","0.9","0","0","0","0","0","0","False","False","","16","91","","","","","0","","","gemma-4-31b-it","gemini","extraction_prompt_c6_v1","f172ab06cd2b8256703c24aac7a3e69688981e106974ba6a4975feb8e0e852b6","{""thinking_level"": ""medium"", ""max_output_tokens"": 32768}","2026-09-17T03:48:08.045315+00:00"
"TABLE_003","SE_06_Q1","SE_06_Q1_0003","5","Table_Completion","5","","","absent","Read the text and answer question 5: Complete the table with information from the passage. (1 x 5 = 5)
| Topic | Information from the passage |
| a. Class Raju reads in | (i) |
| b. Subjects he did well in | (ii) |
| c. Marks he got in those subjects | (iii) |
| d. Subjects he did poorly in | (iv) |
| e. Marks he got in weak subjects | (v) |

READING PASSAGE (questions 5, 6 and 7):
Raju is a student of class six. Last week, his school held class tests in several subjects. Raju worked very hard to do well. He got 8 in Bangla, 9 in English, and 10 in Mathematics out of 10. His teachers praised him for his good marks. However, he could not do well in ICT, Science, and Religion, getting only 6 marks in each.
Raju felt a little sad about his low marks but promised to study harder next time. His father told him not to lose hope. His mother advised him to read ICT and Science regularly. Raju made a plan to give more time to those subjects. He was happy that he did very well in Bangla, English, and Math. Raju believes that with more practice, he can improve all his subjects.

ANSWER KEY (1 mark per blank):
i. Class six
ii. Bangla, English and Mathematics
iii. 8 in Bangla, 9 in English and 10 in Mathematics (out of 10)
iv. ICT, Science and Religion
v. 6 marks in each

This question asks for information lifted from the passage, so copying the passage's wording is CORRECT here and must not be penalised. A partial but unambiguous answer (e.g. naming all three subjects in ii) earns the mark; an answer that names only some of the required items does not.

MARKING NOTE: this question is ITEM-SCORED. Mark each lettered item against the key and put the SUM of the item marks in context_content_data, leaving structure_format_brevity, language_mechanics and originality_comparisons_paraphrase at 0. Nothing is awarded or deducted for handwriting, style, or spelling beyond what the key requires. An item the student did not attempt scores 0 for that item only. No structural cap is ever applied to an item-scored question.","","a) Raju reads in class = ii six
b) subjects he did well in = ii) 8 in Bangla, 9 in English and 10 in ~~math~~ Mathematics.
c) marks he got in those subjects = iii) 8 in Bangla, 9 in English and 10 in Mathematics
d. subjects he did poorly in = iv) ICT, science and Religion
e) mark he got in weck subjects = v) 6 at all weak subjects. He got","a) Raju reads in class = ii six
b) subjects he did well in = ii) 8 in Bangla, 9 in English and 10 in  Mathematics.
c) marks he got in those subjects = iii) 8 in Bangla, 9 in English and 10 in Mathematics
d. subjects he did poorly in = iv) ICT, science and Religion
e) mark he got in weck subjects = v) 6 at all weak subjects. He got","","3","ok","","0.9","0","0","0","1","0","0","False","False","","61","332","","","","","0","","","gemma-4-31b-it","gemini","extraction_prompt_c6_v1","f172ab06cd2b8256703c24aac7a3e69688981e106974ba6a4975feb8e0e852b6","{""thinking_level"": ""medium"", ""max_output_tokens"": 32768}","2026-09-17T03:48:08.045315+00:00"
"TF_003","SE_06_Q1","SE_06_Q1_0003","6","True_False","5","","","absent","Read the statements below. Write ‘True’ if the statement is correct and ‘False’ if it is incorrect. If false, write the correct answer. (1 x 5 = 5)
a. Raju thinks he cannot improve his weak subjects.
b. He got 6 marks out of 10 in Mathematics.
c. Raju got full marks in Mathematics.
d. Raju plans to work lesser next time.
e. His father scolded him for low marks.

READING PASSAGE (questions 5, 6 and 7):
Raju is a student of class six. Last week, his school held class tests in several subjects. Raju worked very hard to do well. He got 8 in Bangla, 9 in English, and 10 in Mathematics out of 10. His teachers praised him for his good marks. However, he could not do well in ICT, Science, and Religion, getting only 6 marks in each.
Raju felt a little sad about his low marks but promised to study harder next time. His father told him not to lose hope. His mother advised him to read ICT and Science regularly. Raju made a plan to give more time to those subjects. He was happy that he did very well in Bangla, English, and Math. Raju believes that with more practice, he can improve all his subjects.

ANSWER KEY (1 mark per item):
a. False — Raju believes that with more practice he can improve all his subjects.
b. False — he got 10 out of 10 in Mathematics; 6 was his mark in ICT, Science and Religion.
c. True
d. False — he promised to study harder and planned to give more time to his weak subjects.
e. False — his father told him not to lose hope.

A ‘False’ verdict with NO correction, or with a wrong correction, scores 0 for that item — the question requires both. The correction need not match the key's wording; any correction carrying the right fact is accepted.

MARKING NOTE: this question is ITEM-SCORED. Mark each lettered item against the key and put the SUM of the item marks in context_content_data, leaving structure_format_brevity, language_mechanics and originality_comparisons_paraphrase at 0. Nothing is awarded or deducted for handwriting, style, or spelling beyond what the key requires. An item the student did not attempt scores 0 for that item only. No structural cap is ever applied to an item-scored question.","","a) False, the correct answer is: He thinks that he can improve himself one day.
b) False, the ~~correct~~ correct ans is: He got 10 out of 10 in Mathematics
c) True
d) False, the correct answer is: He plans to work harden next time.
e) False, the correct ans is: His father motivated him for his low marks.","a) False, the correct answer is: He thinks that he can improve himself one day.
b) False, the  correct ans is: He got 10 out of 10 in Mathematics
c) True
d) False, the correct answer is: He plans to work harden next time.
e) False, the correct ans is: His father motivated him for his low marks.","","4","ok","","0.9","0","0","0","1","0","0","False","False","","56","295","","","","","0","","","gemma-4-31b-it","gemini","extraction_prompt_c6_v1","f172ab06cd2b8256703c24aac7a3e69688981e106974ba6a4975feb8e0e852b6","{""thinking_level"": ""medium"", ""max_output_tokens"": 32768}","2026-09-17T03:48:08.045315+00:00"
"SUMMARY_003","SE_06_Q1","SE_06_Q1_0003","7","Summary","5","","","absent","Write a summary of the passage in your own words. (5)

TEXT TO BE SUMMARIZED (questions 5, 6 and 7):
Raju is a student of class six. Last week, his school held class tests in several subjects. Raju worked very hard to do well. He got 8 in Bangla, 9 in English, and 10 in Mathematics out of 10. His teachers praised him for his good marks. However, he could not do well in ICT, Science, and Religion, getting only 6 marks in each.
Raju felt a little sad about his low marks but promised to study harder next time. His father told him not to lose hope. His mother advised him to read ICT and Science regularly. Raju made a plan to give more time to those subjects. He was happy that he did very well in Bangla, English, and Math. Raju believes that with more practice, he can improve all his subjects.","Raju is a student of class six. Last week, his school held class tests in several subjects. Raju worked very hard to do well. He got 8 in Bangla, 9 in English, and 10 in Mathematics out of 10. His teachers praised him for his good marks. However, he could not do well in ICT, Science, and Religion, getting only 6 marks in each.
Raju felt a little sad about his low marks but promised to study harder next time. His father told him not to lose hope. His mother advised him to read ICT and Science regularly. Raju made a plan to give more time to those subjects. He was happy that he did very well in Bangla, English, and Math. Raju believes that with more practice, he can improve all his subjects.","The story is about a small boy who ~~loves~~ hates to fail but he never gets full marks at every thing. He ~~try~~ tries his best, gives his all potentials, but He ~~beat i~~ believes in himself, His parents motivates him. He wants to improve himself. He learning from getting failed in study. He believes that one day with more practise and experience he can improve all his subjects.","The story is about a small boy who  hates to fail but he never gets full marks at every thing. He  tries his best, gives his all potentials, but He  believes in himself, His parents motivates him. He wants to improve himself. He learning from getting failed in study. He believes that one day with more practise and experience he can improve all his subjects.","","4-5","ok","","0.9","0","0","0","3","0","0","False","False","","65","359","129","0.5039","True","0.0","0","","","gemma-4-31b-it","gemini","extraction_prompt_c6_v1","f172ab06cd2b8256703c24aac7a3e69688981e106974ba6a4975feb8e0e852b6","{""thinking_level"": ""medium"", ""max_output_tokens"": 32768}","2026-09-17T03:48:08.045315+00:00"
"PREP_003","SE_06_Q1","SE_06_Q1_0003","8","Preposition_Use","5","","","absent","Use these prepositions in sentences of your own. (1 x 5 = 5)
a. bottom of, b. top of, c. through, d. along, e. across

ANSWER KEY (1 mark per item). There is no fixed answer: the student composes their own sentence for each preposition. Award the mark when the sentence (1) actually contains the given preposition, (2) uses it in a sense that is correct English, and (3) is a complete, intelligible sentence.

Model sentences, for reference only — a student sentence need not resemble them:
a. bottom of: The old box lay at the bottom of the river.
b. top of: A small flag was fixed on the top of the hill.
c. through: We walked through the forest before sunset.
d. along: They strolled along the river bank in the evening.
e. across: A wooden bridge runs across the canal.

Award 0 for an item where the preposition is missing, is used in a way that is not English (e.g. “He is bottom of happy”), or where nothing resembling a sentence was written. A minor spelling or article slip does NOT cost the mark — the item tests the preposition, not general accuracy.

MARKING NOTE: this question is ITEM-SCORED. Mark each lettered item against the key and put the SUM of the item marks in context_content_data, leaving structure_format_brevity, language_mechanics and originality_comparisons_paraphrase at 0. Nothing is awarded or deducted for handwriting, style, or spelling beyond what the key requires. An item the student did not attempt scores 0 for that item only. No structural cap is ever applied to an item-scored question.","","a. bottom = He scored with his first goal in the bottom of the corner
b. top = I ~~love~~ to score top corner goals.
c. through = He can pass the ball through many people.
d. along = He cant do this. Along, You help him
e) across = He can dribble across all players.","a. bottom = He scored with his first goal in the bottom of the corner
b. top = I  to score top corner goals.
c. through = He can pass the ball through many people.
d. along = He cant do this. Along, You help him
e) across = He can dribble across all players.","","5","ok","","0.9","0","0","0","1","0","0","False","False","","50","258","","","","","0","","","gemma-4-31b-it","gemini","extraction_prompt_c6_v1","f172ab06cd2b8256703c24aac7a3e69688981e106974ba6a4975feb8e0e852b6","{""thinking_level"": ""medium"", ""max_output_tokens"": 32768}","2026-09-17T03:48:08.045315+00:00"
"REARR_003","SE_06_Q1","SE_06_Q1_0003","9","Rearrange","8","","","absent","Put the following parts of the story in the correct order to make the whole story. Only the corresponding numbers of the sentences need to be written. (1 x 8 = 8)
a. She asked Bayazid to give her a glass of water, but he could not find any water in the pitcher.
b. Once Hazrat Bayazid Bustami came home to see his ailing mother.
c. But she again fell asleep.
d. So, he went to the well quite far from their house.
e. She woke up some hours later.
f. He filled the pitcher, came back and went to his mother with a glass of water.
g. As he was still standing by her bed, his mother drank the glass of water and blessed him from the core of heart.
h. He, instead of waking her up, stood by her bed with the glass of water in his hand.

ANSWER KEY — correct order (8 positions, 1 mark each):
1. b  (Once Hazrat Bayazid Bustami came home to see his ailing mother.)
2. a  (She asked Bayazid to give her a glass of water, but he could not find any water in the pitcher.)
3. d  (So, he went to the well quite far from their house.)
4. f  (He filled the pitcher, came back and went to his mother with a glass of water.)
5. c  (But she again fell asleep.)
6. h  (He, instead of waking her up, stood by her bed with the glass of water in his hand.)
7. e  (She woke up some hours later.)
8. g  (As he was still standing by her bed, his mother drank the glass of water and blessed him from the core of heart.)

Award 1 mark for each sentence the student places in its correct POSITION in the sequence above — a position-by-position comparison: b in slot 1 earns a mark, b anywhere else does not. The student may give the letters, the full sentences, or both; mark the order either way, and do not penalise copying slips inside the sentences.

MARKING NOTE: this question is ITEM-SCORED. Mark each lettered item against the key and put the SUM of the item marks in context_content_data, leaving structure_format_brevity, language_mechanics and originality_comparisons_paraphrase at 0. Nothing is awarded or deducted for handwriting, style, or spelling beyond what the key requires. An item the student did not attempt scores 0 for that item only. No structural cap is ever applied to an item-scored question.","","1. b
2. a
3. d
4. f
5. c
6. h
7. e
8. g","1. b
2. a
3. d
4. f
5. c
6. h
7. e
8. g","","6","ok","","1.0","0","0","0","0","0","0","False","False","","8","39","","","","","0","","","gemma-4-31b-it","gemini","extraction_prompt_c6_v1","f172ab06cd2b8256703c24aac7a3e69688981e106974ba6a4975feb8e0e852b6","{""thinking_level"": ""medium"", ""max_output_tokens"": 32768}","2026-09-17T03:48:08.045315+00:00"
"POEM_003","SE_06_Q1","SE_06_Q1_0003","10","Poem_Short_Answer","10","","","absent","Answer any five of the following questions from the poems in your text book. (2 x 5 = 10)
a. What does Robin say about autumn?
b. How is Robin a happy bird?
c. How is Robin a hopeful bird?
d. What reason does Robin give for singing during the winter?
e. What does Robin teach us in the poem?
f. Why does the playmate come only on a rainy day?
g. Why does the boy think the playmate lives in another land?
h. What does the Moon come there to do?

ANSWER KEY — INDICATIVE ONLY, 2 marks per answer. The poem texts are not supplied with this paper, so the notes below describe the expected substance rather than fixed wording. Items a–e concern the poem about Robin, a bird who goes on singing as autumn turns to winter; items f–h concern the poem about a boy and an imagined playmate who visits on rainy days.
a. That autumn is passing and the cold season is coming — leaves fall and the bright days are ending.
b. He sings cheerfully whatever the season, finding joy in small things rather than complaining of the cold.
c. He keeps singing through the bleak season because he trusts that spring and better days will return.
d. He sings in winter to keep up his own and others' spirits, and because he believes the hard season will pass.
e. To stay cheerful and hopeful in hard times instead of giving way to gloom.
f. Because the rain keeps the boy indoors and alone, so that is when he longs for and imagines his playmate.
g. Because the playmate is never seen among the people he knows and appears only in his imagination, so the boy supposes he must come from some distant, unknown land.
h. It comes to look in on the child and keep him company — to shine on him and share the night with him.

BECAUSE THE KEY IS INDICATIVE, mark generously on substance: award 2 for an answer that is clearly about the right poem and carries a sensible reading consistent with these notes, 1 for a partly relevant or very thin answer, and 0 for an answer about the wrong poem, one that merely repeats the question, or one left blank.

ANY FIVE answers count, and only five are marked: if the student answers more than five, mark the FIRST five attempted and ignore the rest; if fewer than five, the unanswered ones score 0. Put the sum of the five item marks (0–10) in context_content_data and leave the other three criteria at 0.","","b) Robbin is a happy bird because he thinks that by singing song in every season will help people Which makes him all season happy.
c) Robin is a hopeful bird. He never loses his hope. In the winter season when his all friends goes away, he is the only bird with hope who thinks that one should sing, one should stay for people
d) Robin sings during the winter season because he thinks that someone shold stay, someone should sing for them. Those are the reasons which why he sings in the winter.
e) Robin teaches us very important and good lessons. Robin teaches us hope. He also teaches us that to your work at every situation. someone has to do your work. Being hopeful brings peace in our life. That's why we should be hopeful
f) The playmate only comes on a rainy day because its his own shadow. When In a rainy day sometimes we see a small amount of water. when we go infront of the water, we see our reflected shadow. That's why the shadow comes only in rainy day","b) Robbin is a happy bird because he thinks that by singing song in every season will help people Which makes him all season happy.
c) Robin is a hopeful bird. He never loses his hope. In the winter season when his all friends goes away, he is the only bird with hope who thinks that one should sing, one should stay for people
d) Robin sings during the winter season because he thinks that someone shold stay, someone should sing for them. Those are the reasons which why he sings in the winter.
e) Robin teaches us very important and good lessons. Robin teaches us hope. He also teaches us that to your work at every situation. someone has to do your work. Being hopeful brings peace in our life. That's why we should be hopeful
f) The playmate only comes on a rainy day because its his own shadow. When In a rainy day sometimes we see a small amount of water. when we go infront of the water, we see our reflected shadow. That's why the shadow comes only in rainy day","","6-8","ok","","0.9","0","0","0","0","0","0","False","False","","185","970","","","","","0","","","gemma-4-31b-it","gemini","extraction_prompt_c6_v1","f172ab06cd2b8256703c24aac7a3e69688981e106974ba6a4975feb8e0e852b6","{""thinking_level"": ""medium"", ""max_output_tokens"": 32768}","2026-09-17T03:48:08.045315+00:00"
"STORY_003","SE_06_Q1","SE_06_Q1_0003","11","Story","10","","","absent","Part-B : Writing. Read the opening of a story below and complete it in at least ten new sentences. Give a suitable title to it. (10)
Once upon a time two friends went on a journey. They had to go through a forest on the way. As they came through the wood, they saw a bear approaching…………","","Once upon a time two friends went on a journey. They had to go through a forest on the way, As they came through the wood, they saw a bear approaching. Both of them became frightened. But suddenly, one of them climbed up a tree. The another one found no other options, lay flat onto his face without breathing. As the bear came and smelt his body. The bear thought him to be dead because he stopped breathing and moving. After som times, the bear was going away. When the othe person saw the bear goin away, he came back from the tree and asked his friend ""What was the bear say to you?"" He answered ""The bear gave me a very good piece of advice"" He asked again what was tat that"" He replied ""He The bear say ""Don't trust a friend who leaves you in the moment of danger.""","Once upon a time two friends went on a journey. They had to go through a forest on the way, As they came through the wood, they saw a bear approaching. Both of them became frightened. But suddenly, one of them climbed up a tree. The another one found no other options, lay flat onto his face without breathing. As the bear came and smelt his body. The bear thought him to be dead because he stopped breathing and moving. After som times, the bear was going away. When the othe person saw the bear goin away, he came back from the tree and asked his friend ""What was the bear say to you?"" He answered ""The bear gave me a very good piece of advice"" He asked again what was tat that"" He replied ""He The bear say ""Don't trust a friend who leaves you in the moment of danger.""","A friend indeed, is A friend in need","9-10","ok","","0.9","0","0","0","0","0","0","False","False","","151","771","","","","","0","","","gemma-4-31b-it","gemini","extraction_prompt_c6_v1","f172ab06cd2b8256703c24aac7a3e69688981e106974ba6a4975feb8e0e852b6","{""thinking_level"": ""medium"", ""max_output_tokens"": 32768}","2026-09-17T03:48:08.045315+00:00"
"PARA_003","SE_06_Q1","SE_06_Q1_0003","12","Paragraph","10","","","absent","Write a paragraph in 120 words. ""A Rickshaw-Puller"" (10)","","A rickshaw puller is a person who earns his livehoody by pulling rikshaw. When we go out we see rikshaw and rickshaw pullers everywhere. I know a rikshaw puller named Jilani. He works so hard for his family. Jilani works down to dusk for his living. If he become sick he has to starve. He eats hand to mouth. If he can't go for work one day his full family have to starve. when he becomes hungrey, he eats from the foot path. Sometimes, he takes nap on his rickshaw. Sometimes, he gets cheated by his own possen gerts. Many people miss behave with him. The government should do something for the rickshaw pullers. Government should ~~give~~ create valid licence for them. make specific area and buildings. We all should respect all rickshaw pullers because ~~they~~ he lps us every day to go one place to another. We all should keep in mind that rickshaw pullers are human too. We all should treat him like human.","A rickshaw puller is a person who earns his livehoody by pulling rikshaw. When we go out we see rikshaw and rickshaw pullers everywhere. I know a rikshaw puller named Jilani. He works so hard for his family. Jilani works down to dusk for his living. If he become sick he has to starve. He eats hand to mouth. If he can't go for work one day his full family have to starve. when he becomes hungrey, he eats from the foot path. Sometimes, he takes nap on his rickshaw. Sometimes, he gets cheated by his own possen gerts. Many people miss behave with him. The government should do something for the rickshaw pullers. Government should  create valid licence for them. make specific area and buildings. We all should respect all rickshaw pullers because  he lps us every day to go one place to another. We all should keep in mind that rickshaw pullers are human too. We all should treat him like human.","A Rickshaw Puller","11-12","ok","","0.9","0","0","0","2","0","0","False","False","","164","897","","","","","0","","","gemma-4-31b-it","gemini","extraction_prompt_c6_v1","f172ab06cd2b8256703c24aac7a3e69688981e106974ba6a4975feb8e0e852b6","{""thinking_level"": ""medium"", ""max_output_tokens"": 32768}","2026-09-17T03:48:08.045315+00:00"
"DIALOG_003","SE_06_Q1","SE_06_Q1_0003","13","Dialogue","10","","","absent","You are Shahid and you have been suffering from fever along with some Covid-19 symptoms for a week. Now, you are at the chamber of a doctor. Write a dialogue between you and the doctor. (10)","","Doctor: Hello! Mr. Sh Sahid, how are you Feeling today?
Sahid: Hi! I'm not feeling well today because I'm suf-uring from fever
Doctor: That sounds normal. Do you have some other symptoms?
Sahid: Yes with fever I also have runny nose and my felt I have pain all over my body.
Doctor: It sounds bad. You have to do some reports. Right now Now!
Sahid: Okay, Doctor. I visiting you again soon,
Doctor: Okay. Have a good Day those things fast
Sahid: Hello Doctor, These are my testlis repord.
Doctor: Hmn, It seems you have covid-19. You have to do some exercise and eat some medicines as I prescribed.
Sahid: Anything more?
Doctor: You have to Isolate yourse from others. After one month, visit me again.
Sahid: Thank you very much Doctor. I have listened what you have said. Now I'm feeling very well.
Doctor: My pleasure. And Alway be careful and concious about your health.","Doctor: Hello! Mr. Sh Sahid, how are you Feeling today?
Sahid: Hi! I'm not feeling well today because I'm suf-uring from fever
Doctor: That sounds normal. Do you have some other symptoms?
Sahid: Yes with fever I also have runny nose and my felt I have pain all over my body.
Doctor: It sounds bad. You have to do some reports. Right now Now!
Sahid: Okay, Doctor. I visiting you again soon,
Doctor: Okay. Have a good Day those things fast
Sahid: Hello Doctor, These are my testlis repord.
Doctor: Hmn, It seems you have covid-19. You have to do some exercise and eat some medicines as I prescribed.
Sahid: Anything more?
Doctor: You have to Isolate yourse from others. After one month, visit me again.
Sahid: Thank you very much Doctor. I have listened what you have said. Now I'm feeling very well.
Doctor: My pleasure. And Alway be careful and concious about your health.","","13-15","ok","","0.9","0","0","0","0","0","0","False","False","","157","872","","","","","0","","","gemma-4-31b-it","gemini","extraction_prompt_c6_v1","f172ab06cd2b8256703c24aac7a3e69688981e106974ba6a4975feb8e0e852b6","{""thinking_level"": ""medium"", ""max_output_tokens"": 32768}","2026-09-17T03:48:08.045315+00:00"
"MCQ_004","SE_06_Q1","SE_06_Q1_0004","1","MCQ","7","","","absent","Read the text and answer question 1: Choose the best answer from the alternatives. (1 x 7 = 7)
a. On the 16th of December of the same year, the 26 March declaration of independence became a reality. Here the meaning of the word reality is — i. experience  ii. certainty  iii. virtuality  iv. actuality
b. To every Bangladeshi the 16th December is a day of — i. self analysis  ii. sorrows and sufferings  iii. self questioning  iv. pride and joy
c. We pay our deep respect to the martyrs who gave their lives for the independence of Bangladesh. Here respect means — i. neglect  ii. honour  iii. favour  iv. dignity
d. We, the Bangalees celebrate our Victory Day by remembering the roles played by our fearless freedom fighters and the people at large. Which of the following words has a similar meaning of fearless? i. curious  ii. courageous  iii. fearful  iv. rebillion
e. This is why December 16 is our Victory Day when the Pakistan army surrendered unconditionally. What does surrendered mean here? i. defended  ii. submitted  iii. captured  iv. with stood
f. To build up our nation as a prosperous country we have to work — i. individually  ii. separately  iii. independently  iv. unitedly
g. 1971 is the year of our — i. Liberation War  ii. Independence  iii. Victory day  iv. all of i, ii & iii

READING PASSAGE (questions 1 and 2):
December 16 is a remarkable day for Bangladeshi people. On this day in 1971. Bangladesh got independence after a nine-month-long blood-soaked battle against the Pakistani army. It is a day of national pride as well as a day of commemorating the sacrifices of the millions of Bangladeshi people. Pakistani army killed three million people and assaulted thousands of women.
The Victory Day is celebrated with great enthusiasm across the country. The day begins with a 31-gun salute at dawn, followed by the hoisting of the national flag at government buildings and private institutions. Different political, cultural and educational programmes are organised to pay homage to the martyrs of the war. The entire nation celebrates the day with colourful flags, banners and parades.
The National Parade ground hosts a grand military parade where the president, the prime minister and dignitaries from government and non-government sectors join, The National Martyrs Memorial in Savar, our monument dedicated to the soldiers and civilians who lost their lives during the war, becomes a focal point for citizens to pay their respect. People from all walks of life gather to offer flowers, recite patriotic songs, and recall the sacrifices made by the nation's heroes.

ANSWER KEY (1 mark per item, no part marks):
a. iv. actuality
b. iv. pride and joy
c. ii. honour
d. ii. courageous
e. ii. submitted
f. iv. unitedly
g. iv. all of i, ii & iii

Accept the option written as the roman numeral alone (“iv”), as the option text alone (“actuality”), or as both. Misspelling a correctly chosen option does NOT cost the mark.

MARKING NOTE: this question is ITEM-SCORED. Mark each lettered item against the key and put the SUM of the item marks in context_content_data, leaving structure_format_brevity, language_mechanics and originality_comparisons_paraphrase at 0. Nothing is awarded or deducted for handwriting, style, or spelling beyond what the key requires. An item the student did not attempt scores 0 for that item only. No structural cap is ever applied to an item-scored question.","","(a) addjactive
(b) noun
(c) comprozation
(d) verb
(g) Preprosition
(f) addjactive
(h) Interjaction
(i) pronomoun
(j) Preprosition
(k) noun","(a) addjactive
(b) noun
(c) comprozation
(d) verb
(g) Preprosition
(f) addjactive
(h) Interjaction
(i) pronomoun
(j) Preprosition
(k) noun","","1","ok","","0.95","0","0","0","0","0","0","False","False","","20","138","","","","","0","","","gemma-4-31b-it","gemini","extraction_prompt_c6_v1","f172ab06cd2b8256703c24aac7a3e69688981e106974ba6a4975feb8e0e852b6","{""thinking_level"": ""medium"", ""max_output_tokens"": 32768}","2026-09-17T03:58:58.072942+00:00"
"SHORT_004","SE_06_Q1","SE_06_Q1_0004","2","Short_Answer","5","","","absent","Write short answers to the following questions. (1 x 5 = 5)
a. What happened during the war in 1971?
b. How do people celebrate Victory Day?
c. Why is the National Martyrs’ Memorial important?
d. What do people sing at the National Martyrs’ Memorial?
e. What does the 31-gun salute represent on Victory Day?

READING PASSAGE (questions 1 and 2):
December 16 is a remarkable day for Bangladeshi people. On this day in 1971. Bangladesh got independence after a nine-month-long blood-soaked battle against the Pakistani army. It is a day of national pride as well as a day of commemorating the sacrifices of the millions of Bangladeshi people. Pakistani army killed three million people and assaulted thousands of women.
The Victory Day is celebrated with great enthusiasm across the country. The day begins with a 31-gun salute at dawn, followed by the hoisting of the national flag at government buildings and private institutions. Different political, cultural and educational programmes are organised to pay homage to the martyrs of the war. The entire nation celebrates the day with colourful flags, banners and parades.
The National Parade ground hosts a grand military parade where the president, the prime minister and dignitaries from government and non-government sectors join, The National Martyrs Memorial in Savar, our monument dedicated to the soldiers and civilians who lost their lives during the war, becomes a focal point for citizens to pay their respect. People from all walks of life gather to offer flowers, recite patriotic songs, and recall the sacrifices made by the nation's heroes.

ANSWER KEY — indicative content, 1 mark per item (whole mark or nothing; there are no half marks on this question):
a. Bangladesh fought a nine-month-long battle against the Pakistani army, who killed three million people and assaulted thousands of women; the country won independence on 16 December 1971.
b. With a 31-gun salute at dawn, hoisting of the national flag, political, cultural and educational programmes, and parades with colourful flags and banners.
c. It is the monument dedicated to the soldiers and civilians who lost their lives during the war, and it becomes the focal point where citizens pay their respect.
d. Patriotic songs.
e. It marks the start of Victory Day at dawn and honours the martyrs and the nation's victory.

Wording need not match the key — award the mark for any answer carrying the same content, in the student's own words or lifted from the passage. Award 0 for a wrong, off-question or omitted answer.

MARKING NOTE: this question is ITEM-SCORED. Mark each lettered item against the key and put the SUM of the item marks in context_content_data, leaving structure_format_brevity, language_mechanics and originality_comparisons_paraphrase at 0. Nothing is awarded or deducted for handwriting, style, or spelling beyond what the key requires. An item the student did not attempt scores 0 for that item only. No structural cap is ever applied to an item-scored question.","","(a) a
(b) with
(c) a
(d) fraom
(e) blessing
(f) a
(g) happiness
(h) blessing
(i) of
(j) inx
(k) happiness","(a) a
(b) with
(c) a
(d) fraom
(e) blessing
(f) a
(g) happiness
(h) blessing
(i) of
(j) inx
(k) happiness","","2","ok","","0.95","0","0","0","0","0","0","False","False","","22","105","","","","","0","","","gemma-4-31b-it","gemini","extraction_prompt_c6_v1","f172ab06cd2b8256703c24aac7a3e69688981e106974ba6a4975feb8e0e852b6","{""thinking_level"": ""medium"", ""max_output_tokens"": 32768}","2026-09-17T03:58:58.072942+00:00"
"GAP_004","SE_06_Q1","SE_06_Q1_0004","3","Gap_Fill","5","","","absent","Read the text and answer question 3: Complete the passage with suitable words. (1 x 5 = 5)
After finding the box Rajendra and Ravi (a) — about valuable stones. Then they (b) — to Jaipur. After showing the papers to the museum people, Uncle Santosh (c) — to know that the papers were valuable. He (d) — the papers to the museum for ten thousand rupees. Later, (e) — the news, the boy were happy.

READING PASSAGE (questions 3 and 4):
That night Ravi dreamt about gold coins and jewels. The next morning they packed everything into the jeep and went back to Jaipur, Uncle Santosh went to the museum to show his friend the papers. When he came back, he told the boys, ""Those papers were very valuable. The museum people bought them for ten thousand rupees."" The boys were delighted. When Ravi met his father and mother once again, he told them about his adventures and gave them Rs 50,000. Rajendra and Ravi never forgot the kind owl who helped them to find the old box.

ANSWER KEY (1 mark per gap). No clue words are supplied, so ANY word that fits the sentence grammatically and agrees with the passage is correct:
a. dreamt / dreamed / talked / thought
b. went back / returned / came back
c. was surprised / was glad / was happy / came
d. sold
e. hearing / on hearing / after hearing / getting

A word that fits the sense but is misspelled still earns the mark. A word of the wrong part of speech, or one that contradicts the passage, does not.

MARKING NOTE: this question is ITEM-SCORED. Mark each lettered item against the key and put the SUM of the item marks in context_content_data, leaving structure_format_brevity, language_mechanics and originality_comparisons_paraphrase at 0. Nothing is awarded or deducted for handwriting, style, or spelling beyond what the key requires. An item the student did not attempt scores 0 for that item only. No structural cap is ever applied to an item-scored question.","","1. Akbar was born in 1542 at Amarkot in sindh.
2. His full name was Jalaluddin Mohammad AKbar.
3. His father was Humayun.
4. He had not much education.
5. Despite this - he became a great education.","1. Akbar was born in 1542 at Amarkot in sindh.
2. His full name was Jalaluddin Mohammad AKbar.
3. His father was Humayun.
4. He had not much education.
5. Despite this - he became a great education.","","2","ok","","1.0","0","0","0","0","0","0","False","False","","31","198","","","","","0","","","gemma-4-31b-it","gemini","extraction_prompt_c6_v1","f172ab06cd2b8256703c24aac7a3e69688981e106974ba6a4975feb8e0e852b6","{""thinking_level"": ""medium"", ""max_output_tokens"": 32768}","2026-09-17T03:58:58.072942+00:00"
"VOCAB_004","SE_06_Q1","SE_06_Q1_0004","4","Vocabulary","5","","","absent","Read the passage carefully and replace the following words with their suitable synonyms or antonyms. (1 x 5 = 5)
(a) Went back (antonym), (b) Museum (synonym), (c) Friend (synonym), (d) Show (antonym), (e) Bought (synonym)

READING PASSAGE (questions 3 and 4):
That night Ravi dreamt about gold coins and jewels. The next morning they packed everything into the jeep and went back to Jaipur, Uncle Santosh went to the museum to show his friend the papers. When he came back, he told the boys, ""Those papers were very valuable. The museum people bought them for ten thousand rupees."" The boys were delighted. When Ravi met his father and mother once again, he told them about his adventures and gave them Rs 50,000. Rajendra and Ravi never forgot the kind owl who helped them to find the old box.

ANSWER KEY (1 mark per item). Any correct word of the required relation is acceptable; the words below are indicative, not exhaustive:
a. Went back (Antonym): came / went forward / advanced / set out / left
b. Museum (Synonym): gallery / archive / repository / exhibition hall
c. Friend (Synonym): companion / mate / comrade / ally / pal
d. Show (Antonym): hide / conceal / cover
e. Bought (Synonym): purchased

Giving a synonym where an antonym was asked (or the reverse) scores 0 for that item. A correct word that is misspelled still earns the mark.

MARKING NOTE: this question is ITEM-SCORED. Mark each lettered item against the key and put the SUM of the item marks in context_content_data, leaving structure_format_brevity, language_mechanics and originality_comparisons_paraphrase at 0. Nothing is awarded or deducted for handwriting, style, or spelling beyond what the key requires. An item the student did not attempt scores 0 for that item only. No structural cap is ever applied to an item-scored question.","","(a) received
(b) wanted
(c) ~~stopt~~ , (c) stoad
(d) saw
(e) constructe","(a) received
(b) wanted
(c)  , (c) stoad
(d) saw
(e) constructe","","3","ok","","0.95","0","0","0","1","0","0","False","False","","11","63","","","","","0","","","gemma-4-31b-it","gemini","extraction_prompt_c6_v1","f172ab06cd2b8256703c24aac7a3e69688981e106974ba6a4975feb8e0e852b6","{""thinking_level"": ""medium"", ""max_output_tokens"": 32768}","2026-09-17T03:58:58.072942+00:00"
"TABLE_004","SE_06_Q1","SE_06_Q1_0004","5","Table_Completion","5","","","absent","Read the text and answer question 5: Complete the table with information from the passage. (1 x 5 = 5)
| Topic | Information from the passage |
| a. Class Raju reads in | (i) |
| b. Subjects he did well in | (ii) |
| c. Marks he got in those subjects | (iii) |
| d. Subjects he did poorly in | (iv) |
| e. Marks he got in weak subjects | (v) |

READING PASSAGE (questions 5, 6 and 7):
Raju is a student of class six. Last week, his school held class tests in several subjects. Raju worked very hard to do well. He got 8 in Bangla, 9 in English, and 10 in Mathematics out of 10. His teachers praised him for his good marks. However, he could not do well in ICT, Science, and Religion, getting only 6 marks in each.
Raju felt a little sad about his low marks but promised to study harder next time. His father told him not to lose hope. His mother advised him to read ICT and Science regularly. Raju made a plan to give more time to those subjects. He was happy that he did very well in Bangla, English, and Math. Raju believes that with more practice, he can improve all his subjects.

ANSWER KEY (1 mark per blank):
i. Class six
ii. Bangla, English and Mathematics
iii. 8 in Bangla, 9 in English and 10 in Mathematics (out of 10)
iv. ICT, Science and Religion
v. 6 marks in each

This question asks for information lifted from the passage, so copying the passage's wording is CORRECT here and must not be penalised. A partial but unambiguous answer (e.g. naming all three subjects in ii) earns the mark; an answer that names only some of the required items does not.

MARKING NOTE: this question is ITEM-SCORED. Mark each lettered item against the key and put the SUM of the item marks in context_content_data, leaving structure_format_brevity, language_mechanics and originality_comparisons_paraphrase at 0. Nothing is awarded or deducted for handwriting, style, or spelling beyond what the key requires. An item the student did not attempt scores 0 for that item only. No structural cap is ever applied to an item-scored question.","","a. How important Physical exercise is!
b. exercise regularly.
c. will not make you healthy Daily exercise
d. ~~Wolk~~ walk every morning have boosted Your energy.
e. ~~I~~ A fit body is necessary for a hay lito
(f) Daily exercise do not","a. How important Physical exercise is!
b. exercise regularly.
c. will not make you healthy Daily exercise
d.  walk every morning have boosted Your energy.
e.  A fit body is necessary for a hay lito
(f) Daily exercise do not","","3-4","ok","","0.9","0","0","0","2","0","0","False","False","","40","223","","","","","0","","","gemma-4-31b-it","gemini","extraction_prompt_c6_v1","f172ab06cd2b8256703c24aac7a3e69688981e106974ba6a4975feb8e0e852b6","{""thinking_level"": ""medium"", ""max_output_tokens"": 32768}","2026-09-17T03:58:58.072942+00:00"
"TF_004","SE_06_Q1","SE_06_Q1_0004","6","True_False","5","","","absent","Read the statements below. Write ‘True’ if the statement is correct and ‘False’ if it is incorrect. If false, write the correct answer. (1 x 5 = 5)
a. Raju thinks he cannot improve his weak subjects.
b. He got 6 marks out of 10 in Mathematics.
c. Raju got full marks in Mathematics.
d. Raju plans to work lesser next time.
e. His father scolded him for low marks.

READING PASSAGE (questions 5, 6 and 7):
Raju is a student of class six. Last week, his school held class tests in several subjects. Raju worked very hard to do well. He got 8 in Bangla, 9 in English, and 10 in Mathematics out of 10. His teachers praised him for his good marks. However, he could not do well in ICT, Science, and Religion, getting only 6 marks in each.
Raju felt a little sad about his low marks but promised to study harder next time. His father told him not to lose hope. His mother advised him to read ICT and Science regularly. Raju made a plan to give more time to those subjects. He was happy that he did very well in Bangla, English, and Math. Raju believes that with more practice, he can improve all his subjects.

ANSWER KEY (1 mark per item):
a. False — Raju believes that with more practice he can improve all his subjects.
b. False — he got 10 out of 10 in Mathematics; 6 was his mark in ICT, Science and Religion.
c. True
d. False — he promised to study harder and planned to give more time to his weak subjects.
e. False — his father told him not to lose hope.

A ‘False’ verdict with NO correction, or with a wrong correction, scores 0 for that item — the question requires both. The correction need not match the key's wording; any correction carrying the right fact is accepted.

MARKING NOTE: this question is ITEM-SCORED. Mark each lettered item against the key and put the SUM of the item marks in context_content_data, leaving structure_format_brevity, language_mechanics and originality_comparisons_paraphrase at 0. Nothing is awarded or deducted for handwriting, style, or spelling beyond what the key requires. An item the student did not attempt scores 0 for that item only. No structural cap is ever applied to an item-scored question.","","~~My ma~~
My mother woke me up early in the morning. I had a bath and put on my best clothes. then I had breakfast and started for school with my mother.","
My mother woke me up early in the morning. I had a bath and put on my best clothes. then I had breakfast and started for school with my mother.","","4","ok","","1.0","0","0","0","1","0","0","False","False","","30","144","","","","","0","","","gemma-4-31b-it","gemini","extraction_prompt_c6_v1","f172ab06cd2b8256703c24aac7a3e69688981e106974ba6a4975feb8e0e852b6","{""thinking_level"": ""medium"", ""max_output_tokens"": 32768}","2026-09-17T03:58:58.072942+00:00"
"SUMMARY_004","SE_06_Q1","SE_06_Q1_0004","7","Summary","5","","","absent","Write a summary of the passage in your own words. (5)

TEXT TO BE SUMMARIZED (questions 5, 6 and 7):
Raju is a student of class six. Last week, his school held class tests in several subjects. Raju worked very hard to do well. He got 8 in Bangla, 9 in English, and 10 in Mathematics out of 10. His teachers praised him for his good marks. However, he could not do well in ICT, Science, and Religion, getting only 6 marks in each.
Raju felt a little sad about his low marks but promised to study harder next time. His father told him not to lose hope. His mother advised him to read ICT and Science regularly. Raju made a plan to give more time to those subjects. He was happy that he did very well in Bangla, English, and Math. Raju believes that with more practice, he can improve all his subjects.","Raju is a student of class six. Last week, his school held class tests in several subjects. Raju worked very hard to do well. He got 8 in Bangla, 9 in English, and 10 in Mathematics out of 10. His teachers praised him for his good marks. However, he could not do well in ICT, Science, and Religion, getting only 6 marks in each.
Raju felt a little sad about his low marks but promised to study harder next time. His father told him not to lose hope. His mother advised him to read ICT and Science regularly. Raju made a plan to give more time to those subjects. He was happy that he did very well in Bangla, English, and Math. Raju believes that with more practice, he can improve all his subjects.","The annual prize ceremony of {inserted: Our State School}

To: jamil@gmail.com

Subj: The annal prize ceremony of our school.

Dear jamil

I am writing you about my annual prize ceremony of our school.

The annual prize ceremony was held on 21 may 2026. The School campus was decorated. School was decorated a big Pandal on our school campus. every important person was came. The ciffed guest guest is a Baist VC. When the VC was came giving honoca from form the scout stood and clapped. At 3 p.m the ceremony was held. The Principal gave prize who was 1st, 2nd and 3rd. The prize was end and the cultural event was held.

regad your parents and love your youngen. No more today with best wish and love.

your friend shamin.","The annual prize ceremony of Our State School

To: jamil@gmail.com

Subj: The annal prize ceremony of our school.

Dear jamil

I am writing you about my annual prize ceremony of our school.

The annual prize ceremony was held on 21 may 2026. The School campus was decorated. School was decorated a big Pandal on our school campus. every important person was came. The ciffed guest guest is a Baist VC. When the VC was came giving honoca from form the scout stood and clapped. At 3 p.m the ceremony was held. The Principal gave prize who was 1st, 2nd and 3rd. The prize was end and the cultural event was held.

regad your parents and love your youngen. No more today with best wish and love.

your friend shamin.","The annual prize ceremony of our State School","5-6","ok","","0.9","0","0","0","0","1","0","False","False","","129","712","129","1.0","True","0.0","7","","","gemma-4-31b-it","gemini","extraction_prompt_c6_v1","f172ab06cd2b8256703c24aac7a3e69688981e106974ba6a4975feb8e0e852b6","{""thinking_level"": ""medium"", ""max_output_tokens"": 32768}","2026-09-17T03:58:58.072942+00:00"
"PREP_004","SE_06_Q1","SE_06_Q1_0004","8","Preposition_Use","5","","","absent","Use these prepositions in sentences of your own. (1 x 5 = 5)
a. bottom of, b. top of, c. through, d. along, e. across

ANSWER KEY (1 mark per item). There is no fixed answer: the student composes their own sentence for each preposition. Award the mark when the sentence (1) actually contains the given preposition, (2) uses it in a sense that is correct English, and (3) is a complete, intelligible sentence.

Model sentences, for reference only — a student sentence need not resemble them:
a. bottom of: The old box lay at the bottom of the river.
b. top of: A small flag was fixed on the top of the hill.
c. through: We walked through the forest before sunset.
d. along: They strolled along the river bank in the evening.
e. across: A wooden bridge runs across the canal.

Award 0 for an item where the preposition is missing, is used in a way that is not English (e.g. “He is bottom of happy”), or where nothing resembling a sentence was written. A minor spelling or article slip does NOT cost the mark — the item tests the preposition, not general accuracy.

MARKING NOTE: this question is ITEM-SCORED. Mark each lettered item against the key and put the SUM of the item marks in context_content_data, leaving structure_format_brevity, language_mechanics and originality_comparisons_paraphrase at 0. Nothing is awarded or deducted for handwriting, style, or spelling beyond what the key requires. An item the student did not attempt scores 0 for that item only. No structural cap is ever applied to an item-scored question.","","""The season I Like Most""

1 Introduction: Every season are will. But every one like most one season.

2 What season I Like most: ~~Butika~~ very much Everyone like winter, sammar, autumn spring etc. I like most spaik sering

3 Time of Spring: spring to come after witen. spring come February lost to to April.

4 wri then: The sky is ~~not~~ not cloudy. The wri then is not so hot and not so cool. The sun shince very much.

5 People's Do: This season people are very happy. children are play in filde.

6 why sering I like most:","""The season I Like Most""

1 Introduction: Every season are will. But every one like most one season.

2 What season I Like most:  very much Everyone like winter, sammar, autumn spring etc. I like most spaik sering

3 Time of Spring: spring to come after witen. spring come February lost to to April.

4 wri then: The sky is  not cloudy. The wri then is not so hot and not so cool. The sun shince very much.

5 People's Do: This season people are very happy. children are play in filde.

6 why sering I like most:","","7-8","ok","","0.9","0","0","0","2","0","0","False","False","","92","512","","","","","6","","","gemma-4-31b-it","gemini","extraction_prompt_c6_v1","f172ab06cd2b8256703c24aac7a3e69688981e106974ba6a4975feb8e0e852b6","{""thinking_level"": ""medium"", ""max_output_tokens"": 32768}","2026-09-17T03:58:58.072942+00:00"
"REARR_004","SE_06_Q1","SE_06_Q1_0004","9","Rearrange","8","","","absent","Put the following parts of the story in the correct order to make the whole story. Only the corresponding numbers of the sentences need to be written. (1 x 8 = 8)
a. She asked Bayazid to give her a glass of water, but he could not find any water in the pitcher.
b. Once Hazrat Bayazid Bustami came home to see his ailing mother.
c. But she again fell asleep.
d. So, he went to the well quite far from their house.
e. She woke up some hours later.
f. He filled the pitcher, came back and went to his mother with a glass of water.
g. As he was still standing by her bed, his mother drank the glass of water and blessed him from the core of heart.
h. He, instead of waking her up, stood by her bed with the glass of water in his hand.

ANSWER KEY — correct order (8 positions, 1 mark each):
1. b  (Once Hazrat Bayazid Bustami came home to see his ailing mother.)
2. a  (She asked Bayazid to give her a glass of water, but he could not find any water in the pitcher.)
3. d  (So, he went to the well quite far from their house.)
4. f  (He filled the pitcher, came back and went to his mother with a glass of water.)
5. c  (But she again fell asleep.)
6. h  (He, instead of waking her up, stood by her bed with the glass of water in his hand.)
7. e  (She woke up some hours later.)
8. g  (As he was still standing by her bed, his mother drank the glass of water and blessed him from the core of heart.)

Award 1 mark for each sentence the student places in its correct POSITION in the sequence above — a position-by-position comparison: b in slot 1 earns a mark, b anywhere else does not. The student may give the letters, the full sentences, or both; mark the order either way, and do not penalise copying slips inside the sentences.

MARKING NOTE: this question is ITEM-SCORED. Mark each lettered item against the key and put the SUM of the item marks in context_content_data, leaving structure_format_brevity, language_mechanics and originality_comparisons_paraphrase at 0. Nothing is awarded or deducted for handwriting, style, or spelling beyond what the key requires. An item the student did not attempt scores 0 for that item only. No structural cap is ever applied to an item-scored question.","","","","","","not_attempted","question not found in transcript (verified absent)","","","","","","","","","","","0","0","","","","","","","","gemma-4-31b-it","gemini","extraction_prompt_c6_v1","f172ab06cd2b8256703c24aac7a3e69688981e106974ba6a4975feb8e0e852b6","{""thinking_level"": ""medium"", ""max_output_tokens"": 32768}","2026-09-17T03:58:58.072942+00:00"
"POEM_004","SE_06_Q1","SE_06_Q1_0004","10","Poem_Short_Answer","10","","","absent","Answer any five of the following questions from the poems in your text book. (2 x 5 = 10)
a. What does Robin say about autumn?
b. How is Robin a happy bird?
c. How is Robin a hopeful bird?
d. What reason does Robin give for singing during the winter?
e. What does Robin teach us in the poem?
f. Why does the playmate come only on a rainy day?
g. Why does the boy think the playmate lives in another land?
h. What does the Moon come there to do?

ANSWER KEY — INDICATIVE ONLY, 2 marks per answer. The poem texts are not supplied with this paper, so the notes below describe the expected substance rather than fixed wording. Items a–e concern the poem about Robin, a bird who goes on singing as autumn turns to winter; items f–h concern the poem about a boy and an imagined playmate who visits on rainy days.
a. That autumn is passing and the cold season is coming — leaves fall and the bright days are ending.
b. He sings cheerfully whatever the season, finding joy in small things rather than complaining of the cold.
c. He keeps singing through the bleak season because he trusts that spring and better days will return.
d. He sings in winter to keep up his own and others' spirits, and because he believes the hard season will pass.
e. To stay cheerful and hopeful in hard times instead of giving way to gloom.
f. Because the rain keeps the boy indoors and alone, so that is when he longs for and imagines his playmate.
g. Because the playmate is never seen among the people he knows and appears only in his imagination, so the boy supposes he must come from some distant, unknown land.
h. It comes to look in on the child and keep him company — to shine on him and share the night with him.

BECAUSE THE KEY IS INDICATIVE, mark generously on substance: award 2 for an answer that is clearly about the right poem and carries a sensible reading consistent with these notes, 1 for a partly relevant or very thin answer, and 0 for an answer about the wrong poem, one that merely repeats the question, or one left blank.

ANY FIVE answers count, and only five are marked: if the student answers more than five, mark the FIRST five attempted and ignore the rest; if fewer than five, the unanswered ones score 0. Put the sum of the five item marks (0–10) in context_content_data and leave the other three criteria at 0.","","","","","","not_attempted","question not found in transcript (verified absent)","","","","","","","","","","","0","0","","","","","","","","gemma-4-31b-it","gemini","extraction_prompt_c6_v1","f172ab06cd2b8256703c24aac7a3e69688981e106974ba6a4975feb8e0e852b6","{""thinking_level"": ""medium"", ""max_output_tokens"": 32768}","2026-09-17T03:58:58.072942+00:00"
"STORY_004","SE_06_Q1","SE_06_Q1_0004","11","Story","10","","","absent","Part-B : Writing. Read the opening of a story below and complete it in at least ten new sentences. Give a suitable title to it. (10)
Once upon a time two friends went on a journey. They had to go through a forest on the way. As they came through the wood, they saw a bear approaching…………","","","","","","not_attempted","question not found in transcript (verified absent)","","","","","","","","","","","0","0","","","","","","","","gemma-4-31b-it","gemini","extraction_prompt_c6_v1","f172ab06cd2b8256703c24aac7a3e69688981e106974ba6a4975feb8e0e852b6","{""thinking_level"": ""medium"", ""max_output_tokens"": 32768}","2026-09-17T03:58:58.072942+00:00"
"PARA_004","SE_06_Q1","SE_06_Q1_0004","12","Paragraph","10","","","absent","Write a paragraph in 120 words. ""A Rickshaw-Puller"" (10)","","","","","","not_attempted","question not found in transcript (verified absent)","","","","","","","","","","","0","0","","","","","","","","gemma-4-31b-it","gemini","extraction_prompt_c6_v1","f172ab06cd2b8256703c24aac7a3e69688981e106974ba6a4975feb8e0e852b6","{""thinking_level"": ""medium"", ""max_output_tokens"": 32768}","2026-09-17T03:58:58.072942+00:00"
"DIALOG_004","SE_06_Q1","SE_06_Q1_0004","13","Dialogue","10","","","absent","You are Shahid and you have been suffering from fever along with some Covid-19 symptoms for a week. Now, you are at the chamber of a doctor. Write a dialogue between you and the doctor. (10)","","","","","","not_attempted","question not found in transcript (verified absent)","","","","","","","","","","","0","0","","","","","","","","gemma-4-31b-it","gemini","extraction_prompt_c6_v1","f172ab06cd2b8256703c24aac7a3e69688981e106974ba6a4975feb8e0e852b6","{""thinking_level"": ""medium"", ""max_output_tokens"": 32768}","2026-09-17T03:58:58.072942+00:00"
"MCQ_005","SE_06_Q1","SE_06_Q1_0005","1","MCQ","7","","","absent","Read the text and answer question 1: Choose the best answer from the alternatives. (1 x 7 = 7)
a. On the 16th of December of the same year, the 26 March declaration of independence became a reality. Here the meaning of the word reality is — i. experience  ii. certainty  iii. virtuality  iv. actuality
b. To every Bangladeshi the 16th December is a day of — i. self analysis  ii. sorrows and sufferings  iii. self questioning  iv. pride and joy
c. We pay our deep respect to the martyrs who gave their lives for the independence of Bangladesh. Here respect means — i. neglect  ii. honour  iii. favour  iv. dignity
d. We, the Bangalees celebrate our Victory Day by remembering the roles played by our fearless freedom fighters and the people at large. Which of the following words has a similar meaning of fearless? i. curious  ii. courageous  iii. fearful  iv. rebillion
e. This is why December 16 is our Victory Day when the Pakistan army surrendered unconditionally. What does surrendered mean here? i. defended  ii. submitted  iii. captured  iv. with stood
f. To build up our nation as a prosperous country we have to work — i. individually  ii. separately  iii. independently  iv. unitedly
g. 1971 is the year of our — i. Liberation War  ii. Independence  iii. Victory day  iv. all of i, ii & iii

READING PASSAGE (questions 1 and 2):
December 16 is a remarkable day for Bangladeshi people. On this day in 1971. Bangladesh got independence after a nine-month-long blood-soaked battle against the Pakistani army. It is a day of national pride as well as a day of commemorating the sacrifices of the millions of Bangladeshi people. Pakistani army killed three million people and assaulted thousands of women.
The Victory Day is celebrated with great enthusiasm across the country. The day begins with a 31-gun salute at dawn, followed by the hoisting of the national flag at government buildings and private institutions. Different political, cultural and educational programmes are organised to pay homage to the martyrs of the war. The entire nation celebrates the day with colourful flags, banners and parades.
The National Parade ground hosts a grand military parade where the president, the prime minister and dignitaries from government and non-government sectors join, The National Martyrs Memorial in Savar, our monument dedicated to the soldiers and civilians who lost their lives during the war, becomes a focal point for citizens to pay their respect. People from all walks of life gather to offer flowers, recite patriotic songs, and recall the sacrifices made by the nation's heroes.

ANSWER KEY (1 mark per item, no part marks):
a. iv. actuality
b. iv. pride and joy
c. ii. honour
d. ii. courageous
e. ii. submitted
f. iv. unitedly
g. iv. all of i, ii & iii

Accept the option written as the roman numeral alone (“iv”), as the option text alone (“actuality”), or as both. Misspelling a correctly chosen option does NOT cost the mark.

MARKING NOTE: this question is ITEM-SCORED. Mark each lettered item against the key and put the SUM of the item marks in context_content_data, leaving structure_format_brevity, language_mechanics and originality_comparisons_paraphrase at 0. Nothing is awarded or deducted for handwriting, style, or spelling beyond what the key requires. An item the student did not attempt scores 0 for that item only. No structural cap is ever applied to an item-scored question.","","a. ii, certainty
b. iv. pride and joy
c. ii. honour
d. iii. fearful
e. i. defended
f. iii. independently
g. iv. all of i ii & iii","a. ii, certainty
b. iv. pride and joy
c. ii. honour
d. iii. fearful
e. i. defended
f. iii. independently
g. iv. all of i ii & iii","","1","ok","","0.95","0","0","0","0","0","0","False","False","","27","129","","","","","0","","","gemma-4-31b-it","gemini","extraction_prompt_c6_v1","f172ab06cd2b8256703c24aac7a3e69688981e106974ba6a4975feb8e0e852b6","{""thinking_level"": ""medium"", ""max_output_tokens"": 32768}","2026-09-17T04:01:02.269276+00:00"
"SHORT_005","SE_06_Q1","SE_06_Q1_0005","2","Short_Answer","5","","","absent","Write short answers to the following questions. (1 x 5 = 5)
a. What happened during the war in 1971?
b. How do people celebrate Victory Day?
c. Why is the National Martyrs’ Memorial important?
d. What do people sing at the National Martyrs’ Memorial?
e. What does the 31-gun salute represent on Victory Day?

READING PASSAGE (questions 1 and 2):
December 16 is a remarkable day for Bangladeshi people. On this day in 1971. Bangladesh got independence after a nine-month-long blood-soaked battle against the Pakistani army. It is a day of national pride as well as a day of commemorating the sacrifices of the millions of Bangladeshi people. Pakistani army killed three million people and assaulted thousands of women.
The Victory Day is celebrated with great enthusiasm across the country. The day begins with a 31-gun salute at dawn, followed by the hoisting of the national flag at government buildings and private institutions. Different political, cultural and educational programmes are organised to pay homage to the martyrs of the war. The entire nation celebrates the day with colourful flags, banners and parades.
The National Parade ground hosts a grand military parade where the president, the prime minister and dignitaries from government and non-government sectors join, The National Martyrs Memorial in Savar, our monument dedicated to the soldiers and civilians who lost their lives during the war, becomes a focal point for citizens to pay their respect. People from all walks of life gather to offer flowers, recite patriotic songs, and recall the sacrifices made by the nation's heroes.

ANSWER KEY — indicative content, 1 mark per item (whole mark or nothing; there are no half marks on this question):
a. Bangladesh fought a nine-month-long battle against the Pakistani army, who killed three million people and assaulted thousands of women; the country won independence on 16 December 1971.
b. With a 31-gun salute at dawn, hoisting of the national flag, political, cultural and educational programmes, and parades with colourful flags and banners.
c. It is the monument dedicated to the soldiers and civilians who lost their lives during the war, and it becomes the focal point where citizens pay their respect.
d. Patriotic songs.
e. It marks the start of Victory Day at dawn and honours the martyrs and the nation's victory.

Wording need not match the key — award the mark for any answer carrying the same content, in the student's own words or lifted from the passage. Award 0 for a wrong, off-question or omitted answer.

MARKING NOTE: this question is ITEM-SCORED. Mark each lettered item against the key and put the SUM of the item marks in context_content_data, leaving structure_format_brevity, language_mechanics and originality_comparisons_paraphrase at 0. Nothing is awarded or deducted for handwriting, style, or spelling beyond what the key requires. An item the student did not attempt scores 0 for that item only. No structural cap is ever applied to an item-scored question.","","a. The war in 1971. Bangladesh got independence. after a nine-month -long.
c. People celebrate Victory day from all walks.
c. The National Martyrs' is memorial im
c. The National martyrs is memorial imp
B. The day begins with a ~~21~~-gun solute at down
d. recite patriotic songs and recall the sacrifices made by the nations hero.","a. The war in 1971. Bangladesh got independence. after a nine-month -long.
c. People celebrate Victory day from all walks.
c. The National Martyrs' is memorial im
c. The National martyrs is memorial imp
B. The day begins with a -gun solute at down
d. recite patriotic songs and recall the sacrifices made by the nations hero.","","1-2","ok","","0.9","0","0","0","1","0","0","False","False","","57","325","","","","","0","","","gemma-4-31b-it","gemini","extraction_prompt_c6_v1","f172ab06cd2b8256703c24aac7a3e69688981e106974ba6a4975feb8e0e852b6","{""thinking_level"": ""medium"", ""max_output_tokens"": 32768}","2026-09-17T04:01:02.269276+00:00"
"GAP_005","SE_06_Q1","SE_06_Q1_0005","3","Gap_Fill","5","","","absent","Read the text and answer question 3: Complete the passage with suitable words. (1 x 5 = 5)
After finding the box Rajendra and Ravi (a) — about valuable stones. Then they (b) — to Jaipur. After showing the papers to the museum people, Uncle Santosh (c) — to know that the papers were valuable. He (d) — the papers to the museum for ten thousand rupees. Later, (e) — the news, the boy were happy.

READING PASSAGE (questions 3 and 4):
That night Ravi dreamt about gold coins and jewels. The next morning they packed everything into the jeep and went back to Jaipur, Uncle Santosh went to the museum to show his friend the papers. When he came back, he told the boys, ""Those papers were very valuable. The museum people bought them for ten thousand rupees."" The boys were delighted. When Ravi met his father and mother once again, he told them about his adventures and gave them Rs 50,000. Rajendra and Ravi never forgot the kind owl who helped them to find the old box.

ANSWER KEY (1 mark per gap). No clue words are supplied, so ANY word that fits the sentence grammatically and agrees with the passage is correct:
a. dreamt / dreamed / talked / thought
b. went back / returned / came back
c. was surprised / was glad / was happy / came
d. sold
e. hearing / on hearing / after hearing / getting

A word that fits the sense but is misspelled still earns the mark. A word of the wrong part of speech, or one that contradicts the passage, does not.

MARKING NOTE: this question is ITEM-SCORED. Mark each lettered item against the key and put the SUM of the item marks in context_content_data, leaving structure_format_brevity, language_mechanics and originality_comparisons_paraphrase at 0. Nothing is awarded or deducted for handwriting, style, or spelling beyond what the key requires. An item the student did not attempt scores 0 for that item only. No structural cap is ever applied to an item-scored question.","","a. decant
b. went {inserted: went back}
c. went
d. took
e. has","a. decant
b. went went back
c. went
d. took
e. has","","3","ok","","0.9","0","0","0","0","1","0","False","False","","12","50","","","","","0","","","gemma-4-31b-it","gemini","extraction_prompt_c6_v1","f172ab06cd2b8256703c24aac7a3e69688981e106974ba6a4975feb8e0e852b6","{""thinking_level"": ""medium"", ""max_output_tokens"": 32768}","2026-09-17T04:01:02.269276+00:00"
"VOCAB_005","SE_06_Q1","SE_06_Q1_0005","4","Vocabulary","5","","","absent","Read the passage carefully and replace the following words with their suitable synonyms or antonyms. (1 x 5 = 5)
(a) Went back (antonym), (b) Museum (synonym), (c) Friend (synonym), (d) Show (antonym), (e) Bought (synonym)

READING PASSAGE (questions 3 and 4):
That night Ravi dreamt about gold coins and jewels. The next morning they packed everything into the jeep and went back to Jaipur, Uncle Santosh went to the museum to show his friend the papers. When he came back, he told the boys, ""Those papers were very valuable. The museum people bought them for ten thousand rupees."" The boys were delighted. When Ravi met his father and mother once again, he told them about his adventures and gave them Rs 50,000. Rajendra and Ravi never forgot the kind owl who helped them to find the old box.

ANSWER KEY (1 mark per item). Any correct word of the required relation is acceptable; the words below are indicative, not exhaustive:
a. Went back (Antonym): came / went forward / advanced / set out / left
b. Museum (Synonym): gallery / archive / repository / exhibition hall
c. Friend (Synonym): companion / mate / comrade / ally / pal
d. Show (Antonym): hide / conceal / cover
e. Bought (Synonym): purchased

Giving a synonym where an antonym was asked (or the reverse) scores 0 for that item. A correct word that is misspelled still earns the mark.

MARKING NOTE: this question is ITEM-SCORED. Mark each lettered item against the key and put the SUM of the item marks in context_content_data, leaving structure_format_brevity, language_mechanics and originality_comparisons_paraphrase at 0. Nothing is awarded or deducted for handwriting, style, or spelling beyond what the key requires. An item the student did not attempt scores 0 for that item only. No structural cap is ever applied to an item-scored question.","","a went back- come back
(b)
(c) faiend - br[illegible]
(d) show - hide
(e) Boughton - day","a went back- come back
(b)
(c) faiend - br[illegible]
(d) show - hide
(e) Boughton - day","","3","ok","","0.8","1","0","0","0","0","0","False","False","","15","88","","","","","0","","","gemma-4-31b-it","gemini","extraction_prompt_c6_v1","f172ab06cd2b8256703c24aac7a3e69688981e106974ba6a4975feb8e0e852b6","{""thinking_level"": ""medium"", ""max_output_tokens"": 32768}","2026-09-17T04:01:02.269276+00:00"
"TABLE_005","SE_06_Q1","SE_06_Q1_0005","5","Table_Completion","5","","","absent","Read the text and answer question 5: Complete the table with information from the passage. (1 x 5 = 5)
| Topic | Information from the passage |
| a. Class Raju reads in | (i) |
| b. Subjects he did well in | (ii) |
| c. Marks he got in those subjects | (iii) |
| d. Subjects he did poorly in | (iv) |
| e. Marks he got in weak subjects | (v) |

READING PASSAGE (questions 5, 6 and 7):
Raju is a student of class six. Last week, his school held class tests in several subjects. Raju worked very hard to do well. He got 8 in Bangla, 9 in English, and 10 in Mathematics out of 10. His teachers praised him for his good marks. However, he could not do well in ICT, Science, and Religion, getting only 6 marks in each.
Raju felt a little sad about his low marks but promised to study harder next time. His father told him not to lose hope. His mother advised him to read ICT and Science regularly. Raju made a plan to give more time to those subjects. He was happy that he did very well in Bangla, English, and Math. Raju believes that with more practice, he can improve all his subjects.

ANSWER KEY (1 mark per blank):
i. Class six
ii. Bangla, English and Mathematics
iii. 8 in Bangla, 9 in English and 10 in Mathematics (out of 10)
iv. ICT, Science and Religion
v. 6 marks in each

This question asks for information lifted from the passage, so copying the passage's wording is CORRECT here and must not be penalised. A partial but unambiguous answer (e.g. naming all three subjects in ii) earns the mark; an answer that names only some of the required items does not.

MARKING NOTE: this question is ITEM-SCORED. Mark each lettered item against the key and put the SUM of the item marks in context_content_data, leaving structure_format_brevity, language_mechanics and originality_comparisons_paraphrase at 0. Nothing is awarded or deducted for handwriting, style, or spelling beyond what the key requires. An item the student did not attempt scores 0 for that item only. No structural cap is ever applied to an item-scored question.","","a. class Raju readsin | six
b. subjects he did well in | Banglu, English and Mathematu cs.
c. Marks he got in those subjects | 8, 9, 10 out of 10
d. subjects he did poorly in | ICT, Science and Religion
e. Marks he got in weak subjects in each. | getting only 6 munks","a. class Raju readsin | six
b. subjects he did well in | Banglu, English and Mathematu cs.
c. Marks he got in those subjects | 8, 9, 10 out of 10
d. subjects he did poorly in | ICT, Science and Religion
e. Marks he got in weak subjects in each. | getting only 6 munks","","4","ok","","0.9","0","0","0","0","0","0","False","False","","47","267","","","","","0","","","gemma-4-31b-it","gemini","extraction_prompt_c6_v1","f172ab06cd2b8256703c24aac7a3e69688981e106974ba6a4975feb8e0e852b6","{""thinking_level"": ""medium"", ""max_output_tokens"": 32768}","2026-09-17T04:01:02.269276+00:00"
"TF_005","SE_06_Q1","SE_06_Q1_0005","6","True_False","5","","","absent","Read the statements below. Write ‘True’ if the statement is correct and ‘False’ if it is incorrect. If false, write the correct answer. (1 x 5 = 5)
a. Raju thinks he cannot improve his weak subjects.
b. He got 6 marks out of 10 in Mathematics.
c. Raju got full marks in Mathematics.
d. Raju plans to work lesser next time.
e. His father scolded him for low marks.

READING PASSAGE (questions 5, 6 and 7):
Raju is a student of class six. Last week, his school held class tests in several subjects. Raju worked very hard to do well. He got 8 in Bangla, 9 in English, and 10 in Mathematics out of 10. His teachers praised him for his good marks. However, he could not do well in ICT, Science, and Religion, getting only 6 marks in each.
Raju felt a little sad about his low marks but promised to study harder next time. His father told him not to lose hope. His mother advised him to read ICT and Science regularly. Raju made a plan to give more time to those subjects. He was happy that he did very well in Bangla, English, and Math. Raju believes that with more practice, he can improve all his subjects.

ANSWER KEY (1 mark per item):
a. False — Raju believes that with more practice he can improve all his subjects.
b. False — he got 10 out of 10 in Mathematics; 6 was his mark in ICT, Science and Religion.
c. True
d. False — he promised to study harder and planned to give more time to his weak subjects.
e. False — his father told him not to lose hope.

A ‘False’ verdict with NO correction, or with a wrong correction, scores 0 for that item — the question requires both. The correction need not match the key's wording; any correction carrying the right fact is accepted.

MARKING NOTE: this question is ITEM-SCORED. Mark each lettered item against the key and put the SUM of the item marks in context_content_data, leaving structure_format_brevity, language_mechanics and originality_comparisons_paraphrase at 0. Nothing is awarded or deducted for handwriting, style, or spelling beyond what the key requires. An item the student did not attempt scores 0 for that item only. No structural cap is ever applied to an item-scored question.","","a. False. Raju thinks he improve his weak subjects.
b. False. He got 40 marks out of 40 in mathematics.
c. True.
d. false, Raju plans to give more time to those subjects.
e. false. His father told him not to lose hope for low marks.","a. False. Raju thinks he improve his weak subjects.
b. False. He got 40 marks out of 40 in mathematics.
c. True.
d. false, Raju plans to give more time to those subjects.
e. false. His father told him not to lose hope for low marks.","","4-5","ok","","0.95","0","0","0","0","0","0","False","False","","44","232","","","","","0","","","gemma-4-31b-it","gemini","extraction_prompt_c6_v1","f172ab06cd2b8256703c24aac7a3e69688981e106974ba6a4975feb8e0e852b6","{""thinking_level"": ""medium"", ""max_output_tokens"": 32768}","2026-09-17T04:01:02.269276+00:00"
"SUMMARY_005","SE_06_Q1","SE_06_Q1_0005","7","Summary","5","","","absent","Write a summary of the passage in your own words. (5)

TEXT TO BE SUMMARIZED (questions 5, 6 and 7):
Raju is a student of class six. Last week, his school held class tests in several subjects. Raju worked very hard to do well. He got 8 in Bangla, 9 in English, and 10 in Mathematics out of 10. His teachers praised him for his good marks. However, he could not do well in ICT, Science, and Religion, getting only 6 marks in each.
Raju felt a little sad about his low marks but promised to study harder next time. His father told him not to lose hope. His mother advised him to read ICT and Science regularly. Raju made a plan to give more time to those subjects. He was happy that he did very well in Bangla, English, and Math. Raju believes that with more practice, he can improve all his subjects.","Raju is a student of class six. Last week, his school held class tests in several subjects. Raju worked very hard to do well. He got 8 in Bangla, 9 in English, and 10 in Mathematics out of 10. His teachers praised him for his good marks. However, he could not do well in ICT, Science, and Religion, getting only 6 marks in each.
Raju felt a little sad about his low marks but promised to study harder next time. His father told him not to lose hope. His mother advised him to read ICT and Science regularly. Raju made a plan to give more time to those subjects. He was happy that he did very well in Bangla, English, and Math. Raju believes that with more practice, he can improve all his subjects.","Raju reads in class six. his tests in several subjects. he Raju worked very much. he good in Bangla, English and mathematics. And he bad in ICT, Science and Religion. his father and mathen motivated him. Raju believes he is much batten in the next time.","Raju reads in class six. his tests in several subjects. he Raju worked very much. he good in Bangla, English and mathematics. And he bad in ICT, Science and Religion. his father and mathen motivated him. Raju believes he is much batten in the next time.","","5","ok","","0.9","0","0","0","0","0","0","False","False","","46","253","129","0.3566","True","0.0","0","","","gemma-4-31b-it","gemini","extraction_prompt_c6_v1","f172ab06cd2b8256703c24aac7a3e69688981e106974ba6a4975feb8e0e852b6","{""thinking_level"": ""medium"", ""max_output_tokens"": 32768}","2026-09-17T04:01:02.269276+00:00"
"PREP_005","SE_06_Q1","SE_06_Q1_0005","8","Preposition_Use","5","","","absent","Use these prepositions in sentences of your own. (1 x 5 = 5)
a. bottom of, b. top of, c. through, d. along, e. across

ANSWER KEY (1 mark per item). There is no fixed answer: the student composes their own sentence for each preposition. Award the mark when the sentence (1) actually contains the given preposition, (2) uses it in a sense that is correct English, and (3) is a complete, intelligible sentence.

Model sentences, for reference only — a student sentence need not resemble them:
a. bottom of: The old box lay at the bottom of the river.
b. top of: A small flag was fixed on the top of the hill.
c. through: We walked through the forest before sunset.
d. along: They strolled along the river bank in the evening.
e. across: A wooden bridge runs across the canal.

Award 0 for an item where the preposition is missing, is used in a way that is not English (e.g. “He is bottom of happy”), or where nothing resembling a sentence was written. A minor spelling or article slip does NOT cost the mark — the item tests the preposition, not general accuracy.

MARKING NOTE: this question is ITEM-SCORED. Mark each lettered item against the key and put the SUM of the item marks in context_content_data, leaving structure_format_brevity, language_mechanics and originality_comparisons_paraphrase at 0. Nothing is awarded or deducted for handwriting, style, or spelling beyond what the key requires. An item the student did not attempt scores 0 for that item only. No structural cap is ever applied to an item-scored question.","","a. preposition
b. preposition
c. verb
d. adjective
e. adjective","a. preposition
b. preposition
c. verb
d. adjective
e. adjective","","6","ok","","0.95","0","0","0","0","0","0","False","False","","10","63","","","","","0","","","gemma-4-31b-it","gemini","extraction_prompt_c6_v1","f172ab06cd2b8256703c24aac7a3e69688981e106974ba6a4975feb8e0e852b6","{""thinking_level"": ""medium"", ""max_output_tokens"": 32768}","2026-09-17T04:01:02.269276+00:00"
"REARR_005","SE_06_Q1","SE_06_Q1_0005","9","Rearrange","8","","","absent","Put the following parts of the story in the correct order to make the whole story. Only the corresponding numbers of the sentences need to be written. (1 x 8 = 8)
a. She asked Bayazid to give her a glass of water, but he could not find any water in the pitcher.
b. Once Hazrat Bayazid Bustami came home to see his ailing mother.
c. But she again fell asleep.
d. So, he went to the well quite far from their house.
e. She woke up some hours later.
f. He filled the pitcher, came back and went to his mother with a glass of water.
g. As he was still standing by her bed, his mother drank the glass of water and blessed him from the core of heart.
h. He, instead of waking her up, stood by her bed with the glass of water in his hand.

ANSWER KEY — correct order (8 positions, 1 mark each):
1. b  (Once Hazrat Bayazid Bustami came home to see his ailing mother.)
2. a  (She asked Bayazid to give her a glass of water, but he could not find any water in the pitcher.)
3. d  (So, he went to the well quite far from their house.)
4. f  (He filled the pitcher, came back and went to his mother with a glass of water.)
5. c  (But she again fell asleep.)
6. h  (He, instead of waking her up, stood by her bed with the glass of water in his hand.)
7. e  (She woke up some hours later.)
8. g  (As he was still standing by her bed, his mother drank the glass of water and blessed him from the core of heart.)

Award 1 mark for each sentence the student places in its correct POSITION in the sequence above — a position-by-position comparison: b in slot 1 earns a mark, b anywhere else does not. The student may give the letters, the full sentences, or both; mark the order either way, and do not penalise copying slips inside the sentences.

MARKING NOTE: this question is ITEM-SCORED. Mark each lettered item against the key and put the SUM of the item marks in context_content_data, leaving structure_format_brevity, language_mechanics and originality_comparisons_paraphrase at 0. Nothing is awarded or deducted for handwriting, style, or spelling beyond what the key requires. An item the student did not attempt scores 0 for that item only. No structural cap is ever applied to an item-scored question.","","1. b
2. a
3. d
4. f
5. c
6. h
7. e
8. g","1. b
2. a
3. d
4. f
5. c
6. h
7. e
8. g","","6","ok","","0.95","0","0","0","0","0","0","False","False","","8","39","","","","","0","","","gemma-4-31b-it","gemini","extraction_prompt_c6_v1","f172ab06cd2b8256703c24aac7a3e69688981e106974ba6a4975feb8e0e852b6","{""thinking_level"": ""medium"", ""max_output_tokens"": 32768}","2026-09-17T04:01:02.269276+00:00"
"POEM_005","SE_06_Q1","SE_06_Q1_0005","10","Poem_Short_Answer","10","","","absent","Answer any five of the following questions from the poems in your text book. (2 x 5 = 10)
a. What does Robin say about autumn?
b. How is Robin a happy bird?
c. How is Robin a hopeful bird?
d. What reason does Robin give for singing during the winter?
e. What does Robin teach us in the poem?
f. Why does the playmate come only on a rainy day?
g. Why does the boy think the playmate lives in another land?
h. What does the Moon come there to do?

ANSWER KEY — INDICATIVE ONLY, 2 marks per answer. The poem texts are not supplied with this paper, so the notes below describe the expected substance rather than fixed wording. Items a–e concern the poem about Robin, a bird who goes on singing as autumn turns to winter; items f–h concern the poem about a boy and an imagined playmate who visits on rainy days.
a. That autumn is passing and the cold season is coming — leaves fall and the bright days are ending.
b. He sings cheerfully whatever the season, finding joy in small things rather than complaining of the cold.
c. He keeps singing through the bleak season because he trusts that spring and better days will return.
d. He sings in winter to keep up his own and others' spirits, and because he believes the hard season will pass.
e. To stay cheerful and hopeful in hard times instead of giving way to gloom.
f. Because the rain keeps the boy indoors and alone, so that is when he longs for and imagines his playmate.
g. Because the playmate is never seen among the people he knows and appears only in his imagination, so the boy supposes he must come from some distant, unknown land.
h. It comes to look in on the child and keep him company — to shine on him and share the night with him.

BECAUSE THE KEY IS INDICATIVE, mark generously on substance: award 2 for an answer that is clearly about the right poem and carries a sensible reading consistent with these notes, 1 for a partly relevant or very thin answer, and 0 for an answer about the wrong poem, one that merely repeats the question, or one left blank.

ANY FIVE answers count, and only five are marked: if the student answers more than five, mark the FIRST five attempted and ignore the rest; if fewer than five, the unanswered ones score 0. Put the sum of the five item marks (0–10) in context_content_data and leave the other three criteria at 0.","","h. the moon comest here to la[illegible]
g. the boy thinks and playmate lives in another land because. the playmate is his opposite site.
c. Robin is singing
u. Robin says about autumn there were many traits there.","h. the moon comest here to la[illegible]
g. the boy thinks and playmate lives in another land because. the playmate is his opposite site.
c. Robin is singing
u. Robin says about autumn there were many traits there.","","14","ok","","0.85","1","0","0","0","0","0","False","False","","38","214","","","","","0","","","gemma-4-31b-it","gemini","extraction_prompt_c6_v1","f172ab06cd2b8256703c24aac7a3e69688981e106974ba6a4975feb8e0e852b6","{""thinking_level"": ""medium"", ""max_output_tokens"": 32768}","2026-09-17T04:01:02.269276+00:00"
"STORY_005","SE_06_Q1","SE_06_Q1_0005","11","Story","10","","","absent","Part-B : Writing. Read the opening of a story below and complete it in at least ten new sentences. Give a suitable title to it. (10)
Once upon a time two friends went on a journey. They had to go through a forest on the way. As they came through the wood, they saw a bear approaching…………","","Once upon a time two friends went on a journey. They had to go through a forest on the way. As they came through the wood, they saw a bear approaching... one friend quimed a tree. One friend was afraid. he ~~acting~~ did the bear came and went away. his friend came und asked him what said you to the bear told you? He answer the bear me not to trust your frind he lift you in your harry time.","Once upon a time two friends went on a journey. They had to go through a forest on the way. As they came through the wood, they saw a bear approaching... one friend quimed a tree. One friend was afraid. he  did the bear came and went away. his friend came und asked him what said you to the bear told you? He answer the bear me not to trust your frind he lift you in your harry time.","A friend in need A friend indeed","7-8","ok","","0.85","0","0","0","1","0","0","False","False","","79","383","","","","","0","","","gemma-4-31b-it","gemini","extraction_prompt_c6_v1","f172ab06cd2b8256703c24aac7a3e69688981e106974ba6a4975feb8e0e852b6","{""thinking_level"": ""medium"", ""max_output_tokens"": 32768}","2026-09-17T04:01:02.269276+00:00"
"PARA_005","SE_06_Q1","SE_06_Q1_0005","12","Paragraph","10","","","absent","Write a paragraph in 120 words. ""A Rickshaw-Puller"" (10)","","A Rickshaw puller is a man who pullers rickshaw for his living. Rickshaw puller is a commons in Bangladesh. They live in small hut. they wuke up very morning. They wake up and go to work. They wite wate for man and woman. the take man and woman one Place to another place. they rant a rickshow for a rickshow owner. The yll work until might. They pay rant at night. they ~~took~~ take student, Engineer, doctor and worker in her harry time. They help us very much. hes family cannot eat good food and good wene. hcs family eat vegetabol and rice. We hepl ous every work are important.

Rickshaw Puller is a head worker. They are very good mon.","A Rickshaw puller is a man who pullers rickshaw for his living. Rickshaw puller is a commons in Bangladesh. They live in small hut. they wuke up very morning. They wake up and go to work. They wite wate for man and woman. the take man and woman one Place to another place. they rant a rickshow for a rickshow owner. The yll work until might. They pay rant at night. they  take student, Engineer, doctor and worker in her harry time. They help us very much. hes family cannot eat good food and good wene. hcs family eat vegetabol and rice. We hepl ous every work are important.

Rickshaw Puller is a head worker. They are very good mon.","A Rickshaw-Puller","9-10","ok","","0.9","0","0","0","1","0","0","False","False","","120","635","","","","","1","","","gemma-4-31b-it","gemini","extraction_prompt_c6_v1","f172ab06cd2b8256703c24aac7a3e69688981e106974ba6a4975feb8e0e852b6","{""thinking_level"": ""medium"", ""max_output_tokens"": 32768}","2026-09-17T04:01:02.269276+00:00"
"DIALOG_005","SE_06_Q1","SE_06_Q1_0005","13","Dialogue","10","","","absent","You are Shahid and you have been suffering from fever along with some Covid-19 symptoms for a week. Now, you are at the chamber of a doctor. Write a dialogue between you and the doctor. (10)","","Write a dialogue between you and the doctor.
Shanid : Hello doctor. How are you?
doctor : Hi, I am fine and you?
Shanid : I am not fine. I have been suffering from fever.
doctor : Oh. very bad
Shanid : I am filing very bad
doctor : your family member have some?
Shanid : my fothaer and my sister suffering fever.
doctor : You we test covid-19
Shanid : Oh bat I have been suffering from some covid -19 symetoms for a week..
doctor : Th. You and go and family go to covid-19 center give a sample to thest.
shanhid : OK, doctor.
doctor : You will have reports you will come back
shanhid : Thank you doctor.
doctor : welcome See you later.
Shamid : bay bay b.y
Shahit : sey you ..","Write a dialogue between you and the doctor.
Shanid : Hello doctor. How are you?
doctor : Hi, I am fine and you?
Shanid : I am not fine. I have been suffering from fever.
doctor : Oh. very bad
Shanid : I am filing very bad
doctor : your family member have some?
Shanid : my fothaer and my sister suffering fever.
doctor : You we test covid-19
Shanid : Oh bat I have been suffering from some covid -19 symetoms for a week..
doctor : Th. You and go and family go to covid-19 center give a sample to thest.
shanhid : OK, doctor.
doctor : You will have reports you will come back
shanhid : Thank you doctor.
doctor : welcome See you later.
Shamid : bay bay b.y
Shahit : sey you ..","","11-13","ok","","0.9","0","0","0","0","0","0","False","False","","120","676","","","","","0","","","gemma-4-31b-it","gemini","extraction_prompt_c6_v1","f172ab06cd2b8256703c24aac7a3e69688981e106974ba6a4975feb8e0e852b6","{""thinking_level"": ""medium"", ""max_output_tokens"": 32768}","2026-09-17T04:01:02.269276+00:00"
"MCQ_006","SE_06_Q1","SE_06_Q1_0006","1","MCQ","7","","","absent","Read the text and answer question 1: Choose the best answer from the alternatives. (1 x 7 = 7)
a. On the 16th of December of the same year, the 26 March declaration of independence became a reality. Here the meaning of the word reality is — i. experience  ii. certainty  iii. virtuality  iv. actuality
b. To every Bangladeshi the 16th December is a day of — i. self analysis  ii. sorrows and sufferings  iii. self questioning  iv. pride and joy
c. We pay our deep respect to the martyrs who gave their lives for the independence of Bangladesh. Here respect means — i. neglect  ii. honour  iii. favour  iv. dignity
d. We, the Bangalees celebrate our Victory Day by remembering the roles played by our fearless freedom fighters and the people at large. Which of the following words has a similar meaning of fearless? i. curious  ii. courageous  iii. fearful  iv. rebillion
e. This is why December 16 is our Victory Day when the Pakistan army surrendered unconditionally. What does surrendered mean here? i. defended  ii. submitted  iii. captured  iv. with stood
f. To build up our nation as a prosperous country we have to work — i. individually  ii. separately  iii. independently  iv. unitedly
g. 1971 is the year of our — i. Liberation War  ii. Independence  iii. Victory day  iv. all of i, ii & iii

READING PASSAGE (questions 1 and 2):
December 16 is a remarkable day for Bangladeshi people. On this day in 1971. Bangladesh got independence after a nine-month-long blood-soaked battle against the Pakistani army. It is a day of national pride as well as a day of commemorating the sacrifices of the millions of Bangladeshi people. Pakistani army killed three million people and assaulted thousands of women.
The Victory Day is celebrated with great enthusiasm across the country. The day begins with a 31-gun salute at dawn, followed by the hoisting of the national flag at government buildings and private institutions. Different political, cultural and educational programmes are organised to pay homage to the martyrs of the war. The entire nation celebrates the day with colourful flags, banners and parades.
The National Parade ground hosts a grand military parade where the president, the prime minister and dignitaries from government and non-government sectors join, The National Martyrs Memorial in Savar, our monument dedicated to the soldiers and civilians who lost their lives during the war, becomes a focal point for citizens to pay their respect. People from all walks of life gather to offer flowers, recite patriotic songs, and recall the sacrifices made by the nation's heroes.

ANSWER KEY (1 mark per item, no part marks):
a. iv. actuality
b. iv. pride and joy
c. ii. honour
d. ii. courageous
e. ii. submitted
f. iv. unitedly
g. iv. all of i, ii & iii

Accept the option written as the roman numeral alone (“iv”), as the option text alone (“actuality”), or as both. Misspelling a correctly chosen option does NOT cost the mark.

MARKING NOTE: this question is ITEM-SCORED. Mark each lettered item against the key and put the SUM of the item marks in context_content_data, leaving structure_format_brevity, language_mechanics and originality_comparisons_paraphrase at 0. Nothing is awarded or deducted for handwriting, style, or spelling beyond what the key requires. An item the student did not attempt scores 0 for that item only. No structural cap is ever applied to an item-scored question.","","a) (iv) actuality
b) (iv) pride and joy
c) i) courageous ii) honour
d) i) defended (ii) courageous
e) i) defended ii) submitted
f) iv) unitedly
g) iv) all of i, ii & iii","a) (iv) actuality
b) (iv) pride and joy
c) i) courageous ii) honour
d) i) defended (ii) courageous
e) i) defended ii) submitted
f) iv) unitedly
g) iv) all of i, ii & iii","","1","ok","","0.95","0","0","0","0","0","0","False","False","","33","169","","","","","0","","","gemma-4-31b-it","gemini","extraction_prompt_c6_v1","f172ab06cd2b8256703c24aac7a3e69688981e106974ba6a4975feb8e0e852b6","{""thinking_level"": ""medium"", ""max_output_tokens"": 32768}","2026-09-17T03:46:33.393672+00:00"
"SHORT_006","SE_06_Q1","SE_06_Q1_0006","2","Short_Answer","5","","","absent","Write short answers to the following questions. (1 x 5 = 5)
a. What happened during the war in 1971?
b. How do people celebrate Victory Day?
c. Why is the National Martyrs’ Memorial important?
d. What do people sing at the National Martyrs’ Memorial?
e. What does the 31-gun salute represent on Victory Day?

READING PASSAGE (questions 1 and 2):
December 16 is a remarkable day for Bangladeshi people. On this day in 1971. Bangladesh got independence after a nine-month-long blood-soaked battle against the Pakistani army. It is a day of national pride as well as a day of commemorating the sacrifices of the millions of Bangladeshi people. Pakistani army killed three million people and assaulted thousands of women.
The Victory Day is celebrated with great enthusiasm across the country. The day begins with a 31-gun salute at dawn, followed by the hoisting of the national flag at government buildings and private institutions. Different political, cultural and educational programmes are organised to pay homage to the martyrs of the war. The entire nation celebrates the day with colourful flags, banners and parades.
The National Parade ground hosts a grand military parade where the president, the prime minister and dignitaries from government and non-government sectors join, The National Martyrs Memorial in Savar, our monument dedicated to the soldiers and civilians who lost their lives during the war, becomes a focal point for citizens to pay their respect. People from all walks of life gather to offer flowers, recite patriotic songs, and recall the sacrifices made by the nation's heroes.

ANSWER KEY — indicative content, 1 mark per item (whole mark or nothing; there are no half marks on this question):
a. Bangladesh fought a nine-month-long battle against the Pakistani army, who killed three million people and assaulted thousands of women; the country won independence on 16 December 1971.
b. With a 31-gun salute at dawn, hoisting of the national flag, political, cultural and educational programmes, and parades with colourful flags and banners.
c. It is the monument dedicated to the soldiers and civilians who lost their lives during the war, and it becomes the focal point where citizens pay their respect.
d. Patriotic songs.
e. It marks the start of Victory Day at dawn and honours the martyrs and the nation's victory.

Wording need not match the key — award the mark for any answer carrying the same content, in the student's own words or lifted from the passage. Award 0 for a wrong, off-question or omitted answer.

MARKING NOTE: this question is ITEM-SCORED. Mark each lettered item against the key and put the SUM of the item marks in context_content_data, leaving structure_format_brevity, language_mechanics and originality_comparisons_paraphrase at 0. Nothing is awarded or deducted for handwriting, style, or spelling beyond what the key requires. An item the student did not attempt scores 0 for that item only. No structural cap is ever applied to an item-scored question.","","a) In 1971 Bangladesh got independence after a nine-month-long blood-soaked battle against the Pakistani ammy. During the war, they killed three million people.
b) People celebrate victory day with colourful plags, banners and parades.
c) The National Mantyns' Memorial is important because our monument dedicated to the soldiers and civilians who lost their live, becomes a focal point for citizens to pay their respect.
d) People sings recite patriotic songs at the National Mantyns' Memorial.
e) The 31-gun salute represent the day at dawn, ~~folle~~ followed by the hoisting of the national flag.","a) In 1971 Bangladesh got independence after a nine-month-long blood-soaked battle against the Pakistani ammy. During the war, they killed three million people.
b) People celebrate victory day with colourful plags, banners and parades.
c) The National Mantyns' Memorial is important because our monument dedicated to the soldiers and civilians who lost their live, becomes a focal point for citizens to pay their respect.
d) People sings recite patriotic songs at the National Mantyns' Memorial.
e) The 31-gun salute represent the day at dawn,  followed by the hoisting of the national flag.","","1-2","ok","","0.9","0","0","0","1","0","0","False","False","","94","591","","","","","0","","","gemma-4-31b-it","gemini","extraction_prompt_c6_v1","f172ab06cd2b8256703c24aac7a3e69688981e106974ba6a4975feb8e0e852b6","{""thinking_level"": ""medium"", ""max_output_tokens"": 32768}","2026-09-17T03:46:33.393672+00:00"
"GAP_006","SE_06_Q1","SE_06_Q1_0006","3","Gap_Fill","5","","","absent","Read the text and answer question 3: Complete the passage with suitable words. (1 x 5 = 5)
After finding the box Rajendra and Ravi (a) — about valuable stones. Then they (b) — to Jaipur. After showing the papers to the museum people, Uncle Santosh (c) — to know that the papers were valuable. He (d) — the papers to the museum for ten thousand rupees. Later, (e) — the news, the boy were happy.

READING PASSAGE (questions 3 and 4):
That night Ravi dreamt about gold coins and jewels. The next morning they packed everything into the jeep and went back to Jaipur, Uncle Santosh went to the museum to show his friend the papers. When he came back, he told the boys, ""Those papers were very valuable. The museum people bought them for ten thousand rupees."" The boys were delighted. When Ravi met his father and mother once again, he told them about his adventures and gave them Rs 50,000. Rajendra and Ravi never forgot the kind owl who helped them to find the old box.

ANSWER KEY (1 mark per gap). No clue words are supplied, so ANY word that fits the sentence grammatically and agrees with the passage is correct:
a. dreamt / dreamed / talked / thought
b. went back / returned / came back
c. was surprised / was glad / was happy / came
d. sold
e. hearing / on hearing / after hearing / getting

A word that fits the sense but is misspelled still earns the mark. A word of the wrong part of speech, or one that contradicts the passage, does not.

MARKING NOTE: this question is ITEM-SCORED. Mark each lettered item against the key and put the SUM of the item marks in context_content_data, leaving structure_format_brevity, language_mechanics and originality_comparisons_paraphrase at 0. Nothing is awarded or deducted for handwriting, style, or spelling beyond what the key requires. An item the student did not attempt scores 0 for that item only. No structural cap is ever applied to an item-scored question.","","a) found
b) went back
c) went to the museum
d) ~~gave~~ sold
e) hearing","a) found
b) went back
c) went to the museum
d)  sold
e) hearing","","2","ok","","1.0","0","0","0","1","0","0","False","False","","14","63","","","","","0","","","gemma-4-31b-it","gemini","extraction_prompt_c6_v1","f172ab06cd2b8256703c24aac7a3e69688981e106974ba6a4975feb8e0e852b6","{""thinking_level"": ""medium"", ""max_output_tokens"": 32768}","2026-09-17T03:46:33.393672+00:00"
"VOCAB_006","SE_06_Q1","SE_06_Q1_0006","4","Vocabulary","5","","","absent","Read the passage carefully and replace the following words with their suitable synonyms or antonyms. (1 x 5 = 5)
(a) Went back (antonym), (b) Museum (synonym), (c) Friend (synonym), (d) Show (antonym), (e) Bought (synonym)

READING PASSAGE (questions 3 and 4):
That night Ravi dreamt about gold coins and jewels. The next morning they packed everything into the jeep and went back to Jaipur, Uncle Santosh went to the museum to show his friend the papers. When he came back, he told the boys, ""Those papers were very valuable. The museum people bought them for ten thousand rupees."" The boys were delighted. When Ravi met his father and mother once again, he told them about his adventures and gave them Rs 50,000. Rajendra and Ravi never forgot the kind owl who helped them to find the old box.

ANSWER KEY (1 mark per item). Any correct word of the required relation is acceptable; the words below are indicative, not exhaustive:
a. Went back (Antonym): came / went forward / advanced / set out / left
b. Museum (Synonym): gallery / archive / repository / exhibition hall
c. Friend (Synonym): companion / mate / comrade / ally / pal
d. Show (Antonym): hide / conceal / cover
e. Bought (Synonym): purchased

Giving a synonym where an antonym was asked (or the reverse) scores 0 for that item. A correct word that is misspelled still earns the mark.

MARKING NOTE: this question is ITEM-SCORED. Mark each lettered item against the key and put the SUM of the item marks in context_content_data, leaving structure_format_brevity, language_mechanics and originality_comparisons_paraphrase at 0. Nothing is awarded or deducted for handwriting, style, or spelling beyond what the key requires. An item the student did not attempt scores 0 for that item only. No structural cap is ever applied to an item-scored question.","","Went back - X - came back
Museum - room - X
Friend - someone close, neighbour, two mate - X
Show - X - hide
Bought - bring - X","Went back - X - came back
Museum - room - X
Friend - someone close, neighbour, two mate - X
Show - X - hide
Bought - bring - X","","3","ok","","0.95","0","0","0","0","0","0","False","False","","21","126","","","","","0","","","gemma-4-31b-it","gemini","extraction_prompt_c6_v1","f172ab06cd2b8256703c24aac7a3e69688981e106974ba6a4975feb8e0e852b6","{""thinking_level"": ""medium"", ""max_output_tokens"": 32768}","2026-09-17T03:46:33.393672+00:00"
"TABLE_006","SE_06_Q1","SE_06_Q1_0006","5","Table_Completion","5","","","absent","Read the text and answer question 5: Complete the table with information from the passage. (1 x 5 = 5)
| Topic | Information from the passage |
| a. Class Raju reads in | (i) |
| b. Subjects he did well in | (ii) |
| c. Marks he got in those subjects | (iii) |
| d. Subjects he did poorly in | (iv) |
| e. Marks he got in weak subjects | (v) |

READING PASSAGE (questions 5, 6 and 7):
Raju is a student of class six. Last week, his school held class tests in several subjects. Raju worked very hard to do well. He got 8 in Bangla, 9 in English, and 10 in Mathematics out of 10. His teachers praised him for his good marks. However, he could not do well in ICT, Science, and Religion, getting only 6 marks in each.
Raju felt a little sad about his low marks but promised to study harder next time. His father told him not to lose hope. His mother advised him to read ICT and Science regularly. Raju made a plan to give more time to those subjects. He was happy that he did very well in Bangla, English, and Math. Raju believes that with more practice, he can improve all his subjects.

ANSWER KEY (1 mark per blank):
i. Class six
ii. Bangla, English and Mathematics
iii. 8 in Bangla, 9 in English and 10 in Mathematics (out of 10)
iv. ICT, Science and Religion
v. 6 marks in each

This question asks for information lifted from the passage, so copying the passage's wording is CORRECT here and must not be penalised. A partial but unambiguous answer (e.g. naming all three subjects in ii) earns the mark; an answer that names only some of the required items does not.

MARKING NOTE: this question is ITEM-SCORED. Mark each lettered item against the key and put the SUM of the item marks in context_content_data, leaving structure_format_brevity, language_mechanics and originality_comparisons_paraphrase at 0. Nothing is awarded or deducted for handwriting, style, or spelling beyond what the key requires. An item the student did not attempt scores 0 for that item only. No structural cap is ever applied to an item-scored question.","","i) Six
ii) Bangla, English, Mathematics
iii) Bangla 8 in Bangla, 9 in English, 10 in mathe matics
iv) Ict, Science and Religions
v) 6 marks in each.","i) Six
ii) Bangla, English, Mathematics
iii) Bangla 8 in Bangla, 9 in English, 10 in mathe matics
iv) Ict, Science and Religions
v) 6 marks in each.","","3","ok","","1.0","0","0","0","0","0","0","False","False","","24","148","","","","","0","","","gemma-4-31b-it","gemini","extraction_prompt_c6_v1","f172ab06cd2b8256703c24aac7a3e69688981e106974ba6a4975feb8e0e852b6","{""thinking_level"": ""medium"", ""max_output_tokens"": 32768}","2026-09-17T03:46:33.393672+00:00"
"TF_006","SE_06_Q1","SE_06_Q1_0006","6","True_False","5","","","absent","Read the statements below. Write ‘True’ if the statement is correct and ‘False’ if it is incorrect. If false, write the correct answer. (1 x 5 = 5)
a. Raju thinks he cannot improve his weak subjects.
b. He got 6 marks out of 10 in Mathematics.
c. Raju got full marks in Mathematics.
d. Raju plans to work lesser next time.
e. His father scolded him for low marks.

READING PASSAGE (questions 5, 6 and 7):
Raju is a student of class six. Last week, his school held class tests in several subjects. Raju worked very hard to do well. He got 8 in Bangla, 9 in English, and 10 in Mathematics out of 10. His teachers praised him for his good marks. However, he could not do well in ICT, Science, and Religion, getting only 6 marks in each.
Raju felt a little sad about his low marks but promised to study harder next time. His father told him not to lose hope. His mother advised him to read ICT and Science regularly. Raju made a plan to give more time to those subjects. He was happy that he did very well in Bangla, English, and Math. Raju believes that with more practice, he can improve all his subjects.

ANSWER KEY (1 mark per item):
a. False — Raju believes that with more practice he can improve all his subjects.
b. False — he got 10 out of 10 in Mathematics; 6 was his mark in ICT, Science and Religion.
c. True
d. False — he promised to study harder and planned to give more time to his weak subjects.
e. False — his father told him not to lose hope.

A ‘False’ verdict with NO correction, or with a wrong correction, scores 0 for that item — the question requires both. The correction need not match the key's wording; any correction carrying the right fact is accepted.

MARKING NOTE: this question is ITEM-SCORED. Mark each lettered item against the key and put the SUM of the item marks in context_content_data, leaving structure_format_brevity, language_mechanics and originality_comparisons_paraphrase at 0. Nothing is awarded or deducted for handwriting, style, or spelling beyond what the key requires. An item the student did not attempt scores 0 for that item only. No structural cap is ever applied to an item-scored question.","","a) False. = He can improve all his subjects,
b) False. = He got 10 markers out of 10 in Mathematics,
c) True
d) False. = Raju plans to work harden next time.
e) False. = His father told him to not lose hope.","a) False. = He can improve all his subjects,
b) False. = He got 10 markers out of 10 in Mathematics,
c) True
d) False. = Raju plans to work harden next time.
e) False. = His father told him to not lose hope.","","4","ok","","1.0","0","0","0","0","0","0","False","False","","38","207","","","","","0","","","gemma-4-31b-it","gemini","extraction_prompt_c6_v1","f172ab06cd2b8256703c24aac7a3e69688981e106974ba6a4975feb8e0e852b6","{""thinking_level"": ""medium"", ""max_output_tokens"": 32768}","2026-09-17T03:46:33.393672+00:00"
"SUMMARY_006","SE_06_Q1","SE_06_Q1_0006","7","Summary","5","","","absent","Write a summary of the passage in your own words. (5)

TEXT TO BE SUMMARIZED (questions 5, 6 and 7):
Raju is a student of class six. Last week, his school held class tests in several subjects. Raju worked very hard to do well. He got 8 in Bangla, 9 in English, and 10 in Mathematics out of 10. His teachers praised him for his good marks. However, he could not do well in ICT, Science, and Religion, getting only 6 marks in each.
Raju felt a little sad about his low marks but promised to study harder next time. His father told him not to lose hope. His mother advised him to read ICT and Science regularly. Raju made a plan to give more time to those subjects. He was happy that he did very well in Bangla, English, and Math. Raju believes that with more practice, he can improve all his subjects.","Raju is a student of class six. Last week, his school held class tests in several subjects. Raju worked very hard to do well. He got 8 in Bangla, 9 in English, and 10 in Mathematics out of 10. His teachers praised him for his good marks. However, he could not do well in ICT, Science, and Religion, getting only 6 marks in each.
Raju felt a little sad about his low marks but promised to study harder next time. His father told him not to lose hope. His mother advised him to read ICT and Science regularly. Raju made a plan to give more time to those subjects. He was happy that he did very well in Bangla, English, and Math. Raju believes that with more practice, he can improve all his subjects.","Raju is a student of class six. In last week, Raju's school was held class tests. He works so hand to do well. Raju got 8 in Bangla, 9 in English and 10 out of 10 in math. But he couldn't do well in Ict, science and Religion. He only get 6 manks in each. Raju get a bit sad. But he promised to do harden next time! And Raju believes that with pr more practice, he can improve all his subjects.","Raju is a student of class six. In last week, Raju's school was held class tests. He works so hand to do well. Raju got 8 in Bangla, 9 in English and 10 out of 10 in math. But he couldn't do well in Ict, science and Religion. He only get 6 manks in each. Raju get a bit sad. But he promised to do harden next time! And Raju believes that with pr more practice, he can improve all his subjects.","","4-5","ok","","0.9","0","0","0","0","0","0","False","False","","77","393","129","0.5969","True","0.378","0","","","gemma-4-31b-it","gemini","extraction_prompt_c6_v1","f172ab06cd2b8256703c24aac7a3e69688981e106974ba6a4975feb8e0e852b6","{""thinking_level"": ""medium"", ""max_output_tokens"": 32768}","2026-09-17T03:46:33.393672+00:00"
"PREP_006","SE_06_Q1","SE_06_Q1_0006","8","Preposition_Use","5","","","absent","Use these prepositions in sentences of your own. (1 x 5 = 5)
a. bottom of, b. top of, c. through, d. along, e. across

ANSWER KEY (1 mark per item). There is no fixed answer: the student composes their own sentence for each preposition. Award the mark when the sentence (1) actually contains the given preposition, (2) uses it in a sense that is correct English, and (3) is a complete, intelligible sentence.

Model sentences, for reference only — a student sentence need not resemble them:
a. bottom of: The old box lay at the bottom of the river.
b. top of: A small flag was fixed on the top of the hill.
c. through: We walked through the forest before sunset.
d. along: They strolled along the river bank in the evening.
e. across: A wooden bridge runs across the canal.

Award 0 for an item where the preposition is missing, is used in a way that is not English (e.g. “He is bottom of happy”), or where nothing resembling a sentence was written. A minor spelling or article slip does NOT cost the mark — the item tests the preposition, not general accuracy.

MARKING NOTE: this question is ITEM-SCORED. Mark each lettered item against the key and put the SUM of the item marks in context_content_data, leaving structure_format_brevity, language_mechanics and originality_comparisons_paraphrase at 0. Nothing is awarded or deducted for handwriting, style, or spelling beyond what the key requires. An item the student did not attempt scores 0 for that item only. No structural cap is ever applied to an item-scored question.","","a) Bottom of: The candys are at bottom of the jar.
b) Top of: The bind is top of the tree.
c) through: They saw him through the window.
d) along: Annob and Reyan going along to the park.
e) across: They are standing across the bus station.","a) Bottom of: The candys are at bottom of the jar.
b) Top of: The bind is top of the tree.
c) through: They saw him through the window.
d) along: Annob and Reyan going along to the park.
e) across: They are standing across the bus station.","","5","ok","","1.0","0","0","0","0","0","0","False","False","","48","239","","","","","0","","","gemma-4-31b-it","gemini","extraction_prompt_c6_v1","f172ab06cd2b8256703c24aac7a3e69688981e106974ba6a4975feb8e0e852b6","{""thinking_level"": ""medium"", ""max_output_tokens"": 32768}","2026-09-17T03:46:33.393672+00:00"
"REARR_006","SE_06_Q1","SE_06_Q1_0006","9","Rearrange","8","","","absent","Put the following parts of the story in the correct order to make the whole story. Only the corresponding numbers of the sentences need to be written. (1 x 8 = 8)
a. She asked Bayazid to give her a glass of water, but he could not find any water in the pitcher.
b. Once Hazrat Bayazid Bustami came home to see his ailing mother.
c. But she again fell asleep.
d. So, he went to the well quite far from their house.
e. She woke up some hours later.
f. He filled the pitcher, came back and went to his mother with a glass of water.
g. As he was still standing by her bed, his mother drank the glass of water and blessed him from the core of heart.
h. He, instead of waking her up, stood by her bed with the glass of water in his hand.

ANSWER KEY — correct order (8 positions, 1 mark each):
1. b  (Once Hazrat Bayazid Bustami came home to see his ailing mother.)
2. a  (She asked Bayazid to give her a glass of water, but he could not find any water in the pitcher.)
3. d  (So, he went to the well quite far from their house.)
4. f  (He filled the pitcher, came back and went to his mother with a glass of water.)
5. c  (But she again fell asleep.)
6. h  (He, instead of waking her up, stood by her bed with the glass of water in his hand.)
7. e  (She woke up some hours later.)
8. g  (As he was still standing by her bed, his mother drank the glass of water and blessed him from the core of heart.)

Award 1 mark for each sentence the student places in its correct POSITION in the sequence above — a position-by-position comparison: b in slot 1 earns a mark, b anywhere else does not. The student may give the letters, the full sentences, or both; mark the order either way, and do not penalise copying slips inside the sentences.

MARKING NOTE: this question is ITEM-SCORED. Mark each lettered item against the key and put the SUM of the item marks in context_content_data, leaving structure_format_brevity, language_mechanics and originality_comparisons_paraphrase at 0. Nothing is awarded or deducted for handwriting, style, or spelling beyond what the key requires. An item the student did not attempt scores 0 for that item only. No structural cap is ever applied to an item-scored question.","","1. b
2. a
3. d
4. f
5. c
6. h
7. e
8. g","1. b
2. a
3. d
4. f
5. c
6. h
7. e
8. g","","6","ok","","1.0","0","0","0","0","0","0","False","False","","8","39","","","","","0","","","gemma-4-31b-it","gemini","extraction_prompt_c6_v1","f172ab06cd2b8256703c24aac7a3e69688981e106974ba6a4975feb8e0e852b6","{""thinking_level"": ""medium"", ""max_output_tokens"": 32768}","2026-09-17T03:46:33.393672+00:00"
"POEM_006","SE_06_Q1","SE_06_Q1_0006","10","Poem_Short_Answer","10","","","absent","Answer any five of the following questions from the poems in your text book. (2 x 5 = 10)
a. What does Robin say about autumn?
b. How is Robin a happy bird?
c. How is Robin a hopeful bird?
d. What reason does Robin give for singing during the winter?
e. What does Robin teach us in the poem?
f. Why does the playmate come only on a rainy day?
g. Why does the boy think the playmate lives in another land?
h. What does the Moon come there to do?

ANSWER KEY — INDICATIVE ONLY, 2 marks per answer. The poem texts are not supplied with this paper, so the notes below describe the expected substance rather than fixed wording. Items a–e concern the poem about Robin, a bird who goes on singing as autumn turns to winter; items f–h concern the poem about a boy and an imagined playmate who visits on rainy days.
a. That autumn is passing and the cold season is coming — leaves fall and the bright days are ending.
b. He sings cheerfully whatever the season, finding joy in small things rather than complaining of the cold.
c. He keeps singing through the bleak season because he trusts that spring and better days will return.
d. He sings in winter to keep up his own and others' spirits, and because he believes the hard season will pass.
e. To stay cheerful and hopeful in hard times instead of giving way to gloom.
f. Because the rain keeps the boy indoors and alone, so that is when he longs for and imagines his playmate.
g. Because the playmate is never seen among the people he knows and appears only in his imagination, so the boy supposes he must come from some distant, unknown land.
h. It comes to look in on the child and keep him company — to shine on him and share the night with him.

BECAUSE THE KEY IS INDICATIVE, mark generously on substance: award 2 for an answer that is clearly about the right poem and carries a sensible reading consistent with these notes, 1 for a partly relevant or very thin answer, and 0 for an answer about the wrong poem, one that merely repeats the question, or one left blank.

ANY FIVE answers count, and only five are marked: if the student answers more than five, mark the FIRST five attempted and ignore the rest; if fewer than five, the unanswered ones score 0. Put the sum of the five item marks (0–10) in context_content_data and leave the other three criteria at 0.","","b) Robin is a happy bind because he can sing all the seasons. And Robin is a hopeful bind thats why Robin Is a happy bind.
c) Robin is a hope full bind because he hopes for spring,
f) The playmate come to play on a rainy day because the boy can't see the reflexion on normal day.
f) The boy thinks the play mate lives in another land because he can't speak. Even he is all opposite from the boy,
h) The moon come here to do beep.","b) Robin is a happy bind because he can sing all the seasons. And Robin is a hopeful bind thats why Robin Is a happy bind.
c) Robin is a hope full bind because he hopes for spring,
f) The playmate come to play on a rainy day because the boy can't see the reflexion on normal day.
f) The boy thinks the play mate lives in another land because he can't speak. Even he is all opposite from the boy,
h) The moon come here to do beep.","","6-7","ok","","0.95","0","0","0","0","0","0","False","False","","89","429","","","","","0","","","gemma-4-31b-it","gemini","extraction_prompt_c6_v1","f172ab06cd2b8256703c24aac7a3e69688981e106974ba6a4975feb8e0e852b6","{""thinking_level"": ""medium"", ""max_output_tokens"": 32768}","2026-09-17T03:46:33.393672+00:00"
"STORY_006","SE_06_Q1","SE_06_Q1_0006","11","Story","10","","","absent","Part-B : Writing. Read the opening of a story below and complete it in at least ten new sentences. Give a suitable title to it. (10)
Once upon a time two friends went on a journey. They had to go through a forest on the way. As they came through the wood, they saw a bear approaching…………","","Once upon a time two friends went to on a journney. They had to go through a forest on the way. As they came through the wood, they saw a bean approaching. Both of them became frightened. But suddenly one of them climbed up a tree. The other finding no other altennative, lay flat on his face without breathing. As soon as the bean came Up, put down its face to his head and smell him. Lay without breathing, the bean took him as dead. Then the bean go back. Seeing the bean go, the other one come down from the tree. He asked his friend "" What did the bean wispen into your ear?"" His friend replied, "" He gave me a piece of good advise.""

He said, "" what is it?""

His friend said what the bean told him, "" Never trust a friend who leaves you alone is danger.""","Once upon a time two friends went to on a journney. They had to go through a forest on the way. As they came through the wood, they saw a bean approaching. Both of them became frightened. But suddenly one of them climbed up a tree. The other finding no other altennative, lay flat on his face without breathing. As soon as the bean came Up, put down its face to his head and smell him. Lay without breathing, the bean took him as dead. Then the bean go back. Seeing the bean go, the other one come down from the tree. He asked his friend "" What did the bean wispen into your ear?"" His friend replied, "" He gave me a piece of good advise.""

He said, "" what is it?""

His friend said what the bean told him, "" Never trust a friend who leaves you alone is danger.""","A Friend is need a friend indeed","8-9","ok","","0.95","0","0","0","0","0","0","False","False","","148","760","","","","","2","","","gemma-4-31b-it","gemini","extraction_prompt_c6_v1","f172ab06cd2b8256703c24aac7a3e69688981e106974ba6a4975feb8e0e852b6","{""thinking_level"": ""medium"", ""max_output_tokens"": 32768}","2026-09-17T03:46:33.393672+00:00"
"PARA_006","SE_06_Q1","SE_06_Q1_0006","12","Paragraph","10","","","absent","Write a paragraph in 120 words. ""A Rickshaw-Puller"" (10)","","A rickshaw puller plays an important roles in our communication secton to carrying passengers one place to another. An illiterate, unskilled and unemployed man in our country choose rickshaw pulling as his profession. He pulls rickshaw and thus he earns his livelihood. A rickshaw pullan has no rickshaw of his own. He heins it from its owner. He works hand in the sun and nain both in good and bad weather.

He come out at streets early in the morning and works at the till of late night. He demands more in foul weather. His But sometimes his income is less than his demands. He leans a hand and misirnable life. He took his lunch from the cheap road stalls. If he can make sure a 2 squares meals for himself and his family, he become happy. He cannot provide education, food and medicine to his family. If he become ill, his family get in a tounble. He is so important to us. We have him in near our hand whenever we need him. We should give him due nespect. Our govennment should give him a small loans, basic education to plead a good life.","A rickshaw puller plays an important roles in our communication secton to carrying passengers one place to another. An illiterate, unskilled and unemployed man in our country choose rickshaw pulling as his profession. He pulls rickshaw and thus he earns his livelihood. A rickshaw pullan has no rickshaw of his own. He heins it from its owner. He works hand in the sun and nain both in good and bad weather.

He come out at streets early in the morning and works at the till of late night. He demands more in foul weather. His But sometimes his income is less than his demands. He leans a hand and misirnable life. He took his lunch from the cheap road stalls. If he can make sure a 2 squares meals for himself and his family, he become happy. He cannot provide education, food and medicine to his family. If he become ill, his family get in a tounble. He is so important to us. We have him in near our hand whenever we need him. We should give him due nespect. Our govennment should give him a small loans, basic education to plead a good life.","A Rickshaw - Pullen","10-11","ok","","0.9","0","0","0","0","0","0","False","False","","194","1045","","","","","1","","","gemma-4-31b-it","gemini","extraction_prompt_c6_v1","f172ab06cd2b8256703c24aac7a3e69688981e106974ba6a4975feb8e0e852b6","{""thinking_level"": ""medium"", ""max_output_tokens"": 32768}","2026-09-17T03:46:33.393672+00:00"
"DIALOG_006","SE_06_Q1","SE_06_Q1_0006","13","Dialogue","10","","","absent","You are Shahid and you have been suffering from fever along with some Covid-19 symptoms for a week. Now, you are at the chamber of a doctor. Write a dialogue between you and the doctor. (10)","","Shahid: Hello, Docton. Good evening.
Doctor: Hello, Shahid. Good evening, How ane you?
Shahid: I'm not too well. I've got sick for a week.
Docton: Alright. Do you have attacted by Flu?
Shahid: Yes. I am attnact by Flu. I have sown through cough.
Docton: Okay, Do you have a headache?
Shahid: Yes, I also have headache.
Docton: Do you have a runny nose ?
Doctor: These are symptoms of covid-19.
Doctor Shahid: What should I do now, docton?
Docton: You should test covid-19 as soon as possible,
Shahid: Ok, Sir. Am I need to take any medicine?
Docton: Yes, take some medicine as what I suggest. Take proper nest. You can also take tea for your cough.
Shahidi: okay, Docton. I will follow your indn introduction.
Doctor: Fine. Goodbye. See you later,
Shahid: Goodbye.","Shahid: Hello, Docton. Good evening.
Doctor: Hello, Shahid. Good evening, How ane you?
Shahid: I'm not too well. I've got sick for a week.
Docton: Alright. Do you have attacted by Flu?
Shahid: Yes. I am attnact by Flu. I have sown through cough.
Docton: Okay, Do you have a headache?
Shahid: Yes, I also have headache.
Docton: Do you have a runny nose ?
Doctor: These are symptoms of covid-19.
Doctor Shahid: What should I do now, docton?
Docton: You should test covid-19 as soon as possible,
Shahid: Ok, Sir. Am I need to take any medicine?
Docton: Yes, take some medicine as what I suggest. Take proper nest. You can also take tea for your cough.
Shahidi: okay, Docton. I will follow your indn introduction.
Doctor: Fine. Goodbye. See you later,
Shahid: Goodbye.","","12-13","ok","","0.9","0","0","0","0","0","0","False","False","","134","764","","","","","0","","","gemma-4-31b-it","gemini","extraction_prompt_c6_v1","f172ab06cd2b8256703c24aac7a3e69688981e106974ba6a4975feb8e0e852b6","{""thinking_level"": ""medium"", ""max_output_tokens"": 32768}","2026-09-17T03:46:33.393672+00:00"
"MCQ_007","SE_06_Q1","SE_06_Q1_0007","1","MCQ","7","","","absent","Read the text and answer question 1: Choose the best answer from the alternatives. (1 x 7 = 7)
a. On the 16th of December of the same year, the 26 March declaration of independence became a reality. Here the meaning of the word reality is — i. experience  ii. certainty  iii. virtuality  iv. actuality
b. To every Bangladeshi the 16th December is a day of — i. self analysis  ii. sorrows and sufferings  iii. self questioning  iv. pride and joy
c. We pay our deep respect to the martyrs who gave their lives for the independence of Bangladesh. Here respect means — i. neglect  ii. honour  iii. favour  iv. dignity
d. We, the Bangalees celebrate our Victory Day by remembering the roles played by our fearless freedom fighters and the people at large. Which of the following words has a similar meaning of fearless? i. curious  ii. courageous  iii. fearful  iv. rebillion
e. This is why December 16 is our Victory Day when the Pakistan army surrendered unconditionally. What does surrendered mean here? i. defended  ii. submitted  iii. captured  iv. with stood
f. To build up our nation as a prosperous country we have to work — i. individually  ii. separately  iii. independently  iv. unitedly
g. 1971 is the year of our — i. Liberation War  ii. Independence  iii. Victory day  iv. all of i, ii & iii

READING PASSAGE (questions 1 and 2):
December 16 is a remarkable day for Bangladeshi people. On this day in 1971. Bangladesh got independence after a nine-month-long blood-soaked battle against the Pakistani army. It is a day of national pride as well as a day of commemorating the sacrifices of the millions of Bangladeshi people. Pakistani army killed three million people and assaulted thousands of women.
The Victory Day is celebrated with great enthusiasm across the country. The day begins with a 31-gun salute at dawn, followed by the hoisting of the national flag at government buildings and private institutions. Different political, cultural and educational programmes are organised to pay homage to the martyrs of the war. The entire nation celebrates the day with colourful flags, banners and parades.
The National Parade ground hosts a grand military parade where the president, the prime minister and dignitaries from government and non-government sectors join, The National Martyrs Memorial in Savar, our monument dedicated to the soldiers and civilians who lost their lives during the war, becomes a focal point for citizens to pay their respect. People from all walks of life gather to offer flowers, recite patriotic songs, and recall the sacrifices made by the nation's heroes.

ANSWER KEY (1 mark per item, no part marks):
a. iv. actuality
b. iv. pride and joy
c. ii. honour
d. ii. courageous
e. ii. submitted
f. iv. unitedly
g. iv. all of i, ii & iii

Accept the option written as the roman numeral alone (“iv”), as the option text alone (“actuality”), or as both. Misspelling a correctly chosen option does NOT cost the mark.

MARKING NOTE: this question is ITEM-SCORED. Mark each lettered item against the key and put the SUM of the item marks in context_content_data, leaving structure_format_brevity, language_mechanics and originality_comparisons_paraphrase at 0. Nothing is awarded or deducted for handwriting, style, or spelling beyond what the key requires. An item the student did not attempt scores 0 for that item only. No structural cap is ever applied to an item-scored question.","","a. iv. actuality.
b. iv. pride and joy
c. ii. honour
d. ~~ix.~~ rebellion i. curious.
e. ~~i.~~ debended
f. ii. sepanatly
g. ii. Independence.","a. iv. actuality.
b. iv. pride and joy
c. ii. honour
d.  rebellion i. curious.
e.  debended
f. ii. sepanatly
g. ii. Independence.","","1","ok","","0.95","0","0","0","2","0","0","False","False","","23","129","","","","","0","","","gemma-4-31b-it","gemini","extraction_prompt_c6_v1","f172ab06cd2b8256703c24aac7a3e69688981e106974ba6a4975feb8e0e852b6","{""thinking_level"": ""medium"", ""max_output_tokens"": 32768}","2026-09-17T03:55:27.227980+00:00"
"SHORT_007","SE_06_Q1","SE_06_Q1_0007","2","Short_Answer","5","","","absent","Write short answers to the following questions. (1 x 5 = 5)
a. What happened during the war in 1971?
b. How do people celebrate Victory Day?
c. Why is the National Martyrs’ Memorial important?
d. What do people sing at the National Martyrs’ Memorial?
e. What does the 31-gun salute represent on Victory Day?

READING PASSAGE (questions 1 and 2):
December 16 is a remarkable day for Bangladeshi people. On this day in 1971. Bangladesh got independence after a nine-month-long blood-soaked battle against the Pakistani army. It is a day of national pride as well as a day of commemorating the sacrifices of the millions of Bangladeshi people. Pakistani army killed three million people and assaulted thousands of women.
The Victory Day is celebrated with great enthusiasm across the country. The day begins with a 31-gun salute at dawn, followed by the hoisting of the national flag at government buildings and private institutions. Different political, cultural and educational programmes are organised to pay homage to the martyrs of the war. The entire nation celebrates the day with colourful flags, banners and parades.
The National Parade ground hosts a grand military parade where the president, the prime minister and dignitaries from government and non-government sectors join, The National Martyrs Memorial in Savar, our monument dedicated to the soldiers and civilians who lost their lives during the war, becomes a focal point for citizens to pay their respect. People from all walks of life gather to offer flowers, recite patriotic songs, and recall the sacrifices made by the nation's heroes.

ANSWER KEY — indicative content, 1 mark per item (whole mark or nothing; there are no half marks on this question):
a. Bangladesh fought a nine-month-long battle against the Pakistani army, who killed three million people and assaulted thousands of women; the country won independence on 16 December 1971.
b. With a 31-gun salute at dawn, hoisting of the national flag, political, cultural and educational programmes, and parades with colourful flags and banners.
c. It is the monument dedicated to the soldiers and civilians who lost their lives during the war, and it becomes the focal point where citizens pay their respect.
d. Patriotic songs.
e. It marks the start of Victory Day at dawn and honours the martyrs and the nation's victory.

Wording need not match the key — award the mark for any answer carrying the same content, in the student's own words or lifted from the passage. Award 0 for a wrong, off-question or omitted answer.

MARKING NOTE: this question is ITEM-SCORED. Mark each lettered item against the key and put the SUM of the item marks in context_content_data, leaving structure_format_brevity, language_mechanics and originality_comparisons_paraphrase at 0. Nothing is awarded or deducted for handwriting, style, or spelling beyond what the key requires. An item the student did not attempt scores 0 for that item only. No structural cap is ever applied to an item-scored question.","","a. ans: During the war in 1971, ~~a~~ Pakistani army killed three million people and assoulted thousands of woman.

b. ans: The victory Day is celebrated with great enthusiasm across the country. ~~The ent~~ Different political, cultural and educational programmes are organised to pay homage to. The martyrs of the war. The entire nation celebrates the day with colounbul flags, bannan and parades.

c. ans: The National Martyrs Memorial in Savan our monnumnet dedicated to the soldiers and civilians who lost thein lives during the, becomes a local point for citizens to pay their respect.

d. ans: People from all walks of life gathen to offer flowers, recite patriotic songs, and recall the saecribices made by the nation's heroes.

e. ans: 31- gun salute at dawn, followed by the hoisting of the national blag at govemmment buildings at and private institutions.","a. ans: During the war in 1971,  Pakistani army killed three million people and assoulted thousands of woman.

b. ans: The victory Day is celebrated with great enthusiasm across the country.  Different political, cultural and educational programmes are organised to pay homage to. The martyrs of the war. The entire nation celebrates the day with colounbul flags, bannan and parades.

c. ans: The National Martyrs Memorial in Savan our monnumnet dedicated to the soldiers and civilians who lost thein lives during the, becomes a local point for citizens to pay their respect.

d. ans: People from all walks of life gathen to offer flowers, recite patriotic songs, and recall the saecribices made by the nation's heroes.

e. ans: 31- gun salute at dawn, followed by the hoisting of the national blag at govemmment buildings at and private institutions.","","1-2","ok","","0.95","0","0","0","2","0","0","False","False","","136","851","","","","","4","","","gemma-4-31b-it","gemini","extraction_prompt_c6_v1","f172ab06cd2b8256703c24aac7a3e69688981e106974ba6a4975feb8e0e852b6","{""thinking_level"": ""medium"", ""max_output_tokens"": 32768}","2026-09-17T03:55:27.227980+00:00"
"GAP_007","SE_06_Q1","SE_06_Q1_0007","3","Gap_Fill","5","","","absent","Read the text and answer question 3: Complete the passage with suitable words. (1 x 5 = 5)
After finding the box Rajendra and Ravi (a) — about valuable stones. Then they (b) — to Jaipur. After showing the papers to the museum people, Uncle Santosh (c) — to know that the papers were valuable. He (d) — the papers to the museum for ten thousand rupees. Later, (e) — the news, the boy were happy.

READING PASSAGE (questions 3 and 4):
That night Ravi dreamt about gold coins and jewels. The next morning they packed everything into the jeep and went back to Jaipur, Uncle Santosh went to the museum to show his friend the papers. When he came back, he told the boys, ""Those papers were very valuable. The museum people bought them for ten thousand rupees."" The boys were delighted. When Ravi met his father and mother once again, he told them about his adventures and gave them Rs 50,000. Rajendra and Ravi never forgot the kind owl who helped them to find the old box.

ANSWER KEY (1 mark per gap). No clue words are supplied, so ANY word that fits the sentence grammatically and agrees with the passage is correct:
a. dreamt / dreamed / talked / thought
b. went back / returned / came back
c. was surprised / was glad / was happy / came
d. sold
e. hearing / on hearing / after hearing / getting

A word that fits the sense but is misspelled still earns the mark. A word of the wrong part of speech, or one that contradicts the passage, does not.

MARKING NOTE: this question is ITEM-SCORED. Mark each lettered item against the key and put the SUM of the item marks in context_content_data, leaving structure_format_brevity, language_mechanics and originality_comparisons_paraphrase at 0. Nothing is awarded or deducted for handwriting, style, or spelling beyond what the key requires. An item the student did not attempt scores 0 for that item only. No structural cap is ever applied to an item-scored question.","","a. realized
b. went back
c. You have
d. sold
e. that","a. realized
b. went back
c. You have
d. sold
e. that","","2","ok","","1.0","0","0","0","0","0","0","False","False","","12","52","","","","","0","","","gemma-4-31b-it","gemini","extraction_prompt_c6_v1","f172ab06cd2b8256703c24aac7a3e69688981e106974ba6a4975feb8e0e852b6","{""thinking_level"": ""medium"", ""max_output_tokens"": 32768}","2026-09-17T03:55:27.227980+00:00"
"VOCAB_007","SE_06_Q1","SE_06_Q1_0007","4","Vocabulary","5","","","absent","Read the passage carefully and replace the following words with their suitable synonyms or antonyms. (1 x 5 = 5)
(a) Went back (antonym), (b) Museum (synonym), (c) Friend (synonym), (d) Show (antonym), (e) Bought (synonym)

READING PASSAGE (questions 3 and 4):
That night Ravi dreamt about gold coins and jewels. The next morning they packed everything into the jeep and went back to Jaipur, Uncle Santosh went to the museum to show his friend the papers. When he came back, he told the boys, ""Those papers were very valuable. The museum people bought them for ten thousand rupees."" The boys were delighted. When Ravi met his father and mother once again, he told them about his adventures and gave them Rs 50,000. Rajendra and Ravi never forgot the kind owl who helped them to find the old box.

ANSWER KEY (1 mark per item). Any correct word of the required relation is acceptable; the words below are indicative, not exhaustive:
a. Went back (Antonym): came / went forward / advanced / set out / left
b. Museum (Synonym): gallery / archive / repository / exhibition hall
c. Friend (Synonym): companion / mate / comrade / ally / pal
d. Show (Antonym): hide / conceal / cover
e. Bought (Synonym): purchased

Giving a synonym where an antonym was asked (or the reverse) scores 0 for that item. A correct word that is misspelled still earns the mark.

MARKING NOTE: this question is ITEM-SCORED. Mark each lettered item against the key and put the SUM of the item marks in context_content_data, leaving structure_format_brevity, language_mechanics and originality_comparisons_paraphrase at 0. Nothing is awarded or deducted for handwriting, style, or spelling beyond what the key requires. An item the student did not attempt scores 0 for that item only. No structural cap is ever applied to an item-scored question.","","a. Went back (ant) $\rightarrow$ Come Onword
b. Museum (syn) $\rightarrow$ Libary
c. Friend (syn) $\rightarrow$ Mate
d. show(ant) $\rightarrow$ hide
e. Bought(syn) $\rightarrow$ Buy","a. Went back (ant) $\rightarrow$ Come Onword
b. Museum (syn) $\rightarrow$ Libary
c. Friend (syn) $\rightarrow$ Mate
d. show(ant) $\rightarrow$ hide
e. Bought(syn) $\rightarrow$ Buy","","3","ok","","0.95","0","0","0","0","0","0","False","False","","27","181","","","","","0","","","gemma-4-31b-it","gemini","extraction_prompt_c6_v1","f172ab06cd2b8256703c24aac7a3e69688981e106974ba6a4975feb8e0e852b6","{""thinking_level"": ""medium"", ""max_output_tokens"": 32768}","2026-09-17T03:55:27.227980+00:00"
"TABLE_007","SE_06_Q1","SE_06_Q1_0007","5","Table_Completion","5","","","absent","Read the text and answer question 5: Complete the table with information from the passage. (1 x 5 = 5)
| Topic | Information from the passage |
| a. Class Raju reads in | (i) |
| b. Subjects he did well in | (ii) |
| c. Marks he got in those subjects | (iii) |
| d. Subjects he did poorly in | (iv) |
| e. Marks he got in weak subjects | (v) |

READING PASSAGE (questions 5, 6 and 7):
Raju is a student of class six. Last week, his school held class tests in several subjects. Raju worked very hard to do well. He got 8 in Bangla, 9 in English, and 10 in Mathematics out of 10. His teachers praised him for his good marks. However, he could not do well in ICT, Science, and Religion, getting only 6 marks in each.
Raju felt a little sad about his low marks but promised to study harder next time. His father told him not to lose hope. His mother advised him to read ICT and Science regularly. Raju made a plan to give more time to those subjects. He was happy that he did very well in Bangla, English, and Math. Raju believes that with more practice, he can improve all his subjects.

ANSWER KEY (1 mark per blank):
i. Class six
ii. Bangla, English and Mathematics
iii. 8 in Bangla, 9 in English and 10 in Mathematics (out of 10)
iv. ICT, Science and Religion
v. 6 marks in each

This question asks for information lifted from the passage, so copying the passage's wording is CORRECT here and must not be penalised. A partial but unambiguous answer (e.g. naming all three subjects in ii) earns the mark; an answer that names only some of the required items does not.

MARKING NOTE: this question is ITEM-SCORED. Mark each lettered item against the key and put the SUM of the item marks in context_content_data, leaving structure_format_brevity, language_mechanics and originality_comparisons_paraphrase at 0. Nothing is awarded or deducted for handwriting, style, or spelling beyond what the key requires. An item the student did not attempt scores 0 for that item only. No structural cap is ever applied to an item-scored question.","","i. class size
ii. Banla, English, Mathematics
iii. 8, 9, 10
iv. ICT, Science, Religion
v. 6 in each.","i. class size
ii. Banla, English, Mathematics
iii. 8, 9, 10
iv. ICT, Science, Religion
v. 6 in each.","","3","ok","","1.0","0","0","0","0","0","0","False","False","","15","100","","","","","0","","","gemma-4-31b-it","gemini","extraction_prompt_c6_v1","f172ab06cd2b8256703c24aac7a3e69688981e106974ba6a4975feb8e0e852b6","{""thinking_level"": ""medium"", ""max_output_tokens"": 32768}","2026-09-17T03:55:27.227980+00:00"
"TF_007","SE_06_Q1","SE_06_Q1_0007","6","True_False","5","","","absent","Read the statements below. Write ‘True’ if the statement is correct and ‘False’ if it is incorrect. If false, write the correct answer. (1 x 5 = 5)
a. Raju thinks he cannot improve his weak subjects.
b. He got 6 marks out of 10 in Mathematics.
c. Raju got full marks in Mathematics.
d. Raju plans to work lesser next time.
e. His father scolded him for low marks.

READING PASSAGE (questions 5, 6 and 7):
Raju is a student of class six. Last week, his school held class tests in several subjects. Raju worked very hard to do well. He got 8 in Bangla, 9 in English, and 10 in Mathematics out of 10. His teachers praised him for his good marks. However, he could not do well in ICT, Science, and Religion, getting only 6 marks in each.
Raju felt a little sad about his low marks but promised to study harder next time. His father told him not to lose hope. His mother advised him to read ICT and Science regularly. Raju made a plan to give more time to those subjects. He was happy that he did very well in Bangla, English, and Math. Raju believes that with more practice, he can improve all his subjects.

ANSWER KEY (1 mark per item):
a. False — Raju believes that with more practice he can improve all his subjects.
b. False — he got 10 out of 10 in Mathematics; 6 was his mark in ICT, Science and Religion.
c. True
d. False — he promised to study harder and planned to give more time to his weak subjects.
e. False — his father told him not to lose hope.

A ‘False’ verdict with NO correction, or with a wrong correction, scores 0 for that item — the question requires both. The correction need not match the key's wording; any correction carrying the right fact is accepted.

MARKING NOTE: this question is ITEM-SCORED. Mark each lettered item against the key and put the SUM of the item marks in context_content_data, leaving structure_format_brevity, language_mechanics and originality_comparisons_paraphrase at 0. Nothing is awarded or deducted for handwriting, style, or spelling beyond what the key requires. An item the student did not attempt scores 0 for that item only. No structural cap is ever applied to an item-scored question.","","a. False. Raju thinks he can improve his weak subject.
b. False. Raju got 10 out of 10 in Mathematics.
c. True.
d. False. Raju plans to work handelen in next time.
e. False. His bathen told him not to lose hope.","a. False. Raju thinks he can improve his weak subject.
b. False. Raju got 10 out of 10 in Mathematics.
c. True.
d. False. Raju plans to work handelen in next time.
e. False. His bathen told him not to lose hope.","","3-4","ok","","0.95","0","0","0","0","0","0","False","False","","40","211","","","","","0","","","gemma-4-31b-it","gemini","extraction_prompt_c6_v1","f172ab06cd2b8256703c24aac7a3e69688981e106974ba6a4975feb8e0e852b6","{""thinking_level"": ""medium"", ""max_output_tokens"": 32768}","2026-09-17T03:55:27.227980+00:00"
"SUMMARY_007","SE_06_Q1","SE_06_Q1_0007","7","Summary","5","","","absent","Write a summary of the passage in your own words. (5)

TEXT TO BE SUMMARIZED (questions 5, 6 and 7):
Raju is a student of class six. Last week, his school held class tests in several subjects. Raju worked very hard to do well. He got 8 in Bangla, 9 in English, and 10 in Mathematics out of 10. His teachers praised him for his good marks. However, he could not do well in ICT, Science, and Religion, getting only 6 marks in each.
Raju felt a little sad about his low marks but promised to study harder next time. His father told him not to lose hope. His mother advised him to read ICT and Science regularly. Raju made a plan to give more time to those subjects. He was happy that he did very well in Bangla, English, and Math. Raju believes that with more practice, he can improve all his subjects.","Raju is a student of class six. Last week, his school held class tests in several subjects. Raju worked very hard to do well. He got 8 in Bangla, 9 in English, and 10 in Mathematics out of 10. His teachers praised him for his good marks. However, he could not do well in ICT, Science, and Religion, getting only 6 marks in each.
Raju felt a little sad about his low marks but promised to study harder next time. His father told him not to lose hope. His mother advised him to read ICT and Science regularly. Raju made a plan to give more time to those subjects. He was happy that he did very well in Bangla, English, and Math. Raju believes that with more practice, he can improve all his subjects.","Raju is a student of class six. Last weeks, his school held classtests in several subjects. He worked very hard to do well. He got good marks in Banla, English, Mathematics. But he couldn't do well in ICT, Science, Religion. He got 6 in each. He was a little sad but he promised to do well. His bathen said don't lose hope. He ~~pr~~ b elieves that with more practise, he will do well. he can improve all his subjects.","Raju is a student of class six. Last weeks, his school held classtests in several subjects. He worked very hard to do well. He got good marks in Banla, English, Mathematics. But he couldn't do well in ICT, Science, Religion. He got 6 in each. He was a little sad but he promised to do well. His bathen said don't lose hope. He  b elieves that with more practise, he will do well. he can improve all his subjects.","","4","ok","","0.95","0","0","0","1","0","0","False","False","","78","412","129","0.6047","True","0.2025","0","","","gemma-4-31b-it","gemini","extraction_prompt_c6_v1","f172ab06cd2b8256703c24aac7a3e69688981e106974ba6a4975feb8e0e852b6","{""thinking_level"": ""medium"", ""max_output_tokens"": 32768}","2026-09-17T03:55:27.227980+00:00"
"PREP_007","SE_06_Q1","SE_06_Q1_0007","8","Preposition_Use","5","","","absent","Use these prepositions in sentences of your own. (1 x 5 = 5)
a. bottom of, b. top of, c. through, d. along, e. across

ANSWER KEY (1 mark per item). There is no fixed answer: the student composes their own sentence for each preposition. Award the mark when the sentence (1) actually contains the given preposition, (2) uses it in a sense that is correct English, and (3) is a complete, intelligible sentence.

Model sentences, for reference only — a student sentence need not resemble them:
a. bottom of: The old box lay at the bottom of the river.
b. top of: A small flag was fixed on the top of the hill.
c. through: We walked through the forest before sunset.
d. along: They strolled along the river bank in the evening.
e. across: A wooden bridge runs across the canal.

Award 0 for an item where the preposition is missing, is used in a way that is not English (e.g. “He is bottom of happy”), or where nothing resembling a sentence was written. A minor spelling or article slip does NOT cost the mark — the item tests the preposition, not general accuracy.

MARKING NOTE: this question is ITEM-SCORED. Mark each lettered item against the key and put the SUM of the item marks in context_content_data, leaving structure_format_brevity, language_mechanics and originality_comparisons_paraphrase at 0. Nothing is awarded or deducted for handwriting, style, or spelling beyond what the key requires. An item the student did not attempt scores 0 for that item only. No structural cap is ever applied to an item-scored question.","","a. bottom- we went to the bottom of the niver.
b. top of - Muntaha always gets top of her class.
c. through- They had to go through a honest one the way.
d. along - He lives along Bin danger.
e. across - The monkey jump across the tree.","a. bottom- we went to the bottom of the niver.
b. top of - Muntaha always gets top of her class.
c. through- They had to go through a honest one the way.
d. along - He lives along Bin danger.
e. across - The monkey jump across the tree.","","5","ok","","0.95","0","0","0","0","0","0","False","False","","47","236","","","","","0","","","gemma-4-31b-it","gemini","extraction_prompt_c6_v1","f172ab06cd2b8256703c24aac7a3e69688981e106974ba6a4975feb8e0e852b6","{""thinking_level"": ""medium"", ""max_output_tokens"": 32768}","2026-09-17T03:55:27.227980+00:00"
"REARR_007","SE_06_Q1","SE_06_Q1_0007","9","Rearrange","8","","","absent","Put the following parts of the story in the correct order to make the whole story. Only the corresponding numbers of the sentences need to be written. (1 x 8 = 8)
a. She asked Bayazid to give her a glass of water, but he could not find any water in the pitcher.
b. Once Hazrat Bayazid Bustami came home to see his ailing mother.
c. But she again fell asleep.
d. So, he went to the well quite far from their house.
e. She woke up some hours later.
f. He filled the pitcher, came back and went to his mother with a glass of water.
g. As he was still standing by her bed, his mother drank the glass of water and blessed him from the core of heart.
h. He, instead of waking her up, stood by her bed with the glass of water in his hand.

ANSWER KEY — correct order (8 positions, 1 mark each):
1. b  (Once Hazrat Bayazid Bustami came home to see his ailing mother.)
2. a  (She asked Bayazid to give her a glass of water, but he could not find any water in the pitcher.)
3. d  (So, he went to the well quite far from their house.)
4. f  (He filled the pitcher, came back and went to his mother with a glass of water.)
5. c  (But she again fell asleep.)
6. h  (He, instead of waking her up, stood by her bed with the glass of water in his hand.)
7. e  (She woke up some hours later.)
8. g  (As he was still standing by her bed, his mother drank the glass of water and blessed him from the core of heart.)

Award 1 mark for each sentence the student places in its correct POSITION in the sequence above — a position-by-position comparison: b in slot 1 earns a mark, b anywhere else does not. The student may give the letters, the full sentences, or both; mark the order either way, and do not penalise copying slips inside the sentences.

MARKING NOTE: this question is ITEM-SCORED. Mark each lettered item against the key and put the SUM of the item marks in context_content_data, leaving structure_format_brevity, language_mechanics and originality_comparisons_paraphrase at 0. Nothing is awarded or deducted for handwriting, style, or spelling beyond what the key requires. An item the student did not attempt scores 0 for that item only. No structural cap is ever applied to an item-scored question.","","1. b
2. a
3. d
4. c
5. f
6. h
7. e
8. g","1. b
2. a
3. d
4. c
5. f
6. h
7. e
8. g","","5","ok","","1.0","0","0","0","0","0","0","False","False","","8","39","","","","","0","","","gemma-4-31b-it","gemini","extraction_prompt_c6_v1","f172ab06cd2b8256703c24aac7a3e69688981e106974ba6a4975feb8e0e852b6","{""thinking_level"": ""medium"", ""max_output_tokens"": 32768}","2026-09-17T03:55:27.227980+00:00"
"POEM_007","SE_06_Q1","SE_06_Q1_0007","10","Poem_Short_Answer","10","","","absent","Answer any five of the following questions from the poems in your text book. (2 x 5 = 10)
a. What does Robin say about autumn?
b. How is Robin a happy bird?
c. How is Robin a hopeful bird?
d. What reason does Robin give for singing during the winter?
e. What does Robin teach us in the poem?
f. Why does the playmate come only on a rainy day?
g. Why does the boy think the playmate lives in another land?
h. What does the Moon come there to do?

ANSWER KEY — INDICATIVE ONLY, 2 marks per answer. The poem texts are not supplied with this paper, so the notes below describe the expected substance rather than fixed wording. Items a–e concern the poem about Robin, a bird who goes on singing as autumn turns to winter; items f–h concern the poem about a boy and an imagined playmate who visits on rainy days.
a. That autumn is passing and the cold season is coming — leaves fall and the bright days are ending.
b. He sings cheerfully whatever the season, finding joy in small things rather than complaining of the cold.
c. He keeps singing through the bleak season because he trusts that spring and better days will return.
d. He sings in winter to keep up his own and others' spirits, and because he believes the hard season will pass.
e. To stay cheerful and hopeful in hard times instead of giving way to gloom.
f. Because the rain keeps the boy indoors and alone, so that is when he longs for and imagines his playmate.
g. Because the playmate is never seen among the people he knows and appears only in his imagination, so the boy supposes he must come from some distant, unknown land.
h. It comes to look in on the child and keep him company — to shine on him and share the night with him.

BECAUSE THE KEY IS INDICATIVE, mark generously on substance: award 2 for an answer that is clearly about the right poem and carries a sensible reading consistent with these notes, 1 for a partly relevant or very thin answer, and 0 for an answer about the wrong poem, one that merely repeats the question, or one left blank.

ANY FIVE answers count, and only five are marked: if the student answers more than five, mark the FIRST five attempted and ignore the rest; if fewer than five, the unanswered ones score 0. Put the sum of the five item marks (0–10) in context_content_data and leave the other three criteria at 0.","","b. Rabin is a very happy bind. It alaways sing sweatly,

d. The reason Robin give for singing during winter is. Singing Don't be sad duning winter, sings happily so it winter will go hopely.

f. Robin teach us in the peom is: 
* Alaways be hopebul 
* Spend all seosons in singing

g. The boy think {inserted: the playmate} lives in som strange another land because {inserted: the playmate} her never makes any sound.

h. The Moon come {inserted: the} to peep.","b. Rabin is a very happy bind. It alaways sing sweatly,

d. The reason Robin give for singing during winter is. Singing Don't be sad duning winter, sings happily so it winter will go hopely.

f. Robin teach us in the peom is: 
* Alaways be hopebul 
* Spend all seosons in singing

g. The boy think the playmate lives in som strange another land because the playmate her never makes any sound.

h. The Moon come the to peep.","","5-6","ok","","0.9","0","0","0","0","3","0","False","False","","78","423","","","","","4","","","gemma-4-31b-it","gemini","extraction_prompt_c6_v1","f172ab06cd2b8256703c24aac7a3e69688981e106974ba6a4975feb8e0e852b6","{""thinking_level"": ""medium"", ""max_output_tokens"": 32768}","2026-09-17T03:55:27.227980+00:00"
"STORY_007","SE_06_Q1","SE_06_Q1_0007","11","Story","10","","","absent","Part-B : Writing. Read the opening of a story below and complete it in at least ten new sentences. Give a suitable title to it. (10)
Once upon a time two friends went on a journey. They had to go through a forest on the way. As they came through the wood, they saw a bear approaching…………","","Once upon a time two friends went on a journney. They had to go through a forest on the way. As they came through the woods, they saw a bear approaching. They two became frightened. But one of them suddenly climb a tree. The other has no altarnative so, he lie down and didn't breath. Soon the bear came up. The bear down his head to smell his body. As he didn't breath The bear took him to be dead. And he went away. soon {inserted: The bear} went away. The other friend climbed down brom the tree. Then the other friend aked, what did the bear wisperned. in you ear?""

""The bear gave me a good advise. replied the friend""

""What is it?"" ask his friend.

The bear said 'Don't make that one friend who leaves you alone in danger.","Once upon a time two friends went on a journney. They had to go through a forest on the way. As they came through the woods, they saw a bear approaching. They two became frightened. But one of them suddenly climb a tree. The other has no altarnative so, he lie down and didn't breath. Soon the bear came up. The bear down his head to smell his body. As he didn't breath The bear took him to be dead. And he went away. soon The bear went away. The other friend climbed down brom the tree. Then the other friend aked, what did the bear wisperned. in you ear?""

""The bear gave me a good advise. replied the friend""

""What is it?"" ask his friend.

The bear said 'Don't make that one friend who leaves you alone in danger.","a friend is need a friend indeed","6-7","ok","","0.95","0","0","0","0","1","0","False","False","","140","717","","","","","3","","","gemma-4-31b-it","gemini","extraction_prompt_c6_v1","f172ab06cd2b8256703c24aac7a3e69688981e106974ba6a4975feb8e0e852b6","{""thinking_level"": ""medium"", ""max_output_tokens"": 32768}","2026-09-17T03:55:27.227980+00:00"
"PARA_007","SE_06_Q1","SE_06_Q1_0007","12","Paragraph","10","","","absent","Write a paragraph in 120 words. ""A Rickshaw-Puller"" (10)","","A Rickshaw-Puller is a man who earns his living by leave people in location. Populan means it is very common transport in Bangladesh. A Rickshaw-Puller nides rickshaw in most sunny day sometimes in Rainy day. Their in come is so low. They earns money by how many passengers he can carry. They lives in small slum or small room. They only have money to live and beed there family. Sometimes they only have money to beed their family. A rickshaw-Puller can go those places where Bus, truck etc can't go. A Rick Rickshaw-Puller has two opsion for chosing Rickshaw. There are 'Auto' Rickshaw and 'Paddle' Rickshaw, most Rickshaw-Pullens choose 'Auto' Rickshaw. Rickshaw-Puller helps us to go to our location. They help us to change to city. We should nespect them. Alaways be kind to them.","A Rickshaw-Puller is a man who earns his living by leave people in location. Populan means it is very common transport in Bangladesh. A Rickshaw-Puller nides rickshaw in most sunny day sometimes in Rainy day. Their in come is so low. They earns money by how many passengers he can carry. They lives in small slum or small room. They only have money to live and beed there family. Sometimes they only have money to beed their family. A rickshaw-Puller can go those places where Bus, truck etc can't go. A Rick Rickshaw-Puller has two opsion for chosing Rickshaw. There are 'Auto' Rickshaw and 'Paddle' Rickshaw, most Rickshaw-Pullens choose 'Auto' Rickshaw. Rickshaw-Puller helps us to go to our location. They help us to change to city. We should nespect them. Alaways be kind to them.","A Rickshaw-Puller","9-10","ok","","0.95","0","0","0","0","0","0","False","False","","141","785","","","","","0","","","gemma-4-31b-it","gemini","extraction_prompt_c6_v1","f172ab06cd2b8256703c24aac7a3e69688981e106974ba6a4975feb8e0e852b6","{""thinking_level"": ""medium"", ""max_output_tokens"": 32768}","2026-09-17T03:55:27.227980+00:00"
"DIALOG_007","SE_06_Q1","SE_06_Q1_0007","13","Dialogue","10","","","absent","You are Shahid and you have been suffering from fever along with some Covid-19 symptoms for a week. Now, you are at the chamber of a doctor. Write a dialogue between you and the doctor. (10)","","Shahid : Asssamulaikum, sir,
Docton : Walaikumassaham.
shahid : May I come in sir?
Docton : Yes, please. Sit there and tell me about your problem.
Shahid : I have been suffering from fever for a week, have a bad headche and pains all over my body.
Docton : Whom do you live with ?
Shahid : I live with my parents and one brother,
Docton : Are they having the same problem?
Shahid : oh no. But my bathen is having the same problem. Have pain all over his body and bad headache.
Docton : Please do you and your family covid-19 test as early as posible. And imborn me at phone.
Shahid : Any medicine, sir?
Docton : Yes, of course. Take medicine as prescribe. Take plenty of liquids food.
Shahid : Anything else ?
Docton : Please imborn me if you have breathing problem. In case you have to admit in 19 covid- 19 hospital.
shahid : Thank you sir,
Docton : You're welcome.
shahid : Remember to imborn me. Can I go now?
Docton : Yes, remember to imborn me.
Shahid : ok sir. Assalamualaikum.
Docton : Walaikumassalam.","Shahid : Asssamulaikum, sir,
Docton : Walaikumassaham.
shahid : May I come in sir?
Docton : Yes, please. Sit there and tell me about your problem.
Shahid : I have been suffering from fever for a week, have a bad headche and pains all over my body.
Docton : Whom do you live with ?
Shahid : I live with my parents and one brother,
Docton : Are they having the same problem?
Shahid : oh no. But my bathen is having the same problem. Have pain all over his body and bad headache.
Docton : Please do you and your family covid-19 test as early as posible. And imborn me at phone.
Shahid : Any medicine, sir?
Docton : Yes, of course. Take medicine as prescribe. Take plenty of liquids food.
Shahid : Anything else ?
Docton : Please imborn me if you have breathing problem. In case you have to admit in 19 covid- 19 hospital.
shahid : Thank you sir,
Docton : You're welcome.
shahid : Remember to imborn me. Can I go now?
Docton : Yes, remember to imborn me.
Shahid : ok sir. Assalamualaikum.
Docton : Walaikumassalam.","","7-9","ok","","0.95","0","0","0","0","0","0","False","False","","168","1010","","","","","0","","","gemma-4-31b-it","gemini","extraction_prompt_c6_v1","f172ab06cd2b8256703c24aac7a3e69688981e106974ba6a4975feb8e0e852b6","{""thinking_level"": ""medium"", ""max_output_tokens"": 32768}","2026-09-17T03:55:27.227980+00:00"
"MCQ_008","SE_06_Q1","SE_06_Q1_0008","1","MCQ","7","","","absent","Read the text and answer question 1: Choose the best answer from the alternatives. (1 x 7 = 7)
a. On the 16th of December of the same year, the 26 March declaration of independence became a reality. Here the meaning of the word reality is — i. experience  ii. certainty  iii. virtuality  iv. actuality
b. To every Bangladeshi the 16th December is a day of — i. self analysis  ii. sorrows and sufferings  iii. self questioning  iv. pride and joy
c. We pay our deep respect to the martyrs who gave their lives for the independence of Bangladesh. Here respect means — i. neglect  ii. honour  iii. favour  iv. dignity
d. We, the Bangalees celebrate our Victory Day by remembering the roles played by our fearless freedom fighters and the people at large. Which of the following words has a similar meaning of fearless? i. curious  ii. courageous  iii. fearful  iv. rebillion
e. This is why December 16 is our Victory Day when the Pakistan army surrendered unconditionally. What does surrendered mean here? i. defended  ii. submitted  iii. captured  iv. with stood
f. To build up our nation as a prosperous country we have to work — i. individually  ii. separately  iii. independently  iv. unitedly
g. 1971 is the year of our — i. Liberation War  ii. Independence  iii. Victory day  iv. all of i, ii & iii

READING PASSAGE (questions 1 and 2):
December 16 is a remarkable day for Bangladeshi people. On this day in 1971. Bangladesh got independence after a nine-month-long blood-soaked battle against the Pakistani army. It is a day of national pride as well as a day of commemorating the sacrifices of the millions of Bangladeshi people. Pakistani army killed three million people and assaulted thousands of women.
The Victory Day is celebrated with great enthusiasm across the country. The day begins with a 31-gun salute at dawn, followed by the hoisting of the national flag at government buildings and private institutions. Different political, cultural and educational programmes are organised to pay homage to the martyrs of the war. The entire nation celebrates the day with colourful flags, banners and parades.
The National Parade ground hosts a grand military parade where the president, the prime minister and dignitaries from government and non-government sectors join, The National Martyrs Memorial in Savar, our monument dedicated to the soldiers and civilians who lost their lives during the war, becomes a focal point for citizens to pay their respect. People from all walks of life gather to offer flowers, recite patriotic songs, and recall the sacrifices made by the nation's heroes.

ANSWER KEY (1 mark per item, no part marks):
a. iv. actuality
b. iv. pride and joy
c. ii. honour
d. ii. courageous
e. ii. submitted
f. iv. unitedly
g. iv. all of i, ii & iii

Accept the option written as the roman numeral alone (“iv”), as the option text alone (“actuality”), or as both. Misspelling a correctly chosen option does NOT cost the mark.

MARKING NOTE: this question is ITEM-SCORED. Mark each lettered item against the key and put the SUM of the item marks in context_content_data, leaving structure_format_brevity, language_mechanics and originality_comparisons_paraphrase at 0. Nothing is awarded or deducted for handwriting, style, or spelling beyond what the key requires. An item the student did not attempt scores 0 for that item only. No structural cap is ever applied to an item-scored question.","","a. iv actuality
b. iv Pride and joy
c. ii honour
d. ii courageous
e. ii Submitted
f. iv Unitedly
g. iv all of i, ii & iii","a. iv actuality
b. iv Pride and joy
c. ii honour
d. ii courageous
e. ii Submitted
f. iv Unitedly
g. iv all of i, ii & iii","","1","ok","","1.0","0","0","0","0","0","0","False","False","","27","121","","","","","0","","","gemma-4-31b-it","gemini","extraction_prompt_c6_v1","f172ab06cd2b8256703c24aac7a3e69688981e106974ba6a4975feb8e0e852b6","{""thinking_level"": ""medium"", ""max_output_tokens"": 32768}","2026-09-17T04:00:25.894446+00:00"
"SHORT_008","SE_06_Q1","SE_06_Q1_0008","2","Short_Answer","5","","","absent","Write short answers to the following questions. (1 x 5 = 5)
a. What happened during the war in 1971?
b. How do people celebrate Victory Day?
c. Why is the National Martyrs’ Memorial important?
d. What do people sing at the National Martyrs’ Memorial?
e. What does the 31-gun salute represent on Victory Day?

READING PASSAGE (questions 1 and 2):
December 16 is a remarkable day for Bangladeshi people. On this day in 1971. Bangladesh got independence after a nine-month-long blood-soaked battle against the Pakistani army. It is a day of national pride as well as a day of commemorating the sacrifices of the millions of Bangladeshi people. Pakistani army killed three million people and assaulted thousands of women.
The Victory Day is celebrated with great enthusiasm across the country. The day begins with a 31-gun salute at dawn, followed by the hoisting of the national flag at government buildings and private institutions. Different political, cultural and educational programmes are organised to pay homage to the martyrs of the war. The entire nation celebrates the day with colourful flags, banners and parades.
The National Parade ground hosts a grand military parade where the president, the prime minister and dignitaries from government and non-government sectors join, The National Martyrs Memorial in Savar, our monument dedicated to the soldiers and civilians who lost their lives during the war, becomes a focal point for citizens to pay their respect. People from all walks of life gather to offer flowers, recite patriotic songs, and recall the sacrifices made by the nation's heroes.

ANSWER KEY — indicative content, 1 mark per item (whole mark or nothing; there are no half marks on this question):
a. Bangladesh fought a nine-month-long battle against the Pakistani army, who killed three million people and assaulted thousands of women; the country won independence on 16 December 1971.
b. With a 31-gun salute at dawn, hoisting of the national flag, political, cultural and educational programmes, and parades with colourful flags and banners.
c. It is the monument dedicated to the soldiers and civilians who lost their lives during the war, and it becomes the focal point where citizens pay their respect.
d. Patriotic songs.
e. It marks the start of Victory Day at dawn and honours the martyrs and the nation's victory.

Wording need not match the key — award the mark for any answer carrying the same content, in the student's own words or lifted from the passage. Award 0 for a wrong, off-question or omitted answer.

MARKING NOTE: this question is ITEM-SCORED. Mark each lettered item against the key and put the SUM of the item marks in context_content_data, leaving structure_format_brevity, language_mechanics and originality_comparisons_paraphrase at 0. Nothing is awarded or deducted for handwriting, style, or spelling beyond what the key requires. An item the student did not attempt scores 0 for that item only. No structural cap is ever applied to an item-scored question.","","a. During the war in 1971 Bangladesh fought against the Pakistani army.
b. People cele brate The Victory Day with great enthusiasm across the country.
c. The National Martyrs' Memorial is very important because, it is dedicated to the soldiers and civillans Who lost their lives during the war.
d. People sing patriotic songs at the National Martyrs' Memorial.
e. The 31-gun salute represents the supreme sacrifices of the millions Bangladeshi people.","a. During the war in 1971 Bangladesh fought against the Pakistani army.
b. People cele brate The Victory Day with great enthusiasm across the country.
c. The National Martyrs' Memorial is very important because, it is dedicated to the soldiers and civillans Who lost their lives during the war.
d. People sing patriotic songs at the National Martyrs' Memorial.
e. The 31-gun salute represents the supreme sacrifices of the millions Bangladeshi people.","","2-3","ok","","1.0","0","0","0","0","0","0","False","False","","71","451","","","","","0","","","gemma-4-31b-it","gemini","extraction_prompt_c6_v1","f172ab06cd2b8256703c24aac7a3e69688981e106974ba6a4975feb8e0e852b6","{""thinking_level"": ""medium"", ""max_output_tokens"": 32768}","2026-09-17T04:00:25.894446+00:00"
"GAP_008","SE_06_Q1","SE_06_Q1_0008","3","Gap_Fill","5","","","absent","Read the text and answer question 3: Complete the passage with suitable words. (1 x 5 = 5)
After finding the box Rajendra and Ravi (a) — about valuable stones. Then they (b) — to Jaipur. After showing the papers to the museum people, Uncle Santosh (c) — to know that the papers were valuable. He (d) — the papers to the museum for ten thousand rupees. Later, (e) — the news, the boy were happy.

READING PASSAGE (questions 3 and 4):
That night Ravi dreamt about gold coins and jewels. The next morning they packed everything into the jeep and went back to Jaipur, Uncle Santosh went to the museum to show his friend the papers. When he came back, he told the boys, ""Those papers were very valuable. The museum people bought them for ten thousand rupees."" The boys were delighted. When Ravi met his father and mother once again, he told them about his adventures and gave them Rs 50,000. Rajendra and Ravi never forgot the kind owl who helped them to find the old box.

ANSWER KEY (1 mark per gap). No clue words are supplied, so ANY word that fits the sentence grammatically and agrees with the passage is correct:
a. dreamt / dreamed / talked / thought
b. went back / returned / came back
c. was surprised / was glad / was happy / came
d. sold
e. hearing / on hearing / after hearing / getting

A word that fits the sense but is misspelled still earns the mark. A word of the wrong part of speech, or one that contradicts the passage, does not.

MARKING NOTE: this question is ITEM-SCORED. Mark each lettered item against the key and put the SUM of the item marks in context_content_data, leaving structure_format_brevity, language_mechanics and originality_comparisons_paraphrase at 0. Nothing is awarded or deducted for handwriting, style, or spelling beyond what the key requires. An item the student did not attempt scores 0 for that item only. No structural cap is ever applied to an item-scored question.","","a. thinked
b. went back
c. Came
d. sold
e. hearing","a. thinked
b. went back
c. Came
d. sold
e. hearing","","3","ok","","1.0","0","0","0","0","0","0","False","False","","11","50","","","","","0","","","gemma-4-31b-it","gemini","extraction_prompt_c6_v1","f172ab06cd2b8256703c24aac7a3e69688981e106974ba6a4975feb8e0e852b6","{""thinking_level"": ""medium"", ""max_output_tokens"": 32768}","2026-09-17T04:00:25.894446+00:00"
"VOCAB_008","SE_06_Q1","SE_06_Q1_0008","4","Vocabulary","5","","","absent","Read the passage carefully and replace the following words with their suitable synonyms or antonyms. (1 x 5 = 5)
(a) Went back (antonym), (b) Museum (synonym), (c) Friend (synonym), (d) Show (antonym), (e) Bought (synonym)

READING PASSAGE (questions 3 and 4):
That night Ravi dreamt about gold coins and jewels. The next morning they packed everything into the jeep and went back to Jaipur, Uncle Santosh went to the museum to show his friend the papers. When he came back, he told the boys, ""Those papers were very valuable. The museum people bought them for ten thousand rupees."" The boys were delighted. When Ravi met his father and mother once again, he told them about his adventures and gave them Rs 50,000. Rajendra and Ravi never forgot the kind owl who helped them to find the old box.

ANSWER KEY (1 mark per item). Any correct word of the required relation is acceptable; the words below are indicative, not exhaustive:
a. Went back (Antonym): came / went forward / advanced / set out / left
b. Museum (Synonym): gallery / archive / repository / exhibition hall
c. Friend (Synonym): companion / mate / comrade / ally / pal
d. Show (Antonym): hide / conceal / cover
e. Bought (Synonym): purchased

Giving a synonym where an antonym was asked (or the reverse) scores 0 for that item. A correct word that is misspelled still earns the mark.

MARKING NOTE: this question is ITEM-SCORED. Mark each lettered item against the key and put the SUM of the item marks in context_content_data, leaving structure_format_brevity, language_mechanics and originality_comparisons_paraphrase at 0. Nothing is awarded or deducted for handwriting, style, or spelling beyond what the key requires. An item the student did not attempt scores 0 for that item only. No structural cap is ever applied to an item-scored question.","","a. Went back | x | Went away
b. Museum | Art Gallery | x
c. Friend | ~~The~~ Ally | x
d. Show | x | Hide
e. Bought | acquire | x","a. Went back | x | Went away
b. Museum | Art Gallery | x
c. Friend |  Ally | x
d. Show | x | Hide
e. Bought | acquire | x","","4","ok","","1.0","0","0","0","1","0","0","False","False","","23","121","","","","","0","","","gemma-4-31b-it","gemini","extraction_prompt_c6_v1","f172ab06cd2b8256703c24aac7a3e69688981e106974ba6a4975feb8e0e852b6","{""thinking_level"": ""medium"", ""max_output_tokens"": 32768}","2026-09-17T04:00:25.894446+00:00"
"TABLE_008","SE_06_Q1","SE_06_Q1_0008","5","Table_Completion","5","","","absent","Read the text and answer question 5: Complete the table with information from the passage. (1 x 5 = 5)
| Topic | Information from the passage |
| a. Class Raju reads in | (i) |
| b. Subjects he did well in | (ii) |
| c. Marks he got in those subjects | (iii) |
| d. Subjects he did poorly in | (iv) |
| e. Marks he got in weak subjects | (v) |

READING PASSAGE (questions 5, 6 and 7):
Raju is a student of class six. Last week, his school held class tests in several subjects. Raju worked very hard to do well. He got 8 in Bangla, 9 in English, and 10 in Mathematics out of 10. His teachers praised him for his good marks. However, he could not do well in ICT, Science, and Religion, getting only 6 marks in each.
Raju felt a little sad about his low marks but promised to study harder next time. His father told him not to lose hope. His mother advised him to read ICT and Science regularly. Raju made a plan to give more time to those subjects. He was happy that he did very well in Bangla, English, and Math. Raju believes that with more practice, he can improve all his subjects.

ANSWER KEY (1 mark per blank):
i. Class six
ii. Bangla, English and Mathematics
iii. 8 in Bangla, 9 in English and 10 in Mathematics (out of 10)
iv. ICT, Science and Religion
v. 6 marks in each

This question asks for information lifted from the passage, so copying the passage's wording is CORRECT here and must not be penalised. A partial but unambiguous answer (e.g. naming all three subjects in ii) earns the mark; an answer that names only some of the required items does not.

MARKING NOTE: this question is ITEM-SCORED. Mark each lettered item against the key and put the SUM of the item marks in context_content_data, leaving structure_format_brevity, language_mechanics and originality_comparisons_paraphrase at 0. Nothing is awarded or deducted for handwriting, style, or spelling beyond what the key requires. An item the student did not attempt scores 0 for that item only. No structural cap is ever applied to an item-scored question.","","i. class six
ii. Bangla, English and Mathematics
iii. 8 in Bangla, 9 in English and 10 in Mathematics out of 10.
iv. ICT, Science and Religion
v. Only 6 in ICT, Science and Religion","i. class six
ii. Bangla, English and Mathematics
iii. 8 in Bangla, 9 in English and 10 in Mathematics out of 10.
iv. ICT, Science and Religion
v. Only 6 in ICT, Science and Religion","","5","ok","","1.0","0","0","0","0","0","0","False","False","","30","181","","","","","0","","","gemma-4-31b-it","gemini","extraction_prompt_c6_v1","f172ab06cd2b8256703c24aac7a3e69688981e106974ba6a4975feb8e0e852b6","{""thinking_level"": ""medium"", ""max_output_tokens"": 32768}","2026-09-17T04:00:25.894446+00:00"
"TF_008","SE_06_Q1","SE_06_Q1_0008","6","True_False","5","","","absent","Read the statements below. Write ‘True’ if the statement is correct and ‘False’ if it is incorrect. If false, write the correct answer. (1 x 5 = 5)
a. Raju thinks he cannot improve his weak subjects.
b. He got 6 marks out of 10 in Mathematics.
c. Raju got full marks in Mathematics.
d. Raju plans to work lesser next time.
e. His father scolded him for low marks.

READING PASSAGE (questions 5, 6 and 7):
Raju is a student of class six. Last week, his school held class tests in several subjects. Raju worked very hard to do well. He got 8 in Bangla, 9 in English, and 10 in Mathematics out of 10. His teachers praised him for his good marks. However, he could not do well in ICT, Science, and Religion, getting only 6 marks in each.
Raju felt a little sad about his low marks but promised to study harder next time. His father told him not to lose hope. His mother advised him to read ICT and Science regularly. Raju made a plan to give more time to those subjects. He was happy that he did very well in Bangla, English, and Math. Raju believes that with more practice, he can improve all his subjects.

ANSWER KEY (1 mark per item):
a. False — Raju believes that with more practice he can improve all his subjects.
b. False — he got 10 out of 10 in Mathematics; 6 was his mark in ICT, Science and Religion.
c. True
d. False — he promised to study harder and planned to give more time to his weak subjects.
e. False — his father told him not to lose hope.

A ‘False’ verdict with NO correction, or with a wrong correction, scores 0 for that item — the question requires both. The correction need not match the key's wording; any correction carrying the right fact is accepted.

MARKING NOTE: this question is ITEM-SCORED. Mark each lettered item against the key and put the SUM of the item marks in context_content_data, leaving structure_format_brevity, language_mechanics and originality_comparisons_paraphrase at 0. Nothing is awarded or deducted for handwriting, style, or spelling beyond what the key requires. An item the student did not attempt scores 0 for that item only. No structural cap is ever applied to an item-scored question.","","a. False; Raju believes that he can improve all his subjects
b. False; Raju got 10 out of 10 in Mathematics.
c. True
d. False; Raju plans to work harder next time
e. False; His Father told him to not lose hope","a. False; Raju believes that he can improve all his subjects
b. False; Raju got 10 out of 10 in Mathematics.
c. True
d. False; Raju plans to work harder next time
e. False; His Father told him to not lose hope","","5","ok","","1.0","0","0","0","0","0","0","False","False","","40","209","","","","","0","","","gemma-4-31b-it","gemini","extraction_prompt_c6_v1","f172ab06cd2b8256703c24aac7a3e69688981e106974ba6a4975feb8e0e852b6","{""thinking_level"": ""medium"", ""max_output_tokens"": 32768}","2026-09-17T04:00:25.894446+00:00"
"SUMMARY_008","SE_06_Q1","SE_06_Q1_0008","7","Summary","5","","","absent","Write a summary of the passage in your own words. (5)

TEXT TO BE SUMMARIZED (questions 5, 6 and 7):
Raju is a student of class six. Last week, his school held class tests in several subjects. Raju worked very hard to do well. He got 8 in Bangla, 9 in English, and 10 in Mathematics out of 10. His teachers praised him for his good marks. However, he could not do well in ICT, Science, and Religion, getting only 6 marks in each.
Raju felt a little sad about his low marks but promised to study harder next time. His father told him not to lose hope. His mother advised him to read ICT and Science regularly. Raju made a plan to give more time to those subjects. He was happy that he did very well in Bangla, English, and Math. Raju believes that with more practice, he can improve all his subjects.","Raju is a student of class six. Last week, his school held class tests in several subjects. Raju worked very hard to do well. He got 8 in Bangla, 9 in English, and 10 in Mathematics out of 10. His teachers praised him for his good marks. However, he could not do well in ICT, Science, and Religion, getting only 6 marks in each.
Raju felt a little sad about his low marks but promised to study harder next time. His father told him not to lose hope. His mother advised him to read ICT and Science regularly. Raju made a plan to give more time to those subjects. He was happy that he did very well in Bangla, English, and Math. Raju believes that with more practice, he can improve all his subjects.","As a student of class six Rajue attended his class test last Week. Raju ~~took onpart in~~ {inserted: Worked} very hard to achive good marks and but he didn't good in - he got 8 in Bangla, 10 in Mathematics and 9 in English out of ten. His teachers were happy about his good marks but he didn't do well in ICT, Religion and S Science, getting only 6 marks each. His parents encouraged him to do well next time. He was satisfied with his result in Bangla, English and Math. He believes that with more practise he can improve all his subjects and he also promised to study harder next time.","As a student of class six Rajue attended his class test last Week. Raju  Worked very hard to achive good marks and but he didn't good in - he got 8 in Bangla, 10 in Mathematics and 9 in English out of ten. His teachers were happy about his good marks but he didn't do well in ICT, Religion and S Science, getting only 6 marks each. His parents encouraged him to do well next time. He was satisfied with his result in Bangla, English and Math. He believes that with more practise he can improve all his subjects and he also promised to study harder next time.","","6","ok","","0.9","0","0","0","1","1","0","False","False","","103","558","129","0.7984","True","0.0","0","","","gemma-4-31b-it","gemini","extraction_prompt_c6_v1","f172ab06cd2b8256703c24aac7a3e69688981e106974ba6a4975feb8e0e852b6","{""thinking_level"": ""medium"", ""max_output_tokens"": 32768}","2026-09-17T04:00:25.894446+00:00"
"PREP_008","SE_06_Q1","SE_06_Q1_0008","8","Preposition_Use","5","","","absent","Use these prepositions in sentences of your own. (1 x 5 = 5)
a. bottom of, b. top of, c. through, d. along, e. across

ANSWER KEY (1 mark per item). There is no fixed answer: the student composes their own sentence for each preposition. Award the mark when the sentence (1) actually contains the given preposition, (2) uses it in a sense that is correct English, and (3) is a complete, intelligible sentence.

Model sentences, for reference only — a student sentence need not resemble them:
a. bottom of: The old box lay at the bottom of the river.
b. top of: A small flag was fixed on the top of the hill.
c. through: We walked through the forest before sunset.
d. along: They strolled along the river bank in the evening.
e. across: A wooden bridge runs across the canal.

Award 0 for an item where the preposition is missing, is used in a way that is not English (e.g. “He is bottom of happy”), or where nothing resembling a sentence was written. A minor spelling or article slip does NOT cost the mark — the item tests the preposition, not general accuracy.

MARKING NOTE: this question is ITEM-SCORED. Mark each lettered item against the key and put the SUM of the item marks in context_content_data, leaving structure_format_brevity, language_mechanics and originality_comparisons_paraphrase at 0. Nothing is awarded or deducted for handwriting, style, or spelling beyond what the key requires. An item the student did not attempt scores 0 for that item only. No structural cap is ever applied to an item-scored question.","","a. Bottom of -> We are going to the bottom of the sea.
b. top of -> We went to the top of our building.
c. Through -> He went through the tunnel.
d. Along -> We walked along the road.
e. across -> He ran across the field.","a. Bottom of -> We are going to the bottom of the sea.
b. top of -> We went to the top of our building.
c. Through -> He went through the tunnel.
d. Along -> We walked along the road.
e. across -> He ran across the field.","","7","ok","","1.0","0","0","0","0","0","0","False","False","","44","221","","","","","0","","","gemma-4-31b-it","gemini","extraction_prompt_c6_v1","f172ab06cd2b8256703c24aac7a3e69688981e106974ba6a4975feb8e0e852b6","{""thinking_level"": ""medium"", ""max_output_tokens"": 32768}","2026-09-17T04:00:25.894446+00:00"
"REARR_008","SE_06_Q1","SE_06_Q1_0008","9","Rearrange","8","","","absent","Put the following parts of the story in the correct order to make the whole story. Only the corresponding numbers of the sentences need to be written. (1 x 8 = 8)
a. She asked Bayazid to give her a glass of water, but he could not find any water in the pitcher.
b. Once Hazrat Bayazid Bustami came home to see his ailing mother.
c. But she again fell asleep.
d. So, he went to the well quite far from their house.
e. She woke up some hours later.
f. He filled the pitcher, came back and went to his mother with a glass of water.
g. As he was still standing by her bed, his mother drank the glass of water and blessed him from the core of heart.
h. He, instead of waking her up, stood by her bed with the glass of water in his hand.

ANSWER KEY — correct order (8 positions, 1 mark each):
1. b  (Once Hazrat Bayazid Bustami came home to see his ailing mother.)
2. a  (She asked Bayazid to give her a glass of water, but he could not find any water in the pitcher.)
3. d  (So, he went to the well quite far from their house.)
4. f  (He filled the pitcher, came back and went to his mother with a glass of water.)
5. c  (But she again fell asleep.)
6. h  (He, instead of waking her up, stood by her bed with the glass of water in his hand.)
7. e  (She woke up some hours later.)
8. g  (As he was still standing by her bed, his mother drank the glass of water and blessed him from the core of heart.)

Award 1 mark for each sentence the student places in its correct POSITION in the sequence above — a position-by-position comparison: b in slot 1 earns a mark, b anywhere else does not. The student may give the letters, the full sentences, or both; mark the order either way, and do not penalise copying slips inside the sentences.

MARKING NOTE: this question is ITEM-SCORED. Mark each lettered item against the key and put the SUM of the item marks in context_content_data, leaving structure_format_brevity, language_mechanics and originality_comparisons_paraphrase at 0. Nothing is awarded or deducted for handwriting, style, or spelling beyond what the key requires. An item the student did not attempt scores 0 for that item only. No structural cap is ever applied to an item-scored question.","","1. b
2. a
3. d
4. f
5. c
6. h
7. e
8. g","1. b
2. a
3. d
4. f
5. c
6. h
7. e
8. g","","8","ok","","1.0","0","0","0","0","0","0","False","False","","8","39","","","","","0","","","gemma-4-31b-it","gemini","extraction_prompt_c6_v1","f172ab06cd2b8256703c24aac7a3e69688981e106974ba6a4975feb8e0e852b6","{""thinking_level"": ""medium"", ""max_output_tokens"": 32768}","2026-09-17T04:00:25.894446+00:00"
"POEM_008","SE_06_Q1","SE_06_Q1_0008","10","Poem_Short_Answer","10","","","absent","Answer any five of the following questions from the poems in your text book. (2 x 5 = 10)
a. What does Robin say about autumn?
b. How is Robin a happy bird?
c. How is Robin a hopeful bird?
d. What reason does Robin give for singing during the winter?
e. What does Robin teach us in the poem?
f. Why does the playmate come only on a rainy day?
g. Why does the boy think the playmate lives in another land?
h. What does the Moon come there to do?

ANSWER KEY — INDICATIVE ONLY, 2 marks per answer. The poem texts are not supplied with this paper, so the notes below describe the expected substance rather than fixed wording. Items a–e concern the poem about Robin, a bird who goes on singing as autumn turns to winter; items f–h concern the poem about a boy and an imagined playmate who visits on rainy days.
a. That autumn is passing and the cold season is coming — leaves fall and the bright days are ending.
b. He sings cheerfully whatever the season, finding joy in small things rather than complaining of the cold.
c. He keeps singing through the bleak season because he trusts that spring and better days will return.
d. He sings in winter to keep up his own and others' spirits, and because he believes the hard season will pass.
e. To stay cheerful and hopeful in hard times instead of giving way to gloom.
f. Because the rain keeps the boy indoors and alone, so that is when he longs for and imagines his playmate.
g. Because the playmate is never seen among the people he knows and appears only in his imagination, so the boy supposes he must come from some distant, unknown land.
h. It comes to look in on the child and keep him company — to shine on him and share the night with him.

BECAUSE THE KEY IS INDICATIVE, mark generously on substance: award 2 for an answer that is clearly about the right poem and carries a sensible reading consistent with these notes, 1 for a partly relevant or very thin answer, and 0 for an answer about the wrong poem, one that merely repeats the question, or one left blank.

ANY FIVE answers count, and only five are marked: if the student answers more than five, mark the FIRST five attempted and ignore the rest; if fewer than five, the unanswered ones score 0. Put the sum of the five item marks (0–10) in context_content_data and leave the other three criteria at 0.","","a. On the Autumn Robin says that, there are fruits for everyone. let all give praise.
b. Robin never loses hope during the 4 seasons. He always have hope, he never loses hope even during Winter. That's why Robin is a hopeful bird.
c. Robin gives us that IF nobody sings in the Winter it will seem long. Thats the reason Robin gives us for singing during the Winter.
d. Robin teaches us that We should never lose hope. And, take our sorrowous lightly on they won't pass quicky. We must remember that after sorrow happiness will come.
e. The Moon comes there to peep the folks. that are asleep.","a. On the Autumn Robin says that, there are fruits for everyone. let all give praise.
b. Robin never loses hope during the 4 seasons. He always have hope, he never loses hope even during Winter. That's why Robin is a hopeful bird.
c. Robin gives us that IF nobody sings in the Winter it will seem long. Thats the reason Robin gives us for singing during the Winter.
d. Robin teaches us that We should never lose hope. And, take our sorrowous lightly on they won't pass quicky. We must remember that after sorrow happiness will come.
e. The Moon comes there to peep the folks. that are asleep.","","8-9","ok","","1.0","0","0","0","0","0","0","False","False","","109","592","","","","","0","","","gemma-4-31b-it","gemini","extraction_prompt_c6_v1","f172ab06cd2b8256703c24aac7a3e69688981e106974ba6a4975feb8e0e852b6","{""thinking_level"": ""medium"", ""max_output_tokens"": 32768}","2026-09-17T04:00:25.894446+00:00"
"STORY_008","SE_06_Q1","SE_06_Q1_0008","11","Story","10","","","absent","Part-B : Writing. Read the opening of a story below and complete it in at least ten new sentences. Give a suitable title to it. (10)
Once upon a time two friends went on a journey. They had to go through a forest on the way. As they came through the wood, they saw a bear approaching…………","","~~Title: A Friend in need, is a friend indeed.~~ Title: A friend in need, is a friend indeed.

Once upon a time two friends went on a journey. They had to go through a foorest on the way. As they came through the wood, they sa w a bear approaching Both of them be came scared. Suddenly, one of the friend climbed up a tree. The other finding no other alternatives, lay Flat on his face and stopped breathing. Soon, the bear came up. The bear smelled his body as he lay flat without breathing the bear went away. Then, the other friend climbed down the tree and said, ""What did the bear wisper into your ears?"" Then, the other friend s aid, ""The bear gave me a piece of good advice."" ""What is it?"" Said the other friend. Then, the friend told his friend said, ""Do not trust a friend who le you in a danger."""," Title: A friend in need, is a friend indeed.

Once upon a time two friends went on a journey. They had to go through a foorest on the way. As they came through the wood, they sa w a bear approaching Both of them be came scared. Suddenly, one of the friend climbed up a tree. The other finding no other alternatives, lay Flat on his face and stopped breathing. Soon, the bear came up. The bear smelled his body as he lay flat without breathing the bear went away. Then, the other friend climbed down the tree and said, ""What did the bear wisper into your ears?"" Then, the other friend s aid, ""The bear gave me a piece of good advice."" ""What is it?"" Said the other friend. Then, the friend told his friend said, ""Do not trust a friend who le you in a danger.""","A friend in need, is a friend indeed.","10-11","ok","","0.9","0","0","0","1","0","0","False","False","","148","758","","","","","1","","","gemma-4-31b-it","gemini","extraction_prompt_c6_v1","f172ab06cd2b8256703c24aac7a3e69688981e106974ba6a4975feb8e0e852b6","{""thinking_level"": ""medium"", ""max_output_tokens"": 32768}","2026-09-17T04:00:25.894446+00:00"
"PARA_008","SE_06_Q1","SE_06_Q1_0008","12","Paragraph","10","","","absent","Write a paragraph in 120 words. ""A Rickshaw-Puller"" (10)","","A rickshaw puller plays an important role by carrying passengers from one place to another. An illiterate, unskilled and unemployed man of our country choses rickshaw pulling as his profession He earns money and thus he earns his livelihood. Sometimes, he carries goods in his rickshaw. He usually don't have a rickshaw of his own so, he hires a rickshaw from its owner on dally basls. He comes out on the road early in the morning and works with his rickshaw till the late hours of night. He pulls rickshaw in both sun and the rain. He demands more fare in foul weather. He can't take rest.

The work of a rickshaw puller is very risky In a busy city or atown, So, he may fall a victim to a road accident. He must pull rickshaw to earn the daily bread for himself and his Family. He can't provide food, education and medicine to his family properly. He usually lives in slum are or a cheap rental room in a remote area. He can't save money. he lives from hand to mouth. His demands are few, if he can man. two square meals for himself and his family, he be-comes happy. But, sometimes his income is less than his demands. Then, he Faces difficulties. If, he becomes sick, he and his family fall in trouble. He takes hi food from cheap roadside stalls. He leads a very sad and miserable life. We should be sympathetic and show due respect to the man's service. Our Govt. should give him small loan and offer him proper shelter and education to lead a better life.","A rickshaw puller plays an important role by carrying passengers from one place to another. An illiterate, unskilled and unemployed man of our country choses rickshaw pulling as his profession He earns money and thus he earns his livelihood. Sometimes, he carries goods in his rickshaw. He usually don't have a rickshaw of his own so, he hires a rickshaw from its owner on dally basls. He comes out on the road early in the morning and works with his rickshaw till the late hours of night. He pulls rickshaw in both sun and the rain. He demands more fare in foul weather. He can't take rest.

The work of a rickshaw puller is very risky In a busy city or atown, So, he may fall a victim to a road accident. He must pull rickshaw to earn the daily bread for himself and his Family. He can't provide food, education and medicine to his family properly. He usually lives in slum are or a cheap rental room in a remote area. He can't save money. he lives from hand to mouth. His demands are few, if he can man. two square meals for himself and his family, he be-comes happy. But, sometimes his income is less than his demands. Then, he Faces difficulties. If, he becomes sick, he and his family fall in trouble. He takes hi food from cheap roadside stalls. He leads a very sad and miserable life. We should be sympathetic and show due respect to the man's service. Our Govt. should give him small loan and offer him proper shelter and education to lead a better life.","A Rickshaw Puller","12-14","ok","","1.0","0","0","0","0","0","0","False","False","","273","1463","","","","","1","","","gemma-4-31b-it","gemini","extraction_prompt_c6_v1","f172ab06cd2b8256703c24aac7a3e69688981e106974ba6a4975feb8e0e852b6","{""thinking_level"": ""medium"", ""max_output_tokens"": 32768}","2026-09-17T04:00:25.894446+00:00"
"DIALOG_008","SE_06_Q1","SE_06_Q1_0008","13","Dialogue","10","","","absent","You are Shahid and you have been suffering from fever along with some Covid-19 symptoms for a week. Now, you are at the chamber of a doctor. Write a dialogue between you and the doctor. (10)","","Shahid: May I come in, sir?
Docton: Yes, you may.
Shahid: Good evening, sir.
Docton: Good evening. What is your name?
Shahid: My name is Shahid.
Docton: What is your age?
Shahid: My age is 16.
Docton: What is your problem?
Shahid: I've been suffering from fever and, I also have a runny nose, headach and pain all over my body, I feel so tired and weak.
Docton: Anything else?
Shahid: I also feel restless and nausea.
Docton: How about taste?
Shahid: I don't have any taste or smell. And I don't even like eating any food.
Docton: You've a couple of covid-19 symptoms. How long have you been suffering for?
Shahid: for a week.
Docton: How about your temperature?
Shahid: It's from 100 to 104.
Docton: Ok, it is good if you get swab tested for Covid-19. Don't worry your symptoms are mild enough that you can recover at home. Don't forget to stay in self quarantined for 2 weeks.
Shahid: Anything else, sir?
Docton: Take healthy food like fruits and vegetables and a rich protein diet. Take pleanty of fluids. Try to eat even you aren't hungry. Come back with your result. Here is your prescription, take this medicines.
Shahid: Ok, sir I'll follow this rules.
Docton: I wish you sound health.","Shahid: May I come in, sir?
Docton: Yes, you may.
Shahid: Good evening, sir.
Docton: Good evening. What is your name?
Shahid: My name is Shahid.
Docton: What is your age?
Shahid: My age is 16.
Docton: What is your problem?
Shahid: I've been suffering from fever and, I also have a runny nose, headach and pain all over my body, I feel so tired and weak.
Docton: Anything else?
Shahid: I also feel restless and nausea.
Docton: How about taste?
Shahid: I don't have any taste or smell. And I don't even like eating any food.
Docton: You've a couple of covid-19 symptoms. How long have you been suffering for?
Shahid: for a week.
Docton: How about your temperature?
Shahid: It's from 100 to 104.
Docton: Ok, it is good if you get swab tested for Covid-19. Don't worry your symptoms are mild enough that you can recover at home. Don't forget to stay in self quarantined for 2 weeks.
Shahid: Anything else, sir?
Docton: Take healthy food like fruits and vegetables and a rich protein diet. Take pleanty of fluids. Try to eat even you aren't hungry. Come back with your result. Here is your prescription, take this medicines.
Shahid: Ok, sir I'll follow this rules.
Docton: I wish you sound health.","","15-17","ok","","1.0","0","0","0","0","0","0","False","False","","210","1192","","","","","0","","","gemma-4-31b-it","gemini","extraction_prompt_c6_v1","f172ab06cd2b8256703c24aac7a3e69688981e106974ba6a4975feb8e0e852b6","{""thinking_level"": ""medium"", ""max_output_tokens"": 32768}","2026-09-17T04:00:25.894446+00:00"
"MCQ_009","SE_06_Q1","SE_06_Q1_0009","1","MCQ","7","","","absent","Read the text and answer question 1: Choose the best answer from the alternatives. (1 x 7 = 7)
a. On the 16th of December of the same year, the 26 March declaration of independence became a reality. Here the meaning of the word reality is — i. experience  ii. certainty  iii. virtuality  iv. actuality
b. To every Bangladeshi the 16th December is a day of — i. self analysis  ii. sorrows and sufferings  iii. self questioning  iv. pride and joy
c. We pay our deep respect to the martyrs who gave their lives for the independence of Bangladesh. Here respect means — i. neglect  ii. honour  iii. favour  iv. dignity
d. We, the Bangalees celebrate our Victory Day by remembering the roles played by our fearless freedom fighters and the people at large. Which of the following words has a similar meaning of fearless? i. curious  ii. courageous  iii. fearful  iv. rebillion
e. This is why December 16 is our Victory Day when the Pakistan army surrendered unconditionally. What does surrendered mean here? i. defended  ii. submitted  iii. captured  iv. with stood
f. To build up our nation as a prosperous country we have to work — i. individually  ii. separately  iii. independently  iv. unitedly
g. 1971 is the year of our — i. Liberation War  ii. Independence  iii. Victory day  iv. all of i, ii & iii

READING PASSAGE (questions 1 and 2):
December 16 is a remarkable day for Bangladeshi people. On this day in 1971. Bangladesh got independence after a nine-month-long blood-soaked battle against the Pakistani army. It is a day of national pride as well as a day of commemorating the sacrifices of the millions of Bangladeshi people. Pakistani army killed three million people and assaulted thousands of women.
The Victory Day is celebrated with great enthusiasm across the country. The day begins with a 31-gun salute at dawn, followed by the hoisting of the national flag at government buildings and private institutions. Different political, cultural and educational programmes are organised to pay homage to the martyrs of the war. The entire nation celebrates the day with colourful flags, banners and parades.
The National Parade ground hosts a grand military parade where the president, the prime minister and dignitaries from government and non-government sectors join, The National Martyrs Memorial in Savar, our monument dedicated to the soldiers and civilians who lost their lives during the war, becomes a focal point for citizens to pay their respect. People from all walks of life gather to offer flowers, recite patriotic songs, and recall the sacrifices made by the nation's heroes.

ANSWER KEY (1 mark per item, no part marks):
a. iv. actuality
b. iv. pride and joy
c. ii. honour
d. ii. courageous
e. ii. submitted
f. iv. unitedly
g. iv. all of i, ii & iii

Accept the option written as the roman numeral alone (“iv”), as the option text alone (“actuality”), or as both. Misspelling a correctly chosen option does NOT cost the mark.

MARKING NOTE: this question is ITEM-SCORED. Mark each lettered item against the key and put the SUM of the item marks in context_content_data, leaving structure_format_brevity, language_mechanics and originality_comparisons_paraphrase at 0. Nothing is awarded or deducted for handwriting, style, or spelling beyond what the key requires. An item the student did not attempt scores 0 for that item only. No structural cap is ever applied to an item-scored question.","","a. iv actuality
b. iv pride and joy. Pride and joy.
c. ii honour.
d. ii coarageous.
e. ii submitted.
f. iii independent.
g. iv all of i, ii, iii","a. iv actuality
b. iv pride and joy. Pride and joy.
c. ii honour.
d. ii coarageous.
e. ii submitted.
f. iii independent.
g. iv all of i, ii, iii","","1","ok","","1.0","0","0","0","0","0","0","False","False","","30","144","","","","","0","","","gemma-4-31b-it","gemini","extraction_prompt_c6_v1","f172ab06cd2b8256703c24aac7a3e69688981e106974ba6a4975feb8e0e852b6","{""thinking_level"": ""medium"", ""max_output_tokens"": 32768}","2026-09-17T03:49:57.991454+00:00"
"SHORT_009","SE_06_Q1","SE_06_Q1_0009","2","Short_Answer","5","","","absent","Write short answers to the following questions. (1 x 5 = 5)
a. What happened during the war in 1971?
b. How do people celebrate Victory Day?
c. Why is the National Martyrs’ Memorial important?
d. What do people sing at the National Martyrs’ Memorial?
e. What does the 31-gun salute represent on Victory Day?

READING PASSAGE (questions 1 and 2):
December 16 is a remarkable day for Bangladeshi people. On this day in 1971. Bangladesh got independence after a nine-month-long blood-soaked battle against the Pakistani army. It is a day of national pride as well as a day of commemorating the sacrifices of the millions of Bangladeshi people. Pakistani army killed three million people and assaulted thousands of women.
The Victory Day is celebrated with great enthusiasm across the country. The day begins with a 31-gun salute at dawn, followed by the hoisting of the national flag at government buildings and private institutions. Different political, cultural and educational programmes are organised to pay homage to the martyrs of the war. The entire nation celebrates the day with colourful flags, banners and parades.
The National Parade ground hosts a grand military parade where the president, the prime minister and dignitaries from government and non-government sectors join, The National Martyrs Memorial in Savar, our monument dedicated to the soldiers and civilians who lost their lives during the war, becomes a focal point for citizens to pay their respect. People from all walks of life gather to offer flowers, recite patriotic songs, and recall the sacrifices made by the nation's heroes.

ANSWER KEY — indicative content, 1 mark per item (whole mark or nothing; there are no half marks on this question):
a. Bangladesh fought a nine-month-long battle against the Pakistani army, who killed three million people and assaulted thousands of women; the country won independence on 16 December 1971.
b. With a 31-gun salute at dawn, hoisting of the national flag, political, cultural and educational programmes, and parades with colourful flags and banners.
c. It is the monument dedicated to the soldiers and civilians who lost their lives during the war, and it becomes the focal point where citizens pay their respect.
d. Patriotic songs.
e. It marks the start of Victory Day at dawn and honours the martyrs and the nation's victory.

Wording need not match the key — award the mark for any answer carrying the same content, in the student's own words or lifted from the passage. Award 0 for a wrong, off-question or omitted answer.

MARKING NOTE: this question is ITEM-SCORED. Mark each lettered item against the key and put the SUM of the item marks in context_content_data, leaving structure_format_brevity, language_mechanics and originality_comparisons_paraphrase at 0. Nothing is awarded or deducted for handwriting, style, or spelling beyond what the key requires. An item the student did not attempt scores 0 for that item only. No structural cap is ever applied to an item-scored question.","","a) During the war in 1971. Bangladesh got independence. after ~~ne~~ nine-month-long blood-soaked battle ~~egda~~ agains the pakistani army.
b) The People of Bangladesh Celebrated The Victory Day with great enthusiasm. ~~acro

c) The National Martyrs are Memorial {inserted: Important} for us because they {inserted: t} lost their ~~tive~~ lives during the war, to save the contry
d) people ~~sings~~ {inserted: recite} patriotic song ~~to~~ {inserted: at} the National Martyrs' Memorial
e) The Victory Day, begins with 31-gun salute to respect the martyrs.","a) During the war in 1971. Bangladesh got independence. after  nine-month-long blood-soaked battle  agains the pakistani army.
b) The People of Bangladesh Celebrated The Victory Day with great enthusiasm. 

c) The National Martyrs are Memorial Important for us because they t lost their  lives during the war, to save the contry
d) people  recite patriotic song  at the National Martyrs' Memorial
e) The Victory Day, begins with 31-gun salute to respect the martyrs.","","1-2","ok","","0.95","0","0","0","5","4","0","False","True","unbalanced_marker","75","466","","","","","1","","","gemma-4-31b-it","gemini","extraction_prompt_c6_v1","f172ab06cd2b8256703c24aac7a3e69688981e106974ba6a4975feb8e0e852b6","{""thinking_level"": ""medium"", ""max_output_tokens"": 32768}","2026-09-17T03:49:57.991454+00:00"
"GAP_009","SE_06_Q1","SE_06_Q1_0009","3","Gap_Fill","5","","","absent","Read the text and answer question 3: Complete the passage with suitable words. (1 x 5 = 5)
After finding the box Rajendra and Ravi (a) — about valuable stones. Then they (b) — to Jaipur. After showing the papers to the museum people, Uncle Santosh (c) — to know that the papers were valuable. He (d) — the papers to the museum for ten thousand rupees. Later, (e) — the news, the boy were happy.

READING PASSAGE (questions 3 and 4):
That night Ravi dreamt about gold coins and jewels. The next morning they packed everything into the jeep and went back to Jaipur, Uncle Santosh went to the museum to show his friend the papers. When he came back, he told the boys, ""Those papers were very valuable. The museum people bought them for ten thousand rupees."" The boys were delighted. When Ravi met his father and mother once again, he told them about his adventures and gave them Rs 50,000. Rajendra and Ravi never forgot the kind owl who helped them to find the old box.

ANSWER KEY (1 mark per gap). No clue words are supplied, so ANY word that fits the sentence grammatically and agrees with the passage is correct:
a. dreamt / dreamed / talked / thought
b. went back / returned / came back
c. was surprised / was glad / was happy / came
d. sold
e. hearing / on hearing / after hearing / getting

A word that fits the sense but is misspelled still earns the mark. A word of the wrong part of speech, or one that contradicts the passage, does not.

MARKING NOTE: this question is ITEM-SCORED. Mark each lettered item against the key and put the SUM of the item marks in context_content_data, leaving structure_format_brevity, language_mechanics and originality_comparisons_paraphrase at 0. Nothing is awarded or deducted for handwriting, style, or spelling beyond what the key requires. An item the student did not attempt scores 0 for that item only. No structural cap is ever applied to an item-scored question.","","a) are thinking.
b) ~~went~~ {inserted: going}.
c) {inserted: have} Come
d) Sold
e) ","a) are thinking.
b)  going.
c) have Come
d) Sold
e) ","","3","ok","","1.0","0","0","0","1","2","0","False","False","","11","52","","","","","0","","","gemma-4-31b-it","gemini","extraction_prompt_c6_v1","f172ab06cd2b8256703c24aac7a3e69688981e106974ba6a4975feb8e0e852b6","{""thinking_level"": ""medium"", ""max_output_tokens"": 32768}","2026-09-17T03:49:57.991454+00:00"
"VOCAB_009","SE_06_Q1","SE_06_Q1_0009","4","Vocabulary","5","","","absent","Read the passage carefully and replace the following words with their suitable synonyms or antonyms. (1 x 5 = 5)
(a) Went back (antonym), (b) Museum (synonym), (c) Friend (synonym), (d) Show (antonym), (e) Bought (synonym)

READING PASSAGE (questions 3 and 4):
That night Ravi dreamt about gold coins and jewels. The next morning they packed everything into the jeep and went back to Jaipur, Uncle Santosh went to the museum to show his friend the papers. When he came back, he told the boys, ""Those papers were very valuable. The museum people bought them for ten thousand rupees."" The boys were delighted. When Ravi met his father and mother once again, he told them about his adventures and gave them Rs 50,000. Rajendra and Ravi never forgot the kind owl who helped them to find the old box.

ANSWER KEY (1 mark per item). Any correct word of the required relation is acceptable; the words below are indicative, not exhaustive:
a. Went back (Antonym): came / went forward / advanced / set out / left
b. Museum (Synonym): gallery / archive / repository / exhibition hall
c. Friend (Synonym): companion / mate / comrade / ally / pal
d. Show (Antonym): hide / conceal / cover
e. Bought (Synonym): purchased

Giving a synonym where an antonym was asked (or the reverse) scores 0 for that item. A correct word that is misspelled still earns the mark.

MARKING NOTE: this question is ITEM-SCORED. Mark each lettered item against the key and put the SUM of the item marks in context_content_data, leaving structure_format_brevity, language_mechanics and originality_comparisons_paraphrase at 0. Nothing is awarded or deducted for handwriting, style, or spelling beyond what the key requires. An item the student did not attempt scores 0 for that item only. No structural cap is ever applied to an item-scored question.","","words | synonym | An tonym
went back | X | Come back
went start
museum | Gallany | X
Friend | Ally {inserted: classmate} | X
Show | X | unshow
Bought | agguard {inserted: buy} take | X","words | synonym | An tonym
went back | X | Come back
went start
museum | Gallany | X
Friend | Ally classmate | X
Show | X | unshow
Bought | agguard buy take | X","","3","ok","","0.9","0","0","0","0","2","0","False","False","","26","160","","","","","0","","","gemma-4-31b-it","gemini","extraction_prompt_c6_v1","f172ab06cd2b8256703c24aac7a3e69688981e106974ba6a4975feb8e0e852b6","{""thinking_level"": ""medium"", ""max_output_tokens"": 32768}","2026-09-17T03:49:57.991454+00:00"
"TABLE_009","SE_06_Q1","SE_06_Q1_0009","5","Table_Completion","5","","","absent","Read the text and answer question 5: Complete the table with information from the passage. (1 x 5 = 5)
| Topic | Information from the passage |
| a. Class Raju reads in | (i) |
| b. Subjects he did well in | (ii) |
| c. Marks he got in those subjects | (iii) |
| d. Subjects he did poorly in | (iv) |
| e. Marks he got in weak subjects | (v) |

READING PASSAGE (questions 5, 6 and 7):
Raju is a student of class six. Last week, his school held class tests in several subjects. Raju worked very hard to do well. He got 8 in Bangla, 9 in English, and 10 in Mathematics out of 10. His teachers praised him for his good marks. However, he could not do well in ICT, Science, and Religion, getting only 6 marks in each.
Raju felt a little sad about his low marks but promised to study harder next time. His father told him not to lose hope. His mother advised him to read ICT and Science regularly. Raju made a plan to give more time to those subjects. He was happy that he did very well in Bangla, English, and Math. Raju believes that with more practice, he can improve all his subjects.

ANSWER KEY (1 mark per blank):
i. Class six
ii. Bangla, English and Mathematics
iii. 8 in Bangla, 9 in English and 10 in Mathematics (out of 10)
iv. ICT, Science and Religion
v. 6 marks in each

This question asks for information lifted from the passage, so copying the passage's wording is CORRECT here and must not be penalised. A partial but unambiguous answer (e.g. naming all three subjects in ii) earns the mark; an answer that names only some of the required items does not.

MARKING NOTE: this question is ITEM-SCORED. Mark each lettered item against the key and put the SUM of the item marks in context_content_data, leaving structure_format_brevity, language_mechanics and originality_comparisons_paraphrase at 0. Nothing is awarded or deducted for handwriting, style, or spelling beyond what the key requires. An item the student did not attempt scores 0 for that item only. No structural cap is ever applied to an item-scored question.","","a) (i) six
b) (ii) Bangla, English, Mathematics
c) (iii) 8 in Banla, 9 in English, 10 in mathematics, 6 in ICT, Science and Religion
d) (iv) ~~ICT~~ ICT, scince and religion.
e) (v) 6 in ICT, Scince and Religion","a) (i) six
b) (ii) Bangla, English, Mathematics
c) (iii) 8 in Banla, 9 in English, 10 in mathematics, 6 in ICT, Science and Religion
d) (iv)  ICT, scince and religion.
e) (v) 6 in ICT, Scince and Religion","","4","ok","","1.0","0","0","0","1","0","0","False","False","","34","204","","","","","0","","","gemma-4-31b-it","gemini","extraction_prompt_c6_v1","f172ab06cd2b8256703c24aac7a3e69688981e106974ba6a4975feb8e0e852b6","{""thinking_level"": ""medium"", ""max_output_tokens"": 32768}","2026-09-17T03:49:57.991454+00:00"
"TF_009","SE_06_Q1","SE_06_Q1_0009","6","True_False","5","","","absent","Read the statements below. Write ‘True’ if the statement is correct and ‘False’ if it is incorrect. If false, write the correct answer. (1 x 5 = 5)
a. Raju thinks he cannot improve his weak subjects.
b. He got 6 marks out of 10 in Mathematics.
c. Raju got full marks in Mathematics.
d. Raju plans to work lesser next time.
e. His father scolded him for low marks.

READING PASSAGE (questions 5, 6 and 7):
Raju is a student of class six. Last week, his school held class tests in several subjects. Raju worked very hard to do well. He got 8 in Bangla, 9 in English, and 10 in Mathematics out of 10. His teachers praised him for his good marks. However, he could not do well in ICT, Science, and Religion, getting only 6 marks in each.
Raju felt a little sad about his low marks but promised to study harder next time. His father told him not to lose hope. His mother advised him to read ICT and Science regularly. Raju made a plan to give more time to those subjects. He was happy that he did very well in Bangla, English, and Math. Raju believes that with more practice, he can improve all his subjects.

ANSWER KEY (1 mark per item):
a. False — Raju believes that with more practice he can improve all his subjects.
b. False — he got 10 out of 10 in Mathematics; 6 was his mark in ICT, Science and Religion.
c. True
d. False — he promised to study harder and planned to give more time to his weak subjects.
e. False — his father told him not to lose hope.

A ‘False’ verdict with NO correction, or with a wrong correction, scores 0 for that item — the question requires both. The correction need not match the key's wording; any correction carrying the right fact is accepted.

MARKING NOTE: this question is ITEM-SCORED. Mark each lettered item against the key and put the SUM of the item marks in context_content_data, leaving structure_format_brevity, language_mechanics and originality_comparisons_paraphrase at 0. Nothing is awarded or deducted for handwriting, style, or spelling beyond what the key requires. An item the student did not attempt scores 0 for that item only. No structural cap is ever applied to an item-scored question.","","a) False. Raja thinks he can improve his weak subjects.
b) False. He got 10 out of 10 in Mathematics
c) True.
d) False. Raja plans to work harde next time.
e) ~~No~~ False. His father told him ~~to not he~~ to lose hope.","a) False. Raja thinks he can improve his weak subjects.
b) False. He got 10 out of 10 in Mathematics
c) True.
d) False. Raja plans to work harde next time.
e)  False. His father told him  to lose hope.","","4-5","ok","","1.0","0","0","0","2","0","0","False","False","","38","201","","","","","0","","","gemma-4-31b-it","gemini","extraction_prompt_c6_v1","f172ab06cd2b8256703c24aac7a3e69688981e106974ba6a4975feb8e0e852b6","{""thinking_level"": ""medium"", ""max_output_tokens"": 32768}","2026-09-17T03:49:57.991454+00:00"
"SUMMARY_009","SE_06_Q1","SE_06_Q1_0009","7","Summary","5","","","absent","Write a summary of the passage in your own words. (5)

TEXT TO BE SUMMARIZED (questions 5, 6 and 7):
Raju is a student of class six. Last week, his school held class tests in several subjects. Raju worked very hard to do well. He got 8 in Bangla, 9 in English, and 10 in Mathematics out of 10. His teachers praised him for his good marks. However, he could not do well in ICT, Science, and Religion, getting only 6 marks in each.
Raju felt a little sad about his low marks but promised to study harder next time. His father told him not to lose hope. His mother advised him to read ICT and Science regularly. Raju made a plan to give more time to those subjects. He was happy that he did very well in Bangla, English, and Math. Raju believes that with more practice, he can improve all his subjects.","Raju is a student of class six. Last week, his school held class tests in several subjects. Raju worked very hard to do well. He got 8 in Bangla, 9 in English, and 10 in Mathematics out of 10. His teachers praised him for his good marks. However, he could not do well in ICT, Science, and Religion, getting only 6 marks in each.
Raju felt a little sad about his low marks but promised to study harder next time. His father told him not to lose hope. His mother advised him to read ICT and Science regularly. Raju made a plan to give more time to those subjects. He was happy that he did very well in Bangla, English, and Math. Raju believes that with more practice, he can improve all his subjects.","Raju is a student of class five. He ~~give~~ {inserted: a} class test and get good manks in Bangla, English and slince but he ~~do~~ ba in ICT, Scine, Religion. But his father and mothen motivated him. now he trying hard to do better.","Raju is a student of class five. He  a class test and get good manks in Bangla, English and slince but he  ba in ICT, Scine, Religion. But his father and mothen motivated him. now he trying hard to do better.","","5","ok","","1.0","0","0","0","2","1","0","False","False","","41","208","129","0.3178","False","0.0","0","","","gemma-4-31b-it","gemini","extraction_prompt_c6_v1","f172ab06cd2b8256703c24aac7a3e69688981e106974ba6a4975feb8e0e852b6","{""thinking_level"": ""medium"", ""max_output_tokens"": 32768}","2026-09-17T03:49:57.991454+00:00"
"PREP_009","SE_06_Q1","SE_06_Q1_0009","8","Preposition_Use","5","","","absent","Use these prepositions in sentences of your own. (1 x 5 = 5)
a. bottom of, b. top of, c. through, d. along, e. across

ANSWER KEY (1 mark per item). There is no fixed answer: the student composes their own sentence for each preposition. Award the mark when the sentence (1) actually contains the given preposition, (2) uses it in a sense that is correct English, and (3) is a complete, intelligible sentence.

Model sentences, for reference only — a student sentence need not resemble them:
a. bottom of: The old box lay at the bottom of the river.
b. top of: A small flag was fixed on the top of the hill.
c. through: We walked through the forest before sunset.
d. along: They strolled along the river bank in the evening.
e. across: A wooden bridge runs across the canal.

Award 0 for an item where the preposition is missing, is used in a way that is not English (e.g. “He is bottom of happy”), or where nothing resembling a sentence was written. A minor spelling or article slip does NOT cost the mark — the item tests the preposition, not general accuracy.

MARKING NOTE: this question is ITEM-SCORED. Mark each lettered item against the key and put the SUM of the item marks in context_content_data, leaving structure_format_brevity, language_mechanics and originality_comparisons_paraphrase at 0. Nothing is awarded or deducted for handwriting, style, or spelling beyond what the key requires. An item the student did not attempt scores 0 for that item only. No structural cap is ever applied to an item-scored question.","","a) bottom of : There is a lot of water at the bottom of the pond.
b) top of : There are some trees at the top of the hill.
c) through : ~~He is p The~~ line was penned through by me.
d) along : shahid suffering from fever along with some covid-19 symptoms.
e) across : ~~AA~~ Nirob is walking across the road.","a) bottom of : There is a lot of water at the bottom of the pond.
b) top of : There are some trees at the top of the hill.
c) through :  line was penned through by me.
d) along : shahid suffering from fever along with some covid-19 symptoms.
e) across :  Nirob is walking across the road.","","6","ok","","1.0","0","0","0","2","0","0","False","False","","55","288","","","","","0","","","gemma-4-31b-it","gemini","extraction_prompt_c6_v1","f172ab06cd2b8256703c24aac7a3e69688981e106974ba6a4975feb8e0e852b6","{""thinking_level"": ""medium"", ""max_output_tokens"": 32768}","2026-09-17T03:49:57.991454+00:00"
"REARR_009","SE_06_Q1","SE_06_Q1_0009","9","Rearrange","8","","","absent","Put the following parts of the story in the correct order to make the whole story. Only the corresponding numbers of the sentences need to be written. (1 x 8 = 8)
a. She asked Bayazid to give her a glass of water, but he could not find any water in the pitcher.
b. Once Hazrat Bayazid Bustami came home to see his ailing mother.
c. But she again fell asleep.
d. So, he went to the well quite far from their house.
e. She woke up some hours later.
f. He filled the pitcher, came back and went to his mother with a glass of water.
g. As he was still standing by her bed, his mother drank the glass of water and blessed him from the core of heart.
h. He, instead of waking her up, stood by her bed with the glass of water in his hand.

ANSWER KEY — correct order (8 positions, 1 mark each):
1. b  (Once Hazrat Bayazid Bustami came home to see his ailing mother.)
2. a  (She asked Bayazid to give her a glass of water, but he could not find any water in the pitcher.)
3. d  (So, he went to the well quite far from their house.)
4. f  (He filled the pitcher, came back and went to his mother with a glass of water.)
5. c  (But she again fell asleep.)
6. h  (He, instead of waking her up, stood by her bed with the glass of water in his hand.)
7. e  (She woke up some hours later.)
8. g  (As he was still standing by her bed, his mother drank the glass of water and blessed him from the core of heart.)

Award 1 mark for each sentence the student places in its correct POSITION in the sequence above — a position-by-position comparison: b in slot 1 earns a mark, b anywhere else does not. The student may give the letters, the full sentences, or both; mark the order either way, and do not penalise copying slips inside the sentences.

MARKING NOTE: this question is ITEM-SCORED. Mark each lettered item against the key and put the SUM of the item marks in context_content_data, leaving structure_format_brevity, language_mechanics and originality_comparisons_paraphrase at 0. Nothing is awarded or deducted for handwriting, style, or spelling beyond what the key requires. An item the student did not attempt scores 0 for that item only. No structural cap is ever applied to an item-scored question.","","1. b
2. a
3. d
4. f
5. c
6. b
7. e

Once Hazrat Bayzid came home to seem his ailing mother. she asked Bayazid to give her a glass of water, but he could not find any water in the pitcher. So, he went to the will quite fa from their house. He filled the pitcher, came back and went to his mother with a glass of water. But sh again fell asleep. Her instead of wak her up, stood by her bed with th glass of water in this hand. she woke up some hounrs later. As he was still standing by her bed, his mother drank the glass of water and blessed him from the core of heart.","1. b
2. a
3. d
4. f
5. c
6. b
7. e

Once Hazrat Bayzid came home to seem his ailing mother. she asked Bayazid to give her a glass of water, but he could not find any water in the pitcher. So, he went to the will quite fa from their house. He filled the pitcher, came back and went to his mother with a glass of water. But sh again fell asleep. Her instead of wak her up, stood by her bed with th glass of water in this hand. she woke up some hounrs later. As he was still standing by her bed, his mother drank the glass of water and blessed him from the core of heart.","","7-8","ok","","0.95","0","0","0","0","0","0","False","False","","116","568","","","","","1","","","gemma-4-31b-it","gemini","extraction_prompt_c6_v1","f172ab06cd2b8256703c24aac7a3e69688981e106974ba6a4975feb8e0e852b6","{""thinking_level"": ""medium"", ""max_output_tokens"": 32768}","2026-09-17T03:49:57.991454+00:00"
"POEM_009","SE_06_Q1","SE_06_Q1_0009","10","Poem_Short_Answer","10","","","absent","Answer any five of the following questions from the poems in your text book. (2 x 5 = 10)
a. What does Robin say about autumn?
b. How is Robin a happy bird?
c. How is Robin a hopeful bird?
d. What reason does Robin give for singing during the winter?
e. What does Robin teach us in the poem?
f. Why does the playmate come only on a rainy day?
g. Why does the boy think the playmate lives in another land?
h. What does the Moon come there to do?

ANSWER KEY — INDICATIVE ONLY, 2 marks per answer. The poem texts are not supplied with this paper, so the notes below describe the expected substance rather than fixed wording. Items a–e concern the poem about Robin, a bird who goes on singing as autumn turns to winter; items f–h concern the poem about a boy and an imagined playmate who visits on rainy days.
a. That autumn is passing and the cold season is coming — leaves fall and the bright days are ending.
b. He sings cheerfully whatever the season, finding joy in small things rather than complaining of the cold.
c. He keeps singing through the bleak season because he trusts that spring and better days will return.
d. He sings in winter to keep up his own and others' spirits, and because he believes the hard season will pass.
e. To stay cheerful and hopeful in hard times instead of giving way to gloom.
f. Because the rain keeps the boy indoors and alone, so that is when he longs for and imagines his playmate.
g. Because the playmate is never seen among the people he knows and appears only in his imagination, so the boy supposes he must come from some distant, unknown land.
h. It comes to look in on the child and keep him company — to shine on him and share the night with him.

BECAUSE THE KEY IS INDICATIVE, mark generously on substance: award 2 for an answer that is clearly about the right poem and carries a sensible reading consistent with these notes, 1 for a partly relevant or very thin answer, and 0 for an answer about the wrong poem, one that merely repeats the question, or one left blank.

ANY FIVE answers count, and only five are marked: if the student answers more than five, mark the FIRST five attempted and ignore the rest; if fewer than five, the unanswered ones score 0. Put the sum of the five item marks (0–10) in context_content_data and leave the other three criteria at 0.","","a) Robin says about astumn that ""there is a fruit for everyone""
b) Robin is a hopfull bird because, she takes sorrows lightly and wait for happines. so Robin is a hopefull bird.
e) Robing teaches us take sorrows lightly oun they will seems long. Robin also teaches us to be hopfull th after sonnows happiness will come very soon.
d) His playmate never talk to hi so that he think that, his playmate lives in another land.
b) The moon comes there to every night to peep.","a) Robin says about astumn that ""there is a fruit for everyone""
b) Robin is a hopfull bird because, she takes sorrows lightly and wait for happines. so Robin is a hopefull bird.
e) Robing teaches us take sorrows lightly oun they will seems long. Robin also teaches us to be hopfull th after sonnows happiness will come very soon.
d) His playmate never talk to hi so that he think that, his playmate lives in another land.
b) The moon comes there to every night to peep.","","8-9","ok","","0.95","0","0","0","0","0","0","False","False","","88","469","","","","","0","","","gemma-4-31b-it","gemini","extraction_prompt_c6_v1","f172ab06cd2b8256703c24aac7a3e69688981e106974ba6a4975feb8e0e852b6","{""thinking_level"": ""medium"", ""max_output_tokens"": 32768}","2026-09-17T03:49:57.991454+00:00"
"STORY_009","SE_06_Q1","SE_06_Q1_0009","11","Story","10","","","absent","Part-B : Writing. Read the opening of a story below and complete it in at least ten new sentences. Give a suitable title to it. (10)
Once upon a time two friends went on a journey. They had to go through a forest on the way. As they came through the wood, they saw a bear approaching…………","","one upon a time two & friends went on a hour journey. They had to go through a forest on the way.
As they came through the wood, they saw a bear approachin. The Two of them became afraid. suddenly, one of them climb a tree. And other friend finding no other alternative lay down to his face without breathing. As soon the bear came up, He smelt his the b boody body and took Him to be deth.death. when the other friend seen the bear going way he climed down to the tree and smel talked to his friend.
""what does bean wispen in your her ""He tell that the bean give me piece of good advice""
""what was that?"" asked his friend
""If any The bear told me, which friend see that you are in danger but cannot help to come to help you, He is your fake friend.""","one upon a time two & friends went on a hour journey. They had to go through a forest on the way.
As they came through the wood, they saw a bear approachin. The Two of them became afraid. suddenly, one of them climb a tree. And other friend finding no other alternative lay down to his face without breathing. As soon the bear came up, He smelt his the b boody body and took Him to be deth.death. when the other friend seen the bear going way he climed down to the tree and smel talked to his friend.
""what does bean wispen in your her ""He tell that the bean give me piece of good advice""
""what was that?"" asked his friend
""If any The bear told me, which friend see that you are in danger but cannot help to come to help you, He is your fake friend.""","A friend in deed, A friend in need","10-11","ok","","0.9","0","0","0","0","0","0","False","False","","151","750","","","","","0","","","gemma-4-31b-it","gemini","extraction_prompt_c6_v1","f172ab06cd2b8256703c24aac7a3e69688981e106974ba6a4975feb8e0e852b6","{""thinking_level"": ""medium"", ""max_output_tokens"": 32768}","2026-09-17T03:49:57.991454+00:00"
"PARA_009","SE_06_Q1","SE_06_Q1_0009","12","Paragraph","10","","","absent","Write a paragraph in 120 words. ""A Rickshaw-Puller"" (10)","","A Rickshaw pullar plays an important rule in our country. sector canning passangers from one place to other.
An unskilled, illitenet and unemployed person of our con. Country chooses rickshaw pulling as his profession.
He pull's rickshaw both in good and bad weather. He pulles rickshaw to urns earns his livelihood. sometimes he also carries goods. Generally, he has no rickshaw of his own, so, he hiens a rickshaw from it's owner, on daily bases. sometime he wants more fare foul weather. The life of a rickshaw is so nisky, in a busy city or town, so, anytime, he may fall in a victi in a serious accident. Besides of working hand a rickshaw pullar ear a little. He can not same save. more. Provite proper food to his famite. His If he can provite his family two square of mile he became hap. He take food in a cheep roadsi stale stals. He lives with his family in a cheeppantel house. If he go sick, he cannot see a doctor or medecins. When he sick, he and is full family fall in a danger. Even even have to starve some time. The pist rickshaw pullans are so important for us, because, we get him near at hand. we shoud do something to improve them lot. Our Government should give them. small lone, proper education. ad a to improve them lote.","A Rickshaw pullar plays an important rule in our country. sector canning passangers from one place to other.
An unskilled, illitenet and unemployed person of our con. Country chooses rickshaw pulling as his profession.
He pull's rickshaw both in good and bad weather. He pulles rickshaw to urns earns his livelihood. sometimes he also carries goods. Generally, he has no rickshaw of his own, so, he hiens a rickshaw from it's owner, on daily bases. sometime he wants more fare foul weather. The life of a rickshaw is so nisky, in a busy city or town, so, anytime, he may fall in a victi in a serious accident. Besides of working hand a rickshaw pullar ear a little. He can not same save. more. Provite proper food to his famite. His If he can provite his family two square of mile he became hap. He take food in a cheep roadsi stale stals. He lives with his family in a cheeppantel house. If he go sick, he cannot see a doctor or medecins. When he sick, he and is full family fall in a danger. Even even have to starve some time. The pist rickshaw pullans are so important for us, because, we get him near at hand. we shoud do something to improve them lot. Our Government should give them. small lone, proper education. ad a to improve them lote.","","12-14","ok","","0.9","0","0","0","0","0","0","False","False","","231","1247","","","","","0","","","gemma-4-31b-it","gemini","extraction_prompt_c6_v1","f172ab06cd2b8256703c24aac7a3e69688981e106974ba6a4975feb8e0e852b6","{""thinking_level"": ""medium"", ""max_output_tokens"": 32768}","2026-09-17T03:49:57.991454+00:00"
"DIALOG_009","SE_06_Q1","SE_06_Q1_0009","13","Dialogue","10","","","absent","You are Shahid and you have been suffering from fever along with some Covid-19 symptoms for a week. Now, you are at the chamber of a doctor. Write a dialogue between you and the doctor. (10)","","sahid: Good evening, sir. May I come in?
Docton: Good evening. Yes, you may. please have a seat.
sahid: thank you, sir.
doctor: what is your name?
sanid: I am sahid.
Docton: How old are you?
sahid: I am 15.
Doctor: what's your problem?
sahid: I am suffering from fever, I also have a dry caugh, a runny nose, I have a bad headache and pain all over my body.
dootor: Does you have taste?
sahid: I don't have any taste and smell. I don't even think like taking any for any food.
Doctor: Anythink else?
shahid: I fill tired and restless.
Doctor: Ok! you have few cintoms of Covid-19. No think to worry. You
shahid: what should I do right now?
Doctor: Ok! I forget that. How muck days did you suffering form?
sahib: for a week.
Doctor: Ok, your sintums symptoms are willd enough that you can recover at home. Do a sub test. And please come back again after receive your report.
Shahid: Any tink else?
Dacton: Try to eat food, drink a lot of water and rich protin diet. and take medecine. that I priscribed you night now. And self-quarantine for 14 days and use your own belongings. Do some exercise. so, you should be well soon.
shahid: Thank you, sir.
Docton: You're welcome.","sahid: Good evening, sir. May I come in?
Docton: Good evening. Yes, you may. please have a seat.
sahid: thank you, sir.
doctor: what is your name?
sanid: I am sahid.
Docton: How old are you?
sahid: I am 15.
Doctor: what's your problem?
sahid: I am suffering from fever, I also have a dry caugh, a runny nose, I have a bad headache and pain all over my body.
dootor: Does you have taste?
sahid: I don't have any taste and smell. I don't even think like taking any for any food.
Doctor: Anythink else?
shahid: I fill tired and restless.
Doctor: Ok! you have few cintoms of Covid-19. No think to worry. You
shahid: what should I do right now?
Doctor: Ok! I forget that. How muck days did you suffering form?
sahib: for a week.
Doctor: Ok, your sintums symptoms are willd enough that you can recover at home. Do a sub test. And please come back again after receive your report.
Shahid: Any tink else?
Dacton: Try to eat food, drink a lot of water and rich protin diet. and take medecine. that I priscribed you night now. And self-quarantine for 14 days and use your own belongings. Do some exercise. so, you should be well soon.
shahid: Thank you, sir.
Docton: You're welcome.","","15-17","ok","","0.95","0","0","0","0","0","0","False","False","","217","1172","","","","","0","","","gemma-4-31b-it","gemini","extraction_prompt_c6_v1","f172ab06cd2b8256703c24aac7a3e69688981e106974ba6a4975feb8e0e852b6","{""thinking_level"": ""medium"", ""max_output_tokens"": 32768}","2026-09-17T03:49:57.991454+00:00"
"MCQ_010","SE_06_Q1","SE_06_Q1_0010","1","MCQ","7","","","absent","Read the text and answer question 1: Choose the best answer from the alternatives. (1 x 7 = 7)
a. On the 16th of December of the same year, the 26 March declaration of independence became a reality. Here the meaning of the word reality is — i. experience  ii. certainty  iii. virtuality  iv. actuality
b. To every Bangladeshi the 16th December is a day of — i. self analysis  ii. sorrows and sufferings  iii. self questioning  iv. pride and joy
c. We pay our deep respect to the martyrs who gave their lives for the independence of Bangladesh. Here respect means — i. neglect  ii. honour  iii. favour  iv. dignity
d. We, the Bangalees celebrate our Victory Day by remembering the roles played by our fearless freedom fighters and the people at large. Which of the following words has a similar meaning of fearless? i. curious  ii. courageous  iii. fearful  iv. rebillion
e. This is why December 16 is our Victory Day when the Pakistan army surrendered unconditionally. What does surrendered mean here? i. defended  ii. submitted  iii. captured  iv. with stood
f. To build up our nation as a prosperous country we have to work — i. individually  ii. separately  iii. independently  iv. unitedly
g. 1971 is the year of our — i. Liberation War  ii. Independence  iii. Victory day  iv. all of i, ii & iii

READING PASSAGE (questions 1 and 2):
December 16 is a remarkable day for Bangladeshi people. On this day in 1971. Bangladesh got independence after a nine-month-long blood-soaked battle against the Pakistani army. It is a day of national pride as well as a day of commemorating the sacrifices of the millions of Bangladeshi people. Pakistani army killed three million people and assaulted thousands of women.
The Victory Day is celebrated with great enthusiasm across the country. The day begins with a 31-gun salute at dawn, followed by the hoisting of the national flag at government buildings and private institutions. Different political, cultural and educational programmes are organised to pay homage to the martyrs of the war. The entire nation celebrates the day with colourful flags, banners and parades.
The National Parade ground hosts a grand military parade where the president, the prime minister and dignitaries from government and non-government sectors join, The National Martyrs Memorial in Savar, our monument dedicated to the soldiers and civilians who lost their lives during the war, becomes a focal point for citizens to pay their respect. People from all walks of life gather to offer flowers, recite patriotic songs, and recall the sacrifices made by the nation's heroes.

ANSWER KEY (1 mark per item, no part marks):
a. iv. actuality
b. iv. pride and joy
c. ii. honour
d. ii. courageous
e. ii. submitted
f. iv. unitedly
g. iv. all of i, ii & iii

Accept the option written as the roman numeral alone (“iv”), as the option text alone (“actuality”), or as both. Misspelling a correctly chosen option does NOT cost the mark.

MARKING NOTE: this question is ITEM-SCORED. Mark each lettered item against the key and put the SUM of the item marks in context_content_data, leaving structure_format_brevity, language_mechanics and originality_comparisons_paraphrase at 0. Nothing is awarded or deducted for handwriting, style, or spelling beyond what the key requires. An item the student did not attempt scores 0 for that item only. No structural cap is ever applied to an item-scored question.","","a) (iii) virtually
b) iv) pride and joy
c) (ii) honour
d) (i) curious
e) ~~ (iii) ~~ (ii) submitted
f) independently
g) (iii) all of i, ii and iii","a) (iii) virtually
b) iv) pride and joy
c) (ii) honour
d) (i) curious
e)  (ii) submitted
f) independently
g) (iii) all of i, ii and iii","","1","ok","","0.9","0","0","0","1","0","0","False","False","","27","135","","","","","0","","","gemma-4-31b-it","gemini","extraction_prompt_c6_v1","f172ab06cd2b8256703c24aac7a3e69688981e106974ba6a4975feb8e0e852b6","{""thinking_level"": ""medium"", ""max_output_tokens"": 32768}","2026-09-17T03:51:04.537304+00:00"
"SHORT_010","SE_06_Q1","SE_06_Q1_0010","2","Short_Answer","5","","","absent","Write short answers to the following questions. (1 x 5 = 5)
a. What happened during the war in 1971?
b. How do people celebrate Victory Day?
c. Why is the National Martyrs’ Memorial important?
d. What do people sing at the National Martyrs’ Memorial?
e. What does the 31-gun salute represent on Victory Day?

READING PASSAGE (questions 1 and 2):
December 16 is a remarkable day for Bangladeshi people. On this day in 1971. Bangladesh got independence after a nine-month-long blood-soaked battle against the Pakistani army. It is a day of national pride as well as a day of commemorating the sacrifices of the millions of Bangladeshi people. Pakistani army killed three million people and assaulted thousands of women.
The Victory Day is celebrated with great enthusiasm across the country. The day begins with a 31-gun salute at dawn, followed by the hoisting of the national flag at government buildings and private institutions. Different political, cultural and educational programmes are organised to pay homage to the martyrs of the war. The entire nation celebrates the day with colourful flags, banners and parades.
The National Parade ground hosts a grand military parade where the president, the prime minister and dignitaries from government and non-government sectors join, The National Martyrs Memorial in Savar, our monument dedicated to the soldiers and civilians who lost their lives during the war, becomes a focal point for citizens to pay their respect. People from all walks of life gather to offer flowers, recite patriotic songs, and recall the sacrifices made by the nation's heroes.

ANSWER KEY — indicative content, 1 mark per item (whole mark or nothing; there are no half marks on this question):
a. Bangladesh fought a nine-month-long battle against the Pakistani army, who killed three million people and assaulted thousands of women; the country won independence on 16 December 1971.
b. With a 31-gun salute at dawn, hoisting of the national flag, political, cultural and educational programmes, and parades with colourful flags and banners.
c. It is the monument dedicated to the soldiers and civilians who lost their lives during the war, and it becomes the focal point where citizens pay their respect.
d. Patriotic songs.
e. It marks the start of Victory Day at dawn and honours the martyrs and the nation's victory.

Wording need not match the key — award the mark for any answer carrying the same content, in the student's own words or lifted from the passage. Award 0 for a wrong, off-question or omitted answer.

MARKING NOTE: this question is ITEM-SCORED. Mark each lettered item against the key and put the SUM of the item marks in context_content_data, leaving structure_format_brevity, language_mechanics and originality_comparisons_paraphrase at 0. Nothing is awarded or deducted for handwriting, style, or spelling beyond what the key requires. An item the student did not attempt scores 0 for that item only. No structural cap is ever applied to an item-scored question.","","a) In 1971, Bangladesh got independence after nine- month- long blood soaked battle against Pakistani army. Pakistani army killed three million people and assau lited thousands of women.

b) People et celebrate victory day with great enthusiasm across the country. The day begins with a 37 gun salute at dawn, followed by the hoisting of the national flag at government building and private institutions. Differen political, cultural and educational programme one organised to Pay homage to the mantyrs of the wan. People celebrate the day with colounful flags and banners.

c) National martyres is memorial beufo because they lost their lives for our own. They sacrifice their life for us.

d) people sing songs at National martyres memorial.

e) The 37-gun Salutes {inserted: salute represents} the hoisting of the national flag at Govermn {inserted: government} building and Private institution","a) In 1971, Bangladesh got independence after nine- month- long blood soaked battle against Pakistani army. Pakistani army killed three million people and assau lited thousands of women.

b) People et celebrate victory day with great enthusiasm across the country. The day begins with a 37 gun salute at dawn, followed by the hoisting of the national flag at government building and private institutions. Differen political, cultural and educational programme one organised to Pay homage to the mantyrs of the wan. People celebrate the day with colounful flags and banners.

c) National martyres is memorial beufo because they lost their lives for our own. They sacrifice their life for us.

d) people sing songs at National martyres memorial.

e) The 37-gun Salutes salute represents the hoisting of the national flag at Govermn government building and Private institution","","2-3","ok","","0.9","0","0","0","0","2","0","False","False","","135","873","","","","","4","","","gemma-4-31b-it","gemini","extraction_prompt_c6_v1","f172ab06cd2b8256703c24aac7a3e69688981e106974ba6a4975feb8e0e852b6","{""thinking_level"": ""medium"", ""max_output_tokens"": 32768}","2026-09-17T03:51:04.537304+00:00"
"GAP_010","SE_06_Q1","SE_06_Q1_0010","3","Gap_Fill","5","","","absent","Read the text and answer question 3: Complete the passage with suitable words. (1 x 5 = 5)
After finding the box Rajendra and Ravi (a) — about valuable stones. Then they (b) — to Jaipur. After showing the papers to the museum people, Uncle Santosh (c) — to know that the papers were valuable. He (d) — the papers to the museum for ten thousand rupees. Later, (e) — the news, the boy were happy.

READING PASSAGE (questions 3 and 4):
That night Ravi dreamt about gold coins and jewels. The next morning they packed everything into the jeep and went back to Jaipur, Uncle Santosh went to the museum to show his friend the papers. When he came back, he told the boys, ""Those papers were very valuable. The museum people bought them for ten thousand rupees."" The boys were delighted. When Ravi met his father and mother once again, he told them about his adventures and gave them Rs 50,000. Rajendra and Ravi never forgot the kind owl who helped them to find the old box.

ANSWER KEY (1 mark per gap). No clue words are supplied, so ANY word that fits the sentence grammatically and agrees with the passage is correct:
a. dreamt / dreamed / talked / thought
b. went back / returned / came back
c. was surprised / was glad / was happy / came
d. sold
e. hearing / on hearing / after hearing / getting

A word that fits the sense but is misspelled still earns the mark. A word of the wrong part of speech, or one that contradicts the passage, does not.

MARKING NOTE: this question is ITEM-SCORED. Mark each lettered item against the key and put the SUM of the item marks in context_content_data, leaving structure_format_brevity, language_mechanics and originality_comparisons_paraphrase at 0. Nothing is awarded or deducted for handwriting, style, or spelling beyond what the key requires. An item the student did not attempt scores 0 for that item only. No structural cap is ever applied to an item-scored question.","","a) dreamt
b) went back
c) bought
d) bought
e) After hearing","a) dreamt
b) went back
c) bought
d) bought
e) After hearing","","4","ok","","0.9","0","0","0","0","0","0","False","False","","12","59","","","","","0","","","gemma-4-31b-it","gemini","extraction_prompt_c6_v1","f172ab06cd2b8256703c24aac7a3e69688981e106974ba6a4975feb8e0e852b6","{""thinking_level"": ""medium"", ""max_output_tokens"": 32768}","2026-09-17T03:51:04.537304+00:00"
"VOCAB_010","SE_06_Q1","SE_06_Q1_0010","4","Vocabulary","5","","","absent","Read the passage carefully and replace the following words with their suitable synonyms or antonyms. (1 x 5 = 5)
(a) Went back (antonym), (b) Museum (synonym), (c) Friend (synonym), (d) Show (antonym), (e) Bought (synonym)

READING PASSAGE (questions 3 and 4):
That night Ravi dreamt about gold coins and jewels. The next morning they packed everything into the jeep and went back to Jaipur, Uncle Santosh went to the museum to show his friend the papers. When he came back, he told the boys, ""Those papers were very valuable. The museum people bought them for ten thousand rupees."" The boys were delighted. When Ravi met his father and mother once again, he told them about his adventures and gave them Rs 50,000. Rajendra and Ravi never forgot the kind owl who helped them to find the old box.

ANSWER KEY (1 mark per item). Any correct word of the required relation is acceptable; the words below are indicative, not exhaustive:
a. Went back (Antonym): came / went forward / advanced / set out / left
b. Museum (Synonym): gallery / archive / repository / exhibition hall
c. Friend (Synonym): companion / mate / comrade / ally / pal
d. Show (Antonym): hide / conceal / cover
e. Bought (Synonym): purchased

Giving a synonym where an antonym was asked (or the reverse) scores 0 for that item. A correct word that is misspelled still earns the mark.

MARKING NOTE: this question is ITEM-SCORED. Mark each lettered item against the key and put the SUM of the item marks in context_content_data, leaving structure_format_brevity, language_mechanics and originality_comparisons_paraphrase at 0. Nothing is awarded or deducted for handwriting, style, or spelling beyond what the key requires. An item the student did not attempt scores 0 for that item only. No structural cap is ever applied to an item-scored question.","","went back | X | come
mu seum | history | X
friend | ~~team~~ Classmate | X
Shoul | X | hide
Bought | buy {inserted: bringing} | ","went back | X | come
mu seum | history | X
friend |  Classmate | X
Shoul | X | hide
Bought | buy bringing | ","","4-5","ok","","0.9","0","0","0","1","1","0","False","False","","17","108","","","","","0","","","gemma-4-31b-it","gemini","extraction_prompt_c6_v1","f172ab06cd2b8256703c24aac7a3e69688981e106974ba6a4975feb8e0e852b6","{""thinking_level"": ""medium"", ""max_output_tokens"": 32768}","2026-09-17T03:51:04.537304+00:00"
"TABLE_010","SE_06_Q1","SE_06_Q1_0010","5","Table_Completion","5","","","absent","Read the text and answer question 5: Complete the table with information from the passage. (1 x 5 = 5)
| Topic | Information from the passage |
| a. Class Raju reads in | (i) |
| b. Subjects he did well in | (ii) |
| c. Marks he got in those subjects | (iii) |
| d. Subjects he did poorly in | (iv) |
| e. Marks he got in weak subjects | (v) |

READING PASSAGE (questions 5, 6 and 7):
Raju is a student of class six. Last week, his school held class tests in several subjects. Raju worked very hard to do well. He got 8 in Bangla, 9 in English, and 10 in Mathematics out of 10. His teachers praised him for his good marks. However, he could not do well in ICT, Science, and Religion, getting only 6 marks in each.
Raju felt a little sad about his low marks but promised to study harder next time. His father told him not to lose hope. His mother advised him to read ICT and Science regularly. Raju made a plan to give more time to those subjects. He was happy that he did very well in Bangla, English, and Math. Raju believes that with more practice, he can improve all his subjects.

ANSWER KEY (1 mark per blank):
i. Class six
ii. Bangla, English and Mathematics
iii. 8 in Bangla, 9 in English and 10 in Mathematics (out of 10)
iv. ICT, Science and Religion
v. 6 marks in each

This question asks for information lifted from the passage, so copying the passage's wording is CORRECT here and must not be penalised. A partial but unambiguous answer (e.g. naming all three subjects in ii) earns the mark; an answer that names only some of the required items does not.

MARKING NOTE: this question is ITEM-SCORED. Mark each lettered item against the key and put the SUM of the item marks in context_content_data, leaving structure_format_brevity, language_mechanics and originality_comparisons_paraphrase at 0. Nothing is awarded or deducted for handwriting, style, or spelling beyond what the key requires. An item the student did not attempt scores 0 for that item only. No structural cap is ever applied to an item-scored question.","","a) Six
b) Bangla, English and mathematics
c) ~~8 9 10~~ And 6
d) Art, Science and Religion
e) 6","a) Six
b) Bangla, English and mathematics
c)  And 6
d) Art, Science and Religion
e) 6","","5","ok","","0.9","0","0","0","1","0","0","False","False","","15","85","","","","","0","","","gemma-4-31b-it","gemini","extraction_prompt_c6_v1","f172ab06cd2b8256703c24aac7a3e69688981e106974ba6a4975feb8e0e852b6","{""thinking_level"": ""medium"", ""max_output_tokens"": 32768}","2026-09-17T03:51:04.537304+00:00"
"TF_010","SE_06_Q1","SE_06_Q1_0010","6","True_False","5","","","absent","Read the statements below. Write ‘True’ if the statement is correct and ‘False’ if it is incorrect. If false, write the correct answer. (1 x 5 = 5)
a. Raju thinks he cannot improve his weak subjects.
b. He got 6 marks out of 10 in Mathematics.
c. Raju got full marks in Mathematics.
d. Raju plans to work lesser next time.
e. His father scolded him for low marks.

READING PASSAGE (questions 5, 6 and 7):
Raju is a student of class six. Last week, his school held class tests in several subjects. Raju worked very hard to do well. He got 8 in Bangla, 9 in English, and 10 in Mathematics out of 10. His teachers praised him for his good marks. However, he could not do well in ICT, Science, and Religion, getting only 6 marks in each.
Raju felt a little sad about his low marks but promised to study harder next time. His father told him not to lose hope. His mother advised him to read ICT and Science regularly. Raju made a plan to give more time to those subjects. He was happy that he did very well in Bangla, English, and Math. Raju believes that with more practice, he can improve all his subjects.

ANSWER KEY (1 mark per item):
a. False — Raju believes that with more practice he can improve all his subjects.
b. False — he got 10 out of 10 in Mathematics; 6 was his mark in ICT, Science and Religion.
c. True
d. False — he promised to study harder and planned to give more time to his weak subjects.
e. False — his father told him not to lose hope.

A ‘False’ verdict with NO correction, or with a wrong correction, scores 0 for that item — the question requires both. The correction need not match the key's wording; any correction carrying the right fact is accepted.

MARKING NOTE: this question is ITEM-SCORED. Mark each lettered item against the key and put the SUM of the item marks in context_content_data, leaving structure_format_brevity, language_mechanics and originality_comparisons_paraphrase at 0. Nothing is awarded or deducted for handwriting, style, or spelling beyond what the key requires. An item the student did not attempt scores 0 for that item only. No structural cap is ever applied to an item-scored question.","","a) false
Correct Answer: Raju thinks he can improve all his subjects.
b) false
Correct answer: He got 10 marks out of 20 in mathematics
c) True.
d) false
Correct answer: Raju plans to give more time to those subjects.
e) False
Correct answer: His father to him not to lose hope.","a) false
Correct Answer: Raju thinks he can improve all his subjects.
b) false
Correct answer: He got 10 marks out of 20 in mathematics
c) True.
d) false
Correct answer: Raju plans to give more time to those subjects.
e) False
Correct answer: His father to him not to lose hope.","","6","ok","","0.9","0","0","0","0","0","0","False","False","","50","278","","","","","0","","","gemma-4-31b-it","gemini","extraction_prompt_c6_v1","f172ab06cd2b8256703c24aac7a3e69688981e106974ba6a4975feb8e0e852b6","{""thinking_level"": ""medium"", ""max_output_tokens"": 32768}","2026-09-17T03:51:04.537304+00:00"
"SUMMARY_010","SE_06_Q1","SE_06_Q1_0010","7","Summary","5","","","absent","Write a summary of the passage in your own words. (5)

TEXT TO BE SUMMARIZED (questions 5, 6 and 7):
Raju is a student of class six. Last week, his school held class tests in several subjects. Raju worked very hard to do well. He got 8 in Bangla, 9 in English, and 10 in Mathematics out of 10. His teachers praised him for his good marks. However, he could not do well in ICT, Science, and Religion, getting only 6 marks in each.
Raju felt a little sad about his low marks but promised to study harder next time. His father told him not to lose hope. His mother advised him to read ICT and Science regularly. Raju made a plan to give more time to those subjects. He was happy that he did very well in Bangla, English, and Math. Raju believes that with more practice, he can improve all his subjects.","Raju is a student of class six. Last week, his school held class tests in several subjects. Raju worked very hard to do well. He got 8 in Bangla, 9 in English, and 10 in Mathematics out of 10. His teachers praised him for his good marks. However, he could not do well in ICT, Science, and Religion, getting only 6 marks in each.
Raju felt a little sad about his low marks but promised to study harder next time. His father told him not to lose hope. His mother advised him to read ICT and Science regularly. Raju made a plan to give more time to those subjects. He was happy that he did very well in Bangla, English, and Math. Raju believes that with more practice, he can improve all his subjects.","Raju is a student of clags S class six. In his clogs test he does well In Bangla, English and mathematics. But he could not do well In sct, Science and Religion. He can't lose his hope. He belides that he will do better in future.","Raju is a student of clags S class six. In his clogs test he does well In Bangla, English and mathematics. But he could not do well In sct, Science and Religion. He can't lose his hope. He belides that he will do better in future.","","7","ok","","0.9","0","0","0","0","0","0","False","False","","46","230","129","0.3566","True","0.0","0","","","gemma-4-31b-it","gemini","extraction_prompt_c6_v1","f172ab06cd2b8256703c24aac7a3e69688981e106974ba6a4975feb8e0e852b6","{""thinking_level"": ""medium"", ""max_output_tokens"": 32768}","2026-09-17T03:51:04.537304+00:00"
"PREP_010","SE_06_Q1","SE_06_Q1_0010","8","Preposition_Use","5","","","absent","Use these prepositions in sentences of your own. (1 x 5 = 5)
a. bottom of, b. top of, c. through, d. along, e. across

ANSWER KEY (1 mark per item). There is no fixed answer: the student composes their own sentence for each preposition. Award the mark when the sentence (1) actually contains the given preposition, (2) uses it in a sense that is correct English, and (3) is a complete, intelligible sentence.

Model sentences, for reference only — a student sentence need not resemble them:
a. bottom of: The old box lay at the bottom of the river.
b. top of: A small flag was fixed on the top of the hill.
c. through: We walked through the forest before sunset.
d. along: They strolled along the river bank in the evening.
e. across: A wooden bridge runs across the canal.

Award 0 for an item where the preposition is missing, is used in a way that is not English (e.g. “He is bottom of happy”), or where nothing resembling a sentence was written. A minor spelling or article slip does NOT cost the mark — the item tests the preposition, not general accuracy.

MARKING NOTE: this question is ITEM-SCORED. Mark each lettered item against the key and put the SUM of the item marks in context_content_data, leaving structure_format_brevity, language_mechanics and originality_comparisons_paraphrase at 0. Nothing is awarded or deducted for handwriting, style, or spelling beyond what the key requires. An item the student did not attempt scores 0 for that item only. No structural cap is ever applied to an item-scored question.","","a) ~~Bottom of =~~ We eat food from the table.
b) Top of = He
c) Through = They came through the wood on a journey
d) Along = He walking along the road.
e) ACC Across = Don't across across the road.","a)  We eat food from the table.
b) Top of = He
c) Through = They came through the wood on a journey
d) Along = He walking along the road.
e) ACC Across = Don't across across the road.","","7-8","ok","","0.9","0","0","0","1","0","0","False","False","","36","183","","","","","0","","","gemma-4-31b-it","gemini","extraction_prompt_c6_v1","f172ab06cd2b8256703c24aac7a3e69688981e106974ba6a4975feb8e0e852b6","{""thinking_level"": ""medium"", ""max_output_tokens"": 32768}","2026-09-17T03:51:04.537304+00:00"
"REARR_010","SE_06_Q1","SE_06_Q1_0010","9","Rearrange","8","","","absent","Put the following parts of the story in the correct order to make the whole story. Only the corresponding numbers of the sentences need to be written. (1 x 8 = 8)
a. She asked Bayazid to give her a glass of water, but he could not find any water in the pitcher.
b. Once Hazrat Bayazid Bustami came home to see his ailing mother.
c. But she again fell asleep.
d. So, he went to the well quite far from their house.
e. She woke up some hours later.
f. He filled the pitcher, came back and went to his mother with a glass of water.
g. As he was still standing by her bed, his mother drank the glass of water and blessed him from the core of heart.
h. He, instead of waking her up, stood by her bed with the glass of water in his hand.

ANSWER KEY — correct order (8 positions, 1 mark each):
1. b  (Once Hazrat Bayazid Bustami came home to see his ailing mother.)
2. a  (She asked Bayazid to give her a glass of water, but he could not find any water in the pitcher.)
3. d  (So, he went to the well quite far from their house.)
4. f  (He filled the pitcher, came back and went to his mother with a glass of water.)
5. c  (But she again fell asleep.)
6. h  (He, instead of waking her up, stood by her bed with the glass of water in his hand.)
7. e  (She woke up some hours later.)
8. g  (As he was still standing by her bed, his mother drank the glass of water and blessed him from the core of heart.)

Award 1 mark for each sentence the student places in its correct POSITION in the sequence above — a position-by-position comparison: b in slot 1 earns a mark, b anywhere else does not. The student may give the letters, the full sentences, or both; mark the order either way, and do not penalise copying slips inside the sentences.

MARKING NOTE: this question is ITEM-SCORED. Mark each lettered item against the key and put the SUM of the item marks in context_content_data, leaving structure_format_brevity, language_mechanics and originality_comparisons_paraphrase at 0. Nothing is awarded or deducted for handwriting, style, or spelling beyond what the key requires. An item the student did not attempt scores 0 for that item only. No structural cap is ever applied to an item-scored question.","","1. b
2. a
3. d
4. ~~c~~
5. f
6. e
7. a
8. g","1. b
2. a
3. d
4. 
5. f
6. e
7. a
8. g","","8","ok","","0.8","0","0","0","1","0","0","False","False","","7","38","","","","","0","","","gemma-4-31b-it","gemini","extraction_prompt_c6_v1","f172ab06cd2b8256703c24aac7a3e69688981e106974ba6a4975feb8e0e852b6","{""thinking_level"": ""medium"", ""max_output_tokens"": 32768}","2026-09-17T03:51:04.537304+00:00"
"POEM_010","SE_06_Q1","SE_06_Q1_0010","10","Poem_Short_Answer","10","","","absent","Answer any five of the following questions from the poems in your text book. (2 x 5 = 10)
a. What does Robin say about autumn?
b. How is Robin a happy bird?
c. How is Robin a hopeful bird?
d. What reason does Robin give for singing during the winter?
e. What does Robin teach us in the poem?
f. Why does the playmate come only on a rainy day?
g. Why does the boy think the playmate lives in another land?
h. What does the Moon come there to do?

ANSWER KEY — INDICATIVE ONLY, 2 marks per answer. The poem texts are not supplied with this paper, so the notes below describe the expected substance rather than fixed wording. Items a–e concern the poem about Robin, a bird who goes on singing as autumn turns to winter; items f–h concern the poem about a boy and an imagined playmate who visits on rainy days.
a. That autumn is passing and the cold season is coming — leaves fall and the bright days are ending.
b. He sings cheerfully whatever the season, finding joy in small things rather than complaining of the cold.
c. He keeps singing through the bleak season because he trusts that spring and better days will return.
d. He sings in winter to keep up his own and others' spirits, and because he believes the hard season will pass.
e. To stay cheerful and hopeful in hard times instead of giving way to gloom.
f. Because the rain keeps the boy indoors and alone, so that is when he longs for and imagines his playmate.
g. Because the playmate is never seen among the people he knows and appears only in his imagination, so the boy supposes he must come from some distant, unknown land.
h. It comes to look in on the child and keep him company — to shine on him and share the night with him.

BECAUSE THE KEY IS INDICATIVE, mark generously on substance: award 2 for an answer that is clearly about the right poem and carries a sensible reading consistent with these notes, 1 for a partly relevant or very thin answer, and 0 for an answer about the wrong poem, one that merely repeats the question, or one left blank.

ANY FIVE answers count, and only five are marked: if the student answers more than five, mark the FIRST five attempted and ignore the rest; if fewer than five, the unanswered ones score 0. Put the sum of the five item marks (0–10) in context_content_data and leave the other three criteria at 0.","","a) Robin says that, there is fruit for everyone.
d) Robin During the gives singing because he thinks anybody should sing in the wintern or it will seem long.
e) Robin teaches us that, we should be hopeful. He is a hopeful bird. He hopes that, anyone should sing in the winter or it will seem long. If we lose hope the sorrow will increase more. Su, We should be ho hopeful.
g) The boy thinks the Playmate lives robin at another land because
b) Robin is a happy bird because he sings happily in all the four seasons.
h) The moon comes there to peep.","a) Robin says that, there is fruit for everyone.
d) Robin During the gives singing because he thinks anybody should sing in the wintern or it will seem long.
e) Robin teaches us that, we should be hopeful. He is a hopeful bird. He hopes that, anyone should sing in the winter or it will seem long. If we lose hope the sorrow will increase more. Su, We should be ho hopeful.
g) The boy thinks the Playmate lives robin at another land because
b) Robin is a happy bird because he sings happily in all the four seasons.
h) The moon comes there to peep.","","8-9","ok","","0.9","0","0","0","0","0","0","False","False","","106","548","","","","","0","","","gemma-4-31b-it","gemini","extraction_prompt_c6_v1","f172ab06cd2b8256703c24aac7a3e69688981e106974ba6a4975feb8e0e852b6","{""thinking_level"": ""medium"", ""max_output_tokens"": 32768}","2026-09-17T03:51:04.537304+00:00"
"STORY_010","SE_06_Q1","SE_06_Q1_0010","11","Story","10","","","absent","Part-B : Writing. Read the opening of a story below and complete it in at least ten new sentences. Give a suitable title to it. (10)
Once upon a time two friends went on a journey. They had to go through a forest on the way. As they came through the wood, they saw a bear approaching…………","","once upon a time two friends went on a journney. They had to go ~~through~~ {inserted: through} a forest on the way. As they came through the wood, they saw a been approaching. Suddenly one friend climbed both of them became frightened. Suddenly One of them climbed up a tree. But other, one didn't find any alternative, lay down on his face without breathing. The bear soon came up. The bear took its head and smell his body as he lay without breathing, the be took him to be dead and went a

The other man came down, and asked his friend, ""What did the bear whispen into your ~~ear~~ {inserted: ear}?""

The A bear gave me a piece of good advise"" He said, ""What was that?"" Asked the bear

His friend told him ~~thruust~~ a friend who leaves you
said, "" Neven alone in danger ""","once upon a time two friends went on a journney. They had to go  through a forest on the way. As they came through the wood, they saw a been approaching. Suddenly one friend climbed both of them became frightened. Suddenly One of them climbed up a tree. But other, one didn't find any alternative, lay down on his face without breathing. The bear soon came up. The bear took its head and smell his body as he lay without breathing, the be took him to be dead and went a

The other man came down, and asked his friend, ""What did the bear whispen into your  ear?""

The A bear gave me a piece of good advise"" He said, ""What was that?"" Asked the bear

His friend told him  a friend who leaves you
said, "" Neven alone in danger ""","A frind in need is a friend in indeed","10-11","ok","","0.9","0","0","0","3","2","0","False","False","","140","724","","","","","3","","","gemma-4-31b-it","gemini","extraction_prompt_c6_v1","f172ab06cd2b8256703c24aac7a3e69688981e106974ba6a4975feb8e0e852b6","{""thinking_level"": ""medium"", ""max_output_tokens"": 32768}","2026-09-17T03:51:04.537304+00:00"
"PARA_010","SE_06_Q1","SE_06_Q1_0010","12","Paragraph","10","","","absent","Write a paragraph in 120 words. ""A Rickshaw-Puller"" (10)","","A nickshaw Pullen plays an important role in our Communication sector. An illiterate and unskilled man, our country chooses nickshawe pulling as his Professions. The work of nickshawe Pullen is canny cannying passengens from one Place to another. They also canny Goods. He has no nickshawe of his own. He hires a nickshaw from its owner on daily basis. He leads a very gard life. Someti He is a very familian figure in our country. It is a very niskey work. sometimes, he may fault a Victi to a senious accident. Hee Pulls nickshawe both in good and bad weathen. Sometimes he demandl more in foul weathen. He eats road side food. He ~~doesn't~~ {inserted: can't} save money. He lives from hand to mouth. He lives in a slum. He can't provide food, education and medicine to his family. If he can manage two squze of food for his family and himself he becomes happy. some times his earning less than less than his demands, then he faces more difficulties. If he becomes ill, his family fall in trouble. He can't see a doctor. we should help him. Our Goverment should ~~gave~~ {inserted: give} him a small loan. and suggest him some education. They should give him a shelter to live. In this way, he live a decent life.","A nickshaw Pullen plays an important role in our Communication sector. An illiterate and unskilled man, our country chooses nickshawe pulling as his Professions. The work of nickshawe Pullen is canny cannying passengens from one Place to another. They also canny Goods. He has no nickshawe of his own. He hires a nickshaw from its owner on daily basis. He leads a very gard life. Someti He is a very familian figure in our country. It is a very niskey work. sometimes, he may fault a Victi to a senious accident. Hee Pulls nickshawe both in good and bad weathen. Sometimes he demandl more in foul weathen. He eats road side food. He  can't save money. He lives from hand to mouth. He lives in a slum. He can't provide food, education and medicine to his family. If he can manage two squze of food for his family and himself he becomes happy. some times his earning less than less than his demands, then he faces more difficulties. If he becomes ill, his family fall in trouble. He can't see a doctor. we should help him. Our Goverment should  give him a small loan. and suggest him some education. They should give him a shelter to live. In this way, he live a decent life.","A Rickshawe- Pullen","12-14","ok","","0.9","0","0","0","2","2","0","False","False","","215","1173","","","","","0","","","gemma-4-31b-it","gemini","extraction_prompt_c6_v1","f172ab06cd2b8256703c24aac7a3e69688981e106974ba6a4975feb8e0e852b6","{""thinking_level"": ""medium"", ""max_output_tokens"": 32768}","2026-09-17T03:51:04.537304+00:00"
"DIALOG_010","SE_06_Q1","SE_06_Q1_0010","13","Dialogue","10","","","absent","You are Shahid and you have been suffering from fever along with some Covid-19 symptoms for a week. Now, you are at the chamber of a doctor. Write a dialogue between you and the doctor. (10)","","Shahid: May , I come in sin?
Docton: Yes. You may.
Shahid: Good mevening, sin.
Docton: Good evening. please have a seat.
Shahid: Thank you, sin.
Docton: What's your name?
Shahid: I'm shahid.
Doctor: How old are you?
Shahid: I'm 15 years old
Docton: What's your problem?
Shahid: I am Suffering from feven, I have a bad headeache and runny nose. I have pain all over my body.
Docton: What's your temprature?
Shahid: About 100°F to 104°F.
Docton: What about your taste and appite?
Shahid: I don't like to take any food.
Docton: OK, You have a few symptoms of covid-19.
Shahid: sin, what can I do now?
Docton: Don't worry. it's better if you do the covid-19 sweab test.
Shahida: Any thing else sin?
Docton: Take rest, drink water and take food properly. Take this medicines properly. Here is your Prescrinbtion. I hope you will recoven soon from the covid 19 and never forget to stay in the quarenteen for 14 days.
Shahida: Thank you sin.
Docton: You are welcome. After recovering covid -19 visit me soon.
Shahida: ok sin, I will visit you soon.","Shahid: May , I come in sin?
Docton: Yes. You may.
Shahid: Good mevening, sin.
Docton: Good evening. please have a seat.
Shahid: Thank you, sin.
Docton: What's your name?
Shahid: I'm shahid.
Doctor: How old are you?
Shahid: I'm 15 years old
Docton: What's your problem?
Shahid: I am Suffering from feven, I have a bad headeache and runny nose. I have pain all over my body.
Docton: What's your temprature?
Shahid: About 100°F to 104°F.
Docton: What about your taste and appite?
Shahid: I don't like to take any food.
Docton: OK, You have a few symptoms of covid-19.
Shahid: sin, what can I do now?
Docton: Don't worry. it's better if you do the covid-19 sweab test.
Shahida: Any thing else sin?
Docton: Take rest, drink water and take food properly. Take this medicines properly. Here is your Prescrinbtion. I hope you will recoven soon from the covid 19 and never forget to stay in the quarenteen for 14 days.
Shahida: Thank you sin.
Docton: You are welcome. After recovering covid -19 visit me soon.
Shahida: ok sin, I will visit you soon.","Dialogue","15-17","ok","","0.9","0","0","0","0","0","0","False","False","","181","1041","","","","","0","","","gemma-4-31b-it","gemini","extraction_prompt_c6_v1","f172ab06cd2b8256703c24aac7a3e69688981e106974ba6a4975feb8e0e852b6","{""thinking_level"": ""medium"", ""max_output_tokens"": 32768}","2026-09-17T03:51:04.537304+00:00"
"MCQ_011","SE_06_Q1","SE_06_Q1_0011","1","MCQ","7","","","absent","Read the text and answer question 1: Choose the best answer from the alternatives. (1 x 7 = 7)
a. On the 16th of December of the same year, the 26 March declaration of independence became a reality. Here the meaning of the word reality is — i. experience  ii. certainty  iii. virtuality  iv. actuality
b. To every Bangladeshi the 16th December is a day of — i. self analysis  ii. sorrows and sufferings  iii. self questioning  iv. pride and joy
c. We pay our deep respect to the martyrs who gave their lives for the independence of Bangladesh. Here respect means — i. neglect  ii. honour  iii. favour  iv. dignity
d. We, the Bangalees celebrate our Victory Day by remembering the roles played by our fearless freedom fighters and the people at large. Which of the following words has a similar meaning of fearless? i. curious  ii. courageous  iii. fearful  iv. rebillion
e. This is why December 16 is our Victory Day when the Pakistan army surrendered unconditionally. What does surrendered mean here? i. defended  ii. submitted  iii. captured  iv. with stood
f. To build up our nation as a prosperous country we have to work — i. individually  ii. separately  iii. independently  iv. unitedly
g. 1971 is the year of our — i. Liberation War  ii. Independence  iii. Victory day  iv. all of i, ii & iii

READING PASSAGE (questions 1 and 2):
December 16 is a remarkable day for Bangladeshi people. On this day in 1971. Bangladesh got independence after a nine-month-long blood-soaked battle against the Pakistani army. It is a day of national pride as well as a day of commemorating the sacrifices of the millions of Bangladeshi people. Pakistani army killed three million people and assaulted thousands of women.
The Victory Day is celebrated with great enthusiasm across the country. The day begins with a 31-gun salute at dawn, followed by the hoisting of the national flag at government buildings and private institutions. Different political, cultural and educational programmes are organised to pay homage to the martyrs of the war. The entire nation celebrates the day with colourful flags, banners and parades.
The National Parade ground hosts a grand military parade where the president, the prime minister and dignitaries from government and non-government sectors join, The National Martyrs Memorial in Savar, our monument dedicated to the soldiers and civilians who lost their lives during the war, becomes a focal point for citizens to pay their respect. People from all walks of life gather to offer flowers, recite patriotic songs, and recall the sacrifices made by the nation's heroes.

ANSWER KEY (1 mark per item, no part marks):
a. iv. actuality
b. iv. pride and joy
c. ii. honour
d. ii. courageous
e. ii. submitted
f. iv. unitedly
g. iv. all of i, ii & iii

Accept the option written as the roman numeral alone (“iv”), as the option text alone (“actuality”), or as both. Misspelling a correctly chosen option does NOT cost the mark.

MARKING NOTE: this question is ITEM-SCORED. Mark each lettered item against the key and put the SUM of the item marks in context_content_data, leaving structure_format_brevity, language_mechanics and originality_comparisons_paraphrase at 0. Nothing is awarded or deducted for handwriting, style, or spelling beyond what the key requires. An item the student did not attempt scores 0 for that item only. No structural cap is ever applied to an item-scored question.","","a. ~~iv)~~ ~~virtuality~~ actuality
b. iv) pride and joy.
c. shounour
d. i) curious
e. iii) captured
f. iii) independthly
g. iv) all of ~~ii~~ 8 & iii bewollof","a.   actuality
b. iv) pride and joy.
c. shounour
d. i) curious
e. iii) captured
f. iii) independthly
g. iv) all of  8 & iii bewollof","","1","ok","","0.8","0","0","0","3","0","0","False","False","","24","132","","","","","0","","","gemma-4-31b-it","gemini","extraction_prompt_c6_v1","f172ab06cd2b8256703c24aac7a3e69688981e106974ba6a4975feb8e0e852b6","{""thinking_level"": ""medium"", ""max_output_tokens"": 32768}","2026-09-17T03:48:20.111364+00:00"
"SHORT_011","SE_06_Q1","SE_06_Q1_0011","2","Short_Answer","5","","","absent","Write short answers to the following questions. (1 x 5 = 5)
a. What happened during the war in 1971?
b. How do people celebrate Victory Day?
c. Why is the National Martyrs’ Memorial important?
d. What do people sing at the National Martyrs’ Memorial?
e. What does the 31-gun salute represent on Victory Day?

READING PASSAGE (questions 1 and 2):
December 16 is a remarkable day for Bangladeshi people. On this day in 1971. Bangladesh got independence after a nine-month-long blood-soaked battle against the Pakistani army. It is a day of national pride as well as a day of commemorating the sacrifices of the millions of Bangladeshi people. Pakistani army killed three million people and assaulted thousands of women.
The Victory Day is celebrated with great enthusiasm across the country. The day begins with a 31-gun salute at dawn, followed by the hoisting of the national flag at government buildings and private institutions. Different political, cultural and educational programmes are organised to pay homage to the martyrs of the war. The entire nation celebrates the day with colourful flags, banners and parades.
The National Parade ground hosts a grand military parade where the president, the prime minister and dignitaries from government and non-government sectors join, The National Martyrs Memorial in Savar, our monument dedicated to the soldiers and civilians who lost their lives during the war, becomes a focal point for citizens to pay their respect. People from all walks of life gather to offer flowers, recite patriotic songs, and recall the sacrifices made by the nation's heroes.

ANSWER KEY — indicative content, 1 mark per item (whole mark or nothing; there are no half marks on this question):
a. Bangladesh fought a nine-month-long battle against the Pakistani army, who killed three million people and assaulted thousands of women; the country won independence on 16 December 1971.
b. With a 31-gun salute at dawn, hoisting of the national flag, political, cultural and educational programmes, and parades with colourful flags and banners.
c. It is the monument dedicated to the soldiers and civilians who lost their lives during the war, and it becomes the focal point where citizens pay their respect.
d. Patriotic songs.
e. It marks the start of Victory Day at dawn and honours the martyrs and the nation's victory.

Wording need not match the key — award the mark for any answer carrying the same content, in the student's own words or lifted from the passage. Award 0 for a wrong, off-question or omitted answer.

MARKING NOTE: this question is ITEM-SCORED. Mark each lettered item against the key and put the SUM of the item marks in context_content_data, leaving structure_format_brevity, language_mechanics and originality_comparisons_paraphrase at 0. Nothing is awarded or deducted for handwriting, style, or spelling beyond what the key requires. An item the student did not attempt scores 0 for that item only. No structural cap is ever applied to an item-scored question.","","a) During the war in 1971, we Fight with the ~~pa~~ Pakistani army. On the 16th December, the pakistan army surrendered
b) The people of Bangladesh celebrate the Victory day. ~~in ma~~ They The day begins with a 31-gun salute at dawn, followed by hoisting of the national governu-ment building and employee.
c) The National Martyrs' Memorial is very important. ~~It is~~ very important Because it help to remembers us the ~~Man~~ martyrs' thing. They gave their lives.
d) People sings ""Aman shonar Bangla"" at the National Martyrs' Memorial
e) The 31 gun salute represent the Libaranation war in Victory Day. Day.","a) During the war in 1971, we Fight with the  Pakistani army. On the 16th December, the pakistan army surrendered
b) The people of Bangladesh celebrate the Victory day.  They The day begins with a 31-gun salute at dawn, followed by hoisting of the national governu-ment building and employee.
c) The National Martyrs' Memorial is very important.  very important Because it help to remembers us the  martyrs' thing. They gave their lives.
d) People sings ""Aman shonar Bangla"" at the National Martyrs' Memorial
e) The 31 gun salute represent the Libaranation war in Victory Day. Day.","","2-3","ok","","0.9","0","0","0","4","0","0","False","False","","95","581","","","","","0","","","gemma-4-31b-it","gemini","extraction_prompt_c6_v1","f172ab06cd2b8256703c24aac7a3e69688981e106974ba6a4975feb8e0e852b6","{""thinking_level"": ""medium"", ""max_output_tokens"": 32768}","2026-09-17T03:48:20.111364+00:00"
"GAP_011","SE_06_Q1","SE_06_Q1_0011","3","Gap_Fill","5","","","absent","Read the text and answer question 3: Complete the passage with suitable words. (1 x 5 = 5)
After finding the box Rajendra and Ravi (a) — about valuable stones. Then they (b) — to Jaipur. After showing the papers to the museum people, Uncle Santosh (c) — to know that the papers were valuable. He (d) — the papers to the museum for ten thousand rupees. Later, (e) — the news, the boy were happy.

READING PASSAGE (questions 3 and 4):
That night Ravi dreamt about gold coins and jewels. The next morning they packed everything into the jeep and went back to Jaipur, Uncle Santosh went to the museum to show his friend the papers. When he came back, he told the boys, ""Those papers were very valuable. The museum people bought them for ten thousand rupees."" The boys were delighted. When Ravi met his father and mother once again, he told them about his adventures and gave them Rs 50,000. Rajendra and Ravi never forgot the kind owl who helped them to find the old box.

ANSWER KEY (1 mark per gap). No clue words are supplied, so ANY word that fits the sentence grammatically and agrees with the passage is correct:
a. dreamt / dreamed / talked / thought
b. went back / returned / came back
c. was surprised / was glad / was happy / came
d. sold
e. hearing / on hearing / after hearing / getting

A word that fits the sense but is misspelled still earns the mark. A word of the wrong part of speech, or one that contradicts the passage, does not.

MARKING NOTE: this question is ITEM-SCORED. Mark each lettered item against the key and put the SUM of the item marks in context_content_data, leaving structure_format_brevity, language_mechanics and originality_comparisons_paraphrase at 0. Nothing is awarded or deducted for handwriting, style, or spelling beyond what the key requires. An item the student did not attempt scores 0 for that item only. No structural cap is ever applied to an item-scored question.","","a) ~~tou~~ thought
b) went
c) They wanted
d) sold
e) hearning","a)  thought
b) went
c) They wanted
d) sold
e) hearning","","3","ok","","0.9","0","0","0","1","0","0","False","False","","11","54","","","","","0","","","gemma-4-31b-it","gemini","extraction_prompt_c6_v1","f172ab06cd2b8256703c24aac7a3e69688981e106974ba6a4975feb8e0e852b6","{""thinking_level"": ""medium"", ""max_output_tokens"": 32768}","2026-09-17T03:48:20.111364+00:00"
"VOCAB_011","SE_06_Q1","SE_06_Q1_0011","4","Vocabulary","5","","","absent","Read the passage carefully and replace the following words with their suitable synonyms or antonyms. (1 x 5 = 5)
(a) Went back (antonym), (b) Museum (synonym), (c) Friend (synonym), (d) Show (antonym), (e) Bought (synonym)

READING PASSAGE (questions 3 and 4):
That night Ravi dreamt about gold coins and jewels. The next morning they packed everything into the jeep and went back to Jaipur, Uncle Santosh went to the museum to show his friend the papers. When he came back, he told the boys, ""Those papers were very valuable. The museum people bought them for ten thousand rupees."" The boys were delighted. When Ravi met his father and mother once again, he told them about his adventures and gave them Rs 50,000. Rajendra and Ravi never forgot the kind owl who helped them to find the old box.

ANSWER KEY (1 mark per item). Any correct word of the required relation is acceptable; the words below are indicative, not exhaustive:
a. Went back (Antonym): came / went forward / advanced / set out / left
b. Museum (Synonym): gallery / archive / repository / exhibition hall
c. Friend (Synonym): companion / mate / comrade / ally / pal
d. Show (Antonym): hide / conceal / cover
e. Bought (Synonym): purchased

Giving a synonym where an antonym was asked (or the reverse) scores 0 for that item. A correct word that is misspelled still earns the mark.

MARKING NOTE: this question is ITEM-SCORED. Mark each lettered item against the key and put the SUM of the item marks in context_content_data, leaving structure_format_brevity, language_mechanics and originality_comparisons_paraphrase at 0. Nothing is awarded or deducted for handwriting, style, or spelling beyond what the key requires. An item the student did not attempt scores 0 for that item only. No structural cap is ever applied to an item-scored question.","","a. Went back | [unclear: M] | come back
b. Museram | historycal building | 
c. Friend | [unclear: eout cotug] classmate | 
d. show | secret | 
e. Bought | | 

ignont hot (c)
knew (d)
be true gent (e)","a. Went back | M | come back
b. Museram | historycal building | 
c. Friend | eout cotug classmate | 
d. show | secret | 
e. Bought | | 

ignont hot (c)
knew (d)
be true gent (e)","","4","ok","","0.7","0","2","0","0","0","0","False","False","","29","177","","","","","1","","","gemma-4-31b-it","gemini","extraction_prompt_c6_v1","f172ab06cd2b8256703c24aac7a3e69688981e106974ba6a4975feb8e0e852b6","{""thinking_level"": ""medium"", ""max_output_tokens"": 32768}","2026-09-17T03:48:20.111364+00:00"
"TABLE_011","SE_06_Q1","SE_06_Q1_0011","5","Table_Completion","5","","","absent","Read the text and answer question 5: Complete the table with information from the passage. (1 x 5 = 5)
| Topic | Information from the passage |
| a. Class Raju reads in | (i) |
| b. Subjects he did well in | (ii) |
| c. Marks he got in those subjects | (iii) |
| d. Subjects he did poorly in | (iv) |
| e. Marks he got in weak subjects | (v) |

READING PASSAGE (questions 5, 6 and 7):
Raju is a student of class six. Last week, his school held class tests in several subjects. Raju worked very hard to do well. He got 8 in Bangla, 9 in English, and 10 in Mathematics out of 10. His teachers praised him for his good marks. However, he could not do well in ICT, Science, and Religion, getting only 6 marks in each.
Raju felt a little sad about his low marks but promised to study harder next time. His father told him not to lose hope. His mother advised him to read ICT and Science regularly. Raju made a plan to give more time to those subjects. He was happy that he did very well in Bangla, English, and Math. Raju believes that with more practice, he can improve all his subjects.

ANSWER KEY (1 mark per blank):
i. Class six
ii. Bangla, English and Mathematics
iii. 8 in Bangla, 9 in English and 10 in Mathematics (out of 10)
iv. ICT, Science and Religion
v. 6 marks in each

This question asks for information lifted from the passage, so copying the passage's wording is CORRECT here and must not be penalised. A partial but unambiguous answer (e.g. naming all three subjects in ii) earns the mark; an answer that names only some of the required items does not.

MARKING NOTE: this question is ITEM-SCORED. Mark each lettered item against the key and put the SUM of the item marks in context_content_data, leaving structure_format_brevity, language_mechanics and originality_comparisons_paraphrase at 0. Nothing is awarded or deducted for handwriting, style, or spelling beyond what the key requires. An item the student did not attempt scores 0 for that item only. No structural cap is ever applied to an item-scored question.","","i) class 6
ii) Bangla, English and Mathematics
iii) 8, 9, 10
iv) ICT, Science and Religion
v) 6","i) class 6
ii) Bangla, English and Mathematics
iii) 8, 9, 10
iv) ICT, Science and Religion
v) 6","","5","ok","","1.0","0","0","0","0","0","0","False","False","","14","95","","","","","0","","","gemma-4-31b-it","gemini","extraction_prompt_c6_v1","f172ab06cd2b8256703c24aac7a3e69688981e106974ba6a4975feb8e0e852b6","{""thinking_level"": ""medium"", ""max_output_tokens"": 32768}","2026-09-17T03:48:20.111364+00:00"
"TF_011","SE_06_Q1","SE_06_Q1_0011","6","True_False","5","","","absent","Read the statements below. Write ‘True’ if the statement is correct and ‘False’ if it is incorrect. If false, write the correct answer. (1 x 5 = 5)
a. Raju thinks he cannot improve his weak subjects.
b. He got 6 marks out of 10 in Mathematics.
c. Raju got full marks in Mathematics.
d. Raju plans to work lesser next time.
e. His father scolded him for low marks.

READING PASSAGE (questions 5, 6 and 7):
Raju is a student of class six. Last week, his school held class tests in several subjects. Raju worked very hard to do well. He got 8 in Bangla, 9 in English, and 10 in Mathematics out of 10. His teachers praised him for his good marks. However, he could not do well in ICT, Science, and Religion, getting only 6 marks in each.
Raju felt a little sad about his low marks but promised to study harder next time. His father told him not to lose hope. His mother advised him to read ICT and Science regularly. Raju made a plan to give more time to those subjects. He was happy that he did very well in Bangla, English, and Math. Raju believes that with more practice, he can improve all his subjects.

ANSWER KEY (1 mark per item):
a. False — Raju believes that with more practice he can improve all his subjects.
b. False — he got 10 out of 10 in Mathematics; 6 was his mark in ICT, Science and Religion.
c. True
d. False — he promised to study harder and planned to give more time to his weak subjects.
e. False — his father told him not to lose hope.

A ‘False’ verdict with NO correction, or with a wrong correction, scores 0 for that item — the question requires both. The correction need not match the key's wording; any correction carrying the right fact is accepted.

MARKING NOTE: this question is ITEM-SCORED. Mark each lettered item against the key and put the SUM of the item marks in context_content_data, leaving structure_format_brevity, language_mechanics and originality_comparisons_paraphrase at 0. Nothing is awarded or deducted for handwriting, style, or spelling beyond what the key requires. An item the student did not attempt scores 0 for that item only. No structural cap is ever applied to an item-scored question.","","a) False. C.A: After hear, his mothers advice Raju think he can imper improve.
b) False. C.A: He got 10 out of 10 in in Mathematics.
c) False. True.
d) False. C.A: Raju plans to work hard as he could.
e) True.","a) False. C.A: After hear, his mothers advice Raju think he can imper improve.
b) False. C.A: He got 10 out of 10 in in Mathematics.
c) False. True.
d) False. C.A: Raju plans to work hard as he could.
e) True.","","5","ok","","0.9","0","0","0","0","0","0","False","False","","43","209","","","","","0","","","gemma-4-31b-it","gemini","extraction_prompt_c6_v1","f172ab06cd2b8256703c24aac7a3e69688981e106974ba6a4975feb8e0e852b6","{""thinking_level"": ""medium"", ""max_output_tokens"": 32768}","2026-09-17T03:48:20.111364+00:00"
"SUMMARY_011","SE_06_Q1","SE_06_Q1_0011","7","Summary","5","","","absent","Write a summary of the passage in your own words. (5)

TEXT TO BE SUMMARIZED (questions 5, 6 and 7):
Raju is a student of class six. Last week, his school held class tests in several subjects. Raju worked very hard to do well. He got 8 in Bangla, 9 in English, and 10 in Mathematics out of 10. His teachers praised him for his good marks. However, he could not do well in ICT, Science, and Religion, getting only 6 marks in each.
Raju felt a little sad about his low marks but promised to study harder next time. His father told him not to lose hope. His mother advised him to read ICT and Science regularly. Raju made a plan to give more time to those subjects. He was happy that he did very well in Bangla, English, and Math. Raju believes that with more practice, he can improve all his subjects.","Raju is a student of class six. Last week, his school held class tests in several subjects. Raju worked very hard to do well. He got 8 in Bangla, 9 in English, and 10 in Mathematics out of 10. His teachers praised him for his good marks. However, he could not do well in ICT, Science, and Religion, getting only 6 marks in each.
Raju felt a little sad about his low marks but promised to study harder next time. His father told him not to lose hope. His mother advised him to read ICT and Science regularly. Raju made a plan to give more time to those subjects. He was happy that he did very well in Bangla, English, and Math. Raju believes that with more practice, he can improve all his subjects.","The In the passage, There was a boy named Raju who read in class six. He got 8 in in Bangla, 9 in English, and 10 in Mathematics. But he got 6 in ICT, Science, and Religion, he was sad for this. Then, he wanted to work hard in the weak subject as hard as possiable

The motval of story is: -> ""Work hard as you can!""

Or, if you Failed once, you have to tried hundred!","The In the passage, There was a boy named Raju who read in class six. He got 8 in in Bangla, 9 in English, and 10 in Mathematics. But he got 6 in ICT, Science, and Religion, he was sad for this. Then, he wanted to work hard in the weak subject as hard as possiable

The motval of story is: -> ""Work hard as you can!""

Or, if you Failed once, you have to tried hundred!","","6","ok","","0.9","0","0","0","0","0","0","False","False","","72","368","129","0.5581","True","0.1184","2","","","gemma-4-31b-it","gemini","extraction_prompt_c6_v1","f172ab06cd2b8256703c24aac7a3e69688981e106974ba6a4975feb8e0e852b6","{""thinking_level"": ""medium"", ""max_output_tokens"": 32768}","2026-09-17T03:48:20.111364+00:00"
"PREP_011","SE_06_Q1","SE_06_Q1_0011","8","Preposition_Use","5","","","absent","Use these prepositions in sentences of your own. (1 x 5 = 5)
a. bottom of, b. top of, c. through, d. along, e. across

ANSWER KEY (1 mark per item). There is no fixed answer: the student composes their own sentence for each preposition. Award the mark when the sentence (1) actually contains the given preposition, (2) uses it in a sense that is correct English, and (3) is a complete, intelligible sentence.

Model sentences, for reference only — a student sentence need not resemble them:
a. bottom of: The old box lay at the bottom of the river.
b. top of: A small flag was fixed on the top of the hill.
c. through: We walked through the forest before sunset.
d. along: They strolled along the river bank in the evening.
e. across: A wooden bridge runs across the canal.

Award 0 for an item where the preposition is missing, is used in a way that is not English (e.g. “He is bottom of happy”), or where nothing resembling a sentence was written. A minor spelling or article slip does NOT cost the mark — the item tests the preposition, not general accuracy.

MARKING NOTE: this question is ITEM-SCORED. Mark each lettered item against the key and put the SUM of the item marks in context_content_data, leaving structure_format_brevity, language_mechanics and originality_comparisons_paraphrase at 0. Nothing is awarded or deducted for handwriting, style, or spelling beyond what the key requires. An item the student did not attempt scores 0 for that item only. No structural cap is ever applied to an item-scored question.","","a) bottom of -> The data is bottom of the chart of imp information.
b) Top of -> The ~~wife~~ fat is the top of the food piramid.
c) Through -> They going through a wood.
d) along -> They were going to home along.
e) across -> Across the road carefully.","a) bottom of -> The data is bottom of the chart of imp information.
b) Top of -> The  fat is the top of the food piramid.
c) Through -> They going through a wood.
d) along -> They were going to home along.
e) across -> Across the road carefully.","","7","ok","","0.9","0","0","0","1","0","0","False","False","","46","245","","","","","0","","","gemma-4-31b-it","gemini","extraction_prompt_c6_v1","f172ab06cd2b8256703c24aac7a3e69688981e106974ba6a4975feb8e0e852b6","{""thinking_level"": ""medium"", ""max_output_tokens"": 32768}","2026-09-17T03:48:20.111364+00:00"
"REARR_011","SE_06_Q1","SE_06_Q1_0011","9","Rearrange","8","","","absent","Put the following parts of the story in the correct order to make the whole story. Only the corresponding numbers of the sentences need to be written. (1 x 8 = 8)
a. She asked Bayazid to give her a glass of water, but he could not find any water in the pitcher.
b. Once Hazrat Bayazid Bustami came home to see his ailing mother.
c. But she again fell asleep.
d. So, he went to the well quite far from their house.
e. She woke up some hours later.
f. He filled the pitcher, came back and went to his mother with a glass of water.
g. As he was still standing by her bed, his mother drank the glass of water and blessed him from the core of heart.
h. He, instead of waking her up, stood by her bed with the glass of water in his hand.

ANSWER KEY — correct order (8 positions, 1 mark each):
1. b  (Once Hazrat Bayazid Bustami came home to see his ailing mother.)
2. a  (She asked Bayazid to give her a glass of water, but he could not find any water in the pitcher.)
3. d  (So, he went to the well quite far from their house.)
4. f  (He filled the pitcher, came back and went to his mother with a glass of water.)
5. c  (But she again fell asleep.)
6. h  (He, instead of waking her up, stood by her bed with the glass of water in his hand.)
7. e  (She woke up some hours later.)
8. g  (As he was still standing by her bed, his mother drank the glass of water and blessed him from the core of heart.)

Award 1 mark for each sentence the student places in its correct POSITION in the sequence above — a position-by-position comparison: b in slot 1 earns a mark, b anywhere else does not. The student may give the letters, the full sentences, or both; mark the order either way, and do not penalise copying slips inside the sentences.

MARKING NOTE: this question is ITEM-SCORED. Mark each lettered item against the key and put the SUM of the item marks in context_content_data, leaving structure_format_brevity, language_mechanics and originality_comparisons_paraphrase at 0. Nothing is awarded or deducted for handwriting, style, or spelling beyond what the key requires. An item the student did not attempt scores 0 for that item only. No structural cap is ever applied to an item-scored question.","","1. b
2. e
3. a
4. ~~e~~ d
5. f
6. c
7. g
8. h","1. b
2. e
3. a
4.  d
5. f
6. c
7. g
8. h","","7","ok","","1.0","0","0","0","1","0","0","False","False","","8","40","","","","","0","","","gemma-4-31b-it","gemini","extraction_prompt_c6_v1","f172ab06cd2b8256703c24aac7a3e69688981e106974ba6a4975feb8e0e852b6","{""thinking_level"": ""medium"", ""max_output_tokens"": 32768}","2026-09-17T03:48:20.111364+00:00"
"POEM_011","SE_06_Q1","SE_06_Q1_0011","10","Poem_Short_Answer","10","","","absent","Answer any five of the following questions from the poems in your text book. (2 x 5 = 10)
a. What does Robin say about autumn?
b. How is Robin a happy bird?
c. How is Robin a hopeful bird?
d. What reason does Robin give for singing during the winter?
e. What does Robin teach us in the poem?
f. Why does the playmate come only on a rainy day?
g. Why does the boy think the playmate lives in another land?
h. What does the Moon come there to do?

ANSWER KEY — INDICATIVE ONLY, 2 marks per answer. The poem texts are not supplied with this paper, so the notes below describe the expected substance rather than fixed wording. Items a–e concern the poem about Robin, a bird who goes on singing as autumn turns to winter; items f–h concern the poem about a boy and an imagined playmate who visits on rainy days.
a. That autumn is passing and the cold season is coming — leaves fall and the bright days are ending.
b. He sings cheerfully whatever the season, finding joy in small things rather than complaining of the cold.
c. He keeps singing through the bleak season because he trusts that spring and better days will return.
d. He sings in winter to keep up his own and others' spirits, and because he believes the hard season will pass.
e. To stay cheerful and hopeful in hard times instead of giving way to gloom.
f. Because the rain keeps the boy indoors and alone, so that is when he longs for and imagines his playmate.
g. Because the playmate is never seen among the people he knows and appears only in his imagination, so the boy supposes he must come from some distant, unknown land.
h. It comes to look in on the child and keep him company — to shine on him and share the night with him.

BECAUSE THE KEY IS INDICATIVE, mark generously on substance: award 2 for an answer that is clearly about the right poem and carries a sensible reading consistent with these notes, 1 for a partly relevant or very thin answer, and 0 for an answer about the wrong poem, one that merely repeats the question, or one left blank.

ANY FIVE answers count, and only five are marked: if the student answers more than five, mark the FIRST five attempted and ignore the rest; if fewer than five, the unanswered ones score 0. Put the sum of the five item marks (0–10) in context_content_data and leave the other three criteria at 0.","","a) Robin sings sweetly. Robin say about the autumn that, ""If I don't sing, it will be {inserted: stay} go later.""
b) Robin is a happy bird, I thought. because I thought it because he sings every every day.
c) Robin is a hopeful binds because it alwc sing and tell season well will go soon
d) Robin gives for singing the dur the winter, If I don't sing, it wi ~~be~~ go slowly"".
a) The moon comes there to peep in house","a) Robin sings sweetly. Robin say about the autumn that, ""If I don't sing, it will be stay go later.""
b) Robin is a happy bird, I thought. because I thought it because he sings every every day.
c) Robin is a hopeful binds because it alwc sing and tell season well will go soon
d) Robin gives for singing the dur the winter, If I don't sing, it wi  go slowly"".
a) The moon comes there to peep in house","","8-9","ok","","0.8","0","0","0","1","1","0","False","False","","81","400","","","","","0","","","gemma-4-31b-it","gemini","extraction_prompt_c6_v1","f172ab06cd2b8256703c24aac7a3e69688981e106974ba6a4975feb8e0e852b6","{""thinking_level"": ""medium"", ""max_output_tokens"": 32768}","2026-09-17T03:48:20.111364+00:00"
"STORY_011","SE_06_Q1","SE_06_Q1_0011","11","Story","10","","","absent","Part-B : Writing. Read the opening of a story below and complete it in at least ten new sentences. Give a suitable title to it. (10)
Once upon a time two friends went on a journey. They had to go through a forest on the way. As they came through the wood, they saw a bear approaching…………","","Once upon a time two friends went on a journey. They had to go to throught a forest on the way. As they came through the wood, they saw a bear was approaching. Both of them were frightened. Suddenly, one of them climbed a tree. The other has no alternative; he lay on his head without breathing. Soon, the bear come and down his head. As he without breath the bear took him dead. Soon, the bear go out. The other climb down and ask, ""What does the bear wispear in your ear?""

The other says, he give me a good lesson.

The The other what is it?

He says, Don't Believe a friend who leaves you in a danger,","Once upon a time two friends went on a journey. They had to go to throught a forest on the way. As they came through the wood, they saw a bear was approaching. Both of them were frightened. Suddenly, one of them climbed a tree. The other has no alternative; he lay on his head without breathing. Soon, the bear come and down his head. As he without breath the bear took him dead. Soon, the bear go out. The other climb down and ask, ""What does the bear wispear in your ear?""

The other says, he give me a good lesson.

The The other what is it?

He says, Don't Believe a friend who leaves you in a danger,","A friend in need is a friend indeed","10-11","ok","","0.9","0","0","0","0","0","0","False","False","","120","605","","","","","3","","","gemma-4-31b-it","gemini","extraction_prompt_c6_v1","f172ab06cd2b8256703c24aac7a3e69688981e106974ba6a4975feb8e0e852b6","{""thinking_level"": ""medium"", ""max_output_tokens"": 32768}","2026-09-17T03:48:20.111364+00:00"
"PARA_011","SE_06_Q1","SE_06_Q1_0011","12","Paragraph","10","","","absent","Write a paragraph in 120 words. ""A Rickshaw-Puller"" (10)","","A Rickshaw puller is a poor man. who pulls rickshaw For earn money. A rickshaw puller lives with his family in a slum or a rented house. The rickshaw puller works hard. The A rickshaw puller work hard bat his money is small. ""A rickshaw has a daily routine. It is sin

In morning, A rickshaw pul wake up and wash hands, face and legs. Then, he play to Allah. Then, he takes rickshaw and go to road. He helps passanger by travelling. Government should help them.","A Rickshaw puller is a poor man. who pulls rickshaw For earn money. A rickshaw puller lives with his family in a slum or a rented house. The rickshaw puller works hard. The A rickshaw puller work hard bat his money is small. ""A rickshaw has a daily routine. It is sin

In morning, A rickshaw pul wake up and wash hands, face and legs. Then, he play to Allah. Then, he takes rickshaw and go to road. He helps passanger by travelling. Government should help them.","A Rickshaw Puller","12-13","ok","","0.9","0","0","0","0","0","0","False","False","","87","461","","","","","1","","","gemma-4-31b-it","gemini","extraction_prompt_c6_v1","f172ab06cd2b8256703c24aac7a3e69688981e106974ba6a4975feb8e0e852b6","{""thinking_level"": ""medium"", ""max_output_tokens"": 32768}","2026-09-17T03:48:20.111364+00:00"
"DIALOG_011","SE_06_Q1","SE_06_Q1_0011","13","Dialogue","10","","","absent","You are Shahid and you have been suffering from fever along with some Covid-19 symptoms for a week. Now, you are at the chamber of a doctor. Write a dialogue between you and the doctor. (10)","","A dialogue between me (Shahid) and the doctor about Covid 19 Symptoms.

Shahid: May I come in, Sir?

Doctor: Yes, Please. Sit down on the chair and tell me your problem.

Shahid: I am have many problems, I have fever, runny nose and a headache.

Doctor: Is any member of your family have same thing?

Shahid: Yes, My father has runny nose. My mother has head ache and my sister has fever

Doctor: Test Please check you Covid-19 test.

Shahid: Ok. Have you give me medicine?

Doctor: Yes, Eat it as precreped and don't go out of your house

Shahid: Thank you

Doctor: Welcome.","A dialogue between me (Shahid) and the doctor about Covid 19 Symptoms.

Shahid: May I come in, Sir?

Doctor: Yes, Please. Sit down on the chair and tell me your problem.

Shahid: I am have many problems, I have fever, runny nose and a headache.

Doctor: Is any member of your family have same thing?

Shahid: Yes, My father has runny nose. My mother has head ache and my sister has fever

Doctor: Test Please check you Covid-19 test.

Shahid: Ok. Have you give me medicine?

Doctor: Yes, Eat it as precreped and don't go out of your house

Shahid: Thank you

Doctor: Welcome.","","14-15","ok","","0.9","0","0","0","0","0","0","False","False","","103","575","","","","","10","","","gemma-4-31b-it","gemini","extraction_prompt_c6_v1","f172ab06cd2b8256703c24aac7a3e69688981e106974ba6a4975feb8e0e852b6","{""thinking_level"": ""medium"", ""max_output_tokens"": 32768}","2026-09-17T03:48:20.111364+00:00"
"MCQ_012","SE_06_Q1","SE_06_Q1_0012","1","MCQ","7","","","absent","Read the text and answer question 1: Choose the best answer from the alternatives. (1 x 7 = 7)
a. On the 16th of December of the same year, the 26 March declaration of independence became a reality. Here the meaning of the word reality is — i. experience  ii. certainty  iii. virtuality  iv. actuality
b. To every Bangladeshi the 16th December is a day of — i. self analysis  ii. sorrows and sufferings  iii. self questioning  iv. pride and joy
c. We pay our deep respect to the martyrs who gave their lives for the independence of Bangladesh. Here respect means — i. neglect  ii. honour  iii. favour  iv. dignity
d. We, the Bangalees celebrate our Victory Day by remembering the roles played by our fearless freedom fighters and the people at large. Which of the following words has a similar meaning of fearless? i. curious  ii. courageous  iii. fearful  iv. rebillion
e. This is why December 16 is our Victory Day when the Pakistan army surrendered unconditionally. What does surrendered mean here? i. defended  ii. submitted  iii. captured  iv. with stood
f. To build up our nation as a prosperous country we have to work — i. individually  ii. separately  iii. independently  iv. unitedly
g. 1971 is the year of our — i. Liberation War  ii. Independence  iii. Victory day  iv. all of i, ii & iii

READING PASSAGE (questions 1 and 2):
December 16 is a remarkable day for Bangladeshi people. On this day in 1971. Bangladesh got independence after a nine-month-long blood-soaked battle against the Pakistani army. It is a day of national pride as well as a day of commemorating the sacrifices of the millions of Bangladeshi people. Pakistani army killed three million people and assaulted thousands of women.
The Victory Day is celebrated with great enthusiasm across the country. The day begins with a 31-gun salute at dawn, followed by the hoisting of the national flag at government buildings and private institutions. Different political, cultural and educational programmes are organised to pay homage to the martyrs of the war. The entire nation celebrates the day with colourful flags, banners and parades.
The National Parade ground hosts a grand military parade where the president, the prime minister and dignitaries from government and non-government sectors join, The National Martyrs Memorial in Savar, our monument dedicated to the soldiers and civilians who lost their lives during the war, becomes a focal point for citizens to pay their respect. People from all walks of life gather to offer flowers, recite patriotic songs, and recall the sacrifices made by the nation's heroes.

ANSWER KEY (1 mark per item, no part marks):
a. iv. actuality
b. iv. pride and joy
c. ii. honour
d. ii. courageous
e. ii. submitted
f. iv. unitedly
g. iv. all of i, ii & iii

Accept the option written as the roman numeral alone (“iv”), as the option text alone (“actuality”), or as both. Misspelling a correctly chosen option does NOT cost the mark.

MARKING NOTE: this question is ITEM-SCORED. Mark each lettered item against the key and put the SUM of the item marks in context_content_data, leaving structure_format_brevity, language_mechanics and originality_comparisons_paraphrase at 0. Nothing is awarded or deducted for handwriting, style, or spelling beyond what the key requires. An item the student did not attempt scores 0 for that item only. No structural cap is ever applied to an item-scored question.","","a. ii virtuality
b. iv Pride and prejudice
c. ii Honour
d. iv Rebellion
e. iii captured
f. i Individually
g. iv All of i, ii and iii","a. ii virtuality
b. iv Pride and prejudice
c. ii Honour
d. iv Rebellion
e. iii captured
f. i Individually
g. iv All of i, ii and iii","","1","ok","","1.0","0","0","0","0","0","0","False","False","","28","132","","","","","0","","","gemma-4-31b-it","gemini","extraction_prompt_c6_v1","f172ab06cd2b8256703c24aac7a3e69688981e106974ba6a4975feb8e0e852b6","{""thinking_level"": ""medium"", ""max_output_tokens"": 32768}","2026-09-17T03:47:50.932564+00:00"
"SHORT_012","SE_06_Q1","SE_06_Q1_0012","2","Short_Answer","5","","","absent","Write short answers to the following questions. (1 x 5 = 5)
a. What happened during the war in 1971?
b. How do people celebrate Victory Day?
c. Why is the National Martyrs’ Memorial important?
d. What do people sing at the National Martyrs’ Memorial?
e. What does the 31-gun salute represent on Victory Day?

READING PASSAGE (questions 1 and 2):
December 16 is a remarkable day for Bangladeshi people. On this day in 1971. Bangladesh got independence after a nine-month-long blood-soaked battle against the Pakistani army. It is a day of national pride as well as a day of commemorating the sacrifices of the millions of Bangladeshi people. Pakistani army killed three million people and assaulted thousands of women.
The Victory Day is celebrated with great enthusiasm across the country. The day begins with a 31-gun salute at dawn, followed by the hoisting of the national flag at government buildings and private institutions. Different political, cultural and educational programmes are organised to pay homage to the martyrs of the war. The entire nation celebrates the day with colourful flags, banners and parades.
The National Parade ground hosts a grand military parade where the president, the prime minister and dignitaries from government and non-government sectors join, The National Martyrs Memorial in Savar, our monument dedicated to the soldiers and civilians who lost their lives during the war, becomes a focal point for citizens to pay their respect. People from all walks of life gather to offer flowers, recite patriotic songs, and recall the sacrifices made by the nation's heroes.

ANSWER KEY — indicative content, 1 mark per item (whole mark or nothing; there are no half marks on this question):
a. Bangladesh fought a nine-month-long battle against the Pakistani army, who killed three million people and assaulted thousands of women; the country won independence on 16 December 1971.
b. With a 31-gun salute at dawn, hoisting of the national flag, political, cultural and educational programmes, and parades with colourful flags and banners.
c. It is the monument dedicated to the soldiers and civilians who lost their lives during the war, and it becomes the focal point where citizens pay their respect.
d. Patriotic songs.
e. It marks the start of Victory Day at dawn and honours the martyrs and the nation's victory.

Wording need not match the key — award the mark for any answer carrying the same content, in the student's own words or lifted from the passage. Award 0 for a wrong, off-question or omitted answer.

MARKING NOTE: this question is ITEM-SCORED. Mark each lettered item against the key and put the SUM of the item marks in context_content_data, leaving structure_format_brevity, language_mechanics and originality_comparisons_paraphrase at 0. Nothing is awarded or deducted for handwriting, style, or spelling beyond what the key requires. An item the student did not attempt scores 0 for that item only. No structural cap is ever applied to an item-scored question.","","a. During the war in 1971, Bangladesh got independo ~~indepd~~ independence after a nine-month-long blood-soaked battle against the Pakistani army.

b. The Victory Day is celebrated with great enthusiasm across the country. The day begins with a 21 gun salute at ~~dawn~~ {inserted: dawn} ~~daun~~ {inserted: dawn}, followed by the hoisting of the national ~~flag~~ {inserted: flag} at ~~govermen~~ {inserted: government} buildings and private institutions.","a. During the war in 1971, Bangladesh got independo  independence after a nine-month-long blood-soaked battle against the Pakistani army.

b. The Victory Day is celebrated with great enthusiasm across the country. The day begins with a 21 gun salute at  dawn  dawn, followed by the hoisting of the national  flag at  government buildings and private institutions.","","1","ok","","0.9","0","0","0","5","4","0","False","False","","57","363","","","","","1","","","gemma-4-31b-it","gemini","extraction_prompt_c6_v1","f172ab06cd2b8256703c24aac7a3e69688981e106974ba6a4975feb8e0e852b6","{""thinking_level"": ""medium"", ""max_output_tokens"": 32768}","2026-09-17T03:47:50.932564+00:00"
"GAP_012","SE_06_Q1","SE_06_Q1_0012","3","Gap_Fill","5","","","absent","Read the text and answer question 3: Complete the passage with suitable words. (1 x 5 = 5)
After finding the box Rajendra and Ravi (a) — about valuable stones. Then they (b) — to Jaipur. After showing the papers to the museum people, Uncle Santosh (c) — to know that the papers were valuable. He (d) — the papers to the museum for ten thousand rupees. Later, (e) — the news, the boy were happy.

READING PASSAGE (questions 3 and 4):
That night Ravi dreamt about gold coins and jewels. The next morning they packed everything into the jeep and went back to Jaipur, Uncle Santosh went to the museum to show his friend the papers. When he came back, he told the boys, ""Those papers were very valuable. The museum people bought them for ten thousand rupees."" The boys were delighted. When Ravi met his father and mother once again, he told them about his adventures and gave them Rs 50,000. Rajendra and Ravi never forgot the kind owl who helped them to find the old box.

ANSWER KEY (1 mark per gap). No clue words are supplied, so ANY word that fits the sentence grammatically and agrees with the passage is correct:
a. dreamt / dreamed / talked / thought
b. went back / returned / came back
c. was surprised / was glad / was happy / came
d. sold
e. hearing / on hearing / after hearing / getting

A word that fits the sense but is misspelled still earns the mark. A word of the wrong part of speech, or one that contradicts the passage, does not.

MARKING NOTE: this question is ITEM-SCORED. Mark each lettered item against the key and put the SUM of the item marks in context_content_data, leaving structure_format_brevity, language_mechanics and originality_comparisons_paraphrase at 0. Nothing is awarded or deducted for handwriting, style, or spelling beyond what the key requires. An item the student did not attempt scores 0 for that item only. No structural cap is ever applied to an item-scored question.","","a. talked.
b. went
c. He got {inserted: He came}.
d. sold
e. He told","a. talked.
b. went
c. He got He came.
d. sold
e. He told","","2","ok","","0.9","0","0","0","0","1","0","False","False","","14","56","","","","","0","","","gemma-4-31b-it","gemini","extraction_prompt_c6_v1","f172ab06cd2b8256703c24aac7a3e69688981e106974ba6a4975feb8e0e852b6","{""thinking_level"": ""medium"", ""max_output_tokens"": 32768}","2026-09-17T03:47:50.932564+00:00"
"VOCAB_012","SE_06_Q1","SE_06_Q1_0012","4","Vocabulary","5","","","absent","Read the passage carefully and replace the following words with their suitable synonyms or antonyms. (1 x 5 = 5)
(a) Went back (antonym), (b) Museum (synonym), (c) Friend (synonym), (d) Show (antonym), (e) Bought (synonym)

READING PASSAGE (questions 3 and 4):
That night Ravi dreamt about gold coins and jewels. The next morning they packed everything into the jeep and went back to Jaipur, Uncle Santosh went to the museum to show his friend the papers. When he came back, he told the boys, ""Those papers were very valuable. The museum people bought them for ten thousand rupees."" The boys were delighted. When Ravi met his father and mother once again, he told them about his adventures and gave them Rs 50,000. Rajendra and Ravi never forgot the kind owl who helped them to find the old box.

ANSWER KEY (1 mark per item). Any correct word of the required relation is acceptable; the words below are indicative, not exhaustive:
a. Went back (Antonym): came / went forward / advanced / set out / left
b. Museum (Synonym): gallery / archive / repository / exhibition hall
c. Friend (Synonym): companion / mate / comrade / ally / pal
d. Show (Antonym): hide / conceal / cover
e. Bought (Synonym): purchased

Giving a synonym where an antonym was asked (or the reverse) scores 0 for that item. A correct word that is misspelled still earns the mark.

MARKING NOTE: this question is ITEM-SCORED. Mark each lettered item against the key and put the SUM of the item marks in context_content_data, leaving structure_format_brevity, language_mechanics and originality_comparisons_paraphrase at 0. Nothing is awarded or deducted for handwriting, style, or spelling beyond what the key requires. An item the student did not attempt scores 0 for that item only. No structural cap is ever applied to an item-scored question.","","a. went back -> (anto) = gone
b. Museum -> (syno) =
c. Friend -> (syno) = Rival
d. Show -> (anto) = Look.
e. Bought -> (syno) = Sell.","a. went back -> (anto) = gone
b. Museum -> (syno) =
c. Friend -> (syno) = Rival
d. Show -> (anto) = Look.
e. Bought -> (syno) = Sell.","","2","ok","","0.9","0","0","0","0","0","0","False","False","","20","133","","","","","0","","","gemma-4-31b-it","gemini","extraction_prompt_c6_v1","f172ab06cd2b8256703c24aac7a3e69688981e106974ba6a4975feb8e0e852b6","{""thinking_level"": ""medium"", ""max_output_tokens"": 32768}","2026-09-17T03:47:50.932564+00:00"
"TABLE_012","SE_06_Q1","SE_06_Q1_0012","5","Table_Completion","5","","","absent","Read the text and answer question 5: Complete the table with information from the passage. (1 x 5 = 5)
| Topic | Information from the passage |
| a. Class Raju reads in | (i) |
| b. Subjects he did well in | (ii) |
| c. Marks he got in those subjects | (iii) |
| d. Subjects he did poorly in | (iv) |
| e. Marks he got in weak subjects | (v) |

READING PASSAGE (questions 5, 6 and 7):
Raju is a student of class six. Last week, his school held class tests in several subjects. Raju worked very hard to do well. He got 8 in Bangla, 9 in English, and 10 in Mathematics out of 10. His teachers praised him for his good marks. However, he could not do well in ICT, Science, and Religion, getting only 6 marks in each.
Raju felt a little sad about his low marks but promised to study harder next time. His father told him not to lose hope. His mother advised him to read ICT and Science regularly. Raju made a plan to give more time to those subjects. He was happy that he did very well in Bangla, English, and Math. Raju believes that with more practice, he can improve all his subjects.

ANSWER KEY (1 mark per blank):
i. Class six
ii. Bangla, English and Mathematics
iii. 8 in Bangla, 9 in English and 10 in Mathematics (out of 10)
iv. ICT, Science and Religion
v. 6 marks in each

This question asks for information lifted from the passage, so copying the passage's wording is CORRECT here and must not be penalised. A partial but unambiguous answer (e.g. naming all three subjects in ii) earns the mark; an answer that names only some of the required items does not.

MARKING NOTE: this question is ITEM-SCORED. Mark each lettered item against the key and put the SUM of the item marks in context_content_data, leaving structure_format_brevity, language_mechanics and originality_comparisons_paraphrase at 0. Nothing is awarded or deducted for handwriting, style, or spelling beyond what the key requires. An item the student did not attempt scores 0 for that item only. No structural cap is ever applied to an item-scored question.","","a. Class Rajju reads in=is 6.
b. Subjects he did well in=are Bangla, English, Mathematics.
c. Mark he got in those subjects=are 8, 9, 10.
d. Subjects he did poorly in=are ICT, Science, Religion.
e. Marks he got in weak subjects= 6 only in each.","a. Class Rajju reads in=is 6.
b. Subjects he did well in=are Bangla, English, Mathematics.
c. Mark he got in those subjects=are 8, 9, 10.
d. Subjects he did poorly in=are ICT, Science, Religion.
e. Marks he got in weak subjects= 6 only in each.","","3","ok","","1.0","0","0","0","0","0","0","False","False","","44","244","","","","","0","","","gemma-4-31b-it","gemini","extraction_prompt_c6_v1","f172ab06cd2b8256703c24aac7a3e69688981e106974ba6a4975feb8e0e852b6","{""thinking_level"": ""medium"", ""max_output_tokens"": 32768}","2026-09-17T03:47:50.932564+00:00"
"TF_012","SE_06_Q1","SE_06_Q1_0012","6","True_False","5","","","absent","Read the statements below. Write ‘True’ if the statement is correct and ‘False’ if it is incorrect. If false, write the correct answer. (1 x 5 = 5)
a. Raju thinks he cannot improve his weak subjects.
b. He got 6 marks out of 10 in Mathematics.
c. Raju got full marks in Mathematics.
d. Raju plans to work lesser next time.
e. His father scolded him for low marks.

READING PASSAGE (questions 5, 6 and 7):
Raju is a student of class six. Last week, his school held class tests in several subjects. Raju worked very hard to do well. He got 8 in Bangla, 9 in English, and 10 in Mathematics out of 10. His teachers praised him for his good marks. However, he could not do well in ICT, Science, and Religion, getting only 6 marks in each.
Raju felt a little sad about his low marks but promised to study harder next time. His father told him not to lose hope. His mother advised him to read ICT and Science regularly. Raju made a plan to give more time to those subjects. He was happy that he did very well in Bangla, English, and Math. Raju believes that with more practice, he can improve all his subjects.

ANSWER KEY (1 mark per item):
a. False — Raju believes that with more practice he can improve all his subjects.
b. False — he got 10 out of 10 in Mathematics; 6 was his mark in ICT, Science and Religion.
c. True
d. False — he promised to study harder and planned to give more time to his weak subjects.
e. False — his father told him not to lose hope.

A ‘False’ verdict with NO correction, or with a wrong correction, scores 0 for that item — the question requires both. The correction need not match the key's wording; any correction carrying the right fact is accepted.

MARKING NOTE: this question is ITEM-SCORED. Mark each lettered item against the key and put the SUM of the item marks in context_content_data, leaving structure_format_brevity, language_mechanics and originality_comparisons_paraphrase at 0. Nothing is awarded or deducted for handwriting, style, or spelling beyond what the key requires. An item the student did not attempt scores 0 for that item only. No structural cap is ever applied to an item-scored question.","","a. False. (The correct ans:): Rajju can improve his weak subjects.
b. ~~True~~ ~~True~~ False (The correct ans:): He got 10 out of 10 mark Mathematics.
c. True
d. False (The correct ans:): Rajju plans to work more next time.
e. False (The correct ans:): His father gave ~~kin~~ him hope.","a. False. (The correct ans:): Rajju can improve his weak subjects.
b.   False (The correct ans:): He got 10 out of 10 mark Mathematics.
c. True
d. False (The correct ans:): Rajju plans to work more next time.
e. False (The correct ans:): His father gave  him hope.","","3","ok","","0.9","0","0","0","3","0","0","False","False","","46","264","","","","","0","","","gemma-4-31b-it","gemini","extraction_prompt_c6_v1","f172ab06cd2b8256703c24aac7a3e69688981e106974ba6a4975feb8e0e852b6","{""thinking_level"": ""medium"", ""max_output_tokens"": 32768}","2026-09-17T03:47:50.932564+00:00"
"SUMMARY_012","SE_06_Q1","SE_06_Q1_0012","7","Summary","5","","","absent","Write a summary of the passage in your own words. (5)

TEXT TO BE SUMMARIZED (questions 5, 6 and 7):
Raju is a student of class six. Last week, his school held class tests in several subjects. Raju worked very hard to do well. He got 8 in Bangla, 9 in English, and 10 in Mathematics out of 10. His teachers praised him for his good marks. However, he could not do well in ICT, Science, and Religion, getting only 6 marks in each.
Raju felt a little sad about his low marks but promised to study harder next time. His father told him not to lose hope. His mother advised him to read ICT and Science regularly. Raju made a plan to give more time to those subjects. He was happy that he did very well in Bangla, English, and Math. Raju believes that with more practice, he can improve all his subjects.","Raju is a student of class six. Last week, his school held class tests in several subjects. Raju worked very hard to do well. He got 8 in Bangla, 9 in English, and 10 in Mathematics out of 10. His teachers praised him for his good marks. However, he could not do well in ICT, Science, and Religion, getting only 6 marks in each.
Raju felt a little sad about his low marks but promised to study harder next time. His father told him not to lose hope. His mother advised him to read ICT and Science regularly. Raju made a plan to give more time to those subjects. He was happy that he did very well in Bangla, English, and Math. Raju believes that with more practice, he can improve all his subjects.","Rahim is a student of class six. Last week, his school held class tests in several subjects. Rahim worked very hard. He got 9 in Bangla, 8 in English and 10 in Math. But he did poorly in ICT, Science and Religion getting only 6 to 7 marks in each. He tried to ~~import~~ {inserted: improve} all his subjects working hard even more.","Rahim is a student of class six. Last week, his school held class tests in several subjects. Rahim worked very hard. He got 9 in Bangla, 8 in English and 10 in Math. But he did poorly in ICT, Science and Religion getting only 6 to 7 marks in each. He tried to  improve all his subjects working hard even more.","","4","ok","","0.9","0","0","0","1","1","0","False","False","","56","309","129","0.4341","True","0.3934","0","","","gemma-4-31b-it","gemini","extraction_prompt_c6_v1","f172ab06cd2b8256703c24aac7a3e69688981e106974ba6a4975feb8e0e852b6","{""thinking_level"": ""medium"", ""max_output_tokens"": 32768}","2026-09-17T03:47:50.932564+00:00"
"PREP_012","SE_06_Q1","SE_06_Q1_0012","8","Preposition_Use","5","","","absent","Use these prepositions in sentences of your own. (1 x 5 = 5)
a. bottom of, b. top of, c. through, d. along, e. across

ANSWER KEY (1 mark per item). There is no fixed answer: the student composes their own sentence for each preposition. Award the mark when the sentence (1) actually contains the given preposition, (2) uses it in a sense that is correct English, and (3) is a complete, intelligible sentence.

Model sentences, for reference only — a student sentence need not resemble them:
a. bottom of: The old box lay at the bottom of the river.
b. top of: A small flag was fixed on the top of the hill.
c. through: We walked through the forest before sunset.
d. along: They strolled along the river bank in the evening.
e. across: A wooden bridge runs across the canal.

Award 0 for an item where the preposition is missing, is used in a way that is not English (e.g. “He is bottom of happy”), or where nothing resembling a sentence was written. A minor spelling or article slip does NOT cost the mark — the item tests the preposition, not general accuracy.

MARKING NOTE: this question is ITEM-SCORED. Mark each lettered item against the key and put the SUM of the item marks in context_content_data, leaving structure_format_brevity, language_mechanics and originality_comparisons_paraphrase at 0. Nothing is awarded or deducted for handwriting, style, or spelling beyond what the key requires. An item the student did not attempt scores 0 for that item only. No structural cap is ever applied to an item-scored question.","","Bottom of = Lane is at the bottom of the Earth.
Top of = The plane is at the top of the sky.
Through = ~~He just went through the door~~ {inserted: He just went through the forest.}
Along = Walk along the streets.
Across = Please! go across the line.","Bottom of = Lane is at the bottom of the Earth.
Top of = The plane is at the top of the sky.
Through =  He just went through the forest.
Along = Walk along the streets.
Across = Please! go across the line.","","4","ok","","0.9","0","0","0","1","1","0","False","False","","39","205","","","","","0","","","gemma-4-31b-it","gemini","extraction_prompt_c6_v1","f172ab06cd2b8256703c24aac7a3e69688981e106974ba6a4975feb8e0e852b6","{""thinking_level"": ""medium"", ""max_output_tokens"": 32768}","2026-09-17T03:47:50.932564+00:00"
"REARR_012","SE_06_Q1","SE_06_Q1_0012","9","Rearrange","8","","","absent","Put the following parts of the story in the correct order to make the whole story. Only the corresponding numbers of the sentences need to be written. (1 x 8 = 8)
a. She asked Bayazid to give her a glass of water, but he could not find any water in the pitcher.
b. Once Hazrat Bayazid Bustami came home to see his ailing mother.
c. But she again fell asleep.
d. So, he went to the well quite far from their house.
e. She woke up some hours later.
f. He filled the pitcher, came back and went to his mother with a glass of water.
g. As he was still standing by her bed, his mother drank the glass of water and blessed him from the core of heart.
h. He, instead of waking her up, stood by her bed with the glass of water in his hand.

ANSWER KEY — correct order (8 positions, 1 mark each):
1. b  (Once Hazrat Bayazid Bustami came home to see his ailing mother.)
2. a  (She asked Bayazid to give her a glass of water, but he could not find any water in the pitcher.)
3. d  (So, he went to the well quite far from their house.)
4. f  (He filled the pitcher, came back and went to his mother with a glass of water.)
5. c  (But she again fell asleep.)
6. h  (He, instead of waking her up, stood by her bed with the glass of water in his hand.)
7. e  (She woke up some hours later.)
8. g  (As he was still standing by her bed, his mother drank the glass of water and blessed him from the core of heart.)

Award 1 mark for each sentence the student places in its correct POSITION in the sequence above — a position-by-position comparison: b in slot 1 earns a mark, b anywhere else does not. The student may give the letters, the full sentences, or both; mark the order either way, and do not penalise copying slips inside the sentences.

MARKING NOTE: this question is ITEM-SCORED. Mark each lettered item against the key and put the SUM of the item marks in context_content_data, leaving structure_format_brevity, language_mechanics and originality_comparisons_paraphrase at 0. Nothing is awarded or deducted for handwriting, style, or spelling beyond what the key requires. An item the student did not attempt scores 0 for that item only. No structural cap is ever applied to an item-scored question.","","1. b
2. a
3. d
4. ~~e~~ f
5. c
6. b
7. g
8. a","1. b
2. a
3. d
4.  f
5. c
6. b
7. g
8. a","","4","ok","","1.0","0","0","0","1","0","0","False","False","","8","40","","","","","0","","","gemma-4-31b-it","gemini","extraction_prompt_c6_v1","f172ab06cd2b8256703c24aac7a3e69688981e106974ba6a4975feb8e0e852b6","{""thinking_level"": ""medium"", ""max_output_tokens"": 32768}","2026-09-17T03:47:50.932564+00:00"
"POEM_012","SE_06_Q1","SE_06_Q1_0012","10","Poem_Short_Answer","10","","","absent","Answer any five of the following questions from the poems in your text book. (2 x 5 = 10)
a. What does Robin say about autumn?
b. How is Robin a happy bird?
c. How is Robin a hopeful bird?
d. What reason does Robin give for singing during the winter?
e. What does Robin teach us in the poem?
f. Why does the playmate come only on a rainy day?
g. Why does the boy think the playmate lives in another land?
h. What does the Moon come there to do?

ANSWER KEY — INDICATIVE ONLY, 2 marks per answer. The poem texts are not supplied with this paper, so the notes below describe the expected substance rather than fixed wording. Items a–e concern the poem about Robin, a bird who goes on singing as autumn turns to winter; items f–h concern the poem about a boy and an imagined playmate who visits on rainy days.
a. That autumn is passing and the cold season is coming — leaves fall and the bright days are ending.
b. He sings cheerfully whatever the season, finding joy in small things rather than complaining of the cold.
c. He keeps singing through the bleak season because he trusts that spring and better days will return.
d. He sings in winter to keep up his own and others' spirits, and because he believes the hard season will pass.
e. To stay cheerful and hopeful in hard times instead of giving way to gloom.
f. Because the rain keeps the boy indoors and alone, so that is when he longs for and imagines his playmate.
g. Because the playmate is never seen among the people he knows and appears only in his imagination, so the boy supposes he must come from some distant, unknown land.
h. It comes to look in on the child and keep him company — to shine on him and share the night with him.

BECAUSE THE KEY IS INDICATIVE, mark generously on substance: award 2 for an answer that is clearly about the right poem and carries a sensible reading consistent with these notes, 1 for a partly relevant or very thin answer, and 0 for an answer about the wrong poem, one that merely repeats the question, or one left blank.

ANY FIVE answers count, and only five are marked: if the student answers more than five, mark the FIRST five attempted and ignore the rest; if fewer than five, the unanswered ones score 0. Put the sum of the five item marks (0–10) in context_content_data and leave the other three criteria at 0.","","a. Robin says about autum that, ""There are ~~four~~ {inserted: few} fruites for everyone let all give priase""
b. Robin is a happy bird because he sings all the 4 seconés ~~cher~~ {inserted: cheertully}
c. Robin is a hopeful bird because he hopes that winter ~~will gonna pass soon~~ {inserted: quickly} and spring will soon.
d. Someone must sing or winter seemseem soon? That is the ~~reso~~ {inserted: reason} Robin give for siring during ~~during the winter-~~ {inserted: winter}
f. The playmate come only on a rainy day because it shine ~~it's replexition~~ {inserted: its reflection} to water.
g. The boy thinks that the playmate lives in another land because it ~~smilles~~ {inserted: does} the same same what the boy does. Actually, it is always upside-down.
h. ~~Moon~~ The moon comes there to pick out the window.","a. Robin says about autum that, ""There are  few fruites for everyone let all give priase""
b. Robin is a happy bird because he sings all the 4 seconés  cheertully
c. Robin is a hopeful bird because he hopes that winter  quickly and spring will soon.
d. Someone must sing or winter seemseem soon? That is the  reason Robin give for siring during  winter
f. The playmate come only on a rainy day because it shine  its reflection to water.
g. The boy thinks that the playmate lives in another land because it  does the same same what the boy does. Actually, it is always upside-down.
h.  The moon comes there to pick out the window.","","5","ok","","0.8","0","0","0","8","7","0","False","False","","117","628","","","","","0","","","gemma-4-31b-it","gemini","extraction_prompt_c6_v1","f172ab06cd2b8256703c24aac7a3e69688981e106974ba6a4975feb8e0e852b6","{""thinking_level"": ""medium"", ""max_output_tokens"": 32768}","2026-09-17T03:47:50.932564+00:00"
"STORY_012","SE_06_Q1","SE_06_Q1_0012","11","Story","10","","","absent","Part-B : Writing. Read the opening of a story below and complete it in at least ten new sentences. Give a suitable title to it. (10)
Once upon a time two friends went on a journey. They had to go through a forest on the way. As they came through the wood, they saw a bear approaching…………","","Once upon a time two friends went on a journey. They had to go through a forest on the way. As they came ~~the~~ through the wood, they saw a bear approaching. Both of them ~~where~~ {inserted: were} frightened.

~~Sudd~~ Suddenly, one ~~one of them~~ climbed upon a tree. The other finding no other ~~alternative~~ {inserted: alternative} lay flat on the ground without breathing. As the bear ~~aprot~~ ~~aprowses~~ {inserted: approaches} it puts its head down and smelled him. He stayed ~~aluie~~ {inserted: quite} without breathing, the bear took him to be dead and went away. Sudden, the other man came down and said to his friend, What did the bear wishper into your ears?"" His friend replied, ""It gave me a piece of good advice."" ""What is it?"" Asked his friend. He told his friend about what the bear said that, ""Do not trust a friend who leaves you on a dangare.""","Once upon a time two friends went on a journey. They had to go through a forest on the way. As they came  through the wood, they saw a bear approaching. Both of them  were frightened.

 Suddenly, one  climbed upon a tree. The other finding no other  alternative lay flat on the ground without breathing. As the bear   approaches it puts its head down and smelled him. He stayed  quite without breathing, the bear took him to be dead and went away. Sudden, the other man came down and said to his friend, What did the bear wishper into your ears?"" His friend replied, ""It gave me a piece of good advice."" ""What is it?"" Asked his friend. He told his friend about what the bear said that, ""Do not trust a friend who leaves you on a dangare.""","A friend in need is a friend indeed.","6","ok","","0.9","0","0","0","8","4","0","False","False","","139","738","","","","","1","","","gemma-4-31b-it","gemini","extraction_prompt_c6_v1","f172ab06cd2b8256703c24aac7a3e69688981e106974ba6a4975feb8e0e852b6","{""thinking_level"": ""medium"", ""max_output_tokens"": 32768}","2026-09-17T03:47:50.932564+00:00"
"PARA_012","SE_06_Q1","SE_06_Q1_0012","12","Paragraph","10","","","absent","Write a paragraph in 120 words. ""A Rickshaw-Puller"" (10)","","A rickshaw puller plays an important role in our communcaition seanter carrying passenagers from one place to another. An ~~illibitade~~ {inserted: illirate} unskilled and unemployed rickshaw ~~phus an important~~ are ~~aviaito~~ ~~aviaito~~ {inserted: availober} in a city or a town. ~~Unlicarsed~~ {inserted: Unlicensed} rickshaw pullers are also ~~aviailober~~ {inserted: availober}. They pulls rickshaw to earn ~~money~~ {inserted: money} and thus They live in a ~~road side~~ streets. They are consides about traffic rules so they mayo fall a victom. A work of a ~~rickshau~~ {inserted: rickshaw} puller is very rickshy.

A rickshaw puller plays an important role in our communcaition seanter carrying passenagers from one place to another. They also carries goods in there rickshaw. An illirate unskilled and unemployed rickshaw pullers are ~~aviailobar~~ {inserted: availobar} in a city or a town. ~~Unlicashed~~ {inserted: Unlicensed} rickshaw puller are also ~~aviailobar~~ {inserted: availobar} in a busy city in town. They pulls rickshaw to earn money. They are a very familiar figure in a ~~road~~ {inserted: streets}. They work very hard in the rain and in the sun. Both in good and bad weather. A ~~dif~~ {inserted: Sometimes} they have no rickshaw of his own. So, he hires a rickshaw to ~~wwork~~ {inserted: work} with it late hours at night.","A rickshaw puller plays an important role in our communcaition seanter carrying passenagers from one place to another. An  illirate unskilled and unemployed rickshaw  are   availober in a city or a town.  Unlicensed rickshaw pullers are also  availober. They pulls rickshaw to earn  money and thus They live in a  streets. They are consides about traffic rules so they mayo fall a victom. A work of a  rickshaw puller is very rickshy.

A rickshaw puller plays an important role in our communcaition seanter carrying passenagers from one place to another. They also carries goods in there rickshaw. An illirate unskilled and unemployed rickshaw pullers are  availobar in a city or a town.  Unlicensed rickshaw puller are also  availobar in a busy city in town. They pulls rickshaw to earn money. They are a very familiar figure in a  streets. They work very hard in the rain and in the sun. Both in good and bad weather. A  Sometimes they have no rickshaw of his own. So, he hires a rickshaw to  work with it late hours at night.","A Rickshaw Puller","7-8","ok","","0.8","0","0","0","15","12","0","False","False","","178","1028","","","","","1","","","gemma-4-31b-it","gemini","extraction_prompt_c6_v1","f172ab06cd2b8256703c24aac7a3e69688981e106974ba6a4975feb8e0e852b6","{""thinking_level"": ""medium"", ""max_output_tokens"": 32768}","2026-09-17T03:47:50.932564+00:00"
"DIALOG_012","SE_06_Q1","SE_06_Q1_0012","13","Dialogue","10","","","absent","You are Shahid and you have been suffering from fever along with some Covid-19 symptoms for a week. Now, you are at the chamber of a doctor. Write a dialogue between you and the doctor. (10)","","","","","","not_attempted","question not found in transcript (verified absent)","","","","","","","","","","","0","0","","","","","","","","gemma-4-31b-it","gemini","extraction_prompt_c6_v1","f172ab06cd2b8256703c24aac7a3e69688981e106974ba6a4975feb8e0e852b6","{""thinking_level"": ""medium"", ""max_output_tokens"": 32768}","2026-09-17T03:47:50.932564+00:00"
"MCQ_013","SE_06_Q1","SE_06_Q1_0013","1","MCQ","7","","","absent","Read the text and answer question 1: Choose the best answer from the alternatives. (1 x 7 = 7)
a. On the 16th of December of the same year, the 26 March declaration of independence became a reality. Here the meaning of the word reality is — i. experience  ii. certainty  iii. virtuality  iv. actuality
b. To every Bangladeshi the 16th December is a day of — i. self analysis  ii. sorrows and sufferings  iii. self questioning  iv. pride and joy
c. We pay our deep respect to the martyrs who gave their lives for the independence of Bangladesh. Here respect means — i. neglect  ii. honour  iii. favour  iv. dignity
d. We, the Bangalees celebrate our Victory Day by remembering the roles played by our fearless freedom fighters and the people at large. Which of the following words has a similar meaning of fearless? i. curious  ii. courageous  iii. fearful  iv. rebillion
e. This is why December 16 is our Victory Day when the Pakistan army surrendered unconditionally. What does surrendered mean here? i. defended  ii. submitted  iii. captured  iv. with stood
f. To build up our nation as a prosperous country we have to work — i. individually  ii. separately  iii. independently  iv. unitedly
g. 1971 is the year of our — i. Liberation War  ii. Independence  iii. Victory day  iv. all of i, ii & iii

READING PASSAGE (questions 1 and 2):
December 16 is a remarkable day for Bangladeshi people. On this day in 1971. Bangladesh got independence after a nine-month-long blood-soaked battle against the Pakistani army. It is a day of national pride as well as a day of commemorating the sacrifices of the millions of Bangladeshi people. Pakistani army killed three million people and assaulted thousands of women.
The Victory Day is celebrated with great enthusiasm across the country. The day begins with a 31-gun salute at dawn, followed by the hoisting of the national flag at government buildings and private institutions. Different political, cultural and educational programmes are organised to pay homage to the martyrs of the war. The entire nation celebrates the day with colourful flags, banners and parades.
The National Parade ground hosts a grand military parade where the president, the prime minister and dignitaries from government and non-government sectors join, The National Martyrs Memorial in Savar, our monument dedicated to the soldiers and civilians who lost their lives during the war, becomes a focal point for citizens to pay their respect. People from all walks of life gather to offer flowers, recite patriotic songs, and recall the sacrifices made by the nation's heroes.

ANSWER KEY (1 mark per item, no part marks):
a. iv. actuality
b. iv. pride and joy
c. ii. honour
d. ii. courageous
e. ii. submitted
f. iv. unitedly
g. iv. all of i, ii & iii

Accept the option written as the roman numeral alone (“iv”), as the option text alone (“actuality”), or as both. Misspelling a correctly chosen option does NOT cost the mark.

MARKING NOTE: this question is ITEM-SCORED. Mark each lettered item against the key and put the SUM of the item marks in context_content_data, leaving structure_format_brevity, language_mechanics and originality_comparisons_paraphrase at 0. Nothing is awarded or deducted for handwriting, style, or spelling beyond what the key requires. An item the student did not attempt scores 0 for that item only. No structural cap is ever applied to an item-scored question.","","a. In actuality
b. pride and joy
c. honour
d. rebellion
e. captured
f. independently
g. all of i, ii & iii","a. In actuality
b. pride and joy
c. honour
d. rebellion
e. captured
f. independently
g. all of i, ii & iii","","16","ok","","0.9","0","0","0","0","0","0","False","False","","21","106","","","","","0","","","gemma-4-31b-it","gemini","extraction_prompt_c6_v1","f172ab06cd2b8256703c24aac7a3e69688981e106974ba6a4975feb8e0e852b6","{""thinking_level"": ""medium"", ""max_output_tokens"": 32768}","2026-09-17T04:00:11.193727+00:00"
"SHORT_013","SE_06_Q1","SE_06_Q1_0013","2","Short_Answer","5","","","absent","Write short answers to the following questions. (1 x 5 = 5)
a. What happened during the war in 1971?
b. How do people celebrate Victory Day?
c. Why is the National Martyrs’ Memorial important?
d. What do people sing at the National Martyrs’ Memorial?
e. What does the 31-gun salute represent on Victory Day?

READING PASSAGE (questions 1 and 2):
December 16 is a remarkable day for Bangladeshi people. On this day in 1971. Bangladesh got independence after a nine-month-long blood-soaked battle against the Pakistani army. It is a day of national pride as well as a day of commemorating the sacrifices of the millions of Bangladeshi people. Pakistani army killed three million people and assaulted thousands of women.
The Victory Day is celebrated with great enthusiasm across the country. The day begins with a 31-gun salute at dawn, followed by the hoisting of the national flag at government buildings and private institutions. Different political, cultural and educational programmes are organised to pay homage to the martyrs of the war. The entire nation celebrates the day with colourful flags, banners and parades.
The National Parade ground hosts a grand military parade where the president, the prime minister and dignitaries from government and non-government sectors join, The National Martyrs Memorial in Savar, our monument dedicated to the soldiers and civilians who lost their lives during the war, becomes a focal point for citizens to pay their respect. People from all walks of life gather to offer flowers, recite patriotic songs, and recall the sacrifices made by the nation's heroes.

ANSWER KEY — indicative content, 1 mark per item (whole mark or nothing; there are no half marks on this question):
a. Bangladesh fought a nine-month-long battle against the Pakistani army, who killed three million people and assaulted thousands of women; the country won independence on 16 December 1971.
b. With a 31-gun salute at dawn, hoisting of the national flag, political, cultural and educational programmes, and parades with colourful flags and banners.
c. It is the monument dedicated to the soldiers and civilians who lost their lives during the war, and it becomes the focal point where citizens pay their respect.
d. Patriotic songs.
e. It marks the start of Victory Day at dawn and honours the martyrs and the nation's victory.

Wording need not match the key — award the mark for any answer carrying the same content, in the student's own words or lifted from the passage. Award 0 for a wrong, off-question or omitted answer.

MARKING NOTE: this question is ITEM-SCORED. Mark each lettered item against the key and put the SUM of the item marks in context_content_data, leaving structure_format_brevity, language_mechanics and originality_comparisons_paraphrase at 0. Nothing is awarded or deducted for handwriting, style, or spelling beyond what the key requires. An item the student did not attempt scores 0 for that item only. No structural cap is ever applied to an item-scored question.","","a. At 1971 Bangladesh got Independence after 9 mounth long battle against Pakistan anmy,
b. People celebrated the victory Day with great enthusiasm across the country.
c. The 'National Martyr's Memorial' Important for those sholdens who lost their house.
d. People sing at the National Martyr's Memorial for showing respect to our freedom fighters.
e. The 31 gun salute represent hoisting of the national Flag at government building and private institutions.","a. At 1971 Bangladesh got Independence after 9 mounth long battle against Pakistan anmy,
b. People celebrated the victory Day with great enthusiasm across the country.
c. The 'National Martyr's Memorial' Important for those sholdens who lost their house.
d. People sing at the National Martyr's Memorial for showing respect to our freedom fighters.
e. The 31 gun salute represent hoisting of the national Flag at government building and private institutions.","","1","ok","","0.9","0","0","0","0","0","0","False","False","","68","458","","","","","0","","","gemma-4-31b-it","gemini","extraction_prompt_c6_v1","f172ab06cd2b8256703c24aac7a3e69688981e106974ba6a4975feb8e0e852b6","{""thinking_level"": ""medium"", ""max_output_tokens"": 32768}","2026-09-17T04:00:11.193727+00:00"
"GAP_013","SE_06_Q1","SE_06_Q1_0013","3","Gap_Fill","5","","","absent","Read the text and answer question 3: Complete the passage with suitable words. (1 x 5 = 5)
After finding the box Rajendra and Ravi (a) — about valuable stones. Then they (b) — to Jaipur. After showing the papers to the museum people, Uncle Santosh (c) — to know that the papers were valuable. He (d) — the papers to the museum for ten thousand rupees. Later, (e) — the news, the boy were happy.

READING PASSAGE (questions 3 and 4):
That night Ravi dreamt about gold coins and jewels. The next morning they packed everything into the jeep and went back to Jaipur, Uncle Santosh went to the museum to show his friend the papers. When he came back, he told the boys, ""Those papers were very valuable. The museum people bought them for ten thousand rupees."" The boys were delighted. When Ravi met his father and mother once again, he told them about his adventures and gave them Rs 50,000. Rajendra and Ravi never forgot the kind owl who helped them to find the old box.

ANSWER KEY (1 mark per gap). No clue words are supplied, so ANY word that fits the sentence grammatically and agrees with the passage is correct:
a. dreamt / dreamed / talked / thought
b. went back / returned / came back
c. was surprised / was glad / was happy / came
d. sold
e. hearing / on hearing / after hearing / getting

A word that fits the sense but is misspelled still earns the mark. A word of the wrong part of speech, or one that contradicts the passage, does not.

MARKING NOTE: this question is ITEM-SCORED. Mark each lettered item against the key and put the SUM of the item marks in context_content_data, leaving structure_format_brevity, language_mechanics and originality_comparisons_paraphrase at 0. Nothing is awarded or deducted for handwriting, style, or spelling beyond what the key requires. An item the student did not attempt scores 0 for that item only. No structural cap is ever applied to an item-scored question.","","a. ~~think~~ dreamt
b. ~~went~~
c. went
d. sold
e. unowing","a.  dreamt
b. 
c. went
d. sold
e. unowing","","2","ok","","0.8","0","0","0","2","0","0","False","False","","9","41","","","","","0","","","gemma-4-31b-it","gemini","extraction_prompt_c6_v1","f172ab06cd2b8256703c24aac7a3e69688981e106974ba6a4975feb8e0e852b6","{""thinking_level"": ""medium"", ""max_output_tokens"": 32768}","2026-09-17T04:00:11.193727+00:00"
"VOCAB_013","SE_06_Q1","SE_06_Q1_0013","4","Vocabulary","5","","","absent","Read the passage carefully and replace the following words with their suitable synonyms or antonyms. (1 x 5 = 5)
(a) Went back (antonym), (b) Museum (synonym), (c) Friend (synonym), (d) Show (antonym), (e) Bought (synonym)

READING PASSAGE (questions 3 and 4):
That night Ravi dreamt about gold coins and jewels. The next morning they packed everything into the jeep and went back to Jaipur, Uncle Santosh went to the museum to show his friend the papers. When he came back, he told the boys, ""Those papers were very valuable. The museum people bought them for ten thousand rupees."" The boys were delighted. When Ravi met his father and mother once again, he told them about his adventures and gave them Rs 50,000. Rajendra and Ravi never forgot the kind owl who helped them to find the old box.

ANSWER KEY (1 mark per item). Any correct word of the required relation is acceptable; the words below are indicative, not exhaustive:
a. Went back (Antonym): came / went forward / advanced / set out / left
b. Museum (Synonym): gallery / archive / repository / exhibition hall
c. Friend (Synonym): companion / mate / comrade / ally / pal
d. Show (Antonym): hide / conceal / cover
e. Bought (Synonym): purchased

Giving a synonym where an antonym was asked (or the reverse) scores 0 for that item. A correct word that is misspelled still earns the mark.

MARKING NOTE: this question is ITEM-SCORED. Mark each lettered item against the key and put the SUM of the item marks in context_content_data, leaving structure_format_brevity, language_mechanics and originality_comparisons_paraphrase at 0. Nothing is awarded or deducted for handwriting, style, or spelling beyond what the key requires. An item the student did not attempt scores 0 for that item only. No structural cap is ever applied to an item-scored question.","","a. went back |  | Come in
b. Museum | The phee where valuable things store. | 
c. Friend | Helper | 
d. Show | x | Unshow
e. Bought | Boy ~~something~~ | ","a. went back |  | Come in
b. Museum | The phee where valuable things store. | 
c. Friend | Helper | 
d. Show | x | Unshow
e. Bought | Boy  | ","","2","ok","","0.8","0","0","0","1","0","0","False","False","","23","141","","","","","0","","","gemma-4-31b-it","gemini","extraction_prompt_c6_v1","f172ab06cd2b8256703c24aac7a3e69688981e106974ba6a4975feb8e0e852b6","{""thinking_level"": ""medium"", ""max_output_tokens"": 32768}","2026-09-17T04:00:11.193727+00:00"
"TABLE_013","SE_06_Q1","SE_06_Q1_0013","5","Table_Completion","5","","","absent","Read the text and answer question 5: Complete the table with information from the passage. (1 x 5 = 5)
| Topic | Information from the passage |
| a. Class Raju reads in | (i) |
| b. Subjects he did well in | (ii) |
| c. Marks he got in those subjects | (iii) |
| d. Subjects he did poorly in | (iv) |
| e. Marks he got in weak subjects | (v) |

READING PASSAGE (questions 5, 6 and 7):
Raju is a student of class six. Last week, his school held class tests in several subjects. Raju worked very hard to do well. He got 8 in Bangla, 9 in English, and 10 in Mathematics out of 10. His teachers praised him for his good marks. However, he could not do well in ICT, Science, and Religion, getting only 6 marks in each.
Raju felt a little sad about his low marks but promised to study harder next time. His father told him not to lose hope. His mother advised him to read ICT and Science regularly. Raju made a plan to give more time to those subjects. He was happy that he did very well in Bangla, English, and Math. Raju believes that with more practice, he can improve all his subjects.

ANSWER KEY (1 mark per blank):
i. Class six
ii. Bangla, English and Mathematics
iii. 8 in Bangla, 9 in English and 10 in Mathematics (out of 10)
iv. ICT, Science and Religion
v. 6 marks in each

This question asks for information lifted from the passage, so copying the passage's wording is CORRECT here and must not be penalised. A partial but unambiguous answer (e.g. naming all three subjects in ii) earns the mark; an answer that names only some of the required items does not.

MARKING NOTE: this question is ITEM-SCORED. Mark each lettered item against the key and put the SUM of the item marks in context_content_data, leaving structure_format_brevity, language_mechanics and originality_comparisons_paraphrase at 0. Nothing is awarded or deducted for handwriting, style, or spelling beyond what the key requires. An item the student did not attempt scores 0 for that item only. No structural cap is ever applied to an item-scored question.","","a. Class Raju reads in — (i) six
b. Subjeect he did well in — (ii) English and Mathematics.
c. marks he got in those subbeet — (iii) Bangla 8, English 9, Mathematics 10
d. Subject he did poorly in — (iv) ICT, Science, Religion.
e. marks he got in weak subject — (v) 6 marks each.","a. Class Raju reads in — (i) six
b. Subjeect he did well in — (ii) English and Mathematics.
c. marks he got in those subbeet — (iii) Bangla 8, English 9, Mathematics 10
d. Subject he did poorly in — (iv) ICT, Science, Religion.
e. marks he got in weak subject — (v) 6 marks each.","","3","ok","","0.9","0","0","0","0","0","0","False","False","","48","279","","","","","0","","","gemma-4-31b-it","gemini","extraction_prompt_c6_v1","f172ab06cd2b8256703c24aac7a3e69688981e106974ba6a4975feb8e0e852b6","{""thinking_level"": ""medium"", ""max_output_tokens"": 32768}","2026-09-17T04:00:11.193727+00:00"
"TF_013","SE_06_Q1","SE_06_Q1_0013","6","True_False","5","","","absent","Read the statements below. Write ‘True’ if the statement is correct and ‘False’ if it is incorrect. If false, write the correct answer. (1 x 5 = 5)
a. Raju thinks he cannot improve his weak subjects.
b. He got 6 marks out of 10 in Mathematics.
c. Raju got full marks in Mathematics.
d. Raju plans to work lesser next time.
e. His father scolded him for low marks.

READING PASSAGE (questions 5, 6 and 7):
Raju is a student of class six. Last week, his school held class tests in several subjects. Raju worked very hard to do well. He got 8 in Bangla, 9 in English, and 10 in Mathematics out of 10. His teachers praised him for his good marks. However, he could not do well in ICT, Science, and Religion, getting only 6 marks in each.
Raju felt a little sad about his low marks but promised to study harder next time. His father told him not to lose hope. His mother advised him to read ICT and Science regularly. Raju made a plan to give more time to those subjects. He was happy that he did very well in Bangla, English, and Math. Raju believes that with more practice, he can improve all his subjects.

ANSWER KEY (1 mark per item):
a. False — Raju believes that with more practice he can improve all his subjects.
b. False — he got 10 out of 10 in Mathematics; 6 was his mark in ICT, Science and Religion.
c. True
d. False — he promised to study harder and planned to give more time to his weak subjects.
e. False — his father told him not to lose hope.

A ‘False’ verdict with NO correction, or with a wrong correction, scores 0 for that item — the question requires both. The correction need not match the key's wording; any correction carrying the right fact is accepted.

MARKING NOTE: this question is ITEM-SCORED. Mark each lettered item against the key and put the SUM of the item marks in context_content_data, leaving structure_format_brevity, language_mechanics and originality_comparisons_paraphrase at 0. Nothing is awarded or deducted for handwriting, style, or spelling beyond what the key requires. An item the student did not attempt scores 0 for that item only. No structural cap is ever applied to an item-scored question.","","a. False
b. False
c. True
d. True
e. False","a. False
b. False
c. True
d. True
e. False","","3","ok","","1.0","0","0","0","0","0","0","False","False","","10","42","","","","","0","","","gemma-4-31b-it","gemini","extraction_prompt_c6_v1","f172ab06cd2b8256703c24aac7a3e69688981e106974ba6a4975feb8e0e852b6","{""thinking_level"": ""medium"", ""max_output_tokens"": 32768}","2026-09-17T04:00:11.193727+00:00"
"SUMMARY_013","SE_06_Q1","SE_06_Q1_0013","7","Summary","5","","","absent","Write a summary of the passage in your own words. (5)

TEXT TO BE SUMMARIZED (questions 5, 6 and 7):
Raju is a student of class six. Last week, his school held class tests in several subjects. Raju worked very hard to do well. He got 8 in Bangla, 9 in English, and 10 in Mathematics out of 10. His teachers praised him for his good marks. However, he could not do well in ICT, Science, and Religion, getting only 6 marks in each.
Raju felt a little sad about his low marks but promised to study harder next time. His father told him not to lose hope. His mother advised him to read ICT and Science regularly. Raju made a plan to give more time to those subjects. He was happy that he did very well in Bangla, English, and Math. Raju believes that with more practice, he can improve all his subjects.","Raju is a student of class six. Last week, his school held class tests in several subjects. Raju worked very hard to do well. He got 8 in Bangla, 9 in English, and 10 in Mathematics out of 10. His teachers praised him for his good marks. However, he could not do well in ICT, Science, and Religion, getting only 6 marks in each.
Raju felt a little sad about his low marks but promised to study harder next time. His father told him not to lose hope. His mother advised him to read ICT and Science regularly. Raju made a plan to give more time to those subjects. He was happy that he did very well in Bangla, English, and Math. Raju believes that with more practice, he can improve all his subjects.","Rina is a student of class five. Last week, her school held a test. She worked very hard to do well. She got 7 in ICT, 8 in English, 10 in Religion. Her teacher praised him for good marks. She could not do well in Bangla, Phathematics, Science getting 4 in each.

She felt sad but her teacher motivate him.

Her mother and scold him for bad marks. Her father adviee him to read Bangla, Math, Science regularly.

Rina belive that with more practice, she can improve all his subject.","Rina is a student of class five. Last week, her school held a test. She worked very hard to do well. She got 7 in ICT, 8 in English, 10 in Religion. Her teacher praised him for good marks. She could not do well in Bangla, Phathematics, Science getting 4 in each.

She felt sad but her teacher motivate him.

Her mother and scold him for bad marks. Her father adviee him to read Bangla, Math, Science regularly.

Rina belive that with more practice, she can improve all his subject.","","4","ok","","0.9","0","0","0","0","0","0","False","False","","86","481","129","0.6667","True","0.0","3","","","gemma-4-31b-it","gemini","extraction_prompt_c6_v1","f172ab06cd2b8256703c24aac7a3e69688981e106974ba6a4975feb8e0e852b6","{""thinking_level"": ""medium"", ""max_output_tokens"": 32768}","2026-09-17T04:00:11.193727+00:00"
"PREP_013","SE_06_Q1","SE_06_Q1_0013","8","Preposition_Use","5","","","absent","Use these prepositions in sentences of your own. (1 x 5 = 5)
a. bottom of, b. top of, c. through, d. along, e. across

ANSWER KEY (1 mark per item). There is no fixed answer: the student composes their own sentence for each preposition. Award the mark when the sentence (1) actually contains the given preposition, (2) uses it in a sense that is correct English, and (3) is a complete, intelligible sentence.

Model sentences, for reference only — a student sentence need not resemble them:
a. bottom of: The old box lay at the bottom of the river.
b. top of: A small flag was fixed on the top of the hill.
c. through: We walked through the forest before sunset.
d. along: They strolled along the river bank in the evening.
e. across: A wooden bridge runs across the canal.

Award 0 for an item where the preposition is missing, is used in a way that is not English (e.g. “He is bottom of happy”), or where nothing resembling a sentence was written. A minor spelling or article slip does NOT cost the mark — the item tests the preposition, not general accuracy.

MARKING NOTE: this question is ITEM-SCORED. Mark each lettered item against the key and put the SUM of the item marks in context_content_data, leaving structure_format_brevity, language_mechanics and originality_comparisons_paraphrase at 0. Nothing is awarded or deducted for handwriting, style, or spelling beyond what the key requires. An item the student did not attempt scores 0 for that item only. No structural cap is ever applied to an item-scored question.","","a. bottom of — He go at the bottom of the river.
b. top — Skydrivers jump from the top.
c. through — We have to go through a forest.
d. along — Ayan walks along in the road.
e. across — He ran across the field.","a. bottom of — He go at the bottom of the river.
b. top — Skydrivers jump from the top.
c. through — We have to go through a forest.
d. along — Ayan walks along in the road.
e. across — He ran across the field.","","5","ok","","1.0","0","0","0","0","0","0","False","False","","42","210","","","","","0","","","gemma-4-31b-it","gemini","extraction_prompt_c6_v1","f172ab06cd2b8256703c24aac7a3e69688981e106974ba6a4975feb8e0e852b6","{""thinking_level"": ""medium"", ""max_output_tokens"": 32768}","2026-09-17T04:00:11.193727+00:00"
"REARR_013","SE_06_Q1","SE_06_Q1_0013","9","Rearrange","8","","","absent","Put the following parts of the story in the correct order to make the whole story. Only the corresponding numbers of the sentences need to be written. (1 x 8 = 8)
a. She asked Bayazid to give her a glass of water, but he could not find any water in the pitcher.
b. Once Hazrat Bayazid Bustami came home to see his ailing mother.
c. But she again fell asleep.
d. So, he went to the well quite far from their house.
e. She woke up some hours later.
f. He filled the pitcher, came back and went to his mother with a glass of water.
g. As he was still standing by her bed, his mother drank the glass of water and blessed him from the core of heart.
h. He, instead of waking her up, stood by her bed with the glass of water in his hand.

ANSWER KEY — correct order (8 positions, 1 mark each):
1. b  (Once Hazrat Bayazid Bustami came home to see his ailing mother.)
2. a  (She asked Bayazid to give her a glass of water, but he could not find any water in the pitcher.)
3. d  (So, he went to the well quite far from their house.)
4. f  (He filled the pitcher, came back and went to his mother with a glass of water.)
5. c  (But she again fell asleep.)
6. h  (He, instead of waking her up, stood by her bed with the glass of water in his hand.)
7. e  (She woke up some hours later.)
8. g  (As he was still standing by her bed, his mother drank the glass of water and blessed him from the core of heart.)

Award 1 mark for each sentence the student places in its correct POSITION in the sequence above — a position-by-position comparison: b in slot 1 earns a mark, b anywhere else does not. The student may give the letters, the full sentences, or both; mark the order either way, and do not penalise copying slips inside the sentences.

MARKING NOTE: this question is ITEM-SCORED. Mark each lettered item against the key and put the SUM of the item marks in context_content_data, leaving structure_format_brevity, language_mechanics and originality_comparisons_paraphrase at 0. Nothing is awarded or deducted for handwriting, style, or spelling beyond what the key requires. An item the student did not attempt scores 0 for that item only. No structural cap is ever applied to an item-scored question.","","b. Once Hazrat Bayzid Bustami came home to see his ailing mothen.
a. ~~So he went to the well quite far~~
c. she asked Bayazid to give her a glass of water, but he could not find any water in the pitcher.
d. 
e. 
f. 
g. The boy think the phymaie lives in another land. because, he has all opposite qualities.
h. The Moon came there to peep.","b. Once Hazrat Bayzid Bustami came home to see his ailing mothen.
a. 
c. she asked Bayazid to give her a glass of water, but he could not find any water in the pitcher.
d. 
e. 
f. 
g. The boy think the phymaie lives in another land. because, he has all opposite qualities.
h. The Moon came there to peep.","","5-6","ok","","0.8","0","0","0","1","0","0","False","False","","60","304","","","","","0","","","gemma-4-31b-it","gemini","extraction_prompt_c6_v1","f172ab06cd2b8256703c24aac7a3e69688981e106974ba6a4975feb8e0e852b6","{""thinking_level"": ""medium"", ""max_output_tokens"": 32768}","2026-09-17T04:00:11.193727+00:00"
"POEM_013","SE_06_Q1","SE_06_Q1_0013","10","Poem_Short_Answer","10","","","absent","Answer any five of the following questions from the poems in your text book. (2 x 5 = 10)
a. What does Robin say about autumn?
b. How is Robin a happy bird?
c. How is Robin a hopeful bird?
d. What reason does Robin give for singing during the winter?
e. What does Robin teach us in the poem?
f. Why does the playmate come only on a rainy day?
g. Why does the boy think the playmate lives in another land?
h. What does the Moon come there to do?

ANSWER KEY — INDICATIVE ONLY, 2 marks per answer. The poem texts are not supplied with this paper, so the notes below describe the expected substance rather than fixed wording. Items a–e concern the poem about Robin, a bird who goes on singing as autumn turns to winter; items f–h concern the poem about a boy and an imagined playmate who visits on rainy days.
a. That autumn is passing and the cold season is coming — leaves fall and the bright days are ending.
b. He sings cheerfully whatever the season, finding joy in small things rather than complaining of the cold.
c. He keeps singing through the bleak season because he trusts that spring and better days will return.
d. He sings in winter to keep up his own and others' spirits, and because he believes the hard season will pass.
e. To stay cheerful and hopeful in hard times instead of giving way to gloom.
f. Because the rain keeps the boy indoors and alone, so that is when he longs for and imagines his playmate.
g. Because the playmate is never seen among the people he knows and appears only in his imagination, so the boy supposes he must come from some distant, unknown land.
h. It comes to look in on the child and keep him company — to shine on him and share the night with him.

BECAUSE THE KEY IS INDICATIVE, mark generously on substance: award 2 for an answer that is clearly about the right poem and carries a sensible reading consistent with these notes, 1 for a partly relevant or very thin answer, and 0 for an answer about the wrong poem, one that merely repeats the question, or one left blank.

ANY FIVE answers count, and only five are marked: if the student answers more than five, mark the FIRST five attempted and ignore the rest; if fewer than five, the unanswered ones score 0. Put the sum of the five item marks (0–10) in context_content_data and leave the other three criteria at 0.","","a. robin says about Autumn, there are some fruits for all pride.
b. Robin sings in all four seasons so, he is a happy bind.
c. Robin doesn't lose hope if it's a bad season also. So, Robin is a hopeful bind.
g. The boy think the phymaie lives in another land. because, he has all opposite qualities.
h. The Moon came there to peep.","a. robin says about Autumn, there are some fruits for all pride.
b. Robin sings in all four seasons so, he is a happy bind.
c. Robin doesn't lose hope if it's a bad season also. So, Robin is a hopeful bind.
g. The boy think the phymaie lives in another land. because, he has all opposite qualities.
h. The Moon came there to peep.","","6-7","ok","","0.9","0","0","0","0","0","0","False","False","","65","330","","","","","0","","","gemma-4-31b-it","gemini","extraction_prompt_c6_v1","f172ab06cd2b8256703c24aac7a3e69688981e106974ba6a4975feb8e0e852b6","{""thinking_level"": ""medium"", ""max_output_tokens"": 32768}","2026-09-17T04:00:11.193727+00:00"
"STORY_013","SE_06_Q1","SE_06_Q1_0013","11","Story","10","","","absent","Part-B : Writing. Read the opening of a story below and complete it in at least ten new sentences. Give a suitable title to it. (10)
Once upon a time two friends went on a journey. They had to go through a forest on the way. As they came through the wood, they saw a bear approaching…………","","Once upon a time two friends went on a journey. They had to go through a fore on the way. As they came through the wood, they saw a bear at approaching. Both of them became frighted.

Suddenly one of them climbed the tree. And another one seeing not any option, he lid in cheast and hold the breath. Soon the bear come. One of them is on tree so he safe. And another one holding breath so bean smell hi and take him death. So the bear go in a way. Seeing the bear is going one of them came down. He asked the another Friend what did the bean whispen - The friend told the bear give me a good adviee. Another asked, what's that? He told me, that Never trust on that friend who leave you in danger.","Once upon a time two friends went on a journey. They had to go through a fore on the way. As they came through the wood, they saw a bear at approaching. Both of them became frighted.

Suddenly one of them climbed the tree. And another one seeing not any option, he lid in cheast and hold the breath. Soon the bear come. One of them is on tree so he safe. And another one holding breath so bean smell hi and take him death. So the bear go in a way. Seeing the bear is going one of them came down. He asked the another Friend what did the bean whispen - The friend told the bear give me a good adviee. Another asked, what's that? He told me, that Never trust on that friend who leave you in danger.","A Friend in need A friend indeed","8-10","ok","","0.9","0","0","0","0","0","0","False","False","","140","696","","","","","1","","","gemma-4-31b-it","gemini","extraction_prompt_c6_v1","f172ab06cd2b8256703c24aac7a3e69688981e106974ba6a4975feb8e0e852b6","{""thinking_level"": ""medium"", ""max_output_tokens"": 32768}","2026-09-17T04:00:11.193727+00:00"
"PARA_013","SE_06_Q1","SE_06_Q1_0013","12","Paragraph","10","","","absent","Write a paragraph in 120 words. ""A Rickshaw-Puller"" (10)","","Rickshaw puller
Rickshaw puller plays a Important roll in our community. Sector carrying people from one place to another. An unskilled and uncomployed pea man takes rickshaw pulling as his profesion. Sometimes he has to carry goods in his rickshaw. A rickshaw puller is a familer person in a city or town. Rickshaw pulling is a very risky. Because in busy area he can fall a victim in accident. He has to pull ricks for his livelihood. At first he doesn't have any rickshaw, so he hires from its owner on day busis. He has to pull rickshaw on good and bad both weather. Sometimes he wants more fund of foul weather. He doesn't work so hand but earn a little little. He can't save money. He can't provide education, see docter, house etc common human needs. Sometimes they has to starve. His demands are very few. If he get two square meal for himself and his family he will be happy. But sometimes sometimes he earn that few he cant get his demands. So he has to faces difficulties. If he got sick whole family got throble. They can't buy medicines or see doctor. He has been buy food from cheap food stalls. And they live in a remote area in a rented room. We got him in our needs very easily. So we has to due respect to him. If we can help him to give some something.

Our government has to give them a small loan loan. And give them free education, traffic rules. Give them a small shelter for free to lead a better/basic life.","Rickshaw puller
Rickshaw puller plays a Important roll in our community. Sector carrying people from one place to another. An unskilled and uncomployed pea man takes rickshaw pulling as his profesion. Sometimes he has to carry goods in his rickshaw. A rickshaw puller is a familer person in a city or town. Rickshaw pulling is a very risky. Because in busy area he can fall a victim in accident. He has to pull ricks for his livelihood. At first he doesn't have any rickshaw, so he hires from its owner on day busis. He has to pull rickshaw on good and bad both weather. Sometimes he wants more fund of foul weather. He doesn't work so hand but earn a little little. He can't save money. He can't provide education, see docter, house etc common human needs. Sometimes they has to starve. His demands are very few. If he get two square meal for himself and his family he will be happy. But sometimes sometimes he earn that few he cant get his demands. So he has to faces difficulties. If he got sick whole family got throble. They can't buy medicines or see doctor. He has been buy food from cheap food stalls. And they live in a remote area in a rented room. We got him in our needs very easily. So we has to due respect to him. If we can help him to give some something.

Our government has to give them a small loan loan. And give them free education, traffic rules. Give them a small shelter for free to lead a better/basic life.","","11-13","ok","","0.9","0","0","0","0","0","0","False","False","","270","1432","","","","","1","","","gemma-4-31b-it","gemini","extraction_prompt_c6_v1","f172ab06cd2b8256703c24aac7a3e69688981e106974ba6a4975feb8e0e852b6","{""thinking_level"": ""medium"", ""max_output_tokens"": 32768}","2026-09-17T04:00:11.193727+00:00"
"DIALOG_013","SE_06_Q1","SE_06_Q1_0013","13","Dialogue","10","","","absent","You are Shahid and you have been suffering from fever along with some Covid-19 symptoms for a week. Now, you are at the chamber of a doctor. Write a dialogue between you and the doctor. (10)","","Saishahid: May, I come in, sir?
Docton : Yes, please have a seat,
Sahid: Thank you
Docton: Welcome. Whats your problem?
safsahid: I suffering from fever for a week. my body is in pain and I have some Covid symptoms symtoms.
Docton: Is your family any another person has this symtoms.
safsahid: Oh no! my father has this symptoms.
Docton: Quickly check the covid ee checkup.
sahid: Ok, any other advice?
Docton: Yes, take plenty of liquid fruits-vegetable rich protein.
sahid: Any medeines?
Doctori: I'm presenribed you some medicines, eat them regulanly until recovery
sahid: Ok, any other advice?
Docton: In any problem call me, I will give you some othen medicines them then.
Sahid: Thank you for you advices.
Doctors: Your welcome.
Sahid: I'm going for today. IF I get any probm I will call you.
Docton: Ok, bye.
sahid: Bye","Saishahid: May, I come in, sir?
Docton : Yes, please have a seat,
Sahid: Thank you
Docton: Welcome. Whats your problem?
safsahid: I suffering from fever for a week. my body is in pain and I have some Covid symptoms symtoms.
Docton: Is your family any another person has this symtoms.
safsahid: Oh no! my father has this symptoms.
Docton: Quickly check the covid ee checkup.
sahid: Ok, any other advice?
Docton: Yes, take plenty of liquid fruits-vegetable rich protein.
sahid: Any medeines?
Doctori: I'm presenribed you some medicines, eat them regulanly until recovery
sahid: Ok, any other advice?
Docton: In any problem call me, I will give you some othen medicines them then.
Sahid: Thank you for you advices.
Doctors: Your welcome.
Sahid: I'm going for today. IF I get any probm I will call you.
Docton: Ok, bye.
sahid: Bye","","14-15","ok","","0.9","0","0","0","0","0","0","False","False","","142","826","","","","","0","","","gemma-4-31b-it","gemini","extraction_prompt_c6_v1","f172ab06cd2b8256703c24aac7a3e69688981e106974ba6a4975feb8e0e852b6","{""thinking_level"": ""medium"", ""max_output_tokens"": 32768}","2026-09-17T04:00:11.193727+00:00"
"MCQ_014","SE_06_Q1","SE_06_Q1_0014","1","MCQ","7","","","absent","Read the text and answer question 1: Choose the best answer from the alternatives. (1 x 7 = 7)
a. On the 16th of December of the same year, the 26 March declaration of independence became a reality. Here the meaning of the word reality is — i. experience  ii. certainty  iii. virtuality  iv. actuality
b. To every Bangladeshi the 16th December is a day of — i. self analysis  ii. sorrows and sufferings  iii. self questioning  iv. pride and joy
c. We pay our deep respect to the martyrs who gave their lives for the independence of Bangladesh. Here respect means — i. neglect  ii. honour  iii. favour  iv. dignity
d. We, the Bangalees celebrate our Victory Day by remembering the roles played by our fearless freedom fighters and the people at large. Which of the following words has a similar meaning of fearless? i. curious  ii. courageous  iii. fearful  iv. rebillion
e. This is why December 16 is our Victory Day when the Pakistan army surrendered unconditionally. What does surrendered mean here? i. defended  ii. submitted  iii. captured  iv. with stood
f. To build up our nation as a prosperous country we have to work — i. individually  ii. separately  iii. independently  iv. unitedly
g. 1971 is the year of our — i. Liberation War  ii. Independence  iii. Victory day  iv. all of i, ii & iii

READING PASSAGE (questions 1 and 2):
December 16 is a remarkable day for Bangladeshi people. On this day in 1971. Bangladesh got independence after a nine-month-long blood-soaked battle against the Pakistani army. It is a day of national pride as well as a day of commemorating the sacrifices of the millions of Bangladeshi people. Pakistani army killed three million people and assaulted thousands of women.
The Victory Day is celebrated with great enthusiasm across the country. The day begins with a 31-gun salute at dawn, followed by the hoisting of the national flag at government buildings and private institutions. Different political, cultural and educational programmes are organised to pay homage to the martyrs of the war. The entire nation celebrates the day with colourful flags, banners and parades.
The National Parade ground hosts a grand military parade where the president, the prime minister and dignitaries from government and non-government sectors join, The National Martyrs Memorial in Savar, our monument dedicated to the soldiers and civilians who lost their lives during the war, becomes a focal point for citizens to pay their respect. People from all walks of life gather to offer flowers, recite patriotic songs, and recall the sacrifices made by the nation's heroes.

ANSWER KEY (1 mark per item, no part marks):
a. iv. actuality
b. iv. pride and joy
c. ii. honour
d. ii. courageous
e. ii. submitted
f. iv. unitedly
g. iv. all of i, ii & iii

Accept the option written as the roman numeral alone (“iv”), as the option text alone (“actuality”), or as both. Misspelling a correctly chosen option does NOT cost the mark.

MARKING NOTE: this question is ITEM-SCORED. Mark each lettered item against the key and put the SUM of the item marks in context_content_data, leaving structure_format_brevity, language_mechanics and originality_comparisons_paraphrase at 0. Nothing is awarded or deducted for handwriting, style, or spelling beyond what the key requires. An item the student did not attempt scores 0 for that item only. No structural cap is ever applied to an item-scored question.","","(a + iii) = virtuality
(b + iv) = sorrows and suffering
(c + iv) = dignity
(d + ii) = submitted
(e + iii) = fearful
(f + iii) = defended
(g + ii) = Independende","(a + iii) = virtuality
(b + iv) = sorrows and suffering
(c + iv) = dignity
(d + ii) = submitted
(e + iii) = fearful
(f + iii) = defended
(g + ii) = Independende","","1","ok","","1.0","0","0","0","0","0","0","False","False","","23","160","","","","","0","","","gemma-4-31b-it","gemini","extraction_prompt_c6_v1","f172ab06cd2b8256703c24aac7a3e69688981e106974ba6a4975feb8e0e852b6","{""thinking_level"": ""medium"", ""max_output_tokens"": 32768}","2026-09-17T03:51:14.406934+00:00"
"SHORT_014","SE_06_Q1","SE_06_Q1_0014","2","Short_Answer","5","","","absent","Write short answers to the following questions. (1 x 5 = 5)
a. What happened during the war in 1971?
b. How do people celebrate Victory Day?
c. Why is the National Martyrs’ Memorial important?
d. What do people sing at the National Martyrs’ Memorial?
e. What does the 31-gun salute represent on Victory Day?

READING PASSAGE (questions 1 and 2):
December 16 is a remarkable day for Bangladeshi people. On this day in 1971. Bangladesh got independence after a nine-month-long blood-soaked battle against the Pakistani army. It is a day of national pride as well as a day of commemorating the sacrifices of the millions of Bangladeshi people. Pakistani army killed three million people and assaulted thousands of women.
The Victory Day is celebrated with great enthusiasm across the country. The day begins with a 31-gun salute at dawn, followed by the hoisting of the national flag at government buildings and private institutions. Different political, cultural and educational programmes are organised to pay homage to the martyrs of the war. The entire nation celebrates the day with colourful flags, banners and parades.
The National Parade ground hosts a grand military parade where the president, the prime minister and dignitaries from government and non-government sectors join, The National Martyrs Memorial in Savar, our monument dedicated to the soldiers and civilians who lost their lives during the war, becomes a focal point for citizens to pay their respect. People from all walks of life gather to offer flowers, recite patriotic songs, and recall the sacrifices made by the nation's heroes.

ANSWER KEY — indicative content, 1 mark per item (whole mark or nothing; there are no half marks on this question):
a. Bangladesh fought a nine-month-long battle against the Pakistani army, who killed three million people and assaulted thousands of women; the country won independence on 16 December 1971.
b. With a 31-gun salute at dawn, hoisting of the national flag, political, cultural and educational programmes, and parades with colourful flags and banners.
c. It is the monument dedicated to the soldiers and civilians who lost their lives during the war, and it becomes the focal point where citizens pay their respect.
d. Patriotic songs.
e. It marks the start of Victory Day at dawn and honours the martyrs and the nation's victory.

Wording need not match the key — award the mark for any answer carrying the same content, in the student's own words or lifted from the passage. Award 0 for a wrong, off-question or omitted answer.

MARKING NOTE: this question is ITEM-SCORED. Mark each lettered item against the key and put the SUM of the item marks in context_content_data, leaving structure_format_brevity, language_mechanics and originality_comparisons_paraphrase at 0. Nothing is awarded or deducted for handwriting, style, or spelling beyond what the key requires. An item the student did not attempt scores 0 for that item only. No structural cap is ever applied to an item-scored question.","","@ December 16, 1971 is a remarkable day to Bangladeshi people.
@ got independence After a nine month long blood-soaked battle against the pakistani army.
The Victory Day is celeven day celebrates with great enthusiasm across the country.
@ The National Marotyros is are our maney Importentend. They war to Pakistan's army. Than we get the Bangladesh. so, The National Marotyros are memorial Importentent.
@ people sing at the National Marotyros memorial. The national sing is national song.
@ The days begins with a 31-gun salute at dawn, followed by the hoisting of the national flag at government b uildings and private institutions.","@ December 16, 1971 is a remarkable day to Bangladeshi people.
@ got independence After a nine month long blood-soaked battle against the pakistani army.
The Victory Day is celeven day celebrates with great enthusiasm across the country.
@ The National Marotyros is are our maney Importentend. They war to Pakistan's army. Than we get the Bangladesh. so, The National Marotyros are memorial Importentent.
@ people sing at the National Marotyros memorial. The national sing is national song.
@ The days begins with a 31-gun salute at dawn, followed by the hoisting of the national flag at government b uildings and private institutions.","","1-2","ok","","0.9","0","0","0","0","0","0","False","False","","97","635","","","","","0","","","gemma-4-31b-it","gemini","extraction_prompt_c6_v1","f172ab06cd2b8256703c24aac7a3e69688981e106974ba6a4975feb8e0e852b6","{""thinking_level"": ""medium"", ""max_output_tokens"": 32768}","2026-09-17T03:51:14.406934+00:00"
"GAP_014","SE_06_Q1","SE_06_Q1_0014","3","Gap_Fill","5","","","absent","Read the text and answer question 3: Complete the passage with suitable words. (1 x 5 = 5)
After finding the box Rajendra and Ravi (a) — about valuable stones. Then they (b) — to Jaipur. After showing the papers to the museum people, Uncle Santosh (c) — to know that the papers were valuable. He (d) — the papers to the museum for ten thousand rupees. Later, (e) — the news, the boy were happy.

READING PASSAGE (questions 3 and 4):
That night Ravi dreamt about gold coins and jewels. The next morning they packed everything into the jeep and went back to Jaipur, Uncle Santosh went to the museum to show his friend the papers. When he came back, he told the boys, ""Those papers were very valuable. The museum people bought them for ten thousand rupees."" The boys were delighted. When Ravi met his father and mother once again, he told them about his adventures and gave them Rs 50,000. Rajendra and Ravi never forgot the kind owl who helped them to find the old box.

ANSWER KEY (1 mark per gap). No clue words are supplied, so ANY word that fits the sentence grammatically and agrees with the passage is correct:
a. dreamt / dreamed / talked / thought
b. went back / returned / came back
c. was surprised / was glad / was happy / came
d. sold
e. hearing / on hearing / after hearing / getting

A word that fits the sense but is misspelled still earns the mark. A word of the wrong part of speech, or one that contradicts the passage, does not.

MARKING NOTE: this question is ITEM-SCORED. Mark each lettered item against the key and put the SUM of the item marks in context_content_data, leaving structure_format_brevity, language_mechanics and originality_comparisons_paraphrase at 0. Nothing is awarded or deducted for handwriting, style, or spelling beyond what the key requires. An item the student did not attempt scores 0 for that item only. No structural cap is ever applied to an item-scored question.","","a.
b. went back
c. wanted
d. solled
e.","a.
b. went back
c. wanted
d. solled
e.","","3","ok","","0.9","0","0","0","0","0","0","False","False","","9","38","","","","","0","","","gemma-4-31b-it","gemini","extraction_prompt_c6_v1","f172ab06cd2b8256703c24aac7a3e69688981e106974ba6a4975feb8e0e852b6","{""thinking_level"": ""medium"", ""max_output_tokens"": 32768}","2026-09-17T03:51:14.406934+00:00"
"VOCAB_014","SE_06_Q1","SE_06_Q1_0014","4","Vocabulary","5","","","absent","Read the passage carefully and replace the following words with their suitable synonyms or antonyms. (1 x 5 = 5)
(a) Went back (antonym), (b) Museum (synonym), (c) Friend (synonym), (d) Show (antonym), (e) Bought (synonym)

READING PASSAGE (questions 3 and 4):
That night Ravi dreamt about gold coins and jewels. The next morning they packed everything into the jeep and went back to Jaipur, Uncle Santosh went to the museum to show his friend the papers. When he came back, he told the boys, ""Those papers were very valuable. The museum people bought them for ten thousand rupees."" The boys were delighted. When Ravi met his father and mother once again, he told them about his adventures and gave them Rs 50,000. Rajendra and Ravi never forgot the kind owl who helped them to find the old box.

ANSWER KEY (1 mark per item). Any correct word of the required relation is acceptable; the words below are indicative, not exhaustive:
a. Went back (Antonym): came / went forward / advanced / set out / left
b. Museum (Synonym): gallery / archive / repository / exhibition hall
c. Friend (Synonym): companion / mate / comrade / ally / pal
d. Show (Antonym): hide / conceal / cover
e. Bought (Synonym): purchased

Giving a synonym where an antonym was asked (or the reverse) scores 0 for that item. A correct word that is misspelled still earns the mark.

MARKING NOTE: this question is ITEM-SCORED. Mark each lettered item against the key and put the SUM of the item marks in context_content_data, leaving structure_format_brevity, language_mechanics and originality_comparisons_paraphrase at 0. Nothing is awarded or deducted for handwriting, style, or spelling beyond what the key requires. An item the student did not attempt scores 0 for that item only. No structural cap is ever applied to an item-scored question.","","went back | [blank] | come back
Museum | house | x
Friend | coltherman | x
show | - x | [blank]
Bought | Buy | x","went back | [blank] | come back
Museum | house | x
Friend | coltherman | x
show | - x | [blank]
Bought | Buy | x","","3","ok","","0.9","0","0","0","0","0","0","False","False","","17","112","","","","","0","","","gemma-4-31b-it","gemini","extraction_prompt_c6_v1","f172ab06cd2b8256703c24aac7a3e69688981e106974ba6a4975feb8e0e852b6","{""thinking_level"": ""medium"", ""max_output_tokens"": 32768}","2026-09-17T03:51:14.406934+00:00"
"TABLE_014","SE_06_Q1","SE_06_Q1_0014","5","Table_Completion","5","","","absent","Read the text and answer question 5: Complete the table with information from the passage. (1 x 5 = 5)
| Topic | Information from the passage |
| a. Class Raju reads in | (i) |
| b. Subjects he did well in | (ii) |
| c. Marks he got in those subjects | (iii) |
| d. Subjects he did poorly in | (iv) |
| e. Marks he got in weak subjects | (v) |

READING PASSAGE (questions 5, 6 and 7):
Raju is a student of class six. Last week, his school held class tests in several subjects. Raju worked very hard to do well. He got 8 in Bangla, 9 in English, and 10 in Mathematics out of 10. His teachers praised him for his good marks. However, he could not do well in ICT, Science, and Religion, getting only 6 marks in each.
Raju felt a little sad about his low marks but promised to study harder next time. His father told him not to lose hope. His mother advised him to read ICT and Science regularly. Raju made a plan to give more time to those subjects. He was happy that he did very well in Bangla, English, and Math. Raju believes that with more practice, he can improve all his subjects.

ANSWER KEY (1 mark per blank):
i. Class six
ii. Bangla, English and Mathematics
iii. 8 in Bangla, 9 in English and 10 in Mathematics (out of 10)
iv. ICT, Science and Religion
v. 6 marks in each

This question asks for information lifted from the passage, so copying the passage's wording is CORRECT here and must not be penalised. A partial but unambiguous answer (e.g. naming all three subjects in ii) earns the mark; an answer that names only some of the required items does not.

MARKING NOTE: this question is ITEM-SCORED. Mark each lettered item against the key and put the SUM of the item marks in context_content_data, leaving structure_format_brevity, language_mechanics and originality_comparisons_paraphrase at 0. Nothing is awarded or deducted for handwriting, style, or spelling beyond what the key requires. An item the student did not attempt scores 0 for that item only. No structural cap is ever applied to an item-scored question.","","a. 5%
b. Bangla, English, Mathmatices, out of
c. 8, 9, 10, 10 Marks
d. ICT, science and religion
e. getting only 6 marks in each.","a. 5%
b. Bangla, English, Mathmatices, out of
c. 8, 9, 10, 10 Marks
d. ICT, science and religion
e. getting only 6 marks in each.","","4","ok","","1.0","0","0","0","0","0","0","False","False","","20","129","","","","","0","","","gemma-4-31b-it","gemini","extraction_prompt_c6_v1","f172ab06cd2b8256703c24aac7a3e69688981e106974ba6a4975feb8e0e852b6","{""thinking_level"": ""medium"", ""max_output_tokens"": 32768}","2026-09-17T03:51:14.406934+00:00"
"TF_014","SE_06_Q1","SE_06_Q1_0014","6","True_False","5","","","absent","Read the statements below. Write ‘True’ if the statement is correct and ‘False’ if it is incorrect. If false, write the correct answer. (1 x 5 = 5)
a. Raju thinks he cannot improve his weak subjects.
b. He got 6 marks out of 10 in Mathematics.
c. Raju got full marks in Mathematics.
d. Raju plans to work lesser next time.
e. His father scolded him for low marks.

READING PASSAGE (questions 5, 6 and 7):
Raju is a student of class six. Last week, his school held class tests in several subjects. Raju worked very hard to do well. He got 8 in Bangla, 9 in English, and 10 in Mathematics out of 10. His teachers praised him for his good marks. However, he could not do well in ICT, Science, and Religion, getting only 6 marks in each.
Raju felt a little sad about his low marks but promised to study harder next time. His father told him not to lose hope. His mother advised him to read ICT and Science regularly. Raju made a plan to give more time to those subjects. He was happy that he did very well in Bangla, English, and Math. Raju believes that with more practice, he can improve all his subjects.

ANSWER KEY (1 mark per item):
a. False — Raju believes that with more practice he can improve all his subjects.
b. False — he got 10 out of 10 in Mathematics; 6 was his mark in ICT, Science and Religion.
c. True
d. False — he promised to study harder and planned to give more time to his weak subjects.
e. False — his father told him not to lose hope.

A ‘False’ verdict with NO correction, or with a wrong correction, scores 0 for that item — the question requires both. The correction need not match the key's wording; any correction carrying the right fact is accepted.

MARKING NOTE: this question is ITEM-SCORED. Mark each lettered item against the key and put the SUM of the item marks in context_content_data, leaving structure_format_brevity, language_mechanics and originality_comparisons_paraphrase at 0. Nothing is awarded or deducted for handwriting, style, or spelling beyond what the key requires. An item the student did not attempt scores 0 for that item only. No structural cap is ever applied to an item-scored question.","","@ False, Raju thinks he improve his
(b) weak sub ject.
@ False, He got 6 Marks out of
(d) True
(e) True
(f) True
(e) False, His father told not to lose hope.","@ False, Raju thinks he improve his
(b) weak sub ject.
@ False, He got 6 Marks out of
(d) True
(e) True
(f) True
(e) False, His father told not to lose hope.","","4","ok","","0.9","0","0","0","0","0","0","False","False","","31","157","","","","","0","","","gemma-4-31b-it","gemini","extraction_prompt_c6_v1","f172ab06cd2b8256703c24aac7a3e69688981e106974ba6a4975feb8e0e852b6","{""thinking_level"": ""medium"", ""max_output_tokens"": 32768}","2026-09-17T03:51:14.406934+00:00"
"SUMMARY_014","SE_06_Q1","SE_06_Q1_0014","7","Summary","5","","","absent","Write a summary of the passage in your own words. (5)

TEXT TO BE SUMMARIZED (questions 5, 6 and 7):
Raju is a student of class six. Last week, his school held class tests in several subjects. Raju worked very hard to do well. He got 8 in Bangla, 9 in English, and 10 in Mathematics out of 10. His teachers praised him for his good marks. However, he could not do well in ICT, Science, and Religion, getting only 6 marks in each.
Raju felt a little sad about his low marks but promised to study harder next time. His father told him not to lose hope. His mother advised him to read ICT and Science regularly. Raju made a plan to give more time to those subjects. He was happy that he did very well in Bangla, English, and Math. Raju believes that with more practice, he can improve all his subjects.","Raju is a student of class six. Last week, his school held class tests in several subjects. Raju worked very hard to do well. He got 8 in Bangla, 9 in English, and 10 in Mathematics out of 10. His teachers praised him for his good marks. However, he could not do well in ICT, Science, and Religion, getting only 6 marks in each.
Raju felt a little sad about his low marks but promised to study harder next time. His father told him not to lose hope. His mother advised him to read ICT and Science regularly. Raju made a plan to give more time to those subjects. He was happy that he did very well in Bangla, English, and Math. Raju believes that with more practice, he can improve all his subjects.","Summery

Raju is a student of class. This week, his saheool held clast test in all subject, Raju work very hard to do well. He get 8 in Bangla, 10 in English, 10 in math. He do not well in Ict, Religion and science. Raju's mathers tall to him, ""Do not worry. You well other exam"" Her father tall, ""not to loss hope"" Than Raju is hard work,","Summery

Raju is a student of class. This week, his saheool held clast test in all subject, Raju work very hard to do well. He get 8 in Bangla, 10 in English, 10 in math. He do not well in Ict, Religion and science. Raju's mathers tall to him, ""Do not worry. You well other exam"" Her father tall, ""not to loss hope"" Than Raju is hard work,","","5","ok","","0.9","0","0","0","0","0","0","True","True","suspected_red_ink","65","339","129","0.5039","True","0.0","1","","","gemma-4-31b-it","gemini","extraction_prompt_c6_v1","f172ab06cd2b8256703c24aac7a3e69688981e106974ba6a4975feb8e0e852b6","{""thinking_level"": ""medium"", ""max_output_tokens"": 32768}","2026-09-17T03:51:14.406934+00:00"
"PREP_014","SE_06_Q1","SE_06_Q1_0014","8","Preposition_Use","5","","","absent","Use these prepositions in sentences of your own. (1 x 5 = 5)
a. bottom of, b. top of, c. through, d. along, e. across

ANSWER KEY (1 mark per item). There is no fixed answer: the student composes their own sentence for each preposition. Award the mark when the sentence (1) actually contains the given preposition, (2) uses it in a sense that is correct English, and (3) is a complete, intelligible sentence.

Model sentences, for reference only — a student sentence need not resemble them:
a. bottom of: The old box lay at the bottom of the river.
b. top of: A small flag was fixed on the top of the hill.
c. through: We walked through the forest before sunset.
d. along: They strolled along the river bank in the evening.
e. across: A wooden bridge runs across the canal.

Award 0 for an item where the preposition is missing, is used in a way that is not English (e.g. “He is bottom of happy”), or where nothing resembling a sentence was written. A minor spelling or article slip does NOT cost the mark — the item tests the preposition, not general accuracy.

MARKING NOTE: this question is ITEM-SCORED. Mark each lettered item against the key and put the SUM of the item marks in context_content_data, leaving structure_format_brevity, language_mechanics and originality_comparisons_paraphrase at 0. Nothing is awarded or deducted for handwriting, style, or spelling beyond what the key requires. An item the student did not attempt scores 0 for that item only. No structural cap is ever applied to an item-scored question.","","a. The food drove bottom of the jarow.
b. A Hill is top of other hill.
c. It is trough of me.
d. The boy is alone for the ear.
e. The boy across the car.","a. The food drove bottom of the jarow.
b. A Hill is top of other hill.
c. It is trough of me.
d. The boy is alone for the ear.
e. The boy across the car.","","5-6","ok","","0.9","0","0","0","0","0","0","False","False","","36","153","","","","","0","","","gemma-4-31b-it","gemini","extraction_prompt_c6_v1","f172ab06cd2b8256703c24aac7a3e69688981e106974ba6a4975feb8e0e852b6","{""thinking_level"": ""medium"", ""max_output_tokens"": 32768}","2026-09-17T03:51:14.406934+00:00"
"REARR_014","SE_06_Q1","SE_06_Q1_0014","9","Rearrange","8","","","absent","Put the following parts of the story in the correct order to make the whole story. Only the corresponding numbers of the sentences need to be written. (1 x 8 = 8)
a. She asked Bayazid to give her a glass of water, but he could not find any water in the pitcher.
b. Once Hazrat Bayazid Bustami came home to see his ailing mother.
c. But she again fell asleep.
d. So, he went to the well quite far from their house.
e. She woke up some hours later.
f. He filled the pitcher, came back and went to his mother with a glass of water.
g. As he was still standing by her bed, his mother drank the glass of water and blessed him from the core of heart.
h. He, instead of waking her up, stood by her bed with the glass of water in his hand.

ANSWER KEY — correct order (8 positions, 1 mark each):
1. b  (Once Hazrat Bayazid Bustami came home to see his ailing mother.)
2. a  (She asked Bayazid to give her a glass of water, but he could not find any water in the pitcher.)
3. d  (So, he went to the well quite far from their house.)
4. f  (He filled the pitcher, came back and went to his mother with a glass of water.)
5. c  (But she again fell asleep.)
6. h  (He, instead of waking her up, stood by her bed with the glass of water in his hand.)
7. e  (She woke up some hours later.)
8. g  (As he was still standing by her bed, his mother drank the glass of water and blessed him from the core of heart.)

Award 1 mark for each sentence the student places in its correct POSITION in the sequence above — a position-by-position comparison: b in slot 1 earns a mark, b anywhere else does not. The student may give the letters, the full sentences, or both; mark the order either way, and do not penalise copying slips inside the sentences.

MARKING NOTE: this question is ITEM-SCORED. Mark each lettered item against the key and put the SUM of the item marks in context_content_data, leaving structure_format_brevity, language_mechanics and originality_comparisons_paraphrase at 0. Nothing is awarded or deducted for handwriting, style, or spelling beyond what the key requires. An item the student did not attempt scores 0 for that item only. No structural cap is ever applied to an item-scored question.","","1. b
2. a
3. d
4. f
5. c
6. g
7. e
8. g","1. b
2. a
3. d
4. f
5. c
6. g
7. e
8. g","","6","ok","","0.9","0","0","0","0","0","0","False","False","","8","39","","","","","0","","","gemma-4-31b-it","gemini","extraction_prompt_c6_v1","f172ab06cd2b8256703c24aac7a3e69688981e106974ba6a4975feb8e0e852b6","{""thinking_level"": ""medium"", ""max_output_tokens"": 32768}","2026-09-17T03:51:14.406934+00:00"
"POEM_014","SE_06_Q1","SE_06_Q1_0014","10","Poem_Short_Answer","10","","","absent","Answer any five of the following questions from the poems in your text book. (2 x 5 = 10)
a. What does Robin say about autumn?
b. How is Robin a happy bird?
c. How is Robin a hopeful bird?
d. What reason does Robin give for singing during the winter?
e. What does Robin teach us in the poem?
f. Why does the playmate come only on a rainy day?
g. Why does the boy think the playmate lives in another land?
h. What does the Moon come there to do?

ANSWER KEY — INDICATIVE ONLY, 2 marks per answer. The poem texts are not supplied with this paper, so the notes below describe the expected substance rather than fixed wording. Items a–e concern the poem about Robin, a bird who goes on singing as autumn turns to winter; items f–h concern the poem about a boy and an imagined playmate who visits on rainy days.
a. That autumn is passing and the cold season is coming — leaves fall and the bright days are ending.
b. He sings cheerfully whatever the season, finding joy in small things rather than complaining of the cold.
c. He keeps singing through the bleak season because he trusts that spring and better days will return.
d. He sings in winter to keep up his own and others' spirits, and because he believes the hard season will pass.
e. To stay cheerful and hopeful in hard times instead of giving way to gloom.
f. Because the rain keeps the boy indoors and alone, so that is when he longs for and imagines his playmate.
g. Because the playmate is never seen among the people he knows and appears only in his imagination, so the boy supposes he must come from some distant, unknown land.
h. It comes to look in on the child and keep him company — to shine on him and share the night with him.

BECAUSE THE KEY IS INDICATIVE, mark generously on substance: award 2 for an answer that is clearly about the right poem and carries a sensible reading consistent with these notes, 1 for a partly relevant or very thin answer, and 0 for an answer about the wrong poem, one that merely repeats the question, or one left blank.

ANY FIVE answers count, and only five are marked: if the student answers more than five, mark the FIRST five attempted and ignore the rest; if fewer than five, the unanswered ones score 0. Put the sum of the five item marks (0–10) in context_content_data and leave the other three criteria at 0.","","@ Robin says about autumn that there are fruits for everyone and we all should broise an Autumn.
(b) Robin is a happy bird. He sings in winter to go quickly. Than after to come spring, so, It is a happy bird.
(c) Robin gives for singing during the winter. Robins sings in autumn. But Robin sing in the cold weathers.
(d) The playmate comes on a rainy day.
(e) The moons comes there to peep.","@ Robin says about autumn that there are fruits for everyone and we all should broise an Autumn.
(b) Robin is a happy bird. He sings in winter to go quickly. Than after to come spring, so, It is a happy bird.
(c) Robin gives for singing during the winter. Robins sings in autumn. But Robin sing in the cold weathers.
(d) The playmate comes on a rainy day.
(e) The moons comes there to peep.","","6-7","ok","","0.9","0","0","0","0","0","0","False","False","","75","390","","","","","0","","","gemma-4-31b-it","gemini","extraction_prompt_c6_v1","f172ab06cd2b8256703c24aac7a3e69688981e106974ba6a4975feb8e0e852b6","{""thinking_level"": ""medium"", ""max_output_tokens"": 32768}","2026-09-17T03:51:14.406934+00:00"
"STORY_014","SE_06_Q1","SE_06_Q1_0014","11","Story","10","","","absent","Part-B : Writing. Read the opening of a story below and complete it in at least ten new sentences. Give a suitable title to it. (10)
Once upon a time two friends went on a journey. They had to go through a forest on the way. As they came through the wood, they saw a bear approaching…………","","once upon a time two friends went on a Journey. They had to go through a forest on the way. As they came through a forest on the way, As they came through the wood, they saw a bear approaching. The one friend to came up to the a big tree.

The other man is very sad, He dowen to the field, He behave to a dead body. The bear down hero had on the other man's body. The bear is to be was to a very angrou. The bear smell her body.

The body was dead. so, He come back this place. The other man to see the bear.

The bear come back when he down the tree. The man said, ""The bear said hen

The other man replied, ""He got me to a good advise,""

""what is was it"" The other man said:

The other man said, ""This friend is not me.""","once upon a time two friends went on a Journey. They had to go through a forest on the way. As they came through a forest on the way, As they came through the wood, they saw a bear approaching. The one friend to came up to the a big tree.

The other man is very sad, He dowen to the field, He behave to a dead body. The bear down hero had on the other man's body. The bear is to be was to a very angrou. The bear smell her body.

The body was dead. so, He come back this place. The other man to see the bear.

The bear come back when he down the tree. The man said, ""The bear said hen

The other man replied, ""He got me to a good advise,""

""what is was it"" The other man said:

The other man said, ""This friend is not me.""","A friend in need in {inserted: deed} a friend","8-9","ok","","0.8","0","0","0","0","0","0","False","False","","154","722","","","","","6","","","gemma-4-31b-it","gemini","extraction_prompt_c6_v1","f172ab06cd2b8256703c24aac7a3e69688981e106974ba6a4975feb8e0e852b6","{""thinking_level"": ""medium"", ""max_output_tokens"": 32768}","2026-09-17T03:51:14.406934+00:00"
"PARA_014","SE_06_Q1","SE_06_Q1_0014","12","Paragraph","10","","","absent","Write a paragraph in 120 words. ""A Rickshaw-Puller"" (10)","","A rickshaw pullen is a man who drive ricksha on the road. He is a poor man. He pulls the rickshaw. He gets up early in the morning.

Than he take her rickshace on the roads. He drive to rickshace on the Villege and city. He lives in a smoll hut. or slum. He take Rice and vegetable.

He does not take healthy food. Many Rickshaw pullers are very lazy, His work is very hard. His family can not take fresh fruits. He take passengero and get money.

His children can not go to school. There are maney family don't got the cloths, so, we should take money for her. our society should help them. Her family is a poor and lives in daroty. so, we should lives in her a good flat. we should respect to him.","A rickshaw pullen is a man who drive ricksha on the road. He is a poor man. He pulls the rickshaw. He gets up early in the morning.

Than he take her rickshace on the roads. He drive to rickshace on the Villege and city. He lives in a smoll hut. or slum. He take Rice and vegetable.

He does not take healthy food. Many Rickshaw pullers are very lazy, His work is very hard. His family can not take fresh fruits. He take passengero and get money.

His children can not go to school. There are maney family don't got the cloths, so, we should take money for her. our society should help them. Her family is a poor and lives in daroty. so, we should lives in her a good flat. we should respect to him.","A Rickshaw Puller","10-11","ok","","0.9","0","0","0","0","0","0","False","False","","138","699","","","","","3","","","gemma-4-31b-it","gemini","extraction_prompt_c6_v1","f172ab06cd2b8256703c24aac7a3e69688981e106974ba6a4975feb8e0e852b6","{""thinking_level"": ""medium"", ""max_output_tokens"": 32768}","2026-09-17T03:51:14.406934+00:00"
"DIALOG_014","SE_06_Q1","SE_06_Q1_0014","13","Dialogue","10","","","absent","You are Shahid and you have been suffering from fever along with some Covid-19 symptoms for a week. Now, you are at the chamber of a doctor. Write a dialogue between you and the doctor. (10)","","Myself: Hello sir!
Doctor : Hello!
Myself: May I come in sir?
Doctor : Yes. ofcourse. what is Your name?
Myself: my name is ~~shaikh~~ Zarif,
Doctor : How old are You?
Myself: I am 12 years old,
Doctor: what is your problem?
Myself: I have a bad haddeach, runny nose and suffer from fever. Than, I am very week and a bad lazy, I can not a good sleep.
Doctor: Take You any other madisens?
Myself: Yes. I take a paracetamol tablate. my near. by farmacy.
Doctor: How maney temperature of Your body?
myself: 100°F to 104°F
Doctor: Your family have any problem?
Myself: No. But my fathers has a bad haddeach.
Doctor: You tast for covid-19?
Myself: No.
Doctor: I gave me some madisens by prescribe.
Myself: Thank You very much sir.
Doctor: You are well come.","Myself: Hello sir!
Doctor : Hello!
Myself: May I come in sir?
Doctor : Yes. ofcourse. what is Your name?
Myself: my name is  Zarif,
Doctor : How old are You?
Myself: I am 12 years old,
Doctor: what is your problem?
Myself: I have a bad haddeach, runny nose and suffer from fever. Than, I am very week and a bad lazy, I can not a good sleep.
Doctor: Take You any other madisens?
Myself: Yes. I take a paracetamol tablate. my near. by farmacy.
Doctor: How maney temperature of Your body?
myself: 100°F to 104°F
Doctor: Your family have any problem?
Myself: No. But my fathers has a bad haddeach.
Doctor: You tast for covid-19?
Myself: No.
Doctor: I gave me some madisens by prescribe.
Myself: Thank You very much sir.
Doctor: You are well come.","","12-14","ok","","0.9","0","0","0","1","0","0","False","False","","134","742","","","","","0","","","gemma-4-31b-it","gemini","extraction_prompt_c6_v1","f172ab06cd2b8256703c24aac7a3e69688981e106974ba6a4975feb8e0e852b6","{""thinking_level"": ""medium"", ""max_output_tokens"": 32768}","2026-09-17T03:51:14.406934+00:00"
"MCQ_015","SE_06_Q1","SE_06_Q1_0015","1","MCQ","7","","","absent","Read the text and answer question 1: Choose the best answer from the alternatives. (1 x 7 = 7)
a. On the 16th of December of the same year, the 26 March declaration of independence became a reality. Here the meaning of the word reality is — i. experience  ii. certainty  iii. virtuality  iv. actuality
b. To every Bangladeshi the 16th December is a day of — i. self analysis  ii. sorrows and sufferings  iii. self questioning  iv. pride and joy
c. We pay our deep respect to the martyrs who gave their lives for the independence of Bangladesh. Here respect means — i. neglect  ii. honour  iii. favour  iv. dignity
d. We, the Bangalees celebrate our Victory Day by remembering the roles played by our fearless freedom fighters and the people at large. Which of the following words has a similar meaning of fearless? i. curious  ii. courageous  iii. fearful  iv. rebillion
e. This is why December 16 is our Victory Day when the Pakistan army surrendered unconditionally. What does surrendered mean here? i. defended  ii. submitted  iii. captured  iv. with stood
f. To build up our nation as a prosperous country we have to work — i. individually  ii. separately  iii. independently  iv. unitedly
g. 1971 is the year of our — i. Liberation War  ii. Independence  iii. Victory day  iv. all of i, ii & iii

READING PASSAGE (questions 1 and 2):
December 16 is a remarkable day for Bangladeshi people. On this day in 1971. Bangladesh got independence after a nine-month-long blood-soaked battle against the Pakistani army. It is a day of national pride as well as a day of commemorating the sacrifices of the millions of Bangladeshi people. Pakistani army killed three million people and assaulted thousands of women.
The Victory Day is celebrated with great enthusiasm across the country. The day begins with a 31-gun salute at dawn, followed by the hoisting of the national flag at government buildings and private institutions. Different political, cultural and educational programmes are organised to pay homage to the martyrs of the war. The entire nation celebrates the day with colourful flags, banners and parades.
The National Parade ground hosts a grand military parade where the president, the prime minister and dignitaries from government and non-government sectors join, The National Martyrs Memorial in Savar, our monument dedicated to the soldiers and civilians who lost their lives during the war, becomes a focal point for citizens to pay their respect. People from all walks of life gather to offer flowers, recite patriotic songs, and recall the sacrifices made by the nation's heroes.

ANSWER KEY (1 mark per item, no part marks):
a. iv. actuality
b. iv. pride and joy
c. ii. honour
d. ii. courageous
e. ii. submitted
f. iv. unitedly
g. iv. all of i, ii & iii

Accept the option written as the roman numeral alone (“iv”), as the option text alone (“actuality”), or as both. Misspelling a correctly chosen option does NOT cost the mark.

MARKING NOTE: this question is ITEM-SCORED. Mark each lettered item against the key and put the SUM of the item marks in context_content_data, leaving structure_format_brevity, language_mechanics and originality_comparisons_paraphrase at 0. Nothing is awarded or deducted for handwriting, style, or spelling beyond what the key requires. An item the student did not attempt scores 0 for that item only. No structural cap is ever applied to an item-scored question.","","a. iii) virotually
b. iv) ~~Pri~~ pride and joy.
c. ii) honoun.
d. iii) fearful
e. iii) captured
f. iv) unitedly
g. i) Independence.","a. iii) virotually
b. iv)  pride and joy.
c. ii) honoun.
d. iii) fearful
e. iii) captured
f. iv) unitedly
g. i) Independence.","","1","ok","","1.0","0","0","0","1","0","0","False","False","","23","125","","","","","0","","","gemma-4-31b-it","gemini","extraction_prompt_c6_v1","f172ab06cd2b8256703c24aac7a3e69688981e106974ba6a4975feb8e0e852b6","{""thinking_level"": ""medium"", ""max_output_tokens"": 32768}","2026-09-17T03:49:40.317048+00:00"
"SHORT_015","SE_06_Q1","SE_06_Q1_0015","2","Short_Answer","5","","","absent","Write short answers to the following questions. (1 x 5 = 5)
a. What happened during the war in 1971?
b. How do people celebrate Victory Day?
c. Why is the National Martyrs’ Memorial important?
d. What do people sing at the National Martyrs’ Memorial?
e. What does the 31-gun salute represent on Victory Day?

READING PASSAGE (questions 1 and 2):
December 16 is a remarkable day for Bangladeshi people. On this day in 1971. Bangladesh got independence after a nine-month-long blood-soaked battle against the Pakistani army. It is a day of national pride as well as a day of commemorating the sacrifices of the millions of Bangladeshi people. Pakistani army killed three million people and assaulted thousands of women.
The Victory Day is celebrated with great enthusiasm across the country. The day begins with a 31-gun salute at dawn, followed by the hoisting of the national flag at government buildings and private institutions. Different political, cultural and educational programmes are organised to pay homage to the martyrs of the war. The entire nation celebrates the day with colourful flags, banners and parades.
The National Parade ground hosts a grand military parade where the president, the prime minister and dignitaries from government and non-government sectors join, The National Martyrs Memorial in Savar, our monument dedicated to the soldiers and civilians who lost their lives during the war, becomes a focal point for citizens to pay their respect. People from all walks of life gather to offer flowers, recite patriotic songs, and recall the sacrifices made by the nation's heroes.

ANSWER KEY — indicative content, 1 mark per item (whole mark or nothing; there are no half marks on this question):
a. Bangladesh fought a nine-month-long battle against the Pakistani army, who killed three million people and assaulted thousands of women; the country won independence on 16 December 1971.
b. With a 31-gun salute at dawn, hoisting of the national flag, political, cultural and educational programmes, and parades with colourful flags and banners.
c. It is the monument dedicated to the soldiers and civilians who lost their lives during the war, and it becomes the focal point where citizens pay their respect.
d. Patriotic songs.
e. It marks the start of Victory Day at dawn and honours the martyrs and the nation's victory.

Wording need not match the key — award the mark for any answer carrying the same content, in the student's own words or lifted from the passage. Award 0 for a wrong, off-question or omitted answer.

MARKING NOTE: this question is ITEM-SCORED. Mark each lettered item against the key and put the SUM of the item marks in context_content_data, leaving structure_format_brevity, language_mechanics and originality_comparisons_paraphrase at 0. Nothing is awarded or deducted for handwriting, style, or spelling beyond what the key requires. An item the student did not attempt scores 0 for that item only. No structural cap is ever applied to an item-scored question.","","a. In 1971, a war happened in Bangladesh.
b. The victory day is celebrated with great enthusiasm across the country.
c. The National Martyrs Memorial is important because our soldiers and civilians who lost their lives during the war, becomes a focal point for citizens to pay their respect.
d. People ~~sings~~ recite patriotic songs in National Martroys {inserted: me} Memorial.
e. The day begins with a 31 gun salute dawn, followed by hoisting national flag.","a. In 1971, a war happened in Bangladesh.
b. The victory day is celebrated with great enthusiasm across the country.
c. The National Martyrs Memorial is important because our soldiers and civilians who lost their lives during the war, becomes a focal point for citizens to pay their respect.
d. People  recite patriotic songs in National Martroys me Memorial.
e. The day begins with a 31 gun salute dawn, followed by hoisting national flag.","","1-3","ok","","1.0","0","0","0","1","1","0","False","False","","72","440","","","","","0","","","gemma-4-31b-it","gemini","extraction_prompt_c6_v1","f172ab06cd2b8256703c24aac7a3e69688981e106974ba6a4975feb8e0e852b6","{""thinking_level"": ""medium"", ""max_output_tokens"": 32768}","2026-09-17T03:49:40.317048+00:00"
"GAP_015","SE_06_Q1","SE_06_Q1_0015","3","Gap_Fill","5","","","absent","Read the text and answer question 3: Complete the passage with suitable words. (1 x 5 = 5)
After finding the box Rajendra and Ravi (a) — about valuable stones. Then they (b) — to Jaipur. After showing the papers to the museum people, Uncle Santosh (c) — to know that the papers were valuable. He (d) — the papers to the museum for ten thousand rupees. Later, (e) — the news, the boy were happy.

READING PASSAGE (questions 3 and 4):
That night Ravi dreamt about gold coins and jewels. The next morning they packed everything into the jeep and went back to Jaipur, Uncle Santosh went to the museum to show his friend the papers. When he came back, he told the boys, ""Those papers were very valuable. The museum people bought them for ten thousand rupees."" The boys were delighted. When Ravi met his father and mother once again, he told them about his adventures and gave them Rs 50,000. Rajendra and Ravi never forgot the kind owl who helped them to find the old box.

ANSWER KEY (1 mark per gap). No clue words are supplied, so ANY word that fits the sentence grammatically and agrees with the passage is correct:
a. dreamt / dreamed / talked / thought
b. went back / returned / came back
c. was surprised / was glad / was happy / came
d. sold
e. hearing / on hearing / after hearing / getting

A word that fits the sense but is misspelled still earns the mark. A word of the wrong part of speech, or one that contradicts the passage, does not.

MARKING NOTE: this question is ITEM-SCORED. Mark each lettered item against the key and put the SUM of the item marks in context_content_data, leaving structure_format_brevity, language_mechanics and originality_comparisons_paraphrase at 0. Nothing is awarded or deducted for handwriting, style, or spelling beyond what the key requires. An item the student did not attempt scores 0 for that item only. No structural cap is ever applied to an item-scored question.","","a. saw
b. went.
c. wanted.
d. sold.
e. hearing.","a. saw
b. went.
c. wanted.
d. sold.
e. hearing.","","3","ok","","1.0","0","0","0","0","0","0","False","False","","10","47","","","","","0","","","gemma-4-31b-it","gemini","extraction_prompt_c6_v1","f172ab06cd2b8256703c24aac7a3e69688981e106974ba6a4975feb8e0e852b6","{""thinking_level"": ""medium"", ""max_output_tokens"": 32768}","2026-09-17T03:49:40.317048+00:00"
"VOCAB_015","SE_06_Q1","SE_06_Q1_0015","4","Vocabulary","5","","","absent","Read the passage carefully and replace the following words with their suitable synonyms or antonyms. (1 x 5 = 5)
(a) Went back (antonym), (b) Museum (synonym), (c) Friend (synonym), (d) Show (antonym), (e) Bought (synonym)

READING PASSAGE (questions 3 and 4):
That night Ravi dreamt about gold coins and jewels. The next morning they packed everything into the jeep and went back to Jaipur, Uncle Santosh went to the museum to show his friend the papers. When he came back, he told the boys, ""Those papers were very valuable. The museum people bought them for ten thousand rupees."" The boys were delighted. When Ravi met his father and mother once again, he told them about his adventures and gave them Rs 50,000. Rajendra and Ravi never forgot the kind owl who helped them to find the old box.

ANSWER KEY (1 mark per item). Any correct word of the required relation is acceptable; the words below are indicative, not exhaustive:
a. Went back (Antonym): came / went forward / advanced / set out / left
b. Museum (Synonym): gallery / archive / repository / exhibition hall
c. Friend (Synonym): companion / mate / comrade / ally / pal
d. Show (Antonym): hide / conceal / cover
e. Bought (Synonym): purchased

Giving a synonym where an antonym was asked (or the reverse) scores 0 for that item. A correct word that is misspelled still earns the mark.

MARKING NOTE: this question is ITEM-SCORED. Mark each lettered item against the key and put the SUM of the item marks in context_content_data, leaving structure_format_brevity, language_mechanics and originality_comparisons_paraphrase at 0. Nothing is awarded or deducted for handwriting, style, or spelling beyond what the key requires. An item the student did not attempt scores 0 for that item only. No structural cap is ever applied to an item-scored question.","","Word | Synonyms | Antonyms
Wentback | x | come back
Museum | Libnary | x
Friend | Mate | x
Show | x | Hide
Bought | {inserted: Buy} ~~Sold~~ | x","Word | Synonyms | Antonyms
Wentback | x | come back
Museum | Libnary | x
Friend | Mate | x
Show | x | Hide
Bought | Buy  | x","","4","ok","","1.0","0","0","0","1","1","0","False","False","","19","124","","","","","0","","","gemma-4-31b-it","gemini","extraction_prompt_c6_v1","f172ab06cd2b8256703c24aac7a3e69688981e106974ba6a4975feb8e0e852b6","{""thinking_level"": ""medium"", ""max_output_tokens"": 32768}","2026-09-17T03:49:40.317048+00:00"
"TABLE_015","SE_06_Q1","SE_06_Q1_0015","5","Table_Completion","5","","","absent","Read the text and answer question 5: Complete the table with information from the passage. (1 x 5 = 5)
| Topic | Information from the passage |
| a. Class Raju reads in | (i) |
| b. Subjects he did well in | (ii) |
| c. Marks he got in those subjects | (iii) |
| d. Subjects he did poorly in | (iv) |
| e. Marks he got in weak subjects | (v) |

READING PASSAGE (questions 5, 6 and 7):
Raju is a student of class six. Last week, his school held class tests in several subjects. Raju worked very hard to do well. He got 8 in Bangla, 9 in English, and 10 in Mathematics out of 10. His teachers praised him for his good marks. However, he could not do well in ICT, Science, and Religion, getting only 6 marks in each.
Raju felt a little sad about his low marks but promised to study harder next time. His father told him not to lose hope. His mother advised him to read ICT and Science regularly. Raju made a plan to give more time to those subjects. He was happy that he did very well in Bangla, English, and Math. Raju believes that with more practice, he can improve all his subjects.

ANSWER KEY (1 mark per blank):
i. Class six
ii. Bangla, English and Mathematics
iii. 8 in Bangla, 9 in English and 10 in Mathematics (out of 10)
iv. ICT, Science and Religion
v. 6 marks in each

This question asks for information lifted from the passage, so copying the passage's wording is CORRECT here and must not be penalised. A partial but unambiguous answer (e.g. naming all three subjects in ii) earns the mark; an answer that names only some of the required items does not.

MARKING NOTE: this question is ITEM-SCORED. Mark each lettered item against the key and put the SUM of the item marks in context_content_data, leaving structure_format_brevity, language_mechanics and originality_comparisons_paraphrase at 0. Nothing is awarded or deducted for handwriting, style, or spelling beyond what the key requires. An item the student did not attempt scores 0 for that item only. No structural cap is ever applied to an item-scored question.","","i) class six
ii) Bangla, English, and Mathmetics
iii) 8, 9, 10.
iv) ICT, Scin ce and Religion.
v) only 6 mark.","i) class six
ii) Bangla, English, and Mathmetics
iii) 8, 9, 10.
iv) ICT, Scin ce and Religion.
v) only 6 mark.","","4","ok","","1.0","0","0","0","0","0","0","False","False","","18","110","","","","","0","","","gemma-4-31b-it","gemini","extraction_prompt_c6_v1","f172ab06cd2b8256703c24aac7a3e69688981e106974ba6a4975feb8e0e852b6","{""thinking_level"": ""medium"", ""max_output_tokens"": 32768}","2026-09-17T03:49:40.317048+00:00"
"TF_015","SE_06_Q1","SE_06_Q1_0015","6","True_False","5","","","absent","Read the statements below. Write ‘True’ if the statement is correct and ‘False’ if it is incorrect. If false, write the correct answer. (1 x 5 = 5)
a. Raju thinks he cannot improve his weak subjects.
b. He got 6 marks out of 10 in Mathematics.
c. Raju got full marks in Mathematics.
d. Raju plans to work lesser next time.
e. His father scolded him for low marks.

READING PASSAGE (questions 5, 6 and 7):
Raju is a student of class six. Last week, his school held class tests in several subjects. Raju worked very hard to do well. He got 8 in Bangla, 9 in English, and 10 in Mathematics out of 10. His teachers praised him for his good marks. However, he could not do well in ICT, Science, and Religion, getting only 6 marks in each.
Raju felt a little sad about his low marks but promised to study harder next time. His father told him not to lose hope. His mother advised him to read ICT and Science regularly. Raju made a plan to give more time to those subjects. He was happy that he did very well in Bangla, English, and Math. Raju believes that with more practice, he can improve all his subjects.

ANSWER KEY (1 mark per item):
a. False — Raju believes that with more practice he can improve all his subjects.
b. False — he got 10 out of 10 in Mathematics; 6 was his mark in ICT, Science and Religion.
c. True
d. False — he promised to study harder and planned to give more time to his weak subjects.
e. False — his father told him not to lose hope.

A ‘False’ verdict with NO correction, or with a wrong correction, scores 0 for that item — the question requires both. The correction need not match the key's wording; any correction carrying the right fact is accepted.

MARKING NOTE: this question is ITEM-SCORED. Mark each lettered item against the key and put the SUM of the item marks in context_content_data, leaving structure_format_brevity, language_mechanics and originality_comparisons_paraphrase at 0. Nothing is awarded or deducted for handwriting, style, or spelling beyond what the key requires. An item the student did not attempt scores 0 for that item only. No structural cap is ever applied to an item-scored question.","","a. False. Raju thinks he can do well in weak subjects.
b. False. He got 10 out of 10 in Mathematics.
c. True.
d. False. Raju plans to give more time sing this subjects.
e. False. His father told him not to lose hope.","a. False. Raju thinks he can do well in weak subjects.
b. False. He got 10 out of 10 in Mathematics.
c. True.
d. False. Raju plans to give more time sing this subjects.
e. False. His father told him not to lose hope.","","5","ok","","1.0","0","0","0","0","0","0","False","False","","42","216","","","","","0","","","gemma-4-31b-it","gemini","extraction_prompt_c6_v1","f172ab06cd2b8256703c24aac7a3e69688981e106974ba6a4975feb8e0e852b6","{""thinking_level"": ""medium"", ""max_output_tokens"": 32768}","2026-09-17T03:49:40.317048+00:00"
"SUMMARY_015","SE_06_Q1","SE_06_Q1_0015","7","Summary","5","","","absent","Write a summary of the passage in your own words. (5)

TEXT TO BE SUMMARIZED (questions 5, 6 and 7):
Raju is a student of class six. Last week, his school held class tests in several subjects. Raju worked very hard to do well. He got 8 in Bangla, 9 in English, and 10 in Mathematics out of 10. His teachers praised him for his good marks. However, he could not do well in ICT, Science, and Religion, getting only 6 marks in each.
Raju felt a little sad about his low marks but promised to study harder next time. His father told him not to lose hope. His mother advised him to read ICT and Science regularly. Raju made a plan to give more time to those subjects. He was happy that he did very well in Bangla, English, and Math. Raju believes that with more practice, he can improve all his subjects.","Raju is a student of class six. Last week, his school held class tests in several subjects. Raju worked very hard to do well. He got 8 in Bangla, 9 in English, and 10 in Mathematics out of 10. His teachers praised him for his good marks. However, he could not do well in ICT, Science, and Religion, getting only 6 marks in each.
Raju felt a little sad about his low marks but promised to study harder next time. His father told him not to lose hope. His mother advised him to read ICT and Science regularly. Raju made a plan to give more time to those subjects. He was happy that he did very well in Bangla, English, and Math. Raju believes that with more practice, he can improve all his subjects.","Raju is a student of class six. He ~~got~~ got a test in his school. He did well in Bangla, English, and Mathemetics. He cannot do well in ICT, Scince and Religion. Raju made a Plan to give more times in these subjects. He belives he can do well in this subjects.","Raju is a student of class six. He  got a test in his school. He did well in Bangla, English, and Mathemetics. He cannot do well in ICT, Scince and Religion. Raju made a Plan to give more times in these subjects. He belives he can do well in this subjects.","","6","ok","","1.0","0","0","0","1","0","0","False","False","","51","256","129","0.3953","True","0.2745","0","","","gemma-4-31b-it","gemini","extraction_prompt_c6_v1","f172ab06cd2b8256703c24aac7a3e69688981e106974ba6a4975feb8e0e852b6","{""thinking_level"": ""medium"", ""max_output_tokens"": 32768}","2026-09-17T03:49:40.317048+00:00"
"PREP_015","SE_06_Q1","SE_06_Q1_0015","8","Preposition_Use","5","","","absent","Use these prepositions in sentences of your own. (1 x 5 = 5)
a. bottom of, b. top of, c. through, d. along, e. across

ANSWER KEY (1 mark per item). There is no fixed answer: the student composes their own sentence for each preposition. Award the mark when the sentence (1) actually contains the given preposition, (2) uses it in a sense that is correct English, and (3) is a complete, intelligible sentence.

Model sentences, for reference only — a student sentence need not resemble them:
a. bottom of: The old box lay at the bottom of the river.
b. top of: A small flag was fixed on the top of the hill.
c. through: We walked through the forest before sunset.
d. along: They strolled along the river bank in the evening.
e. across: A wooden bridge runs across the canal.

Award 0 for an item where the preposition is missing, is used in a way that is not English (e.g. “He is bottom of happy”), or where nothing resembling a sentence was written. A minor spelling or article slip does NOT cost the mark — the item tests the preposition, not general accuracy.

MARKING NOTE: this question is ITEM-SCORED. Mark each lettered item against the key and put the SUM of the item marks in context_content_data, leaving structure_format_brevity, language_mechanics and originality_comparisons_paraphrase at 0. Nothing is awarded or deducted for handwriting, style, or spelling beyond what the key requires. An item the student did not attempt scores 0 for that item only. No structural cap is ever applied to an item-scored question.","","a. bottom of + The knife is at the bottom of the table.
b. top of - The troees are top of the hills.
c. through - The man goes through the door.
d. along - We ~~ate~~ are walking along the door, {inserted: road}.
e. across - The He is walking across the road.","a. bottom of + The knife is at the bottom of the table.
b. top of - The troees are top of the hills.
c. through - The man goes through the door.
d. along - We  are walking along the door, road.
e. across - The He is walking across the road.","","7","ok","","1.0","0","0","0","1","1","0","False","False","","48","240","","","","","0","","","gemma-4-31b-it","gemini","extraction_prompt_c6_v1","f172ab06cd2b8256703c24aac7a3e69688981e106974ba6a4975feb8e0e852b6","{""thinking_level"": ""medium"", ""max_output_tokens"": 32768}","2026-09-17T03:49:40.317048+00:00"
"REARR_015","SE_06_Q1","SE_06_Q1_0015","9","Rearrange","8","","","absent","Put the following parts of the story in the correct order to make the whole story. Only the corresponding numbers of the sentences need to be written. (1 x 8 = 8)
a. She asked Bayazid to give her a glass of water, but he could not find any water in the pitcher.
b. Once Hazrat Bayazid Bustami came home to see his ailing mother.
c. But she again fell asleep.
d. So, he went to the well quite far from their house.
e. She woke up some hours later.
f. He filled the pitcher, came back and went to his mother with a glass of water.
g. As he was still standing by her bed, his mother drank the glass of water and blessed him from the core of heart.
h. He, instead of waking her up, stood by her bed with the glass of water in his hand.

ANSWER KEY — correct order (8 positions, 1 mark each):
1. b  (Once Hazrat Bayazid Bustami came home to see his ailing mother.)
2. a  (She asked Bayazid to give her a glass of water, but he could not find any water in the pitcher.)
3. d  (So, he went to the well quite far from their house.)
4. f  (He filled the pitcher, came back and went to his mother with a glass of water.)
5. c  (But she again fell asleep.)
6. h  (He, instead of waking her up, stood by her bed with the glass of water in his hand.)
7. e  (She woke up some hours later.)
8. g  (As he was still standing by her bed, his mother drank the glass of water and blessed him from the core of heart.)

Award 1 mark for each sentence the student places in its correct POSITION in the sequence above — a position-by-position comparison: b in slot 1 earns a mark, b anywhere else does not. The student may give the letters, the full sentences, or both; mark the order either way, and do not penalise copying slips inside the sentences.

MARKING NOTE: this question is ITEM-SCORED. Mark each lettered item against the key and put the SUM of the item marks in context_content_data, leaving structure_format_brevity, language_mechanics and originality_comparisons_paraphrase at 0. Nothing is awarded or deducted for handwriting, style, or spelling beyond what the key requires. An item the student did not attempt scores 0 for that item only. No structural cap is ever applied to an item-scored question.","","1. b
2. a
3. d
4. e
5. f
6. e
7. h
8. g","1. b
2. a
3. d
4. e
5. f
6. e
7. h
8. g","","8","ok","","1.0","0","0","0","0","0","0","False","False","","8","39","","","","","0","","","gemma-4-31b-it","gemini","extraction_prompt_c6_v1","f172ab06cd2b8256703c24aac7a3e69688981e106974ba6a4975feb8e0e852b6","{""thinking_level"": ""medium"", ""max_output_tokens"": 32768}","2026-09-17T03:49:40.317048+00:00"
"POEM_015","SE_06_Q1","SE_06_Q1_0015","10","Poem_Short_Answer","10","","","absent","Answer any five of the following questions from the poems in your text book. (2 x 5 = 10)
a. What does Robin say about autumn?
b. How is Robin a happy bird?
c. How is Robin a hopeful bird?
d. What reason does Robin give for singing during the winter?
e. What does Robin teach us in the poem?
f. Why does the playmate come only on a rainy day?
g. Why does the boy think the playmate lives in another land?
h. What does the Moon come there to do?

ANSWER KEY — INDICATIVE ONLY, 2 marks per answer. The poem texts are not supplied with this paper, so the notes below describe the expected substance rather than fixed wording. Items a–e concern the poem about Robin, a bird who goes on singing as autumn turns to winter; items f–h concern the poem about a boy and an imagined playmate who visits on rainy days.
a. That autumn is passing and the cold season is coming — leaves fall and the bright days are ending.
b. He sings cheerfully whatever the season, finding joy in small things rather than complaining of the cold.
c. He keeps singing through the bleak season because he trusts that spring and better days will return.
d. He sings in winter to keep up his own and others' spirits, and because he believes the hard season will pass.
e. To stay cheerful and hopeful in hard times instead of giving way to gloom.
f. Because the rain keeps the boy indoors and alone, so that is when he longs for and imagines his playmate.
g. Because the playmate is never seen among the people he knows and appears only in his imagination, so the boy supposes he must come from some distant, unknown land.
h. It comes to look in on the child and keep him company — to shine on him and share the night with him.

BECAUSE THE KEY IS INDICATIVE, mark generously on substance: award 2 for an answer that is clearly about the right poem and carries a sensible reading consistent with these notes, 1 for a partly relevant or very thin answer, and 0 for an answer about the wrong poem, one that merely repeats the question, or one left blank.

ANY FIVE answers count, and only five are marked: if the student answers more than five, mark the FIRST five attempted and ignore the rest; if fewer than five, the unanswered ones score 0. Put the sum of the five item marks (0–10) in context_content_data and leave the other three criteria at 0.","","a. Ans: Robin say s about autumn that, ""There are fruits for everyone, let all give praise.""
b. Robin is a happy bird because he sings all season sweetly.
c. Robin teaches us in the poem that we can happy in all times, we can never sad for any seasons.
g. The boy thinks the playmate lives in another land because the boy never hears the playmate's speaking. So, the boy thinks the playmate lives in another land.
h. The moon come there to peep.","a. Ans: Robin say s about autumn that, ""There are fruits for everyone, let all give praise.""
b. Robin is a happy bird because he sings all season sweetly.
c. Robin teaches us in the poem that we can happy in all times, we can never sad for any seasons.
g. The boy thinks the playmate lives in another land because the boy never hears the playmate's speaking. So, the boy thinks the playmate lives in another land.
h. The moon come there to peep.","","8-9","ok","","1.0","0","0","0","0","0","0","False","False","","85","445","","","","","0","","","gemma-4-31b-it","gemini","extraction_prompt_c6_v1","f172ab06cd2b8256703c24aac7a3e69688981e106974ba6a4975feb8e0e852b6","{""thinking_level"": ""medium"", ""max_output_tokens"": 32768}","2026-09-17T03:49:40.317048+00:00"
"STORY_015","SE_06_Q1","SE_06_Q1_0015","11","Story","10","","","absent","Part-B : Writing. Read the opening of a story below and complete it in at least ten new sentences. Give a suitable title to it. (10)
Once upon a time two friends went on a journey. They had to go through a forest on the way. As they came through the wood, they saw a bear approaching…………","","Once upon a time two frien went on a Jouriney. They had to go through a forest on the way. As they came through the wood, they saw a bear approaching. Sud Suddenly, one of them climb up a troce. The other have find no other way. So, he lay flat without any breathing. The bear soon came up, the watch The bear down it's head and smelt his body. AS he lay down without any breathing, the bear took him to be a dead body and went up. The friend watch the bear elimbed down. He said, ""What is the bear whishper in your ear? The other said, ""He gave me a very good advice. The friend said, ""What is the advice?"" Friend said, ""Don't trust a lie froiend who lives alone in danger.""","Once upon a time two frien went on a Jouriney. They had to go through a forest on the way. As they came through the wood, they saw a bear approaching. Sud Suddenly, one of them climb up a troce. The other have find no other way. So, he lay flat without any breathing. The bear soon came up, the watch The bear down it's head and smelt his body. AS he lay down without any breathing, the bear took him to be a dead body and went up. The friend watch the bear elimbed down. He said, ""What is the bear whishper in your ear? The other said, ""He gave me a very good advice. The friend said, ""What is the advice?"" Friend said, ""Don't trust a lie froiend who lives alone in danger.""","A friend is need {inserted: to} be a friend indeed.","10-12","ok","","0.9","0","0","0","0","0","0","False","False","","135","675","","","","","0","","","gemma-4-31b-it","gemini","extraction_prompt_c6_v1","f172ab06cd2b8256703c24aac7a3e69688981e106974ba6a4975feb8e0e852b6","{""thinking_level"": ""medium"", ""max_output_tokens"": 32768}","2026-09-17T03:49:40.317048+00:00"
"PARA_015","SE_06_Q1","SE_06_Q1_0015","12","Paragraph","10","","","absent","Write a paragraph in 120 words. ""A Rickshaw-Puller"" (10)","","A rickshaw puller Plays an important roll in our communication sector earring pesengers from one place to another. An illitrate, unemployed and unskilled mans chos p ess rickshaw pulling as his proffesion. A rickshaw puller pulls rickshaw to earn money and thus he ~~at~~ earns live lihood money. A rickshaw puller pulls rickshaw. He lives in a hut or slum. He eats his lunch from a small stall froom roadside. His demands are very few. He is very common figure in city or town. Sometimes, he carry goods in his rickshaw. He have no ricksha of his own, so, he hiris a rickshaw from its owner than daily basis. bases s. His demands are few. He cannot complet his and his families demand. If he became sick, his family gets im in trouble. In a busy city or town, rickshaw pullers causes made a cirious accident. Rickshaw pullers gets early in the morning and till late hours of night. We should be help the rickshaw pullers, and Rickshaw pullers are important in our life and we should be good behaves With them.","A rickshaw puller Plays an important roll in our communication sector earring pesengers from one place to another. An illitrate, unemployed and unskilled mans chos p ess rickshaw pulling as his proffesion. A rickshaw puller pulls rickshaw to earn money and thus he  earns live lihood money. A rickshaw puller pulls rickshaw. He lives in a hut or slum. He eats his lunch from a small stall froom roadside. His demands are very few. He is very common figure in city or town. Sometimes, he carry goods in his rickshaw. He have no ricksha of his own, so, he hiris a rickshaw from its owner than daily basis. bases s. His demands are few. He cannot complet his and his families demand. If he became sick, his family gets im in trouble. In a busy city or town, rickshaw pullers causes made a cirious accident. Rickshaw pullers gets early in the morning and till late hours of night. We should be help the rickshaw pullers, and Rickshaw pullers are important in our life and we should be good behaves With them.","A Rickshaw-Puller","12-14","ok","","0.9","0","0","0","1","0","0","False","False","","181","1004","","","","","0","","","gemma-4-31b-it","gemini","extraction_prompt_c6_v1","f172ab06cd2b8256703c24aac7a3e69688981e106974ba6a4975feb8e0e852b6","{""thinking_level"": ""medium"", ""max_output_tokens"": 32768}","2026-09-17T03:49:40.317048+00:00"
"DIALOG_015","SE_06_Q1","SE_06_Q1_0015","13","Dialogue","10","","","absent","You are Shahid and you have been suffering from fever along with some Covid-19 symptoms for a week. Now, you are at the chamber of a doctor. Write a dialogue between you and the doctor. (10)","","~~Shahid~~ {inserted: Myself}: May I come in, sir?
Doctor: Yes, please come.
~~Shahid~~ {inserted: Myself}: Thank you, sir.
Doctor: What is your name?
Myself: My name is shahid.
Doctor: What is your problem?
Myself: I am suffering from fever. I have a runny nose, a bad hedeach and pain all over my body.
Doctor: How many days you are favouring from?
Myself: About Seven days.
Doctor: You have to some Covid-19 symptoms. Please check your swab test.
Myself: What am I do now?
Doctor: Don't worry. Please take rest, drink waters.
Myself: waters I can give you the presciption.
Myself: Thank you, sir.
Doctor: Here is the presciption. Please met with me after Covid-19 swab test.
Myself: OK, sir."," Myself: May I come in, sir?
Doctor: Yes, please come.
 Myself: Thank you, sir.
Doctor: What is your name?
Myself: My name is shahid.
Doctor: What is your problem?
Myself: I am suffering from fever. I have a runny nose, a bad hedeach and pain all over my body.
Doctor: How many days you are favouring from?
Myself: About Seven days.
Doctor: You have to some Covid-19 symptoms. Please check your swab test.
Myself: What am I do now?
Doctor: Don't worry. Please take rest, drink waters.
Myself: waters I can give you the presciption.
Myself: Thank you, sir.
Doctor: Here is the presciption. Please met with me after Covid-19 swab test.
Myself: OK, sir.","","15-17","ok","","1.0","0","0","0","2","2","0","False","False","","115","650","","","","","0","","","gemma-4-31b-it","gemini","extraction_prompt_c6_v1","f172ab06cd2b8256703c24aac7a3e69688981e106974ba6a4975feb8e0e852b6","{""thinking_level"": ""medium"", ""max_output_tokens"": 32768}","2026-09-17T03:49:40.317048+00:00"
"MCQ_016","SE_06_Q1","SE_06_Q1_0016","1","MCQ","7","","","absent","Read the text and answer question 1: Choose the best answer from the alternatives. (1 x 7 = 7)
a. On the 16th of December of the same year, the 26 March declaration of independence became a reality. Here the meaning of the word reality is — i. experience  ii. certainty  iii. virtuality  iv. actuality
b. To every Bangladeshi the 16th December is a day of — i. self analysis  ii. sorrows and sufferings  iii. self questioning  iv. pride and joy
c. We pay our deep respect to the martyrs who gave their lives for the independence of Bangladesh. Here respect means — i. neglect  ii. honour  iii. favour  iv. dignity
d. We, the Bangalees celebrate our Victory Day by remembering the roles played by our fearless freedom fighters and the people at large. Which of the following words has a similar meaning of fearless? i. curious  ii. courageous  iii. fearful  iv. rebillion
e. This is why December 16 is our Victory Day when the Pakistan army surrendered unconditionally. What does surrendered mean here? i. defended  ii. submitted  iii. captured  iv. with stood
f. To build up our nation as a prosperous country we have to work — i. individually  ii. separately  iii. independently  iv. unitedly
g. 1971 is the year of our — i. Liberation War  ii. Independence  iii. Victory day  iv. all of i, ii & iii

READING PASSAGE (questions 1 and 2):
December 16 is a remarkable day for Bangladeshi people. On this day in 1971. Bangladesh got independence after a nine-month-long blood-soaked battle against the Pakistani army. It is a day of national pride as well as a day of commemorating the sacrifices of the millions of Bangladeshi people. Pakistani army killed three million people and assaulted thousands of women.
The Victory Day is celebrated with great enthusiasm across the country. The day begins with a 31-gun salute at dawn, followed by the hoisting of the national flag at government buildings and private institutions. Different political, cultural and educational programmes are organised to pay homage to the martyrs of the war. The entire nation celebrates the day with colourful flags, banners and parades.
The National Parade ground hosts a grand military parade where the president, the prime minister and dignitaries from government and non-government sectors join, The National Martyrs Memorial in Savar, our monument dedicated to the soldiers and civilians who lost their lives during the war, becomes a focal point for citizens to pay their respect. People from all walks of life gather to offer flowers, recite patriotic songs, and recall the sacrifices made by the nation's heroes.

ANSWER KEY (1 mark per item, no part marks):
a. iv. actuality
b. iv. pride and joy
c. ii. honour
d. ii. courageous
e. ii. submitted
f. iv. unitedly
g. iv. all of i, ii & iii

Accept the option written as the roman numeral alone (“iv”), as the option text alone (“actuality”), or as both. Misspelling a correctly chosen option does NOT cost the mark.

MARKING NOTE: this question is ITEM-SCORED. Mark each lettered item against the key and put the SUM of the item marks in context_content_data, leaving structure_format_brevity, language_mechanics and originality_comparisons_paraphrase at 0. Nothing is awarded or deducted for handwriting, style, or spelling beyond what the key requires. An item the student did not attempt scores 0 for that item only. No structural cap is ever applied to an item-scored question.","","a. iv. aetuality
b. iv. pride and joy
c. ii. honour
d. iii. Fearful
e. i. defonded
f. iii. independently
g. iv. all of
h. iii. and now","a. iv. aetuality
b. iv. pride and joy
c. ii. honour
d. iii. Fearful
e. i. defonded
f. iii. independently
g. iv. all of
h. iii. and now","","1","ok","","0.9","0","0","0","0","0","0","False","False","","28","134","","","","","0","","","gemma-4-31b-it","gemini","extraction_prompt_c6_v1","f172ab06cd2b8256703c24aac7a3e69688981e106974ba6a4975feb8e0e852b6","{""thinking_level"": ""medium"", ""max_output_tokens"": 32768}","2026-09-17T03:49:02.785300+00:00"
"SHORT_016","SE_06_Q1","SE_06_Q1_0016","2","Short_Answer","5","","","absent","Write short answers to the following questions. (1 x 5 = 5)
a. What happened during the war in 1971?
b. How do people celebrate Victory Day?
c. Why is the National Martyrs’ Memorial important?
d. What do people sing at the National Martyrs’ Memorial?
e. What does the 31-gun salute represent on Victory Day?

READING PASSAGE (questions 1 and 2):
December 16 is a remarkable day for Bangladeshi people. On this day in 1971. Bangladesh got independence after a nine-month-long blood-soaked battle against the Pakistani army. It is a day of national pride as well as a day of commemorating the sacrifices of the millions of Bangladeshi people. Pakistani army killed three million people and assaulted thousands of women.
The Victory Day is celebrated with great enthusiasm across the country. The day begins with a 31-gun salute at dawn, followed by the hoisting of the national flag at government buildings and private institutions. Different political, cultural and educational programmes are organised to pay homage to the martyrs of the war. The entire nation celebrates the day with colourful flags, banners and parades.
The National Parade ground hosts a grand military parade where the president, the prime minister and dignitaries from government and non-government sectors join, The National Martyrs Memorial in Savar, our monument dedicated to the soldiers and civilians who lost their lives during the war, becomes a focal point for citizens to pay their respect. People from all walks of life gather to offer flowers, recite patriotic songs, and recall the sacrifices made by the nation's heroes.

ANSWER KEY — indicative content, 1 mark per item (whole mark or nothing; there are no half marks on this question):
a. Bangladesh fought a nine-month-long battle against the Pakistani army, who killed three million people and assaulted thousands of women; the country won independence on 16 December 1971.
b. With a 31-gun salute at dawn, hoisting of the national flag, political, cultural and educational programmes, and parades with colourful flags and banners.
c. It is the monument dedicated to the soldiers and civilians who lost their lives during the war, and it becomes the focal point where citizens pay their respect.
d. Patriotic songs.
e. It marks the start of Victory Day at dawn and honours the martyrs and the nation's victory.

Wording need not match the key — award the mark for any answer carrying the same content, in the student's own words or lifted from the passage. Award 0 for a wrong, off-question or omitted answer.

MARKING NOTE: this question is ITEM-SCORED. Mark each lettered item against the key and put the SUM of the item marks in context_content_data, leaving structure_format_brevity, language_mechanics and originality_comparisons_paraphrase at 0. Nothing is awarded or deducted for handwriting, style, or spelling beyond what the key requires. An item the student did not attempt scores 0 for that item only. No structural cap is ever applied to an item-scored question.","","a. The war in 1971 during after a nine month long blood-soaked batll agnee against the patise army.
b. The victory day is celebrated with great enthusiasm across the country
c. the National parade ground hosts a grand military parade where the presidnt, the prime minister and dignitaryies.
d. The National Martyrs Nemora l is seven can monument dedicated to the soldiers and civilians who loset their lives during the war.
e. The day begins with a 31- gun satute at down, followed by the hosinting of the national flag at govement buildings and Private instifutations","a. The war in 1971 during after a nine month long blood-soaked batll agnee against the patise army.
b. The victory day is celebrated with great enthusiasm across the country
c. the National parade ground hosts a grand military parade where the presidnt, the prime minister and dignitaryies.
d. The National Martyrs Nemora l is seven can monument dedicated to the soldiers and civilians who loset their lives during the war.
e. The day begins with a 31- gun satute at down, followed by the hosinting of the national flag at govement buildings and Private instifutations","","5-14","ok","","0.8","0","0","0","0","0","0","False","False","","95","568","","","","","0","","","gemma-4-31b-it","gemini","extraction_prompt_c6_v1","f172ab06cd2b8256703c24aac7a3e69688981e106974ba6a4975feb8e0e852b6","{""thinking_level"": ""medium"", ""max_output_tokens"": 32768}","2026-09-17T03:49:02.785300+00:00"
"GAP_016","SE_06_Q1","SE_06_Q1_0016","3","Gap_Fill","5","","","absent","Read the text and answer question 3: Complete the passage with suitable words. (1 x 5 = 5)
After finding the box Rajendra and Ravi (a) — about valuable stones. Then they (b) — to Jaipur. After showing the papers to the museum people, Uncle Santosh (c) — to know that the papers were valuable. He (d) — the papers to the museum for ten thousand rupees. Later, (e) — the news, the boy were happy.

READING PASSAGE (questions 3 and 4):
That night Ravi dreamt about gold coins and jewels. The next morning they packed everything into the jeep and went back to Jaipur, Uncle Santosh went to the museum to show his friend the papers. When he came back, he told the boys, ""Those papers were very valuable. The museum people bought them for ten thousand rupees."" The boys were delighted. When Ravi met his father and mother once again, he told them about his adventures and gave them Rs 50,000. Rajendra and Ravi never forgot the kind owl who helped them to find the old box.

ANSWER KEY (1 mark per gap). No clue words are supplied, so ANY word that fits the sentence grammatically and agrees with the passage is correct:
a. dreamt / dreamed / talked / thought
b. went back / returned / came back
c. was surprised / was glad / was happy / came
d. sold
e. hearing / on hearing / after hearing / getting

A word that fits the sense but is misspelled still earns the mark. A word of the wrong part of speech, or one that contradicts the passage, does not.

MARKING NOTE: this question is ITEM-SCORED. Mark each lettered item against the key and put the SUM of the item marks in context_content_data, leaving structure_format_brevity, language_mechanics and originality_comparisons_paraphrase at 0. Nothing is awarded or deducted for handwriting, style, or spelling beyond what the key requires. An item the student did not attempt scores 0 for that item only. No structural cap is ever applied to an item-scored question.","","a) dreamt
b) went back
c) went
d) brought
e) kernx","a) dreamt
b) went back
c) went
d) brought
e) kernx","","2","ok","","0.9","0","0","0","0","0","0","False","False","","11","50","","","","","0","","","gemma-4-31b-it","gemini","extraction_prompt_c6_v1","f172ab06cd2b8256703c24aac7a3e69688981e106974ba6a4975feb8e0e852b6","{""thinking_level"": ""medium"", ""max_output_tokens"": 32768}","2026-09-17T03:49:02.785300+00:00"
"VOCAB_016","SE_06_Q1","SE_06_Q1_0016","4","Vocabulary","5","","","absent","Read the passage carefully and replace the following words with their suitable synonyms or antonyms. (1 x 5 = 5)
(a) Went back (antonym), (b) Museum (synonym), (c) Friend (synonym), (d) Show (antonym), (e) Bought (synonym)

READING PASSAGE (questions 3 and 4):
That night Ravi dreamt about gold coins and jewels. The next morning they packed everything into the jeep and went back to Jaipur, Uncle Santosh went to the museum to show his friend the papers. When he came back, he told the boys, ""Those papers were very valuable. The museum people bought them for ten thousand rupees."" The boys were delighted. When Ravi met his father and mother once again, he told them about his adventures and gave them Rs 50,000. Rajendra and Ravi never forgot the kind owl who helped them to find the old box.

ANSWER KEY (1 mark per item). Any correct word of the required relation is acceptable; the words below are indicative, not exhaustive:
a. Went back (Antonym): came / went forward / advanced / set out / left
b. Museum (Synonym): gallery / archive / repository / exhibition hall
c. Friend (Synonym): companion / mate / comrade / ally / pal
d. Show (Antonym): hide / conceal / cover
e. Bought (Synonym): purchased

Giving a synonym where an antonym was asked (or the reverse) scores 0 for that item. A correct word that is misspelled still earns the mark.

MARKING NOTE: this question is ITEM-SCORED. Mark each lettered item against the key and put the SUM of the item marks in context_content_data, leaving structure_format_brevity, language_mechanics and originality_comparisons_paraphrase at 0. Nothing is awarded or deducted for handwriting, style, or spelling beyond what the key requires. An item the student did not attempt scores 0 for that item only. No structural cap is ever applied to an item-scored question.","","a. went back | X | went get out
b. Museum | thinek hall | x
c. Friend | close friend | x
d. show | x | fast
e. Bought | buy | x","a. went back | X | went get out
b. Museum | thinek hall | x
c. Friend | close friend | x
d. show | x | fast
e. Bought | buy | x","","2","ok","","0.9","0","0","0","0","0","0","False","False","","25","127","","","","","0","","","gemma-4-31b-it","gemini","extraction_prompt_c6_v1","f172ab06cd2b8256703c24aac7a3e69688981e106974ba6a4975feb8e0e852b6","{""thinking_level"": ""medium"", ""max_output_tokens"": 32768}","2026-09-17T03:49:02.785300+00:00"
"TABLE_016","SE_06_Q1","SE_06_Q1_0016","5","Table_Completion","5","","","absent","Read the text and answer question 5: Complete the table with information from the passage. (1 x 5 = 5)
| Topic | Information from the passage |
| a. Class Raju reads in | (i) |
| b. Subjects he did well in | (ii) |
| c. Marks he got in those subjects | (iii) |
| d. Subjects he did poorly in | (iv) |
| e. Marks he got in weak subjects | (v) |

READING PASSAGE (questions 5, 6 and 7):
Raju is a student of class six. Last week, his school held class tests in several subjects. Raju worked very hard to do well. He got 8 in Bangla, 9 in English, and 10 in Mathematics out of 10. His teachers praised him for his good marks. However, he could not do well in ICT, Science, and Religion, getting only 6 marks in each.
Raju felt a little sad about his low marks but promised to study harder next time. His father told him not to lose hope. His mother advised him to read ICT and Science regularly. Raju made a plan to give more time to those subjects. He was happy that he did very well in Bangla, English, and Math. Raju believes that with more practice, he can improve all his subjects.

ANSWER KEY (1 mark per blank):
i. Class six
ii. Bangla, English and Mathematics
iii. 8 in Bangla, 9 in English and 10 in Mathematics (out of 10)
iv. ICT, Science and Religion
v. 6 marks in each

This question asks for information lifted from the passage, so copying the passage's wording is CORRECT here and must not be penalised. A partial but unambiguous answer (e.g. naming all three subjects in ii) earns the mark; an answer that names only some of the required items does not.

MARKING NOTE: this question is ITEM-SCORED. Mark each lettered item against the key and put the SUM of the item marks in context_content_data, leaving structure_format_brevity, language_mechanics and originality_comparisons_paraphrase at 0. Nothing is awarded or deducted for handwriting, style, or spelling beyond what the key requires. An item the student did not attempt scores 0 for that item only. No structural cap is ever applied to an item-scored question.","","a) class six.
b) I c T , Seience and Religion.
c) He got 8 in Bangla 9 in English and 10 in Mathe maties out of 10.
iv) I c T , science and Religion.
v) more pradeteee and im proyeall - this subjeets.","a) class six.
b) I c T , Seience and Religion.
c) He got 8 in Bangla 9 in English and 10 in Mathe maties out of 10.
iv) I c T , science and Religion.
v) more pradeteee and im proyeall - this subjeets.","","3","ok","","0.9","0","0","0","0","0","0","False","False","","38","200","","","","","0","","","gemma-4-31b-it","gemini","extraction_prompt_c6_v1","f172ab06cd2b8256703c24aac7a3e69688981e106974ba6a4975feb8e0e852b6","{""thinking_level"": ""medium"", ""max_output_tokens"": 32768}","2026-09-17T03:49:02.785300+00:00"
"TF_016","SE_06_Q1","SE_06_Q1_0016","6","True_False","5","","","absent","Read the statements below. Write ‘True’ if the statement is correct and ‘False’ if it is incorrect. If false, write the correct answer. (1 x 5 = 5)
a. Raju thinks he cannot improve his weak subjects.
b. He got 6 marks out of 10 in Mathematics.
c. Raju got full marks in Mathematics.
d. Raju plans to work lesser next time.
e. His father scolded him for low marks.

READING PASSAGE (questions 5, 6 and 7):
Raju is a student of class six. Last week, his school held class tests in several subjects. Raju worked very hard to do well. He got 8 in Bangla, 9 in English, and 10 in Mathematics out of 10. His teachers praised him for his good marks. However, he could not do well in ICT, Science, and Religion, getting only 6 marks in each.
Raju felt a little sad about his low marks but promised to study harder next time. His father told him not to lose hope. His mother advised him to read ICT and Science regularly. Raju made a plan to give more time to those subjects. He was happy that he did very well in Bangla, English, and Math. Raju believes that with more practice, he can improve all his subjects.

ANSWER KEY (1 mark per item):
a. False — Raju believes that with more practice he can improve all his subjects.
b. False — he got 10 out of 10 in Mathematics; 6 was his mark in ICT, Science and Religion.
c. True
d. False — he promised to study harder and planned to give more time to his weak subjects.
e. False — his father told him not to lose hope.

A ‘False’ verdict with NO correction, or with a wrong correction, scores 0 for that item — the question requires both. The correction need not match the key's wording; any correction carrying the right fact is accepted.

MARKING NOTE: this question is ITEM-SCORED. Mark each lettered item against the key and put the SUM of the item marks in context_content_data, leaving structure_format_brevity, language_mechanics and originality_comparisons_paraphrase at 0. Nothing is awarded or deducted for handwriting, style, or spelling beyond what the key requires. An item the student did not attempt scores 0 for that item only. No structural cap is ever applied to an item-scored question.","","a) False (Raja believes that with more praetice he can im prove at his subject)
b) False (He got 10 in Mathematics out of 10)
c) True
d) False (Raja made d plan to give morce time to those subjects)
e) False (His father told him not to lose hope)","a) False (Raja believes that with more praetice he can im prove at his subject)
b) False (He got 10 in Mathematics out of 10)
c) True
d) False (Raja made d plan to give morce time to those subjects)
e) False (His father told him not to lose hope)","","4","ok","","0.9","0","0","0","0","0","0","False","False","","48","246","","","","","0","","","gemma-4-31b-it","gemini","extraction_prompt_c6_v1","f172ab06cd2b8256703c24aac7a3e69688981e106974ba6a4975feb8e0e852b6","{""thinking_level"": ""medium"", ""max_output_tokens"": 32768}","2026-09-17T03:49:02.785300+00:00"
"SUMMARY_016","SE_06_Q1","SE_06_Q1_0016","7","Summary","5","","","absent","Write a summary of the passage in your own words. (5)

TEXT TO BE SUMMARIZED (questions 5, 6 and 7):
Raju is a student of class six. Last week, his school held class tests in several subjects. Raju worked very hard to do well. He got 8 in Bangla, 9 in English, and 10 in Mathematics out of 10. His teachers praised him for his good marks. However, he could not do well in ICT, Science, and Religion, getting only 6 marks in each.
Raju felt a little sad about his low marks but promised to study harder next time. His father told him not to lose hope. His mother advised him to read ICT and Science regularly. Raju made a plan to give more time to those subjects. He was happy that he did very well in Bangla, English, and Math. Raju believes that with more practice, he can improve all his subjects.","Raju is a student of class six. Last week, his school held class tests in several subjects. Raju worked very hard to do well. He got 8 in Bangla, 9 in English, and 10 in Mathematics out of 10. His teachers praised him for his good marks. However, he could not do well in ICT, Science, and Religion, getting only 6 marks in each.
Raju felt a little sad about his low marks but promised to study harder next time. His father told him not to lose hope. His mother advised him to read ICT and Science regularly. Raju made a plan to give more time to those subjects. He was happy that he did very well in Bangla, English, and Math. Raju believes that with more practice, he can improve all his subjects.","Raja is a student of class six. Last week, held some class tests out of 10 marks. He got 8 in gangla, 9 in English, and 10 in Mathematics. out of I c T , Seience, and Religion getting only 6 marks in each. He was happy that he did very well in Bangla , English , and Math. Raju thinkeing will do batten in future.","Raja is a student of class six. Last week, held some class tests out of 10 marks. He got 8 in gangla, 9 in English, and 10 in Mathematics. out of I c T , Seience, and Religion getting only 6 marks in each. He was happy that he did very well in Bangla , English , and Math. Raju thinkeing will do batten in future.","","5","ok","","0.9","0","0","0","0","0","0","False","False","","58","313","129","0.4496","True","0.619","0","","","gemma-4-31b-it","gemini","extraction_prompt_c6_v1","f172ab06cd2b8256703c24aac7a3e69688981e106974ba6a4975feb8e0e852b6","{""thinking_level"": ""medium"", ""max_output_tokens"": 32768}","2026-09-17T03:49:02.785300+00:00"
"PREP_016","SE_06_Q1","SE_06_Q1_0016","8","Preposition_Use","5","","","absent","Use these prepositions in sentences of your own. (1 x 5 = 5)
a. bottom of, b. top of, c. through, d. along, e. across

ANSWER KEY (1 mark per item). There is no fixed answer: the student composes their own sentence for each preposition. Award the mark when the sentence (1) actually contains the given preposition, (2) uses it in a sense that is correct English, and (3) is a complete, intelligible sentence.

Model sentences, for reference only — a student sentence need not resemble them:
a. bottom of: The old box lay at the bottom of the river.
b. top of: A small flag was fixed on the top of the hill.
c. through: We walked through the forest before sunset.
d. along: They strolled along the river bank in the evening.
e. across: A wooden bridge runs across the canal.

Award 0 for an item where the preposition is missing, is used in a way that is not English (e.g. “He is bottom of happy”), or where nothing resembling a sentence was written. A minor spelling or article slip does NOT cost the mark — the item tests the preposition, not general accuracy.

MARKING NOTE: this question is ITEM-SCORED. Mark each lettered item against the key and put the SUM of the item marks in context_content_data, leaving structure_format_brevity, language_mechanics and originality_comparisons_paraphrase at 0. Nothing is awarded or deducted for handwriting, style, or spelling beyond what the key requires. An item the student did not attempt scores 0 for that item only. No structural cap is ever applied to an item-scored question.","","a) bottom of: The fish is bottom of in the Pond.
b) top of: The book is top of the table.
c) through: The but through in the tue tunnal.
d) along: we walk along the ro
e) across: we walk across the River.","a) bottom of: The fish is bottom of in the Pond.
b) top of: The book is top of the table.
c) through: The but through in the tue tunnal.
d) along: we walk along the ro
e) across: we walk across the River.","","6","ok","","0.9","0","0","0","0","0","0","False","False","","44","204","","","","","0","","","gemma-4-31b-it","gemini","extraction_prompt_c6_v1","f172ab06cd2b8256703c24aac7a3e69688981e106974ba6a4975feb8e0e852b6","{""thinking_level"": ""medium"", ""max_output_tokens"": 32768}","2026-09-17T03:49:02.785300+00:00"
"REARR_016","SE_06_Q1","SE_06_Q1_0016","9","Rearrange","8","","","absent","Put the following parts of the story in the correct order to make the whole story. Only the corresponding numbers of the sentences need to be written. (1 x 8 = 8)
a. She asked Bayazid to give her a glass of water, but he could not find any water in the pitcher.
b. Once Hazrat Bayazid Bustami came home to see his ailing mother.
c. But she again fell asleep.
d. So, he went to the well quite far from their house.
e. She woke up some hours later.
f. He filled the pitcher, came back and went to his mother with a glass of water.
g. As he was still standing by her bed, his mother drank the glass of water and blessed him from the core of heart.
h. He, instead of waking her up, stood by her bed with the glass of water in his hand.

ANSWER KEY — correct order (8 positions, 1 mark each):
1. b  (Once Hazrat Bayazid Bustami came home to see his ailing mother.)
2. a  (She asked Bayazid to give her a glass of water, but he could not find any water in the pitcher.)
3. d  (So, he went to the well quite far from their house.)
4. f  (He filled the pitcher, came back and went to his mother with a glass of water.)
5. c  (But she again fell asleep.)
6. h  (He, instead of waking her up, stood by her bed with the glass of water in his hand.)
7. e  (She woke up some hours later.)
8. g  (As he was still standing by her bed, his mother drank the glass of water and blessed him from the core of heart.)

Award 1 mark for each sentence the student places in its correct POSITION in the sequence above — a position-by-position comparison: b in slot 1 earns a mark, b anywhere else does not. The student may give the letters, the full sentences, or both; mark the order either way, and do not penalise copying slips inside the sentences.

MARKING NOTE: this question is ITEM-SCORED. Mark each lettered item against the key and put the SUM of the item marks in context_content_data, leaving structure_format_brevity, language_mechanics and originality_comparisons_paraphrase at 0. Nothing is awarded or deducted for handwriting, style, or spelling beyond what the key requires. An item the student did not attempt scores 0 for that item only. No structural cap is ever applied to an item-scored question.","","1. b
2. a
3. d
4. f
5. e
6. h
7. e
8. g","1. b
2. a
3. d
4. f
5. e
6. h
7. e
8. g","","7","ok","","0.9","0","0","0","0","0","0","False","False","","8","39","","","","","0","","","gemma-4-31b-it","gemini","extraction_prompt_c6_v1","f172ab06cd2b8256703c24aac7a3e69688981e106974ba6a4975feb8e0e852b6","{""thinking_level"": ""medium"", ""max_output_tokens"": 32768}","2026-09-17T03:49:02.785300+00:00"
"POEM_016","SE_06_Q1","SE_06_Q1_0016","10","Poem_Short_Answer","10","","","absent","Answer any five of the following questions from the poems in your text book. (2 x 5 = 10)
a. What does Robin say about autumn?
b. How is Robin a happy bird?
c. How is Robin a hopeful bird?
d. What reason does Robin give for singing during the winter?
e. What does Robin teach us in the poem?
f. Why does the playmate come only on a rainy day?
g. Why does the boy think the playmate lives in another land?
h. What does the Moon come there to do?

ANSWER KEY — INDICATIVE ONLY, 2 marks per answer. The poem texts are not supplied with this paper, so the notes below describe the expected substance rather than fixed wording. Items a–e concern the poem about Robin, a bird who goes on singing as autumn turns to winter; items f–h concern the poem about a boy and an imagined playmate who visits on rainy days.
a. That autumn is passing and the cold season is coming — leaves fall and the bright days are ending.
b. He sings cheerfully whatever the season, finding joy in small things rather than complaining of the cold.
c. He keeps singing through the bleak season because he trusts that spring and better days will return.
d. He sings in winter to keep up his own and others' spirits, and because he believes the hard season will pass.
e. To stay cheerful and hopeful in hard times instead of giving way to gloom.
f. Because the rain keeps the boy indoors and alone, so that is when he longs for and imagines his playmate.
g. Because the playmate is never seen among the people he knows and appears only in his imagination, so the boy supposes he must come from some distant, unknown land.
h. It comes to look in on the child and keep him company — to shine on him and share the night with him.

BECAUSE THE KEY IS INDICATIVE, mark generously on substance: award 2 for an answer that is clearly about the right poem and carries a sensible reading consistent with these notes, 1 for a partly relevant or very thin answer, and 0 for an answer about the wrong poem, one that merely repeats the question, or one left blank.

ANY FIVE answers count, and only five are marked: if the student answers more than five, mark the FIRST five attempted and ignore the rest; if fewer than five, the unanswered ones score 0. Put the sum of the five item marks (0–10) in context_content_data and leave the other three criteria at 0.","","a Ans: Robin sags about autumn fre
b Ans: Robin is a happy bird. Robin sing song nicely.
f Ans: Yes. The playmate come only on a rainy day.
h Ans: The Moon comes every night.
e Ans: Robin a hopefat bird.","a Ans: Robin sags about autumn fre
b Ans: Robin is a happy bird. Robin sing song nicely.
f Ans: Yes. The playmate come only on a rainy day.
h Ans: The Moon comes every night.
e Ans: Robin a hopefat bird.","","15-16","ok","","0.9","0","0","0","0","0","0","False","False","","42","203","","","","","0","","","gemma-4-31b-it","gemini","extraction_prompt_c6_v1","f172ab06cd2b8256703c24aac7a3e69688981e106974ba6a4975feb8e0e852b6","{""thinking_level"": ""medium"", ""max_output_tokens"": 32768}","2026-09-17T03:49:02.785300+00:00"
"STORY_016","SE_06_Q1","SE_06_Q1_0016","11","Story","10","","","absent","Part-B : Writing. Read the opening of a story below and complete it in at least ten new sentences. Give a suitable title to it. (10)
Once upon a time two friends went on a journey. They had to go through a forest on the way. As they came through the wood, they saw a bear approaching…………","","A Rickshaw puller is a fimilar figer in a city or town in our Country. The unisclilled , unemployed man of our country chouses rickhaw pulling. A riekshaw puller cring pasanger on Plase to from anather fing . Sometimes rickshaw Paller cring some goods. A rieksaw puller hard working in a day. A rieksaw puller earn thee a lettle money. He has no rickshaw for his {inserted: own} one. so, he hare a rickhaw on daily to his riek rieskaw malick hand to mouth. He ~~love~~ save money. He fell sick but dont rast take rast. His family do sick he doesnx take madisin or see doctor. A achully aa riekshaw pull live is panfal.

Title: A Friend in need a friend ineed
Once upon a time two friend's went on a journey. They had to go through a forest on the was. As they come through the wood, theg saw a bear approdeching, one Friend elimp up a tree. The other finding no other dy away. He pretendet to be died. The bear come his body. The bear smiles of his body and the bear went to the forest. After that the other friend elimd down the tree. The other Friend questions to friend The Bear whose pine to say to your hear the bear give me a grate simt what is this? tall He tale me ""A Friend in need is a Friend ineed""","A Rickshaw puller is a fimilar figer in a city or town in our Country. The unisclilled , unemployed man of our country chouses rickhaw pulling. A riekshaw puller cring pasanger on Plase to from anather fing . Sometimes rickshaw Paller cring some goods. A rieksaw puller hard working in a day. A rieksaw puller earn thee a lettle money. He has no rickshaw for his own one. so, he hare a rickhaw on daily to his riek rieskaw malick hand to mouth. He  save money. He fell sick but dont rast take rast. His family do sick he doesnx take madisin or see doctor. A achully aa riekshaw pull live is panfal.

Title: A Friend in need a friend ineed
Once upon a time two friend's went on a journey. They had to go through a forest on the was. As they come through the wood, theg saw a bear approdeching, one Friend elimp up a tree. The other finding no other dy away. He pretendet to be died. The bear come his body. The bear smiles of his body and the bear went to the forest. After that the other friend elimd down the tree. The other Friend questions to friend The Bear whose pine to say to your hear the bear give me a grate simt what is this? tall He tale me ""A Friend in need is a Friend ineed""","A Rickshaw-Puller","7-12","ok","","0.8","0","0","0","1","1","0","False","False","","232","1189","","","","","1","","","gemma-4-31b-it","gemini","extraction_prompt_c6_v1","f172ab06cd2b8256703c24aac7a3e69688981e106974ba6a4975feb8e0e852b6","{""thinking_level"": ""medium"", ""max_output_tokens"": 32768}","2026-09-17T03:49:02.785300+00:00"
"PARA_016","SE_06_Q1","SE_06_Q1_0016","12","Paragraph","10","","","absent","Write a paragraph in 120 words. ""A Rickshaw-Puller"" (10)","","","","","","not_attempted","question not found in transcript (verified absent)","","","","","","","","","","","0","0","","","","","","","","gemma-4-31b-it","gemini","extraction_prompt_c6_v1","f172ab06cd2b8256703c24aac7a3e69688981e106974ba6a4975feb8e0e852b6","{""thinking_level"": ""medium"", ""max_output_tokens"": 32768}","2026-09-17T03:49:02.785300+00:00"
"DIALOG_016","SE_06_Q1","SE_06_Q1_0016","13","Dialogue","10","","","absent","You are Shahid and you have been suffering from fever along with some Covid-19 symptoms for a week. Now, you are at the chamber of a doctor. Write a dialogue between you and the doctor. (10)","","Shahid : Hello! Doector.
Doctor : Hello! shahid
shahid : Good morning. Doector.
Doctor : Good morning, What is your name?
shahid : My name is shahid.
Doctor : How ary years old?
shahid : 19 years old.
Doetor : what is your prodlems?
shahid : I have been suffering from fever along with the headaches for a week.
Doctor : Please go covid- 19 tests as early as possible.
Shahid : After that, you give to some medisiens.
Doctor : Of Yes! of corse I write the medisiens of you prieription.
shahid : You do some eals or exer.
Doctor : Take the medisiens regul take froats, vegetables, and wather and rice protines did.
shahid : Ok!
Doctor : You see to me two week latter.
shahid : Good buy Buy.!
Doctor : Bug!","Shahid : Hello! Doector.
Doctor : Hello! shahid
shahid : Good morning. Doector.
Doctor : Good morning, What is your name?
shahid : My name is shahid.
Doctor : How ary years old?
shahid : 19 years old.
Doetor : what is your prodlems?
shahid : I have been suffering from fever along with the headaches for a week.
Doctor : Please go covid- 19 tests as early as possible.
Shahid : After that, you give to some medisiens.
Doctor : Of Yes! of corse I write the medisiens of you prieription.
shahid : You do some eals or exer.
Doctor : Take the medisiens regul take froats, vegetables, and wather and rice protines did.
shahid : Ok!
Doctor : You see to me two week latter.
shahid : Good buy Buy.!
Doctor : Bug!","","9-10","ok","","0.9","0","0","0","0","0","0","False","False","","115","704","","","","","0","","","gemma-4-31b-it","gemini","extraction_prompt_c6_v1","f172ab06cd2b8256703c24aac7a3e69688981e106974ba6a4975feb8e0e852b6","{""thinking_level"": ""medium"", ""max_output_tokens"": 32768}","2026-09-17T03:49:02.785300+00:00"
"MCQ_017","SE_06_Q1","SE_06_Q1_0017","1","MCQ","7","","","absent","Read the text and answer question 1: Choose the best answer from the alternatives. (1 x 7 = 7)
a. On the 16th of December of the same year, the 26 March declaration of independence became a reality. Here the meaning of the word reality is — i. experience  ii. certainty  iii. virtuality  iv. actuality
b. To every Bangladeshi the 16th December is a day of — i. self analysis  ii. sorrows and sufferings  iii. self questioning  iv. pride and joy
c. We pay our deep respect to the martyrs who gave their lives for the independence of Bangladesh. Here respect means — i. neglect  ii. honour  iii. favour  iv. dignity
d. We, the Bangalees celebrate our Victory Day by remembering the roles played by our fearless freedom fighters and the people at large. Which of the following words has a similar meaning of fearless? i. curious  ii. courageous  iii. fearful  iv. rebillion
e. This is why December 16 is our Victory Day when the Pakistan army surrendered unconditionally. What does surrendered mean here? i. defended  ii. submitted  iii. captured  iv. with stood
f. To build up our nation as a prosperous country we have to work — i. individually  ii. separately  iii. independently  iv. unitedly
g. 1971 is the year of our — i. Liberation War  ii. Independence  iii. Victory day  iv. all of i, ii & iii

READING PASSAGE (questions 1 and 2):
December 16 is a remarkable day for Bangladeshi people. On this day in 1971. Bangladesh got independence after a nine-month-long blood-soaked battle against the Pakistani army. It is a day of national pride as well as a day of commemorating the sacrifices of the millions of Bangladeshi people. Pakistani army killed three million people and assaulted thousands of women.
The Victory Day is celebrated with great enthusiasm across the country. The day begins with a 31-gun salute at dawn, followed by the hoisting of the national flag at government buildings and private institutions. Different political, cultural and educational programmes are organised to pay homage to the martyrs of the war. The entire nation celebrates the day with colourful flags, banners and parades.
The National Parade ground hosts a grand military parade where the president, the prime minister and dignitaries from government and non-government sectors join, The National Martyrs Memorial in Savar, our monument dedicated to the soldiers and civilians who lost their lives during the war, becomes a focal point for citizens to pay their respect. People from all walks of life gather to offer flowers, recite patriotic songs, and recall the sacrifices made by the nation's heroes.

ANSWER KEY (1 mark per item, no part marks):
a. iv. actuality
b. iv. pride and joy
c. ii. honour
d. ii. courageous
e. ii. submitted
f. iv. unitedly
g. iv. all of i, ii & iii

Accept the option written as the roman numeral alone (“iv”), as the option text alone (“actuality”), or as both. Misspelling a correctly chosen option does NOT cost the mark.

MARKING NOTE: this question is ITEM-SCORED. Mark each lettered item against the key and put the SUM of the item marks in context_content_data, leaving structure_format_brevity, language_mechanics and originality_comparisons_paraphrase at 0. Nothing is awarded or deducted for handwriting, style, or spelling beyond what the key requires. An item the student did not attempt scores 0 for that item only. No structural cap is ever applied to an item-scored question.","","a. ii. certainly
b. iv. pride and joy
c. ii. honour
d. i. curious
e. ii. submitted
f. iv. unitedly
g. iv. all of i, ii & iii.","a. ii. certainly
b. iv. pride and joy
c. ii. honour
d. i. curious
e. ii. submitted
f. iv. unitedly
g. iv. all of i, ii & iii.","","1","ok","","0.95","0","0","0","0","0","0","False","False","","27","125","","","","","0","","","gemma-4-31b-it","gemini","extraction_prompt_c6_v1","f172ab06cd2b8256703c24aac7a3e69688981e106974ba6a4975feb8e0e852b6","{""thinking_level"": ""medium"", ""max_output_tokens"": 32768}","2026-09-17T03:51:19.591842+00:00"
"SHORT_017","SE_06_Q1","SE_06_Q1_0017","2","Short_Answer","5","","","absent","Write short answers to the following questions. (1 x 5 = 5)
a. What happened during the war in 1971?
b. How do people celebrate Victory Day?
c. Why is the National Martyrs’ Memorial important?
d. What do people sing at the National Martyrs’ Memorial?
e. What does the 31-gun salute represent on Victory Day?

READING PASSAGE (questions 1 and 2):
December 16 is a remarkable day for Bangladeshi people. On this day in 1971. Bangladesh got independence after a nine-month-long blood-soaked battle against the Pakistani army. It is a day of national pride as well as a day of commemorating the sacrifices of the millions of Bangladeshi people. Pakistani army killed three million people and assaulted thousands of women.
The Victory Day is celebrated with great enthusiasm across the country. The day begins with a 31-gun salute at dawn, followed by the hoisting of the national flag at government buildings and private institutions. Different political, cultural and educational programmes are organised to pay homage to the martyrs of the war. The entire nation celebrates the day with colourful flags, banners and parades.
The National Parade ground hosts a grand military parade where the president, the prime minister and dignitaries from government and non-government sectors join, The National Martyrs Memorial in Savar, our monument dedicated to the soldiers and civilians who lost their lives during the war, becomes a focal point for citizens to pay their respect. People from all walks of life gather to offer flowers, recite patriotic songs, and recall the sacrifices made by the nation's heroes.

ANSWER KEY — indicative content, 1 mark per item (whole mark or nothing; there are no half marks on this question):
a. Bangladesh fought a nine-month-long battle against the Pakistani army, who killed three million people and assaulted thousands of women; the country won independence on 16 December 1971.
b. With a 31-gun salute at dawn, hoisting of the national flag, political, cultural and educational programmes, and parades with colourful flags and banners.
c. It is the monument dedicated to the soldiers and civilians who lost their lives during the war, and it becomes the focal point where citizens pay their respect.
d. Patriotic songs.
e. It marks the start of Victory Day at dawn and honours the martyrs and the nation's victory.

Wording need not match the key — award the mark for any answer carrying the same content, in the student's own words or lifted from the passage. Award 0 for a wrong, off-question or omitted answer.

MARKING NOTE: this question is ITEM-SCORED. Mark each lettered item against the key and put the SUM of the item marks in context_content_data, leaving structure_format_brevity, language_mechanics and originality_comparisons_paraphrase at 0. Nothing is awarded or deducted for handwriting, style, or spelling beyond what the key requires. An item the student did not attempt scores 0 for that item only. No structural cap is ever applied to an item-scored question.","","a. During 1971, millions of people ~~get~~ {inserted: were} killed by and thousands of women were assaulted by the Pakistani army.
b. People celebrate Victory Day with great enthusiasm across the country.
c. The National Martyrs' Memorial is very important. Because it is the day when our monument ~~deic~~ dedicated to the soldiers and civilians who lost their lives during the war.
d. People sing recite patriotic songs at the National Martyrs' Memorial.
e. {inserted: The} 31-gun salute at dawn followed by the hoisting of the national ~~fa~~ flag at government buildings and private institutions on Victory Day.","a. During 1971, millions of people  were killed by and thousands of women were assaulted by the Pakistani army.
b. People celebrate Victory Day with great enthusiasm across the country.
c. The National Martyrs' Memorial is very important. Because it is the day when our monument  dedicated to the soldiers and civilians who lost their lives during the war.
d. People sing recite patriotic songs at the National Martyrs' Memorial.
e. The 31-gun salute at dawn followed by the hoisting of the national  flag at government buildings and private institutions on Victory Day.","","1-2","ok","","0.95","0","0","0","3","2","0","False","False","","92","570","","","","","0","","","gemma-4-31b-it","gemini","extraction_prompt_c6_v1","f172ab06cd2b8256703c24aac7a3e69688981e106974ba6a4975feb8e0e852b6","{""thinking_level"": ""medium"", ""max_output_tokens"": 32768}","2026-09-17T03:51:19.591842+00:00"
"GAP_017","SE_06_Q1","SE_06_Q1_0017","3","Gap_Fill","5","","","absent","Read the text and answer question 3: Complete the passage with suitable words. (1 x 5 = 5)
After finding the box Rajendra and Ravi (a) — about valuable stones. Then they (b) — to Jaipur. After showing the papers to the museum people, Uncle Santosh (c) — to know that the papers were valuable. He (d) — the papers to the museum for ten thousand rupees. Later, (e) — the news, the boy were happy.

READING PASSAGE (questions 3 and 4):
That night Ravi dreamt about gold coins and jewels. The next morning they packed everything into the jeep and went back to Jaipur, Uncle Santosh went to the museum to show his friend the papers. When he came back, he told the boys, ""Those papers were very valuable. The museum people bought them for ten thousand rupees."" The boys were delighted. When Ravi met his father and mother once again, he told them about his adventures and gave them Rs 50,000. Rajendra and Ravi never forgot the kind owl who helped them to find the old box.

ANSWER KEY (1 mark per gap). No clue words are supplied, so ANY word that fits the sentence grammatically and agrees with the passage is correct:
a. dreamt / dreamed / talked / thought
b. went back / returned / came back
c. was surprised / was glad / was happy / came
d. sold
e. hearing / on hearing / after hearing / getting

A word that fits the sense but is misspelled still earns the mark. A word of the wrong part of speech, or one that contradicts the passage, does not.

MARKING NOTE: this question is ITEM-SCORED. Mark each lettered item against the key and put the SUM of the item marks in context_content_data, leaving structure_format_brevity, language_mechanics and originality_comparisons_paraphrase at 0. Nothing is awarded or deducted for handwriting, style, or spelling beyond what the key requires. An item the student did not attempt scores 0 for that item only. No structural cap is ever applied to an item-scored question.","","(a) ~~found~~ {inserted: thought}
(b) went
(c) just
(d) sold
(e) after","(a)  thought
(b) went
(c) just
(d) sold
(e) after","","2","ok","","0.95","0","0","0","1","1","0","False","False","","10","49","","","","","0","","","gemma-4-31b-it","gemini","extraction_prompt_c6_v1","f172ab06cd2b8256703c24aac7a3e69688981e106974ba6a4975feb8e0e852b6","{""thinking_level"": ""medium"", ""max_output_tokens"": 32768}","2026-09-17T03:51:19.591842+00:00"
"VOCAB_017","SE_06_Q1","SE_06_Q1_0017","4","Vocabulary","5","","","absent","Read the passage carefully and replace the following words with their suitable synonyms or antonyms. (1 x 5 = 5)
(a) Went back (antonym), (b) Museum (synonym), (c) Friend (synonym), (d) Show (antonym), (e) Bought (synonym)

READING PASSAGE (questions 3 and 4):
That night Ravi dreamt about gold coins and jewels. The next morning they packed everything into the jeep and went back to Jaipur, Uncle Santosh went to the museum to show his friend the papers. When he came back, he told the boys, ""Those papers were very valuable. The museum people bought them for ten thousand rupees."" The boys were delighted. When Ravi met his father and mother once again, he told them about his adventures and gave them Rs 50,000. Rajendra and Ravi never forgot the kind owl who helped them to find the old box.

ANSWER KEY (1 mark per item). Any correct word of the required relation is acceptable; the words below are indicative, not exhaustive:
a. Went back (Antonym): came / went forward / advanced / set out / left
b. Museum (Synonym): gallery / archive / repository / exhibition hall
c. Friend (Synonym): companion / mate / comrade / ally / pal
d. Show (Antonym): hide / conceal / cover
e. Bought (Synonym): purchased

Giving a synonym where an antonym was asked (or the reverse) scores 0 for that item. A correct word that is misspelled still earns the mark.

MARKING NOTE: this question is ITEM-SCORED. Mark each lettered item against the key and put the SUM of the item marks in context_content_data, leaving structure_format_brevity, language_mechanics and originality_comparisons_paraphrase at 0. Nothing is awarded or deducted for handwriting, style, or spelling beyond what the key requires. An item the student did not attempt scores 0 for that item only. No structural cap is ever applied to an item-scored question.","","a. went back | x | came back
b. Museum | Historical place | x
c. Friend | classmate | x
d. Show | x | hide
e. Bought | ~~owe~~ owned | x","a. went back | x | came back
b. Museum | Historical place | x
c. Friend | classmate | x
d. Show | x | hide
e. Bought |  owned | x","","3","ok","","0.95","0","0","0","1","0","0","False","False","","23","129","","","","","0","","","gemma-4-31b-it","gemini","extraction_prompt_c6_v1","f172ab06cd2b8256703c24aac7a3e69688981e106974ba6a4975feb8e0e852b6","{""thinking_level"": ""medium"", ""max_output_tokens"": 32768}","2026-09-17T03:51:19.591842+00:00"
"TABLE_017","SE_06_Q1","SE_06_Q1_0017","5","Table_Completion","5","","","absent","Read the text and answer question 5: Complete the table with information from the passage. (1 x 5 = 5)
| Topic | Information from the passage |
| a. Class Raju reads in | (i) |
| b. Subjects he did well in | (ii) |
| c. Marks he got in those subjects | (iii) |
| d. Subjects he did poorly in | (iv) |
| e. Marks he got in weak subjects | (v) |

READING PASSAGE (questions 5, 6 and 7):
Raju is a student of class six. Last week, his school held class tests in several subjects. Raju worked very hard to do well. He got 8 in Bangla, 9 in English, and 10 in Mathematics out of 10. His teachers praised him for his good marks. However, he could not do well in ICT, Science, and Religion, getting only 6 marks in each.
Raju felt a little sad about his low marks but promised to study harder next time. His father told him not to lose hope. His mother advised him to read ICT and Science regularly. Raju made a plan to give more time to those subjects. He was happy that he did very well in Bangla, English, and Math. Raju believes that with more practice, he can improve all his subjects.

ANSWER KEY (1 mark per blank):
i. Class six
ii. Bangla, English and Mathematics
iii. 8 in Bangla, 9 in English and 10 in Mathematics (out of 10)
iv. ICT, Science and Religion
v. 6 marks in each

This question asks for information lifted from the passage, so copying the passage's wording is CORRECT here and must not be penalised. A partial but unambiguous answer (e.g. naming all three subjects in ii) earns the mark; an answer that names only some of the required items does not.

MARKING NOTE: this question is ITEM-SCORED. Mark each lettered item against the key and put the SUM of the item marks in context_content_data, leaving structure_format_brevity, language_mechanics and originality_comparisons_paraphrase at 0. Nothing is awarded or deducted for handwriting, style, or spelling beyond what the key requires. An item the student did not attempt scores 0 for that item only. No structural cap is ever applied to an item-scored question.","","a. (i) class 6
b. (ii) Bangla, English, Mathematics
c. (iii) 8, 9, 10 marks
d. (iv) ICT, Science, Religion
e. (v) {inserted: marks} 6 in each","a. (i) class 6
b. (ii) Bangla, English, Mathematics
c. (iii) 8, 9, 10 marks
d. (iv) ICT, Science, Religion
e. (v) marks 6 in each","","3","ok","","0.95","0","0","0","0","1","0","False","False","","21","129","","","","","0","","","gemma-4-31b-it","gemini","extraction_prompt_c6_v1","f172ab06cd2b8256703c24aac7a3e69688981e106974ba6a4975feb8e0e852b6","{""thinking_level"": ""medium"", ""max_output_tokens"": 32768}","2026-09-17T03:51:19.591842+00:00"
"TF_017","SE_06_Q1","SE_06_Q1_0017","6","True_False","5","","","absent","Read the statements below. Write ‘True’ if the statement is correct and ‘False’ if it is incorrect. If false, write the correct answer. (1 x 5 = 5)
a. Raju thinks he cannot improve his weak subjects.
b. He got 6 marks out of 10 in Mathematics.
c. Raju got full marks in Mathematics.
d. Raju plans to work lesser next time.
e. His father scolded him for low marks.

READING PASSAGE (questions 5, 6 and 7):
Raju is a student of class six. Last week, his school held class tests in several subjects. Raju worked very hard to do well. He got 8 in Bangla, 9 in English, and 10 in Mathematics out of 10. His teachers praised him for his good marks. However, he could not do well in ICT, Science, and Religion, getting only 6 marks in each.
Raju felt a little sad about his low marks but promised to study harder next time. His father told him not to lose hope. His mother advised him to read ICT and Science regularly. Raju made a plan to give more time to those subjects. He was happy that he did very well in Bangla, English, and Math. Raju believes that with more practice, he can improve all his subjects.

ANSWER KEY (1 mark per item):
a. False — Raju believes that with more practice he can improve all his subjects.
b. False — he got 10 out of 10 in Mathematics; 6 was his mark in ICT, Science and Religion.
c. True
d. False — he promised to study harder and planned to give more time to his weak subjects.
e. False — his father told him not to lose hope.

A ‘False’ verdict with NO correction, or with a wrong correction, scores 0 for that item — the question requires both. The correction need not match the key's wording; any correction carrying the right fact is accepted.

MARKING NOTE: this question is ITEM-SCORED. Mark each lettered item against the key and put the SUM of the item marks in context_content_data, leaving structure_format_brevity, language_mechanics and originality_comparisons_paraphrase at 0. Nothing is awarded or deducted for handwriting, style, or spelling beyond what the key requires. An item the student did not attempt scores 0 for that item only. No structural cap is ever applied to an item-scored question.","","a. False. Raju believers that he can improve all his subjects.
b. False. He got {inserted: marks} 10 out 10 in Mathematics.
c. True
d. False. Raju plans to give more {inserted: work} time next time.
e. False. His father told him to not lose hope.","a. False. Raju believers that he can improve all his subjects.
b. False. He got marks 10 out 10 in Mathematics.
c. True
d. False. Raju plans to give more work time next time.
e. False. His father told him to not lose hope.","","4","ok","","0.95","0","0","0","0","2","0","False","False","","42","222","","","","","0","","","gemma-4-31b-it","gemini","extraction_prompt_c6_v1","f172ab06cd2b8256703c24aac7a3e69688981e106974ba6a4975feb8e0e852b6","{""thinking_level"": ""medium"", ""max_output_tokens"": 32768}","2026-09-17T03:51:19.591842+00:00"
"SUMMARY_017","SE_06_Q1","SE_06_Q1_0017","7","Summary","5","","","absent","Write a summary of the passage in your own words. (5)

TEXT TO BE SUMMARIZED (questions 5, 6 and 7):
Raju is a student of class six. Last week, his school held class tests in several subjects. Raju worked very hard to do well. He got 8 in Bangla, 9 in English, and 10 in Mathematics out of 10. His teachers praised him for his good marks. However, he could not do well in ICT, Science, and Religion, getting only 6 marks in each.
Raju felt a little sad about his low marks but promised to study harder next time. His father told him not to lose hope. His mother advised him to read ICT and Science regularly. Raju made a plan to give more time to those subjects. He was happy that he did very well in Bangla, English, and Math. Raju believes that with more practice, he can improve all his subjects.","Raju is a student of class six. Last week, his school held class tests in several subjects. Raju worked very hard to do well. He got 8 in Bangla, 9 in English, and 10 in Mathematics out of 10. His teachers praised him for his good marks. However, he could not do well in ICT, Science, and Religion, getting only 6 marks in each.
Raju felt a little sad about his low marks but promised to study harder next time. His father told him not to lose hope. His mother advised him to read ICT and Science regularly. Raju made a plan to give more time to those subjects. He was happy that he did very well in Bangla, English, and Math. Raju believes that with more practice, he can improve all his subjects.","Raju is a student of class six. He did well in Bangla, English and Mathematics in his test. But he ~~d~~ {inserted: didn't do well in} got poor marks in ICT, science and Religion by getting 6 marks in each. His parents advised him to be more attendtive. He ~~belives~~ {inserted: believes} that with more pratice, he ~~will~~ {inserted: can} surely improve himself.","Raju is a student of class six. He did well in Bangla, English and Mathematics in his test. But he  didn't do well in got poor marks in ICT, science and Religion by getting 6 marks in each. His parents advised him to be more attendtive. He  believes that with more pratice, he  can surely improve himself.","","4","ok","","0.95","0","0","0","3","3","0","False","False","","56","305","129","0.4341","True","0.1228","0","","","gemma-4-31b-it","gemini","extraction_prompt_c6_v1","f172ab06cd2b8256703c24aac7a3e69688981e106974ba6a4975feb8e0e852b6","{""thinking_level"": ""medium"", ""max_output_tokens"": 32768}","2026-09-17T03:51:19.591842+00:00"
"PREP_017","SE_06_Q1","SE_06_Q1_0017","8","Preposition_Use","5","","","absent","Use these prepositions in sentences of your own. (1 x 5 = 5)
a. bottom of, b. top of, c. through, d. along, e. across

ANSWER KEY (1 mark per item). There is no fixed answer: the student composes their own sentence for each preposition. Award the mark when the sentence (1) actually contains the given preposition, (2) uses it in a sense that is correct English, and (3) is a complete, intelligible sentence.

Model sentences, for reference only — a student sentence need not resemble them:
a. bottom of: The old box lay at the bottom of the river.
b. top of: A small flag was fixed on the top of the hill.
c. through: We walked through the forest before sunset.
d. along: They strolled along the river bank in the evening.
e. across: A wooden bridge runs across the canal.

Award 0 for an item where the preposition is missing, is used in a way that is not English (e.g. “He is bottom of happy”), or where nothing resembling a sentence was written. A minor spelling or article slip does NOT cost the mark — the item tests the preposition, not general accuracy.

MARKING NOTE: this question is ITEM-SCORED. Mark each lettered item against the key and put the SUM of the item marks in context_content_data, leaving structure_format_brevity, language_mechanics and originality_comparisons_paraphrase at 0. Nothing is awarded or deducted for handwriting, style, or spelling beyond what the key requires. An item the student did not attempt scores 0 for that item only. No structural cap is ever applied to an item-scored question.","","a. Bottom of : The pickle jar was at the bottom of the fridge.
b. Top of : The books were at the top of the shelf.
c. Through : There was a river through the forest.
d. Along : ~~There~~ was a pencil along the pens.
e. ~~Across~~ {inserted: Across} : There is a village across the river.","a. Bottom of : The pickle jar was at the bottom of the fridge.
b. Top of : The books were at the top of the shelf.
c. Through : There was a river through the forest.
d. Along :  was a pencil along the pens.
e.  Across : There is a village across the river.","","5","ok","","0.95","0","0","0","2","1","0","False","False","","51","256","","","","","0","","","gemma-4-31b-it","gemini","extraction_prompt_c6_v1","f172ab06cd2b8256703c24aac7a3e69688981e106974ba6a4975feb8e0e852b6","{""thinking_level"": ""medium"", ""max_output_tokens"": 32768}","2026-09-17T03:51:19.591842+00:00"
"REARR_017","SE_06_Q1","SE_06_Q1_0017","9","Rearrange","8","","","absent","Put the following parts of the story in the correct order to make the whole story. Only the corresponding numbers of the sentences need to be written. (1 x 8 = 8)
a. She asked Bayazid to give her a glass of water, but he could not find any water in the pitcher.
b. Once Hazrat Bayazid Bustami came home to see his ailing mother.
c. But she again fell asleep.
d. So, he went to the well quite far from their house.
e. She woke up some hours later.
f. He filled the pitcher, came back and went to his mother with a glass of water.
g. As he was still standing by her bed, his mother drank the glass of water and blessed him from the core of heart.
h. He, instead of waking her up, stood by her bed with the glass of water in his hand.

ANSWER KEY — correct order (8 positions, 1 mark each):
1. b  (Once Hazrat Bayazid Bustami came home to see his ailing mother.)
2. a  (She asked Bayazid to give her a glass of water, but he could not find any water in the pitcher.)
3. d  (So, he went to the well quite far from their house.)
4. f  (He filled the pitcher, came back and went to his mother with a glass of water.)
5. c  (But she again fell asleep.)
6. h  (He, instead of waking her up, stood by her bed with the glass of water in his hand.)
7. e  (She woke up some hours later.)
8. g  (As he was still standing by her bed, his mother drank the glass of water and blessed him from the core of heart.)

Award 1 mark for each sentence the student places in its correct POSITION in the sequence above — a position-by-position comparison: b in slot 1 earns a mark, b anywhere else does not. The student may give the letters, the full sentences, or both; mark the order either way, and do not penalise copying slips inside the sentences.

MARKING NOTE: this question is ITEM-SCORED. Mark each lettered item against the key and put the SUM of the item marks in context_content_data, leaving structure_format_brevity, language_mechanics and originality_comparisons_paraphrase at 0. Nothing is awarded or deducted for handwriting, style, or spelling beyond what the key requires. An item the student did not attempt scores 0 for that item only. No structural cap is ever applied to an item-scored question.","","1. b
2. a
3. d
4. f
5. c
6. h
7. e
8. g","1. b
2. a
3. d
4. f
5. c
6. h
7. e
8. g","","5","ok","","1.0","0","0","0","0","0","0","False","False","","8","39","","","","","0","","","gemma-4-31b-it","gemini","extraction_prompt_c6_v1","f172ab06cd2b8256703c24aac7a3e69688981e106974ba6a4975feb8e0e852b6","{""thinking_level"": ""medium"", ""max_output_tokens"": 32768}","2026-09-17T03:51:19.591842+00:00"
"POEM_017","SE_06_Q1","SE_06_Q1_0017","10","Poem_Short_Answer","10","","","absent","Answer any five of the following questions from the poems in your text book. (2 x 5 = 10)
a. What does Robin say about autumn?
b. How is Robin a happy bird?
c. How is Robin a hopeful bird?
d. What reason does Robin give for singing during the winter?
e. What does Robin teach us in the poem?
f. Why does the playmate come only on a rainy day?
g. Why does the boy think the playmate lives in another land?
h. What does the Moon come there to do?

ANSWER KEY — INDICATIVE ONLY, 2 marks per answer. The poem texts are not supplied with this paper, so the notes below describe the expected substance rather than fixed wording. Items a–e concern the poem about Robin, a bird who goes on singing as autumn turns to winter; items f–h concern the poem about a boy and an imagined playmate who visits on rainy days.
a. That autumn is passing and the cold season is coming — leaves fall and the bright days are ending.
b. He sings cheerfully whatever the season, finding joy in small things rather than complaining of the cold.
c. He keeps singing through the bleak season because he trusts that spring and better days will return.
d. He sings in winter to keep up his own and others' spirits, and because he believes the hard season will pass.
e. To stay cheerful and hopeful in hard times instead of giving way to gloom.
f. Because the rain keeps the boy indoors and alone, so that is when he longs for and imagines his playmate.
g. Because the playmate is never seen among the people he knows and appears only in his imagination, so the boy supposes he must come from some distant, unknown land.
h. It comes to look in on the child and keep him company — to shine on him and share the night with him.

BECAUSE THE KEY IS INDICATIVE, mark generously on substance: award 2 for an answer that is clearly about the right poem and carries a sensible reading consistent with these notes, 1 for a partly relevant or very thin answer, and 0 for an answer about the wrong poem, one that merely repeats the question, or one left blank.

ANY FIVE answers count, and only five are marked: if the student answers more than five, mark the FIRST five attempted and ignore the rest; if fewer than five, the unanswered ones score 0. Put the sum of the five item marks (0–10) in context_content_data and leave the other three criteria at 0.","","a. Robin says 'about autumn that there ~~is~~ {inserted: are} fruits for everyone. Let ~~all~~ {inserted: them} give praise.
b. Robin is a happy bird because he is not upset ~~abot~~ {inserted: about} sorrow or sad things. it enjoys everything he has. That's why Robin is a happy bird.
c. Robin is a hopeful bird because he always hopes for good. He enjoys what he has in life. He has no complain about life.
d. The reason Robin gives for singing during the winter is that {inserted: if} we should take our sorrows lightly, ~~or otherwise,~~ it will not pass quickly and seen ~~too long~~ the sorrows will pass quickly and joy will come soon.
e. Robin teaches us that we should take our sorrows lightly. otherwise, it will not pass quickly and seem longer. We should remember that joy will come soon after sorrow.","a. Robin says 'about autumn that there  are fruits for everyone. Let  them give praise.
b. Robin is a happy bird because he is not upset  about sorrow or sad things. it enjoys everything he has. That's why Robin is a happy bird.
c. Robin is a hopeful bird because he always hopes for good. He enjoys what he has in life. He has no complain about life.
d. The reason Robin gives for singing during the winter is that if we should take our sorrows lightly,  it will not pass quickly and seen  the sorrows will pass quickly and joy will come soon.
e. Robin teaches us that we should take our sorrows lightly. otherwise, it will not pass quickly and seem longer. We should remember that joy will come soon after sorrow.","","6-7","ok","","0.9","0","0","0","5","4","0","False","False","","134","715","","","","","0","","","gemma-4-31b-it","gemini","extraction_prompt_c6_v1","f172ab06cd2b8256703c24aac7a3e69688981e106974ba6a4975feb8e0e852b6","{""thinking_level"": ""medium"", ""max_output_tokens"": 32768}","2026-09-17T03:51:19.591842+00:00"
"STORY_017","SE_06_Q1","SE_06_Q1_0017","11","Story","10","","","absent","Part-B : Writing. Read the opening of a story below and complete it in at least ten new sentences. Give a suitable title to it. (10)
Once upon a time two friends went on a journey. They had to go through a forest on the way. As they came through the wood, they saw a bear approaching…………","","Once ~~u~~ {inserted: upon} upon a time two friends went on a journey. They had to go through a forest on the way. As they came through the wood, they saw a bear approaching. They both got frightend. suddenly, one of them climbed up a tree, other one finding no other way, ~~Taying~~ {inserted: laying} fo flat on the {inserted: ground} without breathing. As the bear came, it put its head down and smelt his body. As he was ~~flo~~ {inserted: laying} flat on the ground without breathing, the bear thought he was dead. so it left him alone and went away. Seeing the bear going away, the other ~~other~~ friend climbed down the tree and asked him, 'what ~~do~~ {inserted: did the bear} whisper into your ear?' Then he replied, 'it gave me a piece of good advice.' 'What's that?' His friend asked.

Then he ~~tells~~ {inserted: told} his friend ~~at~~ {inserted: ab} that the bear said, 'Don't trust a friend who leaves you alone in danger.' From the ~~lore~~ of this story, we can realise that we ~~shouldt~~ {inserted: shouldn't} trust someone who leaves us alone in danger. A friend in need is a friend indeed.","Once  upon upon a time two friends went on a journey. They had to go through a forest on the way. As they came through the wood, they saw a bear approaching. They both got frightend. suddenly, one of them climbed up a tree, other one finding no other way,  laying fo flat on the ground without breathing. As the bear came, it put its head down and smelt his body. As he was  laying flat on the ground without breathing, the bear thought he was dead. so it left him alone and went away. Seeing the bear going away, the other  friend climbed down the tree and asked him, 'what  did the bear whisper into your ear?' Then he replied, 'it gave me a piece of good advice.' 'What's that?' His friend asked.

Then he  told his friend  ab that the bear said, 'Don't trust a friend who leaves you alone in danger.' From the  of this story, we can realise that we  shouldn't trust someone who leaves us alone in danger. A friend in need is a friend indeed.","A Friend In Need Is A Friend Indeed","7-8","ok","","0.95","0","0","0","9","8","0","False","False","","185","945","","","","","1","","","gemma-4-31b-it","gemini","extraction_prompt_c6_v1","f172ab06cd2b8256703c24aac7a3e69688981e106974ba6a4975feb8e0e852b6","{""thinking_level"": ""medium"", ""max_output_tokens"": 32768}","2026-09-17T03:51:19.591842+00:00"
"PARA_017","SE_06_Q1","SE_06_Q1_0017","12","Paragraph","10","","","absent","Write a paragraph in 120 words. ""A Rickshaw-Puller"" (10)","","A Rickshaw - Puller

A rickshaw puller plays an imporant role in our ~~communitycity~~ {inserted: community} and ~~societ~~ {inserted: society}. An unskilled and ~~umplo em~~ unemployed man chooses rickshaw pulling as his ~~proffession~~ {inserted: profession}. He ~~carries people~~ pulls rickshaw to earn money. He carries people on his rickshaw one place to another. Sometimes, he also carries goods in his rickshaw. A rickshaw puller has no rickshaw of his own, So he borrows a rickshaw from its ~~own~~ {inserted: owner} and ~~continues~~ {inserted: keeps} his work earns ~~his bread for~~ the himself and his family. A rickshaw puller works both in good and bad weather. Despite, working very hard, he earns a little. ~~Somttr~~ sometimes he and ~~ha~~ {inserted: his} family have to starve. He can't afford education, ~~medine~~ {inserted: medicines} or proper ~~shelth~~ {inserted: Shelter}. He lives in a slam area or a cheap rental room. He buys food from the cheap street food stalls. He ~~can't~~ afford medicines or see a doctor. so whenever he is sick, he and his family fall in trouble. so that we should show due respect to that man. Our govt. should offer him a small loan on easy term so he can buy a rickshaw of his own. Our govts should also offer him traffic rules, education and proper shelter so he can ~~buid~~ {inserted: build} a {inserted: and a better} decent life.","A Rickshaw - Puller

A rickshaw puller plays an imporant role in our  community and  society. An unskilled and  unemployed man chooses rickshaw pulling as his  profession. He  pulls rickshaw to earn money. He carries people on his rickshaw one place to another. Sometimes, he also carries goods in his rickshaw. A rickshaw puller has no rickshaw of his own, So he borrows a rickshaw from its  owner and  keeps his work earns  the himself and his family. A rickshaw puller works both in good and bad weather. Despite, working very hard, he earns a little.  sometimes he and  his family have to starve. He can't afford education,  medicines or proper  Shelter. He lives in a slam area or a cheap rental room. He buys food from the cheap street food stalls. He  afford medicines or see a doctor. so whenever he is sick, he and his family fall in trouble. so that we should show due respect to that man. Our govt. should offer him a small loan on easy term so he can buy a rickshaw of his own. Our govts should also offer him traffic rules, education and proper shelter so he can  build a and a better decent life.","","11-12","ok","","0.95","0","0","0","14","10","0","False","False","","202","1110","","","","","1","","","gemma-4-31b-it","gemini","extraction_prompt_c6_v1","f172ab06cd2b8256703c24aac7a3e69688981e106974ba6a4975feb8e0e852b6","{""thinking_level"": ""medium"", ""max_output_tokens"": 32768}","2026-09-17T03:51:19.591842+00:00"
"DIALOG_017","SE_06_Q1","SE_06_Q1_0017","13","Dialogue","10","","","absent","You are Shahid and you have been suffering from fever along with some Covid-19 symptoms for a week. Now, you are at the chamber of a doctor. Write a dialogue between you and the doctor. (10)","","~~Dialogugu~~ {inserted: Dialogue}
Shahid : Good evening, sir
Doctor : Good evening. Please take a seat.
Shahid : Thank you, sir
Doctor : What's your name?
Shahid : Shahid.
Doctor : How old are you?
Shahid : 15.
Doctor : What's your problem?
Shahid : i have been suffering ~~for~~ {inserted: from} a fever. Besides, I have a ~~bonny~~ nose, a bad headache and pain all over my body. I feel tired and restless.
Doctor : How is your taste ?
Shahid : I have no taste . In fact, I don't feel like taking any food.
Doctor : Have you gone to any doctor earlier?
Shahid : No, this is the first time I have come to you.
Doctor : Have you taken any medicine?
Shahid : Oh, yes. I have taken paracetamol tablets from a ~~nearbh~~ {inserted: nearby} pharmacy of my house.
Doctor : You ~~some~~ {inserted: have} a few symptoms of covid-19.
Shahid : What do I do now?
Doctor : Nothing to worry about stay at home and rest properly and take medicines.
Shahid : Anything else?
Doctor : ~~Take~~ {inserted: Take} liquids, {inserted: eat} fruits and vegetables. Try to eat even If you are not hungry. Use your personal belongings.
Shahid
Jamal : Thank ok, sir.
Doctor : ~~Th~~ {inserted: Visit} soon with the reports of your covid-19 test, And hope you get well soon.
Shahid
Jamal : Thank you and Alright, I will visit soon with the reports.
Doctor : {inserted: I} hope you will be fine very soon."," Dialogue
Shahid : Good evening, sir
Doctor : Good evening. Please take a seat.
Shahid : Thank you, sir
Doctor : What's your name?
Shahid : Shahid.
Doctor : How old are you?
Shahid : 15.
Doctor : What's your problem?
Shahid : i have been suffering  from a fever. Besides, I have a  nose, a bad headache and pain all over my body. I feel tired and restless.
Doctor : How is your taste ?
Shahid : I have no taste . In fact, I don't feel like taking any food.
Doctor : Have you gone to any doctor earlier?
Shahid : No, this is the first time I have come to you.
Doctor : Have you taken any medicine?
Shahid : Oh, yes. I have taken paracetamol tablets from a  nearby pharmacy of my house.
Doctor : You  have a few symptoms of covid-19.
Shahid : What do I do now?
Doctor : Nothing to worry about stay at home and rest properly and take medicines.
Shahid : Anything else?
Doctor :  Take liquids, eat fruits and vegetables. Try to eat even If you are not hungry. Use your personal belongings.
Shahid
Jamal : Thank ok, sir.
Doctor :  Visit soon with the reports of your covid-19 test, And hope you get well soon.
Shahid
Jamal : Thank you and Alright, I will visit soon with the reports.
Doctor : I hope you will be fine very soon.","","8-10","ok","","0.95","0","0","0","7","8","0","False","False","","213","1222","","","","","0","","","gemma-4-31b-it","gemini","extraction_prompt_c6_v1","f172ab06cd2b8256703c24aac7a3e69688981e106974ba6a4975feb8e0e852b6","{""thinking_level"": ""medium"", ""max_output_tokens"": 32768}","2026-09-17T03:51:19.591842+00:00"
"MCQ_018","SE_06_Q1","SE_06_Q1_0018","1","MCQ","7","","","absent","Read the text and answer question 1: Choose the best answer from the alternatives. (1 x 7 = 7)
a. On the 16th of December of the same year, the 26 March declaration of independence became a reality. Here the meaning of the word reality is — i. experience  ii. certainty  iii. virtuality  iv. actuality
b. To every Bangladeshi the 16th December is a day of — i. self analysis  ii. sorrows and sufferings  iii. self questioning  iv. pride and joy
c. We pay our deep respect to the martyrs who gave their lives for the independence of Bangladesh. Here respect means — i. neglect  ii. honour  iii. favour  iv. dignity
d. We, the Bangalees celebrate our Victory Day by remembering the roles played by our fearless freedom fighters and the people at large. Which of the following words has a similar meaning of fearless? i. curious  ii. courageous  iii. fearful  iv. rebillion
e. This is why December 16 is our Victory Day when the Pakistan army surrendered unconditionally. What does surrendered mean here? i. defended  ii. submitted  iii. captured  iv. with stood
f. To build up our nation as a prosperous country we have to work — i. individually  ii. separately  iii. independently  iv. unitedly
g. 1971 is the year of our — i. Liberation War  ii. Independence  iii. Victory day  iv. all of i, ii & iii

READING PASSAGE (questions 1 and 2):
December 16 is a remarkable day for Bangladeshi people. On this day in 1971. Bangladesh got independence after a nine-month-long blood-soaked battle against the Pakistani army. It is a day of national pride as well as a day of commemorating the sacrifices of the millions of Bangladeshi people. Pakistani army killed three million people and assaulted thousands of women.
The Victory Day is celebrated with great enthusiasm across the country. The day begins with a 31-gun salute at dawn, followed by the hoisting of the national flag at government buildings and private institutions. Different political, cultural and educational programmes are organised to pay homage to the martyrs of the war. The entire nation celebrates the day with colourful flags, banners and parades.
The National Parade ground hosts a grand military parade where the president, the prime minister and dignitaries from government and non-government sectors join, The National Martyrs Memorial in Savar, our monument dedicated to the soldiers and civilians who lost their lives during the war, becomes a focal point for citizens to pay their respect. People from all walks of life gather to offer flowers, recite patriotic songs, and recall the sacrifices made by the nation's heroes.

ANSWER KEY (1 mark per item, no part marks):
a. iv. actuality
b. iv. pride and joy
c. ii. honour
d. ii. courageous
e. ii. submitted
f. iv. unitedly
g. iv. all of i, ii & iii

Accept the option written as the roman numeral alone (“iv”), as the option text alone (“actuality”), or as both. Misspelling a correctly chosen option does NOT cost the mark.

MARKING NOTE: this question is ITEM-SCORED. Mark each lettered item against the key and put the SUM of the item marks in context_content_data, leaving structure_format_brevity, language_mechanics and originality_comparisons_paraphrase at 0. Nothing is awarded or deducted for handwriting, style, or spelling beyond what the key requires. An item the student did not attempt scores 0 for that item only. No structural cap is ever applied to an item-scored question.","","a) iv. actuality
b) iv. pride and joy
c) i. neglect
d) ii. courageous
e) ii. submitted
f) iii. independently
g) iv. all of i, ii and iii.","a) iv. actuality
b) iv. pride and joy
c) i. neglect
d) ii. courageous
e) ii. submitted
f) iii. independently
g) iv. all of i, ii and iii.","","1","ok","","1.0","0","0","0","0","0","0","False","False","","28","137","","","","","0","","","gemma-4-31b-it","gemini","extraction_prompt_c6_v1","f172ab06cd2b8256703c24aac7a3e69688981e106974ba6a4975feb8e0e852b6","{""thinking_level"": ""medium"", ""max_output_tokens"": 32768}","2026-09-17T03:54:04.087933+00:00"
"SHORT_018","SE_06_Q1","SE_06_Q1_0018","2","Short_Answer","5","","","absent","Write short answers to the following questions. (1 x 5 = 5)
a. What happened during the war in 1971?
b. How do people celebrate Victory Day?
c. Why is the National Martyrs’ Memorial important?
d. What do people sing at the National Martyrs’ Memorial?
e. What does the 31-gun salute represent on Victory Day?

READING PASSAGE (questions 1 and 2):
December 16 is a remarkable day for Bangladeshi people. On this day in 1971. Bangladesh got independence after a nine-month-long blood-soaked battle against the Pakistani army. It is a day of national pride as well as a day of commemorating the sacrifices of the millions of Bangladeshi people. Pakistani army killed three million people and assaulted thousands of women.
The Victory Day is celebrated with great enthusiasm across the country. The day begins with a 31-gun salute at dawn, followed by the hoisting of the national flag at government buildings and private institutions. Different political, cultural and educational programmes are organised to pay homage to the martyrs of the war. The entire nation celebrates the day with colourful flags, banners and parades.
The National Parade ground hosts a grand military parade where the president, the prime minister and dignitaries from government and non-government sectors join, The National Martyrs Memorial in Savar, our monument dedicated to the soldiers and civilians who lost their lives during the war, becomes a focal point for citizens to pay their respect. People from all walks of life gather to offer flowers, recite patriotic songs, and recall the sacrifices made by the nation's heroes.

ANSWER KEY — indicative content, 1 mark per item (whole mark or nothing; there are no half marks on this question):
a. Bangladesh fought a nine-month-long battle against the Pakistani army, who killed three million people and assaulted thousands of women; the country won independence on 16 December 1971.
b. With a 31-gun salute at dawn, hoisting of the national flag, political, cultural and educational programmes, and parades with colourful flags and banners.
c. It is the monument dedicated to the soldiers and civilians who lost their lives during the war, and it becomes the focal point where citizens pay their respect.
d. Patriotic songs.
e. It marks the start of Victory Day at dawn and honours the martyrs and the nation's victory.

Wording need not match the key — award the mark for any answer carrying the same content, in the student's own words or lifted from the passage. Award 0 for a wrong, off-question or omitted answer.

MARKING NOTE: this question is ITEM-SCORED. Mark each lettered item against the key and put the SUM of the item marks in context_content_data, leaving structure_format_brevity, language_mechanics and originality_comparisons_paraphrase at 0. Nothing is awarded or deducted for handwriting, style, or spelling beyond what the key requires. An item the student did not attempt scores 0 for that item only. No structural cap is ever applied to an item-scored question.","","a) In 1971. the war during re markable day for Bangladeshi people.
b) people celebrate Victory Day, they pride and enjoy enthusiasm across the country.
c) the National Martyres Memorial is important for the Banglades victory day;
d) At the National Martyrs Memorial is ~~savan for~~ {inserted: four} that people sing song in the this day.
e) The 31-gun salute represent on Victory Day because the victory day celebrate with great enthusiasm across the contry.","a) In 1971. the war during re markable day for Bangladeshi people.
b) people celebrate Victory Day, they pride and enjoy enthusiasm across the country.
c) the National Martyres Memorial is important for the Banglades victory day;
d) At the National Martyrs Memorial is  four that people sing song in the this day.
e) The 31-gun salute represent on Victory Day because the victory day celebrate with great enthusiasm across the contry.","","1-2","ok","","0.9","0","0","0","1","1","0","False","False","","71","434","","","","","0","","","gemma-4-31b-it","gemini","extraction_prompt_c6_v1","f172ab06cd2b8256703c24aac7a3e69688981e106974ba6a4975feb8e0e852b6","{""thinking_level"": ""medium"", ""max_output_tokens"": 32768}","2026-09-17T03:54:04.087933+00:00"
"GAP_018","SE_06_Q1","SE_06_Q1_0018","3","Gap_Fill","5","","","absent","Read the text and answer question 3: Complete the passage with suitable words. (1 x 5 = 5)
After finding the box Rajendra and Ravi (a) — about valuable stones. Then they (b) — to Jaipur. After showing the papers to the museum people, Uncle Santosh (c) — to know that the papers were valuable. He (d) — the papers to the museum for ten thousand rupees. Later, (e) — the news, the boy were happy.

READING PASSAGE (questions 3 and 4):
That night Ravi dreamt about gold coins and jewels. The next morning they packed everything into the jeep and went back to Jaipur, Uncle Santosh went to the museum to show his friend the papers. When he came back, he told the boys, ""Those papers were very valuable. The museum people bought them for ten thousand rupees."" The boys were delighted. When Ravi met his father and mother once again, he told them about his adventures and gave them Rs 50,000. Rajendra and Ravi never forgot the kind owl who helped them to find the old box.

ANSWER KEY (1 mark per gap). No clue words are supplied, so ANY word that fits the sentence grammatically and agrees with the passage is correct:
a. dreamt / dreamed / talked / thought
b. went back / returned / came back
c. was surprised / was glad / was happy / came
d. sold
e. hearing / on hearing / after hearing / getting

A word that fits the sense but is misspelled still earns the mark. A word of the wrong part of speech, or one that contradicts the passage, does not.

MARKING NOTE: this question is ITEM-SCORED. Mark each lettered item against the key and put the SUM of the item marks in context_content_data, leaving structure_format_brevity, language_mechanics and originality_comparisons_paraphrase at 0. Nothing is awarded or deducted for handwriting, style, or spelling beyond what the key requires. An item the student did not attempt scores 0 for that item only. No structural cap is ever applied to an item-scored question.","","a) search
b) went
c) the boys
d) give
e) ~~here here~~ ofcourse","a) search
b) went
c) the boys
d) give
e)  ofcourse","","3","ok","","1.0","0","0","0","1","0","0","False","False","","11","50","","","","","0","","","gemma-4-31b-it","gemini","extraction_prompt_c6_v1","f172ab06cd2b8256703c24aac7a3e69688981e106974ba6a4975feb8e0e852b6","{""thinking_level"": ""medium"", ""max_output_tokens"": 32768}","2026-09-17T03:54:04.087933+00:00"
"VOCAB_018","SE_06_Q1","SE_06_Q1_0018","4","Vocabulary","5","","","absent","Read the passage carefully and replace the following words with their suitable synonyms or antonyms. (1 x 5 = 5)
(a) Went back (antonym), (b) Museum (synonym), (c) Friend (synonym), (d) Show (antonym), (e) Bought (synonym)

READING PASSAGE (questions 3 and 4):
That night Ravi dreamt about gold coins and jewels. The next morning they packed everything into the jeep and went back to Jaipur, Uncle Santosh went to the museum to show his friend the papers. When he came back, he told the boys, ""Those papers were very valuable. The museum people bought them for ten thousand rupees."" The boys were delighted. When Ravi met his father and mother once again, he told them about his adventures and gave them Rs 50,000. Rajendra and Ravi never forgot the kind owl who helped them to find the old box.

ANSWER KEY (1 mark per item). Any correct word of the required relation is acceptable; the words below are indicative, not exhaustive:
a. Went back (Antonym): came / went forward / advanced / set out / left
b. Museum (Synonym): gallery / archive / repository / exhibition hall
c. Friend (Synonym): companion / mate / comrade / ally / pal
d. Show (Antonym): hide / conceal / cover
e. Bought (Synonym): purchased

Giving a synonym where an antonym was asked (or the reverse) scores 0 for that item. A correct word that is misspelled still earns the mark.

MARKING NOTE: this question is ITEM-SCORED. Mark each lettered item against the key and put the SUM of the item marks in context_content_data, leaving structure_format_brevity, language_mechanics and originality_comparisons_paraphrase at 0. Nothing is awarded or deducted for handwriting, style, or spelling beyond what the key requires. An item the student did not attempt scores 0 for that item only. No structural cap is ever applied to an item-scored question.","","a) went back —. went go front
b) museum — House
c) Friend — stranger
d) show — blind
e) Bought — bag","a) went back —. went go front
b) museum — House
c) Friend — stranger
d) show — blind
e) Bought — bag","","3","ok","","1.0","0","0","0","0","0","0","False","False","","18","100","","","","","0","","","gemma-4-31b-it","gemini","extraction_prompt_c6_v1","f172ab06cd2b8256703c24aac7a3e69688981e106974ba6a4975feb8e0e852b6","{""thinking_level"": ""medium"", ""max_output_tokens"": 32768}","2026-09-17T03:54:04.087933+00:00"
"TABLE_018","SE_06_Q1","SE_06_Q1_0018","5","Table_Completion","5","","","absent","Read the text and answer question 5: Complete the table with information from the passage. (1 x 5 = 5)
| Topic | Information from the passage |
| a. Class Raju reads in | (i) |
| b. Subjects he did well in | (ii) |
| c. Marks he got in those subjects | (iii) |
| d. Subjects he did poorly in | (iv) |
| e. Marks he got in weak subjects | (v) |

READING PASSAGE (questions 5, 6 and 7):
Raju is a student of class six. Last week, his school held class tests in several subjects. Raju worked very hard to do well. He got 8 in Bangla, 9 in English, and 10 in Mathematics out of 10. His teachers praised him for his good marks. However, he could not do well in ICT, Science, and Religion, getting only 6 marks in each.
Raju felt a little sad about his low marks but promised to study harder next time. His father told him not to lose hope. His mother advised him to read ICT and Science regularly. Raju made a plan to give more time to those subjects. He was happy that he did very well in Bangla, English, and Math. Raju believes that with more practice, he can improve all his subjects.

ANSWER KEY (1 mark per blank):
i. Class six
ii. Bangla, English and Mathematics
iii. 8 in Bangla, 9 in English and 10 in Mathematics (out of 10)
iv. ICT, Science and Religion
v. 6 marks in each

This question asks for information lifted from the passage, so copying the passage's wording is CORRECT here and must not be penalised. A partial but unambiguous answer (e.g. naming all three subjects in ii) earns the mark; an answer that names only some of the required items does not.

MARKING NOTE: this question is ITEM-SCORED. Mark each lettered item against the key and put the SUM of the item marks in context_content_data, leaving structure_format_brevity, language_mechanics and originality_comparisons_paraphrase at 0. Nothing is awarded or deducted for handwriting, style, or spelling beyond what the key requires. An item the student did not attempt scores 0 for that item only. No structural cap is ever applied to an item-scored question.","","i) Raju reads in class six
ii) He did well in mathematics
iii) I c T, science and Religion those subjects he got only 6 markes.
iv) subjects he did poorly in Bangla, English and math.
i) Raju reads in class 6.
ii) He did well in Bangla, English, mat
iii) He has 8 in Bangla, 7 in English and 10 in mathematics.
iv) Subjects he did poorly in I c T, science and Religion.
v) he got 6 marks in I c T, Science and Religion.","i) Raju reads in class six
ii) He did well in mathematics
iii) I c T, science and Religion those subjects he got only 6 markes.
iv) subjects he did poorly in Bangla, English and math.
i) Raju reads in class 6.
ii) He did well in Bangla, English, mat
iii) He has 8 in Bangla, 7 in English and 10 in mathematics.
iv) Subjects he did poorly in I c T, science and Religion.
v) he got 6 marks in I c T, Science and Religion.","","4-5","ok","","1.0","0","0","0","0","0","0","False","False","","81","419","","","","","0","","","gemma-4-31b-it","gemini","extraction_prompt_c6_v1","f172ab06cd2b8256703c24aac7a3e69688981e106974ba6a4975feb8e0e852b6","{""thinking_level"": ""medium"", ""max_output_tokens"": 32768}","2026-09-17T03:54:04.087933+00:00"
"TF_018","SE_06_Q1","SE_06_Q1_0018","6","True_False","5","","","absent","Read the statements below. Write ‘True’ if the statement is correct and ‘False’ if it is incorrect. If false, write the correct answer. (1 x 5 = 5)
a. Raju thinks he cannot improve his weak subjects.
b. He got 6 marks out of 10 in Mathematics.
c. Raju got full marks in Mathematics.
d. Raju plans to work lesser next time.
e. His father scolded him for low marks.

READING PASSAGE (questions 5, 6 and 7):
Raju is a student of class six. Last week, his school held class tests in several subjects. Raju worked very hard to do well. He got 8 in Bangla, 9 in English, and 10 in Mathematics out of 10. His teachers praised him for his good marks. However, he could not do well in ICT, Science, and Religion, getting only 6 marks in each.
Raju felt a little sad about his low marks but promised to study harder next time. His father told him not to lose hope. His mother advised him to read ICT and Science regularly. Raju made a plan to give more time to those subjects. He was happy that he did very well in Bangla, English, and Math. Raju believes that with more practice, he can improve all his subjects.

ANSWER KEY (1 mark per item):
a. False — Raju believes that with more practice he can improve all his subjects.
b. False — he got 10 out of 10 in Mathematics; 6 was his mark in ICT, Science and Religion.
c. True
d. False — he promised to study harder and planned to give more time to his weak subjects.
e. False — his father told him not to lose hope.

A ‘False’ verdict with NO correction, or with a wrong correction, scores 0 for that item — the question requires both. The correction need not match the key's wording; any correction carrying the right fact is accepted.

MARKING NOTE: this question is ITEM-SCORED. Mark each lettered item against the key and put the SUM of the item marks in context_content_data, leaving structure_format_brevity, language_mechanics and originality_comparisons_paraphrase at 0. Nothing is awarded or deducted for handwriting, style, or spelling beyond what the key requires. An item the student did not attempt scores 0 for that item only. No structural cap is ever applied to an item-scored question.","","a) False.
Ans: He believess that with more practice, he can improve all his subjects
b) False.
Ans: He got 10 mark out of 10 in mathmatics.
c) True
d) False.
Ans: He belive he that more practice to improve all subjects
e) False.
Ans: his father told his to not to lose hope.","a) False.
Ans: He believess that with more practice, he can improve all his subjects
b) False.
Ans: He got 10 mark out of 10 in mathmatics.
c) True
d) False.
Ans: He belive he that more practice to improve all subjects
e) False.
Ans: his father told his to not to lose hope.","","5","ok","","1.0","0","0","0","0","0","0","False","False","","52","274","","","","","0","","","gemma-4-31b-it","gemini","extraction_prompt_c6_v1","f172ab06cd2b8256703c24aac7a3e69688981e106974ba6a4975feb8e0e852b6","{""thinking_level"": ""medium"", ""max_output_tokens"": 32768}","2026-09-17T03:54:04.087933+00:00"
"SUMMARY_018","SE_06_Q1","SE_06_Q1_0018","7","Summary","5","","","absent","Write a summary of the passage in your own words. (5)

TEXT TO BE SUMMARIZED (questions 5, 6 and 7):
Raju is a student of class six. Last week, his school held class tests in several subjects. Raju worked very hard to do well. He got 8 in Bangla, 9 in English, and 10 in Mathematics out of 10. His teachers praised him for his good marks. However, he could not do well in ICT, Science, and Religion, getting only 6 marks in each.
Raju felt a little sad about his low marks but promised to study harder next time. His father told him not to lose hope. His mother advised him to read ICT and Science regularly. Raju made a plan to give more time to those subjects. He was happy that he did very well in Bangla, English, and Math. Raju believes that with more practice, he can improve all his subjects.","Raju is a student of class six. Last week, his school held class tests in several subjects. Raju worked very hard to do well. He got 8 in Bangla, 9 in English, and 10 in Mathematics out of 10. His teachers praised him for his good marks. However, he could not do well in ICT, Science, and Religion, getting only 6 marks in each.
Raju felt a little sad about his low marks but promised to study harder next time. His father told him not to lose hope. His mother advised him to read ICT and Science regularly. Raju made a plan to give more time to those subjects. He was happy that he did very well in Bangla, English, and Math. Raju believes that with more practice, he can improve all his subjects.","Raju is a student. He dreads in class six. He has his exam result

He got 8 in Bangla, 7 in English and 10 in mathematics out of 10. but he got 6 marks in I c T, Science and Religion. His father told him not to lose hope, but he was very happy he did very well in Bangla, English and Math. He believes that with more practice, he can improve all his subjects.","Raju is a student. He dreads in class six. He has his exam result

He got 8 in Bangla, 7 in English and 10 in mathematics out of 10. but he got 6 marks in I c T, Science and Religion. His father told him not to lose hope, but he was very happy he did very well in Bangla, English and Math. He believes that with more practice, he can improve all his subjects.","","6","ok","","1.0","0","0","0","0","0","0","False","False","","70","359","129","0.5426","True","0.4933","1","","","gemma-4-31b-it","gemini","extraction_prompt_c6_v1","f172ab06cd2b8256703c24aac7a3e69688981e106974ba6a4975feb8e0e852b6","{""thinking_level"": ""medium"", ""max_output_tokens"": 32768}","2026-09-17T03:54:04.087933+00:00"
"PREP_018","SE_06_Q1","SE_06_Q1_0018","8","Preposition_Use","5","","","absent","Use these prepositions in sentences of your own. (1 x 5 = 5)
a. bottom of, b. top of, c. through, d. along, e. across

ANSWER KEY (1 mark per item). There is no fixed answer: the student composes their own sentence for each preposition. Award the mark when the sentence (1) actually contains the given preposition, (2) uses it in a sense that is correct English, and (3) is a complete, intelligible sentence.

Model sentences, for reference only — a student sentence need not resemble them:
a. bottom of: The old box lay at the bottom of the river.
b. top of: A small flag was fixed on the top of the hill.
c. through: We walked through the forest before sunset.
d. along: They strolled along the river bank in the evening.
e. across: A wooden bridge runs across the canal.

Award 0 for an item where the preposition is missing, is used in a way that is not English (e.g. “He is bottom of happy”), or where nothing resembling a sentence was written. A minor spelling or article slip does NOT cost the mark — the item tests the preposition, not general accuracy.

MARKING NOTE: this question is ITEM-SCORED. Mark each lettered item against the key and put the SUM of the item marks in context_content_data, leaving structure_format_brevity, language_mechanics and originality_comparisons_paraphrase at 0. Nothing is awarded or deducted for handwriting, style, or spelling beyond what the key requires. An item the student did not attempt scores 0 for that item only. No structural cap is ever applied to an item-scored question.","","a) the oils, fat food is bottom of the food list.
b) The healthy food is top of the food list.
c) Nine through out marched the streets
d) he ate along with his dog.
e) He is ~~off~~ across the line.","a) the oils, fat food is bottom of the food list.
b) The healthy food is top of the food list.
c) Nine through out marched the streets
d) he ate along with his dog.
e) He is  across the line.","","7","ok","","1.0","0","0","0","1","0","0","False","False","","41","191","","","","","0","","","gemma-4-31b-it","gemini","extraction_prompt_c6_v1","f172ab06cd2b8256703c24aac7a3e69688981e106974ba6a4975feb8e0e852b6","{""thinking_level"": ""medium"", ""max_output_tokens"": 32768}","2026-09-17T03:54:04.087933+00:00"
"REARR_018","SE_06_Q1","SE_06_Q1_0018","9","Rearrange","8","","","absent","Put the following parts of the story in the correct order to make the whole story. Only the corresponding numbers of the sentences need to be written. (1 x 8 = 8)
a. She asked Bayazid to give her a glass of water, but he could not find any water in the pitcher.
b. Once Hazrat Bayazid Bustami came home to see his ailing mother.
c. But she again fell asleep.
d. So, he went to the well quite far from their house.
e. She woke up some hours later.
f. He filled the pitcher, came back and went to his mother with a glass of water.
g. As he was still standing by her bed, his mother drank the glass of water and blessed him from the core of heart.
h. He, instead of waking her up, stood by her bed with the glass of water in his hand.

ANSWER KEY — correct order (8 positions, 1 mark each):
1. b  (Once Hazrat Bayazid Bustami came home to see his ailing mother.)
2. a  (She asked Bayazid to give her a glass of water, but he could not find any water in the pitcher.)
3. d  (So, he went to the well quite far from their house.)
4. f  (He filled the pitcher, came back and went to his mother with a glass of water.)
5. c  (But she again fell asleep.)
6. h  (He, instead of waking her up, stood by her bed with the glass of water in his hand.)
7. e  (She woke up some hours later.)
8. g  (As he was still standing by her bed, his mother drank the glass of water and blessed him from the core of heart.)

Award 1 mark for each sentence the student places in its correct POSITION in the sequence above — a position-by-position comparison: b in slot 1 earns a mark, b anywhere else does not. The student may give the letters, the full sentences, or both; mark the order either way, and do not penalise copying slips inside the sentences.

MARKING NOTE: this question is ITEM-SCORED. Mark each lettered item against the key and put the SUM of the item marks in context_content_data, leaving structure_format_brevity, language_mechanics and originality_comparisons_paraphrase at 0. Nothing is awarded or deducted for handwriting, style, or spelling beyond what the key requires. An item the student did not attempt scores 0 for that item only. No structural cap is ever applied to an item-scored question.","","a) Once Hazrat Bayazid Bastami came home to see his ailing mother,
b) So, he went to the well quite far from their house.
c) But she again fell asleep.
d) she woke up some hours later.
e) she asked Bayazid to give her a glass of water, but he could not find any water in the pitcher.
f) He filled the [cut: partial text]
c) she woke up some hours later,
d) she asked Bayazid to give her a glass of water, but he could not find any water in the pitcher.
e) He filled the pitcher, came back and went to this mother with a glass of water.
f) He ins tead of waking her up stood by her bed with the glass of water in his hand.
g) As he was still standing by her bed, his mother drank the glass of water and blessed him from the core of heart.
h) But she again fell asleep.","a) Once Hazrat Bayazid Bastami came home to see his ailing mother,
b) So, he went to the well quite far from their house.
c) But she again fell asleep.
d) she woke up some hours later.
e) she asked Bayazid to give her a glass of water, but he could not find any water in the pitcher.
f) He filled the partial text
c) she woke up some hours later,
d) she asked Bayazid to give her a glass of water, but he could not find any water in the pitcher.
e) He filled the pitcher, came back and went to this mother with a glass of water.
f) He ins tead of waking her up stood by her bed with the glass of water in his hand.
g) As he was still standing by her bed, his mother drank the glass of water and blessed him from the core of heart.
h) But she again fell asleep.","","7-9","ok","","0.9","0","0","1","0","0","0","False","False","","159","760","","","","","0","","","gemma-4-31b-it","gemini","extraction_prompt_c6_v1","f172ab06cd2b8256703c24aac7a3e69688981e106974ba6a4975feb8e0e852b6","{""thinking_level"": ""medium"", ""max_output_tokens"": 32768}","2026-09-17T03:54:04.087933+00:00"
"POEM_018","SE_06_Q1","SE_06_Q1_0018","10","Poem_Short_Answer","10","","","absent","Answer any five of the following questions from the poems in your text book. (2 x 5 = 10)
a. What does Robin say about autumn?
b. How is Robin a happy bird?
c. How is Robin a hopeful bird?
d. What reason does Robin give for singing during the winter?
e. What does Robin teach us in the poem?
f. Why does the playmate come only on a rainy day?
g. Why does the boy think the playmate lives in another land?
h. What does the Moon come there to do?

ANSWER KEY — INDICATIVE ONLY, 2 marks per answer. The poem texts are not supplied with this paper, so the notes below describe the expected substance rather than fixed wording. Items a–e concern the poem about Robin, a bird who goes on singing as autumn turns to winter; items f–h concern the poem about a boy and an imagined playmate who visits on rainy days.
a. That autumn is passing and the cold season is coming — leaves fall and the bright days are ending.
b. He sings cheerfully whatever the season, finding joy in small things rather than complaining of the cold.
c. He keeps singing through the bleak season because he trusts that spring and better days will return.
d. He sings in winter to keep up his own and others' spirits, and because he believes the hard season will pass.
e. To stay cheerful and hopeful in hard times instead of giving way to gloom.
f. Because the rain keeps the boy indoors and alone, so that is when he longs for and imagines his playmate.
g. Because the playmate is never seen among the people he knows and appears only in his imagination, so the boy supposes he must come from some distant, unknown land.
h. It comes to look in on the child and keep him company — to shine on him and share the night with him.

BECAUSE THE KEY IS INDICATIVE, mark generously on substance: award 2 for an answer that is clearly about the right poem and carries a sensible reading consistent with these notes, 1 for a partly relevant or very thin answer, and 0 for an answer about the wrong poem, one that merely repeats the question, or one left blank.

ANY FIVE answers count, and only five are marked: if the student answers more than five, mark the FIRST five attempted and ignore the rest; if fewer than five, the unanswered ones score 0. Put the sum of the five item marks (0–10) in context_content_data and leave the other three criteria at 0.","","a) Robin say about autumn. the autumn is my favourite seoson.
b) Robin is a happy bird because he fly in the [unclear: ebad] cloud and He sing song.
c) Robin is a hope ful bird because He always happy.
d) Robin gives for singing during the winter because the [unclear: theact] is cold.
f) The Play mate come only on a rainy day because the Playmate loves to SIn Play in rainy day.","a) Robin say about autumn. the autumn is my favourite seoson.
b) Robin is a happy bird because he fly in the ebad cloud and He sing song.
c) Robin is a hope ful bird because He always happy.
d) Robin gives for singing during the winter because the theact is cold.
f) The Play mate come only on a rainy day because the Playmate loves to SIn Play in rainy day.","","10","ok","","0.8","0","2","0","0","0","0","False","False","","72","358","","","","","0","","","gemma-4-31b-it","gemini","extraction_prompt_c6_v1","f172ab06cd2b8256703c24aac7a3e69688981e106974ba6a4975feb8e0e852b6","{""thinking_level"": ""medium"", ""max_output_tokens"": 32768}","2026-09-17T03:54:04.087933+00:00"
"STORY_018","SE_06_Q1","SE_06_Q1_0018","11","Story","10","","","absent","Part-B : Writing. Read the opening of a story below and complete it in at least ten new sentences. Give a suitable title to it. (10)
Once upon a time two friends went on a journey. They had to go through a forest on the way. As they came through the wood, they saw a bear approaching…………","","Once upon a time two friends went on a journey. They had to go through a forest on the way. As they they came through the wood, they saw a bear approaching. Suddenly one of them climbed the tree. The other one has not he lay on his face without breathing the bear come of the man the bear felt smell and go away.

Then the other come of the tree and says is his friend to-what does the bear say into your whisper. his friend say the bear told me ""Do not trust a friend who lives you alone"".","Once upon a time two friends went on a journey. They had to go through a forest on the way. As they they came through the wood, they saw a bear approaching. Suddenly one of them climbed the tree. The other one has not he lay on his face without breathing the bear come of the man the bear felt smell and go away.

Then the other come of the tree and says is his friend to-what does the bear say into your whisper. his friend say the bear told me ""Do not trust a friend who lives you alone"".","A friend in indeed, is a friend in","11-12","ok","","1.0","0","0","0","0","0","0","False","False","","101","490","","","","","1","","","gemma-4-31b-it","gemini","extraction_prompt_c6_v1","f172ab06cd2b8256703c24aac7a3e69688981e106974ba6a4975feb8e0e852b6","{""thinking_level"": ""medium"", ""max_output_tokens"": 32768}","2026-09-17T03:54:04.087933+00:00"
"PARA_018","SE_06_Q1","SE_06_Q1_0018","12","Paragraph","10","","","absent","Write a paragraph in 120 words. ""A Rickshaw-Puller"" (10)","","A Rickshaw Puller is a familiar figure and hard workship. He pulls Rickshaw everyday and cities. He pulls Rickshaw everday. He earn hand to mought. Many rickshaw pullers lives is slums area with his wives and children. The rickhaw puller wake up early in the morning. Then they searcn of pasengers some of pasengers are good and some of bad.

The rickshaw puller pedal of hours of hours. They earn a little which is not often these of proper selter food, educatino and wises. we also respect the rickshaw pullers, we pay them fare price. The our government give him a lone and a basis education of traffic rules for leading a decent life and l","A Rickshaw Puller is a familiar figure and hard workship. He pulls Rickshaw everyday and cities. He pulls Rickshaw everday. He earn hand to mought. Many rickshaw pullers lives is slums area with his wives and children. The rickhaw puller wake up early in the morning. Then they searcn of pasengers some of pasengers are good and some of bad.

The rickshaw puller pedal of hours of hours. They earn a little which is not often these of proper selter food, educatino and wises. we also respect the rickshaw pullers, we pay them fare price. The our government give him a lone and a basis education of traffic rules for leading a decent life and l","A Rickshaw-puller","13-14","ok","","1.0","0","0","0","0","0","0","False","False","","116","643","","","","","1","","","gemma-4-31b-it","gemini","extraction_prompt_c6_v1","f172ab06cd2b8256703c24aac7a3e69688981e106974ba6a4975feb8e0e852b6","{""thinking_level"": ""medium"", ""max_output_tokens"": 32768}","2026-09-17T03:54:04.087933+00:00"
"DIALOG_018","SE_06_Q1","SE_06_Q1_0018","13","Dialogue","10","","","absent","You are Shahid and you have been suffering from fever along with some Covid-19 symptoms for a week. Now, you are at the chamber of a doctor. Write a dialogue between you and the doctor. (10)","","Doctor: Hi shahid, I can help you
shahid: Yes, I have full of body Pain and fever, and also runny nose.
Doctor: This a covid-19 symptoms. You test your covid-19 symptoms, As soon as Possible!
shahid: Okay I test my covid-19 sumptoms, As soon as possibel.
Doctor: How are you live ing
shihab: I live in with my parents and a elder sister.
Doctor: you r family members has fever
shihab: Yes, my father has fever and also runny nose.
Doctor: I request you to test all family members of your house.
Shihad: okay sure I will test every one. Thank you
Doctor: you're welcome","Doctor: Hi shahid, I can help you
shahid: Yes, I have full of body Pain and fever, and also runny nose.
Doctor: This a covid-19 symptoms. You test your covid-19 symptoms, As soon as Possible!
shahid: Okay I test my covid-19 sumptoms, As soon as possibel.
Doctor: How are you live ing
shihab: I live in with my parents and a elder sister.
Doctor: you r family members has fever
shihab: Yes, my father has fever and also runny nose.
Doctor: I request you to test all family members of your house.
Shihad: okay sure I will test every one. Thank you
Doctor: you're welcome","","15-16","ok","","1.0","0","0","0","0","0","0","False","False","","105","568","","","","","0","","","gemma-4-31b-it","gemini","extraction_prompt_c6_v1","f172ab06cd2b8256703c24aac7a3e69688981e106974ba6a4975feb8e0e852b6","{""thinking_level"": ""medium"", ""max_output_tokens"": 32768}","2026-09-17T03:54:04.087933+00:00"
"MCQ_019","SE_06_Q1","SE_06_Q1_0019","1","MCQ","7","","","absent","Read the text and answer question 1: Choose the best answer from the alternatives. (1 x 7 = 7)
a. On the 16th of December of the same year, the 26 March declaration of independence became a reality. Here the meaning of the word reality is — i. experience  ii. certainty  iii. virtuality  iv. actuality
b. To every Bangladeshi the 16th December is a day of — i. self analysis  ii. sorrows and sufferings  iii. self questioning  iv. pride and joy
c. We pay our deep respect to the martyrs who gave their lives for the independence of Bangladesh. Here respect means — i. neglect  ii. honour  iii. favour  iv. dignity
d. We, the Bangalees celebrate our Victory Day by remembering the roles played by our fearless freedom fighters and the people at large. Which of the following words has a similar meaning of fearless? i. curious  ii. courageous  iii. fearful  iv. rebillion
e. This is why December 16 is our Victory Day when the Pakistan army surrendered unconditionally. What does surrendered mean here? i. defended  ii. submitted  iii. captured  iv. with stood
f. To build up our nation as a prosperous country we have to work — i. individually  ii. separately  iii. independently  iv. unitedly
g. 1971 is the year of our — i. Liberation War  ii. Independence  iii. Victory day  iv. all of i, ii & iii

READING PASSAGE (questions 1 and 2):
December 16 is a remarkable day for Bangladeshi people. On this day in 1971. Bangladesh got independence after a nine-month-long blood-soaked battle against the Pakistani army. It is a day of national pride as well as a day of commemorating the sacrifices of the millions of Bangladeshi people. Pakistani army killed three million people and assaulted thousands of women.
The Victory Day is celebrated with great enthusiasm across the country. The day begins with a 31-gun salute at dawn, followed by the hoisting of the national flag at government buildings and private institutions. Different political, cultural and educational programmes are organised to pay homage to the martyrs of the war. The entire nation celebrates the day with colourful flags, banners and parades.
The National Parade ground hosts a grand military parade where the president, the prime minister and dignitaries from government and non-government sectors join, The National Martyrs Memorial in Savar, our monument dedicated to the soldiers and civilians who lost their lives during the war, becomes a focal point for citizens to pay their respect. People from all walks of life gather to offer flowers, recite patriotic songs, and recall the sacrifices made by the nation's heroes.

ANSWER KEY (1 mark per item, no part marks):
a. iv. actuality
b. iv. pride and joy
c. ii. honour
d. ii. courageous
e. ii. submitted
f. iv. unitedly
g. iv. all of i, ii & iii

Accept the option written as the roman numeral alone (“iv”), as the option text alone (“actuality”), or as both. Misspelling a correctly chosen option does NOT cost the mark.

MARKING NOTE: this question is ITEM-SCORED. Mark each lettered item against the key and put the SUM of the item marks in context_content_data, leaving structure_format_brevity, language_mechanics and originality_comparisons_paraphrase at 0. Nothing is awarded or deducted for handwriting, style, or spelling beyond what the key requires. An item the student did not attempt scores 0 for that item only. No structural cap is ever applied to an item-scored question.","","a) iii) virtuality
b) iv) Pride and joy
c) iv) dignity.
d) ii) courageous.
e) ii) submitted
f) iii) independently.
g) iii) victory dog","a) iii) virtuality
b) iv) Pride and joy
c) iv) dignity.
d) ii) courageous.
e) ii) submitted
f) iii) independently.
g) iii) victory dog","","1","ok","","1.0","0","0","0","0","0","0","False","False","","24","134","","","","","0","","","gemma-4-31b-it","gemini","extraction_prompt_c6_v1","f172ab06cd2b8256703c24aac7a3e69688981e106974ba6a4975feb8e0e852b6","{""thinking_level"": ""medium"", ""max_output_tokens"": 32768}","2026-09-17T03:52:57.485485+00:00"
"SHORT_019","SE_06_Q1","SE_06_Q1_0019","2","Short_Answer","5","","","absent","Write short answers to the following questions. (1 x 5 = 5)
a. What happened during the war in 1971?
b. How do people celebrate Victory Day?
c. Why is the National Martyrs’ Memorial important?
d. What do people sing at the National Martyrs’ Memorial?
e. What does the 31-gun salute represent on Victory Day?

READING PASSAGE (questions 1 and 2):
December 16 is a remarkable day for Bangladeshi people. On this day in 1971. Bangladesh got independence after a nine-month-long blood-soaked battle against the Pakistani army. It is a day of national pride as well as a day of commemorating the sacrifices of the millions of Bangladeshi people. Pakistani army killed three million people and assaulted thousands of women.
The Victory Day is celebrated with great enthusiasm across the country. The day begins with a 31-gun salute at dawn, followed by the hoisting of the national flag at government buildings and private institutions. Different political, cultural and educational programmes are organised to pay homage to the martyrs of the war. The entire nation celebrates the day with colourful flags, banners and parades.
The National Parade ground hosts a grand military parade where the president, the prime minister and dignitaries from government and non-government sectors join, The National Martyrs Memorial in Savar, our monument dedicated to the soldiers and civilians who lost their lives during the war, becomes a focal point for citizens to pay their respect. People from all walks of life gather to offer flowers, recite patriotic songs, and recall the sacrifices made by the nation's heroes.

ANSWER KEY — indicative content, 1 mark per item (whole mark or nothing; there are no half marks on this question):
a. Bangladesh fought a nine-month-long battle against the Pakistani army, who killed three million people and assaulted thousands of women; the country won independence on 16 December 1971.
b. With a 31-gun salute at dawn, hoisting of the national flag, political, cultural and educational programmes, and parades with colourful flags and banners.
c. It is the monument dedicated to the soldiers and civilians who lost their lives during the war, and it becomes the focal point where citizens pay their respect.
d. Patriotic songs.
e. It marks the start of Victory Day at dawn and honours the martyrs and the nation's victory.

Wording need not match the key — award the mark for any answer carrying the same content, in the student's own words or lifted from the passage. Award 0 for a wrong, off-question or omitted answer.

MARKING NOTE: this question is ITEM-SCORED. Mark each lettered item against the key and put the SUM of the item marks in context_content_data, leaving structure_format_brevity, language_mechanics and originality_comparisons_paraphrase at 0. Nothing is awarded or deducted for handwriting, style, or spelling beyond what the key requires. An item the student did not attempt scores 0 for that item only. No structural cap is ever applied to an item-scored question.","","a) The war [unclear: no/in] 1971 it was a December 16 is born a remarkable day for Bangladeshi people.

b) The people cel the Victory Day is celebrated with great enthusiasm across the country.

c) The National Martyns Memorial in Savar, our monument dedicated to the soldiers and civilians wh lost their lives during the war becomes a focal point for citize to pay their respects.

d) People from all walks of lif gather to offer flowers, recit patriotic songs, and recall the sacrifices made by the nations heroes.

e) The day begins with a 31-gun salute at dawn, followed by the hoisting of the national flag at govt. buildings and private institutions.","a) The war no/in 1971 it was a December 16 is born a remarkable day for Bangladeshi people.

b) The people cel the Victory Day is celebrated with great enthusiasm across the country.

c) The National Martyns Memorial in Savar, our monument dedicated to the soldiers and civilians wh lost their lives during the war becomes a focal point for citize to pay their respects.

d) People from all walks of lif gather to offer flowers, recit patriotic songs, and recall the sacrifices made by the nations heroes.

e) The day begins with a 31-gun salute at dawn, followed by the hoisting of the national flag at govt. buildings and private institutions.","","1-3","ok","","0.95","0","1","0","0","0","0","False","False","","111","645","","","","","4","","","gemma-4-31b-it","gemini","extraction_prompt_c6_v1","f172ab06cd2b8256703c24aac7a3e69688981e106974ba6a4975feb8e0e852b6","{""thinking_level"": ""medium"", ""max_output_tokens"": 32768}","2026-09-17T03:52:57.485485+00:00"
"GAP_019","SE_06_Q1","SE_06_Q1_0019","3","Gap_Fill","5","","","absent","Read the text and answer question 3: Complete the passage with suitable words. (1 x 5 = 5)
After finding the box Rajendra and Ravi (a) — about valuable stones. Then they (b) — to Jaipur. After showing the papers to the museum people, Uncle Santosh (c) — to know that the papers were valuable. He (d) — the papers to the museum for ten thousand rupees. Later, (e) — the news, the boy were happy.

READING PASSAGE (questions 3 and 4):
That night Ravi dreamt about gold coins and jewels. The next morning they packed everything into the jeep and went back to Jaipur, Uncle Santosh went to the museum to show his friend the papers. When he came back, he told the boys, ""Those papers were very valuable. The museum people bought them for ten thousand rupees."" The boys were delighted. When Ravi met his father and mother once again, he told them about his adventures and gave them Rs 50,000. Rajendra and Ravi never forgot the kind owl who helped them to find the old box.

ANSWER KEY (1 mark per gap). No clue words are supplied, so ANY word that fits the sentence grammatically and agrees with the passage is correct:
a. dreamt / dreamed / talked / thought
b. went back / returned / came back
c. was surprised / was glad / was happy / came
d. sold
e. hearing / on hearing / after hearing / getting

A word that fits the sense but is misspelled still earns the mark. A word of the wrong part of speech, or one that contradicts the passage, does not.

MARKING NOTE: this question is ITEM-SCORED. Mark each lettered item against the key and put the SUM of the item marks in context_content_data, leaving structure_format_brevity, language_mechanics and originality_comparisons_paraphrase at 0. Nothing is awarded or deducted for handwriting, style, or spelling beyond what the key requires. An item the student did not attempt scores 0 for that item only. No structural cap is ever applied to an item-scored question.","","(a) ten thousand.
(b) back.
(c) told the boys
(d) bought them
(e) Ray.","(a) ten thousand.
(b) back.
(c) told the boys
(d) bought them
(e) Ray.","","3","ok","","1.0","0","0","0","0","0","0","False","False","","14","70","","","","","0","","","gemma-4-31b-it","gemini","extraction_prompt_c6_v1","f172ab06cd2b8256703c24aac7a3e69688981e106974ba6a4975feb8e0e852b6","{""thinking_level"": ""medium"", ""max_output_tokens"": 32768}","2026-09-17T03:52:57.485485+00:00"
"VOCAB_019","SE_06_Q1","SE_06_Q1_0019","4","Vocabulary","5","","","absent","Read the passage carefully and replace the following words with their suitable synonyms or antonyms. (1 x 5 = 5)
(a) Went back (antonym), (b) Museum (synonym), (c) Friend (synonym), (d) Show (antonym), (e) Bought (synonym)

READING PASSAGE (questions 3 and 4):
That night Ravi dreamt about gold coins and jewels. The next morning they packed everything into the jeep and went back to Jaipur, Uncle Santosh went to the museum to show his friend the papers. When he came back, he told the boys, ""Those papers were very valuable. The museum people bought them for ten thousand rupees."" The boys were delighted. When Ravi met his father and mother once again, he told them about his adventures and gave them Rs 50,000. Rajendra and Ravi never forgot the kind owl who helped them to find the old box.

ANSWER KEY (1 mark per item). Any correct word of the required relation is acceptable; the words below are indicative, not exhaustive:
a. Went back (Antonym): came / went forward / advanced / set out / left
b. Museum (Synonym): gallery / archive / repository / exhibition hall
c. Friend (Synonym): companion / mate / comrade / ally / pal
d. Show (Antonym): hide / conceal / cover
e. Bought (Synonym): purchased

Giving a synonym where an antonym was asked (or the reverse) scores 0 for that item. A correct word that is misspelled still earns the mark.

MARKING NOTE: this question is ITEM-SCORED. Mark each lettered item against the key and put the SUM of the item marks in context_content_data, leaving structure_format_brevity, language_mechanics and originality_comparisons_paraphrase at 0. Nothing is awarded or deducted for handwriting, style, or spelling beyond what the key requires. An item the student did not attempt scores 0 for that item only. No structural cap is ever applied to an item-scored question.","","(a) Went back | come back | ---
(b) Museym | Library | ---
(c) Friend | classmate | ---
(d) show | --- | see/watch
(e) Bought | tight | ---","(a) Went back | come back | ---
(b) Museym | Library | ---
(c) Friend | classmate | ---
(d) show | --- | see/watch
(e) Bought | tight | ---","","4","ok","","1.0","0","0","0","0","0","0","False","False","","18","139","","","","","0","","","gemma-4-31b-it","gemini","extraction_prompt_c6_v1","f172ab06cd2b8256703c24aac7a3e69688981e106974ba6a4975feb8e0e852b6","{""thinking_level"": ""medium"", ""max_output_tokens"": 32768}","2026-09-17T03:52:57.485485+00:00"
"TABLE_019","SE_06_Q1","SE_06_Q1_0019","5","Table_Completion","5","","","absent","Read the text and answer question 5: Complete the table with information from the passage. (1 x 5 = 5)
| Topic | Information from the passage |
| a. Class Raju reads in | (i) |
| b. Subjects he did well in | (ii) |
| c. Marks he got in those subjects | (iii) |
| d. Subjects he did poorly in | (iv) |
| e. Marks he got in weak subjects | (v) |

READING PASSAGE (questions 5, 6 and 7):
Raju is a student of class six. Last week, his school held class tests in several subjects. Raju worked very hard to do well. He got 8 in Bangla, 9 in English, and 10 in Mathematics out of 10. His teachers praised him for his good marks. However, he could not do well in ICT, Science, and Religion, getting only 6 marks in each.
Raju felt a little sad about his low marks but promised to study harder next time. His father told him not to lose hope. His mother advised him to read ICT and Science regularly. Raju made a plan to give more time to those subjects. He was happy that he did very well in Bangla, English, and Math. Raju believes that with more practice, he can improve all his subjects.

ANSWER KEY (1 mark per blank):
i. Class six
ii. Bangla, English and Mathematics
iii. 8 in Bangla, 9 in English and 10 in Mathematics (out of 10)
iv. ICT, Science and Religion
v. 6 marks in each

This question asks for information lifted from the passage, so copying the passage's wording is CORRECT here and must not be penalised. A partial but unambiguous answer (e.g. naming all three subjects in ii) earns the mark; an answer that names only some of the required items does not.

MARKING NOTE: this question is ITEM-SCORED. Mark each lettered item against the key and put the SUM of the item marks in context_content_data, leaving structure_format_brevity, language_mechanics and originality_comparisons_paraphrase at 0. Nothing is awarded or deducted for handwriting, style, or spelling beyond what the key requires. An item the student did not attempt scores 0 for that item only. No structural cap is ever applied to an item-scored question.","","(a) i. Six.
(b) ii. Bangla, English, Mathematics.
(c) iii. 8 in Bangla, 9 in English, 10 out of 10 in Mathematics
(d) iv. ICT, science and religion.
(e) v. 8, 9, 10","(a) i. Six.
(b) ii. Bangla, English, Mathematics.
(c) iii. 8 in Bangla, 9 in English, 10 out of 10 in Mathematics
(d) iv. ICT, science and religion.
(e) v. 8, 9, 10","","5","ok","","1.0","0","0","0","0","0","0","False","False","","26","164","","","","","0","","","gemma-4-31b-it","gemini","extraction_prompt_c6_v1","f172ab06cd2b8256703c24aac7a3e69688981e106974ba6a4975feb8e0e852b6","{""thinking_level"": ""medium"", ""max_output_tokens"": 32768}","2026-09-17T03:52:57.485485+00:00"
"TF_019","SE_06_Q1","SE_06_Q1_0019","6","True_False","5","","","absent","Read the statements below. Write ‘True’ if the statement is correct and ‘False’ if it is incorrect. If false, write the correct answer. (1 x 5 = 5)
a. Raju thinks he cannot improve his weak subjects.
b. He got 6 marks out of 10 in Mathematics.
c. Raju got full marks in Mathematics.
d. Raju plans to work lesser next time.
e. His father scolded him for low marks.

READING PASSAGE (questions 5, 6 and 7):
Raju is a student of class six. Last week, his school held class tests in several subjects. Raju worked very hard to do well. He got 8 in Bangla, 9 in English, and 10 in Mathematics out of 10. His teachers praised him for his good marks. However, he could not do well in ICT, Science, and Religion, getting only 6 marks in each.
Raju felt a little sad about his low marks but promised to study harder next time. His father told him not to lose hope. His mother advised him to read ICT and Science regularly. Raju made a plan to give more time to those subjects. He was happy that he did very well in Bangla, English, and Math. Raju believes that with more practice, he can improve all his subjects.

ANSWER KEY (1 mark per item):
a. False — Raju believes that with more practice he can improve all his subjects.
b. False — he got 10 out of 10 in Mathematics; 6 was his mark in ICT, Science and Religion.
c. True
d. False — he promised to study harder and planned to give more time to his weak subjects.
e. False — his father told him not to lose hope.

A ‘False’ verdict with NO correction, or with a wrong correction, scores 0 for that item — the question requires both. The correction need not match the key's wording; any correction carrying the right fact is accepted.

MARKING NOTE: this question is ITEM-SCORED. Mark each lettered item against the key and put the SUM of the item marks in context_content_data, leaving structure_format_brevity, language_mechanics and originality_comparisons_paraphrase at 0. Nothing is awarded or deducted for handwriting, style, or spelling beyond what the key requires. An item the student did not attempt scores 0 for that item only. No structural cap is ever applied to an item-scored question.","","(a) False. (Ans: No, Raju improve to his weak subject).
(b) false. (C.Ans: He got 10 marks out of 10 in mathematics).
(c) True.
(d) false (C.Ans: Raju plans to work harder next time).
(e) False (C.Ans: His father told him not to lose hope)","(a) False. (Ans: No, Raju improve to his weak subject).
(b) false. (C.Ans: He got 10 marks out of 10 in mathematics).
(c) True.
(d) false (C.Ans: Raju plans to work harder next time).
(e) False (C.Ans: His father told him not to lose hope)","","5-6","ok","","1.0","0","0","0","0","0","0","False","False","","46","239","","","","","0","","","gemma-4-31b-it","gemini","extraction_prompt_c6_v1","f172ab06cd2b8256703c24aac7a3e69688981e106974ba6a4975feb8e0e852b6","{""thinking_level"": ""medium"", ""max_output_tokens"": 32768}","2026-09-17T03:52:57.485485+00:00"
"SUMMARY_019","SE_06_Q1","SE_06_Q1_0019","7","Summary","5","","","absent","Write a summary of the passage in your own words. (5)

TEXT TO BE SUMMARIZED (questions 5, 6 and 7):
Raju is a student of class six. Last week, his school held class tests in several subjects. Raju worked very hard to do well. He got 8 in Bangla, 9 in English, and 10 in Mathematics out of 10. His teachers praised him for his good marks. However, he could not do well in ICT, Science, and Religion, getting only 6 marks in each.
Raju felt a little sad about his low marks but promised to study harder next time. His father told him not to lose hope. His mother advised him to read ICT and Science regularly. Raju made a plan to give more time to those subjects. He was happy that he did very well in Bangla, English, and Math. Raju believes that with more practice, he can improve all his subjects.","Raju is a student of class six. Last week, his school held class tests in several subjects. Raju worked very hard to do well. He got 8 in Bangla, 9 in English, and 10 in Mathematics out of 10. His teachers praised him for his good marks. However, he could not do well in ICT, Science, and Religion, getting only 6 marks in each.
Raju felt a little sad about his low marks but promised to study harder next time. His father told him not to lose hope. His mother advised him to read ICT and Science regularly. Raju made a plan to give more time to those subjects. He was happy that he did very well in Bangla, English, and Math. Raju believes that with more practice, he can improve all his subjects.","Tomal is a student of class seven. Last week, his school held class tests in several subjects. Raju worked very hard to do well. He got 8 Science, 9 in Bangla, and 10 out of 10 in mathematics. He was sad because ICT, Science and Religion getting only 6 marks each. His father scold him for low marks. But his mothe advised him to read ICT, science regularly. He was happy that he did very well in science, Bangla and Mathematics. Tomal believes that with the more practise, he can improve all this subject.","Tomal is a student of class seven. Last week, his school held class tests in several subjects. Raju worked very hard to do well. He got 8 Science, 9 in Bangla, and 10 out of 10 in mathematics. He was sad because ICT, Science and Religion getting only 6 marks each. His father scold him for low marks. But his mothe advised him to read ICT, science regularly. He was happy that he did very well in science, Bangla and Mathematics. Tomal believes that with the more practise, he can improve all this subject.","","6-7","ok","","0.95","0","0","0","0","0","0","False","False","","89","506","129","0.6899","True","0.3936","0","","","gemma-4-31b-it","gemini","extraction_prompt_c6_v1","f172ab06cd2b8256703c24aac7a3e69688981e106974ba6a4975feb8e0e852b6","{""thinking_level"": ""medium"", ""max_output_tokens"": 32768}","2026-09-17T03:52:57.485485+00:00"
"PREP_019","SE_06_Q1","SE_06_Q1_0019","8","Preposition_Use","5","","","absent","Use these prepositions in sentences of your own. (1 x 5 = 5)
a. bottom of, b. top of, c. through, d. along, e. across

ANSWER KEY (1 mark per item). There is no fixed answer: the student composes their own sentence for each preposition. Award the mark when the sentence (1) actually contains the given preposition, (2) uses it in a sense that is correct English, and (3) is a complete, intelligible sentence.

Model sentences, for reference only — a student sentence need not resemble them:
a. bottom of: The old box lay at the bottom of the river.
b. top of: A small flag was fixed on the top of the hill.
c. through: We walked through the forest before sunset.
d. along: They strolled along the river bank in the evening.
e. across: A wooden bridge runs across the canal.

Award 0 for an item where the preposition is missing, is used in a way that is not English (e.g. “He is bottom of happy”), or where nothing resembling a sentence was written. A minor spelling or article slip does NOT cost the mark — the item tests the preposition, not general accuracy.

MARKING NOTE: this question is ITEM-SCORED. Mark each lettered item against the key and put the SUM of the item marks in context_content_data, leaving structure_format_brevity, language_mechanics and originality_comparisons_paraphrase at 0. Nothing is awarded or deducted for handwriting, style, or spelling beyond what the key requires. An item the student did not attempt scores 0 for that item only. No structural cap is ever applied to an item-scored question.","","a. bottom of I have a bottom of water.
b. top of- the cat top of the fan.
c. through- The bean came through through the wood.
d. olong- The man are alonge in a danger.
e. across- Anika across the road and goes to school.","a. bottom of I have a bottom of water.
b. top of- the cat top of the fan.
c. through- The bean came through through the wood.
d. olong- The man are alonge in a danger.
e. across- Anika across the road and goes to school.","","7-8","ok","","1.0","0","0","0","0","0","0","False","False","","46","220","","","","","0","","","gemma-4-31b-it","gemini","extraction_prompt_c6_v1","f172ab06cd2b8256703c24aac7a3e69688981e106974ba6a4975feb8e0e852b6","{""thinking_level"": ""medium"", ""max_output_tokens"": 32768}","2026-09-17T03:52:57.485485+00:00"
"REARR_019","SE_06_Q1","SE_06_Q1_0019","9","Rearrange","8","","","absent","Put the following parts of the story in the correct order to make the whole story. Only the corresponding numbers of the sentences need to be written. (1 x 8 = 8)
a. She asked Bayazid to give her a glass of water, but he could not find any water in the pitcher.
b. Once Hazrat Bayazid Bustami came home to see his ailing mother.
c. But she again fell asleep.
d. So, he went to the well quite far from their house.
e. She woke up some hours later.
f. He filled the pitcher, came back and went to his mother with a glass of water.
g. As he was still standing by her bed, his mother drank the glass of water and blessed him from the core of heart.
h. He, instead of waking her up, stood by her bed with the glass of water in his hand.

ANSWER KEY — correct order (8 positions, 1 mark each):
1. b  (Once Hazrat Bayazid Bustami came home to see his ailing mother.)
2. a  (She asked Bayazid to give her a glass of water, but he could not find any water in the pitcher.)
3. d  (So, he went to the well quite far from their house.)
4. f  (He filled the pitcher, came back and went to his mother with a glass of water.)
5. c  (But she again fell asleep.)
6. h  (He, instead of waking her up, stood by her bed with the glass of water in his hand.)
7. e  (She woke up some hours later.)
8. g  (As he was still standing by her bed, his mother drank the glass of water and blessed him from the core of heart.)

Award 1 mark for each sentence the student places in its correct POSITION in the sequence above — a position-by-position comparison: b in slot 1 earns a mark, b anywhere else does not. The student may give the letters, the full sentences, or both; mark the order either way, and do not penalise copying slips inside the sentences.

MARKING NOTE: this question is ITEM-SCORED. Mark each lettered item against the key and put the SUM of the item marks in context_content_data, leaving structure_format_brevity, language_mechanics and originality_comparisons_paraphrase at 0. Nothing is awarded or deducted for handwriting, style, or spelling beyond what the key requires. An item the student did not attempt scores 0 for that item only. No structural cap is ever applied to an item-scored question.","","1. b
2. ~~d~~ e
3. c
4. e
5. a
6. f
7. h
8. g","1. b
2.  e
3. c
4. e
5. a
6. f
7. h
8. g","","9","ok","","0.9","0","0","0","1","0","0","False","False","","8","40","","","","","0","","","gemma-4-31b-it","gemini","extraction_prompt_c6_v1","f172ab06cd2b8256703c24aac7a3e69688981e106974ba6a4975feb8e0e852b6","{""thinking_level"": ""medium"", ""max_output_tokens"": 32768}","2026-09-17T03:52:57.485485+00:00"
"POEM_019","SE_06_Q1","SE_06_Q1_0019","10","Poem_Short_Answer","10","","","absent","Answer any five of the following questions from the poems in your text book. (2 x 5 = 10)
a. What does Robin say about autumn?
b. How is Robin a happy bird?
c. How is Robin a hopeful bird?
d. What reason does Robin give for singing during the winter?
e. What does Robin teach us in the poem?
f. Why does the playmate come only on a rainy day?
g. Why does the boy think the playmate lives in another land?
h. What does the Moon come there to do?

ANSWER KEY — INDICATIVE ONLY, 2 marks per answer. The poem texts are not supplied with this paper, so the notes below describe the expected substance rather than fixed wording. Items a–e concern the poem about Robin, a bird who goes on singing as autumn turns to winter; items f–h concern the poem about a boy and an imagined playmate who visits on rainy days.
a. That autumn is passing and the cold season is coming — leaves fall and the bright days are ending.
b. He sings cheerfully whatever the season, finding joy in small things rather than complaining of the cold.
c. He keeps singing through the bleak season because he trusts that spring and better days will return.
d. He sings in winter to keep up his own and others' spirits, and because he believes the hard season will pass.
e. To stay cheerful and hopeful in hard times instead of giving way to gloom.
f. Because the rain keeps the boy indoors and alone, so that is when he longs for and imagines his playmate.
g. Because the playmate is never seen among the people he knows and appears only in his imagination, so the boy supposes he must come from some distant, unknown land.
h. It comes to look in on the child and keep him company — to shine on him and share the night with him.

BECAUSE THE KEY IS INDICATIVE, mark generously on substance: award 2 for an answer that is clearly about the right poem and carries a sensible reading consistent with these notes, 1 for a partly relevant or very thin answer, and 0 for an answer about the wrong poem, one that merely repeats the question, or one left blank.

ANY FIVE answers count, and only five are marked: if the student answers more than five, mark the FIRST five attempted and ignore the rest; if fewer than five, the unanswered ones score 0. Put the sum of the five item marks (0–10) in context_content_data and leave the other three criteria at 0.","","(a) Robin say about the autumn the people was happy in the atumn because the Nature was very beautiful and The All thress grows new flowers.

(b) Robin is a happy bind because He song sweetly all the ~~mo~~ months and Robin had also hoppy all day and time.

(c) Robin song sweetly summer winter and all months He was cool and very helpful bind. Is Robin hopefi bind !!

(d) Robin give for singging during the winter the people bod the winter season. But he not have the winter season many people enjoyed.

(e) Robin teaches us the poem many people are sad the winter season. But - People are happy for the summer and atumn season.","(a) Robin say about the autumn the people was happy in the atumn because the Nature was very beautiful and The All thress grows new flowers.

(b) Robin is a happy bind because He song sweetly all the  months and Robin had also hoppy all day and time.

(c) Robin song sweetly summer winter and all months He was cool and very helpful bind. Is Robin hopefi bind !!

(d) Robin give for singging during the winter the people bod the winter season. But he not have the winter season many people enjoyed.

(e) Robin teaches us the poem many people are sad the winter season. But - People are happy for the summer and atumn season.","","9-11","ok","","0.95","0","0","0","1","0","0","False","False","","115","624","","","","","4","","","gemma-4-31b-it","gemini","extraction_prompt_c6_v1","f172ab06cd2b8256703c24aac7a3e69688981e106974ba6a4975feb8e0e852b6","{""thinking_level"": ""medium"", ""max_output_tokens"": 32768}","2026-09-17T03:52:57.485485+00:00"
"STORY_019","SE_06_Q1","SE_06_Q1_0019","11","Story","10","","","absent","Part-B : Writing. Read the opening of a story below and complete it in at least ten new sentences. Give a suitable title to it. (10)
Once upon a time two friends went on a journey. They had to go through a forest on the way. As they came through the wood, they saw a bear approaching…………","","Once upone a time two friends went on a journey. They had to go through a forest on the way. As the came through the wood, the saw a bear approaching. But when one clim bed man up on a tree. The other man down on his head. The other finding no other alternative. The bear soon came up and put down its head and smelt his body. The b when the bear go to the forest, the other man under the tree. He said to his friend, what did the bear whisper into your ear? friend said; the bear have ony one good advice! The friend what did the good advice, His friend replied the good advice was, Your bebibe the friend A friend alone in Danger","Once upone a time two friends went on a journey. They had to go through a forest on the way. As the came through the wood, the saw a bear approaching. But when one clim bed man up on a tree. The other man down on his head. The other finding no other alternative. The bear soon came up and put down its head and smelt his body. The b when the bear go to the forest, the other man under the tree. He said to his friend, what did the bear whisper into your ear? friend said; the bear have ony one good advice! The friend what did the good advice, His friend replied the good advice was, Your bebibe the friend A friend alone in Danger","A friend in need is a friend indeed.","12-13","ok","","0.9","0","0","0","0","0","0","False","False","","128","631","","","","","0","","","gemma-4-31b-it","gemini","extraction_prompt_c6_v1","f172ab06cd2b8256703c24aac7a3e69688981e106974ba6a4975feb8e0e852b6","{""thinking_level"": ""medium"", ""max_output_tokens"": 32768}","2026-09-17T03:52:57.485485+00:00"
"PARA_019","SE_06_Q1","SE_06_Q1_0019","12","Paragraph","10","","","absent","Write a paragraph in 120 words. ""A Rickshaw-Puller"" (10)","","A Rickshaw pullen plays an import pole bin our communication sector carning passengens one place to anothers place. He was a famous person in a city. He work hard working. He is the most important person in the city on a town. He was hard working in the sun and the rain both. The foul weather his he was mon fore. He carries goods in his rickshaw. Usually he was a familiar figure in the the city. He was hand work because in his family and daily means. He has no rickshaw he has a daily basis. He has no rickshaw of his own. He leads a better life. I or We are me miny loan in his life. That he was so better life. We m not bad beta behavior on this time He is the most important of a town in a country","A Rickshaw pullen plays an import pole bin our communication sector carning passengens one place to anothers place. He was a famous person in a city. He work hard working. He is the most important person in the city on a town. He was hard working in the sun and the rain both. The foul weather his he was mon fore. He carries goods in his rickshaw. Usually he was a familiar figure in the the city. He was hand work because in his family and daily means. He has no rickshaw he has a daily basis. He has no rickshaw of his own. He leads a better life. I or We are me miny loan in his life. That he was so better life. We m not bad beta behavior on this time He is the most important of a town in a country","A Rickshaw Pullen","14-15","ok","","0.85","0","0","0","0","0","0","False","False","","145","704","","","","","0","","","gemma-4-31b-it","gemini","extraction_prompt_c6_v1","f172ab06cd2b8256703c24aac7a3e69688981e106974ba6a4975feb8e0e852b6","{""thinking_level"": ""medium"", ""max_output_tokens"": 32768}","2026-09-17T03:52:57.485485+00:00"
"DIALOG_019","SE_06_Q1","SE_06_Q1_0019","13","Dialogue","10","","","absent","You are Shahid and you have been suffering from fever along with some Covid-19 symptoms for a week. Now, you are at the chamber of a doctor. Write a dialogue between you and the doctor. (10)","","Shahid: Assalamvalaikum doctor.
Doctor: Aualaikumassalom Patient.
Shahid: Hi! Doctor. How are are you
Doctor: I am fine. and you?
Shahid: I am also fine. Bot I am suffering from fever.
Doctor: You have checkup any Docto
Shahid: No, I first time check you have.
Doctor: You have take an any medicines.
Shahid: Yes, I have take some paracitamale.
Doctor: I am ever my mind You have a covid-19.
Shahid: Now I am do work.
Doctor: I have take you a medicine list. You have take it.
Shahid: Please doctor pray for me.
Doctor: Yes ofcourse.
Shahid: Thanks docto
Doctor: most welcome","Shahid: Assalamvalaikum doctor.
Doctor: Aualaikumassalom Patient.
Shahid: Hi! Doctor. How are are you
Doctor: I am fine. and you?
Shahid: I am also fine. Bot I am suffering from fever.
Doctor: You have checkup any Docto
Shahid: No, I first time check you have.
Doctor: You have take an any medicines.
Shahid: Yes, I have take some paracitamale.
Doctor: I am ever my mind You have a covid-19.
Shahid: Now I am do work.
Doctor: I have take you a medicine list. You have take it.
Shahid: Please doctor pray for me.
Doctor: Yes ofcourse.
Shahid: Thanks docto
Doctor: most welcome","","16-17","ok","","1.0","0","0","0","0","0","0","False","False","","101","575","","","","","0","","","gemma-4-31b-it","gemini","extraction_prompt_c6_v1","f172ab06cd2b8256703c24aac7a3e69688981e106974ba6a4975feb8e0e852b6","{""thinking_level"": ""medium"", ""max_output_tokens"": 32768}","2026-09-17T03:52:57.485485+00:00"
"MCQ_020","SE_06_Q1","SE_06_Q1_0020","1","MCQ","7","","","absent","Read the text and answer question 1: Choose the best answer from the alternatives. (1 x 7 = 7)
a. On the 16th of December of the same year, the 26 March declaration of independence became a reality. Here the meaning of the word reality is — i. experience  ii. certainty  iii. virtuality  iv. actuality
b. To every Bangladeshi the 16th December is a day of — i. self analysis  ii. sorrows and sufferings  iii. self questioning  iv. pride and joy
c. We pay our deep respect to the martyrs who gave their lives for the independence of Bangladesh. Here respect means — i. neglect  ii. honour  iii. favour  iv. dignity
d. We, the Bangalees celebrate our Victory Day by remembering the roles played by our fearless freedom fighters and the people at large. Which of the following words has a similar meaning of fearless? i. curious  ii. courageous  iii. fearful  iv. rebillion
e. This is why December 16 is our Victory Day when the Pakistan army surrendered unconditionally. What does surrendered mean here? i. defended  ii. submitted  iii. captured  iv. with stood
f. To build up our nation as a prosperous country we have to work — i. individually  ii. separately  iii. independently  iv. unitedly
g. 1971 is the year of our — i. Liberation War  ii. Independence  iii. Victory day  iv. all of i, ii & iii

READING PASSAGE (questions 1 and 2):
December 16 is a remarkable day for Bangladeshi people. On this day in 1971. Bangladesh got independence after a nine-month-long blood-soaked battle against the Pakistani army. It is a day of national pride as well as a day of commemorating the sacrifices of the millions of Bangladeshi people. Pakistani army killed three million people and assaulted thousands of women.
The Victory Day is celebrated with great enthusiasm across the country. The day begins with a 31-gun salute at dawn, followed by the hoisting of the national flag at government buildings and private institutions. Different political, cultural and educational programmes are organised to pay homage to the martyrs of the war. The entire nation celebrates the day with colourful flags, banners and parades.
The National Parade ground hosts a grand military parade where the president, the prime minister and dignitaries from government and non-government sectors join, The National Martyrs Memorial in Savar, our monument dedicated to the soldiers and civilians who lost their lives during the war, becomes a focal point for citizens to pay their respect. People from all walks of life gather to offer flowers, recite patriotic songs, and recall the sacrifices made by the nation's heroes.

ANSWER KEY (1 mark per item, no part marks):
a. iv. actuality
b. iv. pride and joy
c. ii. honour
d. ii. courageous
e. ii. submitted
f. iv. unitedly
g. iv. all of i, ii & iii

Accept the option written as the roman numeral alone (“iv”), as the option text alone (“actuality”), or as both. Misspelling a correctly chosen option does NOT cost the mark.

MARKING NOTE: this question is ITEM-SCORED. Mark each lettered item against the key and put the SUM of the item marks in context_content_data, leaving structure_format_brevity, language_mechanics and originality_comparisons_paraphrase at 0. Nothing is awarded or deducted for handwriting, style, or spelling beyond what the key requires. An item the student did not attempt scores 0 for that item only. No structural cap is ever applied to an item-scored question.","","(a) ~~ii~~ iii) virtuality.
(b) iv) pride and joy.
(c) iv) dignity.
(d) ii) courageous.
(e) iii) ~~captured~~ captured.
(f) iii) independently.
(2) iv) all of i, ii and iii.","(a)  iii) virtuality.
(b) iv) pride and joy.
(c) iv) dignity.
(d) ii) courageous.
(e) iii)  captured.
(f) iii) independently.
(2) iv) all of i, ii and iii.","","1","ok","","0.95","0","0","0","2","0","0","False","False","","27","155","","","","","0","","","gemma-4-31b-it","gemini","extraction_prompt_c6_v1","f172ab06cd2b8256703c24aac7a3e69688981e106974ba6a4975feb8e0e852b6","{""thinking_level"": ""medium"", ""max_output_tokens"": 32768}","2026-09-17T03:53:50.383577+00:00"
"SHORT_020","SE_06_Q1","SE_06_Q1_0020","2","Short_Answer","5","","","absent","Write short answers to the following questions. (1 x 5 = 5)
a. What happened during the war in 1971?
b. How do people celebrate Victory Day?
c. Why is the National Martyrs’ Memorial important?
d. What do people sing at the National Martyrs’ Memorial?
e. What does the 31-gun salute represent on Victory Day?

READING PASSAGE (questions 1 and 2):
December 16 is a remarkable day for Bangladeshi people. On this day in 1971. Bangladesh got independence after a nine-month-long blood-soaked battle against the Pakistani army. It is a day of national pride as well as a day of commemorating the sacrifices of the millions of Bangladeshi people. Pakistani army killed three million people and assaulted thousands of women.
The Victory Day is celebrated with great enthusiasm across the country. The day begins with a 31-gun salute at dawn, followed by the hoisting of the national flag at government buildings and private institutions. Different political, cultural and educational programmes are organised to pay homage to the martyrs of the war. The entire nation celebrates the day with colourful flags, banners and parades.
The National Parade ground hosts a grand military parade where the president, the prime minister and dignitaries from government and non-government sectors join, The National Martyrs Memorial in Savar, our monument dedicated to the soldiers and civilians who lost their lives during the war, becomes a focal point for citizens to pay their respect. People from all walks of life gather to offer flowers, recite patriotic songs, and recall the sacrifices made by the nation's heroes.

ANSWER KEY — indicative content, 1 mark per item (whole mark or nothing; there are no half marks on this question):
a. Bangladesh fought a nine-month-long battle against the Pakistani army, who killed three million people and assaulted thousands of women; the country won independence on 16 December 1971.
b. With a 31-gun salute at dawn, hoisting of the national flag, political, cultural and educational programmes, and parades with colourful flags and banners.
c. It is the monument dedicated to the soldiers and civilians who lost their lives during the war, and it becomes the focal point where citizens pay their respect.
d. Patriotic songs.
e. It marks the start of Victory Day at dawn and honours the martyrs and the nation's victory.

Wording need not match the key — award the mark for any answer carrying the same content, in the student's own words or lifted from the passage. Award 0 for a wrong, off-question or omitted answer.

MARKING NOTE: this question is ITEM-SCORED. Mark each lettered item against the key and put the SUM of the item marks in context_content_data, leaving structure_format_brevity, language_mechanics and originality_comparisons_paraphrase at 0. Nothing is awarded or deducted for handwriting, style, or spelling beyond what the key requires. An item the student did not attempt scores 0 for that item only. No structural cap is ever applied to an item-scored question.","","(a) Ans: In 1971 war the Bangladesh got independence after a ~~nine-month~~ nine-month-long blood-soaked battle against the pakist Army.
(b) Ans: The victoryday is celebrated with great enthusiasm across the country. The day begin with a 31-gun salute at dawn, followed by the hosting of the nation flag at government building and private institution.
(c) Ans: The national martyrs memorial importent because they lost their lives during the war for independence.
(d) Ans: people from all ~~walk~~ walks from of life gather to offer flowers, recite patriotic song, and recall the sacrifices made by the nation's heroes
(e) Ans: The day ~~do~~ begins with a 31-gun salute at dawn, followed by the hoisting of the national flag at government buildings and private institutions,","(a) Ans: In 1971 war the Bangladesh got independence after a  nine-month-long blood-soaked battle against the pakist Army.
(b) Ans: The victoryday is celebrated with great enthusiasm across the country. The day begin with a 31-gun salute at dawn, followed by the hosting of the nation flag at government building and private institution.
(c) Ans: The national martyrs memorial importent because they lost their lives during the war for independence.
(d) Ans: people from all  walks from of life gather to offer flowers, recite patriotic song, and recall the sacrifices made by the nation's heroes
(e) Ans: The day  begins with a 31-gun salute at dawn, followed by the hoisting of the national flag at government buildings and private institutions,","","2-3","ok","","0.9","0","0","0","3","0","0","False","False","","122","747","","","","","0","","","gemma-4-31b-it","gemini","extraction_prompt_c6_v1","f172ab06cd2b8256703c24aac7a3e69688981e106974ba6a4975feb8e0e852b6","{""thinking_level"": ""medium"", ""max_output_tokens"": 32768}","2026-09-17T03:53:50.383577+00:00"
"GAP_020","SE_06_Q1","SE_06_Q1_0020","3","Gap_Fill","5","","","absent","Read the text and answer question 3: Complete the passage with suitable words. (1 x 5 = 5)
After finding the box Rajendra and Ravi (a) — about valuable stones. Then they (b) — to Jaipur. After showing the papers to the museum people, Uncle Santosh (c) — to know that the papers were valuable. He (d) — the papers to the museum for ten thousand rupees. Later, (e) — the news, the boy were happy.

READING PASSAGE (questions 3 and 4):
That night Ravi dreamt about gold coins and jewels. The next morning they packed everything into the jeep and went back to Jaipur, Uncle Santosh went to the museum to show his friend the papers. When he came back, he told the boys, ""Those papers were very valuable. The museum people bought them for ten thousand rupees."" The boys were delighted. When Ravi met his father and mother once again, he told them about his adventures and gave them Rs 50,000. Rajendra and Ravi never forgot the kind owl who helped them to find the old box.

ANSWER KEY (1 mark per gap). No clue words are supplied, so ANY word that fits the sentence grammatically and agrees with the passage is correct:
a. dreamt / dreamed / talked / thought
b. went back / returned / came back
c. was surprised / was glad / was happy / came
d. sold
e. hearing / on hearing / after hearing / getting

A word that fits the sense but is misspelled still earns the mark. A word of the wrong part of speech, or one that contradicts the passage, does not.

MARKING NOTE: this question is ITEM-SCORED. Mark each lettered item against the key and put the SUM of the item marks in context_content_data, leaving structure_format_brevity, language_mechanics and originality_comparisons_paraphrase at 0. Nothing is awarded or deducted for handwriting, style, or spelling beyond what the key requires. An item the student did not attempt scores 0 for that item only. No structural cap is ever applied to an item-scored question.","","(a) never forgot.
(b) ~~walk~~ {inserted: went} back. (b) went back.
(c) people. Uncle santos,
(d) people bought them
(e) 50,000 gave them.","(a) never forgot.
(b)  went back. (b) went back.
(c) people. Uncle santos,
(d) people bought them
(e) 50,000 gave them.","","4","ok","","0.9","0","0","0","1","1","0","False","False","","20","119","","","","","0","","","gemma-4-31b-it","gemini","extraction_prompt_c6_v1","f172ab06cd2b8256703c24aac7a3e69688981e106974ba6a4975feb8e0e852b6","{""thinking_level"": ""medium"", ""max_output_tokens"": 32768}","2026-09-17T03:53:50.383577+00:00"
"VOCAB_020","SE_06_Q1","SE_06_Q1_0020","4","Vocabulary","5","","","absent","Read the passage carefully and replace the following words with their suitable synonyms or antonyms. (1 x 5 = 5)
(a) Went back (antonym), (b) Museum (synonym), (c) Friend (synonym), (d) Show (antonym), (e) Bought (synonym)

READING PASSAGE (questions 3 and 4):
That night Ravi dreamt about gold coins and jewels. The next morning they packed everything into the jeep and went back to Jaipur, Uncle Santosh went to the museum to show his friend the papers. When he came back, he told the boys, ""Those papers were very valuable. The museum people bought them for ten thousand rupees."" The boys were delighted. When Ravi met his father and mother once again, he told them about his adventures and gave them Rs 50,000. Rajendra and Ravi never forgot the kind owl who helped them to find the old box.

ANSWER KEY (1 mark per item). Any correct word of the required relation is acceptable; the words below are indicative, not exhaustive:
a. Went back (Antonym): came / went forward / advanced / set out / left
b. Museum (Synonym): gallery / archive / repository / exhibition hall
c. Friend (Synonym): companion / mate / comrade / ally / pal
d. Show (Antonym): hide / conceal / cover
e. Bought (Synonym): purchased

Giving a synonym where an antonym was asked (or the reverse) scores 0 for that item. A correct word that is misspelled still earns the mark.

MARKING NOTE: this question is ITEM-SCORED. Mark each lettered item against the key and put the SUM of the item marks in context_content_data, leaving structure_format_brevity, language_mechanics and originality_comparisons_paraphrase at 0. Nothing is awarded or deducted for handwriting, style, or spelling beyond what the key requires. An item the student did not attempt scores 0 for that item only. No structural cap is ever applied to an item-scored question.","","(a) came back.
(b) Antie shop
(c) brother
(d) Hide
(e) Rent","(a) came back.
(b) Antie shop
(c) brother
(d) Hide
(e) Rent","","5","ok","","0.95","0","0","0","0","0","0","False","False","","12","59","","","","","0","","","gemma-4-31b-it","gemini","extraction_prompt_c6_v1","f172ab06cd2b8256703c24aac7a3e69688981e106974ba6a4975feb8e0e852b6","{""thinking_level"": ""medium"", ""max_output_tokens"": 32768}","2026-09-17T03:53:50.383577+00:00"
"TABLE_020","SE_06_Q1","SE_06_Q1_0020","5","Table_Completion","5","","","absent","Read the text and answer question 5: Complete the table with information from the passage. (1 x 5 = 5)
| Topic | Information from the passage |
| a. Class Raju reads in | (i) |
| b. Subjects he did well in | (ii) |
| c. Marks he got in those subjects | (iii) |
| d. Subjects he did poorly in | (iv) |
| e. Marks he got in weak subjects | (v) |

READING PASSAGE (questions 5, 6 and 7):
Raju is a student of class six. Last week, his school held class tests in several subjects. Raju worked very hard to do well. He got 8 in Bangla, 9 in English, and 10 in Mathematics out of 10. His teachers praised him for his good marks. However, he could not do well in ICT, Science, and Religion, getting only 6 marks in each.
Raju felt a little sad about his low marks but promised to study harder next time. His father told him not to lose hope. His mother advised him to read ICT and Science regularly. Raju made a plan to give more time to those subjects. He was happy that he did very well in Bangla, English, and Math. Raju believes that with more practice, he can improve all his subjects.

ANSWER KEY (1 mark per blank):
i. Class six
ii. Bangla, English and Mathematics
iii. 8 in Bangla, 9 in English and 10 in Mathematics (out of 10)
iv. ICT, Science and Religion
v. 6 marks in each

This question asks for information lifted from the passage, so copying the passage's wording is CORRECT here and must not be penalised. A partial but unambiguous answer (e.g. naming all three subjects in ii) earns the mark; an answer that names only some of the required items does not.

MARKING NOTE: this question is ITEM-SCORED. Mark each lettered item against the key and put the SUM of the item marks in context_content_data, leaving structure_format_brevity, language_mechanics and originality_comparisons_paraphrase at 0. Nothing is awarded or deducted for handwriting, style, or spelling beyond what the key requires. An item the student did not attempt scores 0 for that item only. No structural cap is ever applied to an item-scored question.","","(a) class six.
(b) Bangla, English and ~~Mathematics~~ {inserted: Mathematics}
(c) 8 in Bangla, 9 in English, 10 in Mathematics ICT, Science and Religion getting only 6 marks in each out of 10.
(d) Ict, science and Religion
(e) ~~Ict~~, Science and Religion only 6 marks in each.","(a) class six.
(b) Bangla, English and  Mathematics
(c) 8 in Bangla, 9 in English, 10 in Mathematics ICT, Science and Religion getting only 6 marks in each out of 10.
(d) Ict, science and Religion
(e) , Science and Religion only 6 marks in each.","","6","ok","","0.9","0","0","0","2","1","0","False","False","","39","245","","","","","0","","","gemma-4-31b-it","gemini","extraction_prompt_c6_v1","f172ab06cd2b8256703c24aac7a3e69688981e106974ba6a4975feb8e0e852b6","{""thinking_level"": ""medium"", ""max_output_tokens"": 32768}","2026-09-17T03:53:50.383577+00:00"
"TF_020","SE_06_Q1","SE_06_Q1_0020","6","True_False","5","","","absent","Read the statements below. Write ‘True’ if the statement is correct and ‘False’ if it is incorrect. If false, write the correct answer. (1 x 5 = 5)
a. Raju thinks he cannot improve his weak subjects.
b. He got 6 marks out of 10 in Mathematics.
c. Raju got full marks in Mathematics.
d. Raju plans to work lesser next time.
e. His father scolded him for low marks.

READING PASSAGE (questions 5, 6 and 7):
Raju is a student of class six. Last week, his school held class tests in several subjects. Raju worked very hard to do well. He got 8 in Bangla, 9 in English, and 10 in Mathematics out of 10. His teachers praised him for his good marks. However, he could not do well in ICT, Science, and Religion, getting only 6 marks in each.
Raju felt a little sad about his low marks but promised to study harder next time. His father told him not to lose hope. His mother advised him to read ICT and Science regularly. Raju made a plan to give more time to those subjects. He was happy that he did very well in Bangla, English, and Math. Raju believes that with more practice, he can improve all his subjects.

ANSWER KEY (1 mark per item):
a. False — Raju believes that with more practice he can improve all his subjects.
b. False — he got 10 out of 10 in Mathematics; 6 was his mark in ICT, Science and Religion.
c. True
d. False — he promised to study harder and planned to give more time to his weak subjects.
e. False — his father told him not to lose hope.

A ‘False’ verdict with NO correction, or with a wrong correction, scores 0 for that item — the question requires both. The correction need not match the key's wording; any correction carrying the right fact is accepted.

MARKING NOTE: this question is ITEM-SCORED. Mark each lettered item against the key and put the SUM of the item marks in context_content_data, leaving structure_format_brevity, language_mechanics and originality_comparisons_paraphrase at 0. Nothing is awarded or deducted for handwriting, style, or spelling beyond what the key requires. An item the student did not attempt scores 0 for that item only. No structural cap is ever applied to an item-scored question.","","(a) False. Raju thinks he improve his weak subjects.
(b) False. He got 10 marks out of 10 in Mathematics.
(c) True.
(d) False. Raju plan to work hand next time.
(e) False. His father not to lose hope for low marks.","(a) False. Raju thinks he improve his weak subjects.
(b) False. He got 10 marks out of 10 in Mathematics.
(c) True.
(d) False. Raju plan to work hand next time.
(e) False. His father not to lose hope for low marks.","","7","ok","","0.95","0","0","0","0","0","0","False","False","","40","214","","","","","0","","","gemma-4-31b-it","gemini","extraction_prompt_c6_v1","f172ab06cd2b8256703c24aac7a3e69688981e106974ba6a4975feb8e0e852b6","{""thinking_level"": ""medium"", ""max_output_tokens"": 32768}","2026-09-17T03:53:50.383577+00:00"
"SUMMARY_020","SE_06_Q1","SE_06_Q1_0020","7","Summary","5","","","absent","Write a summary of the passage in your own words. (5)

TEXT TO BE SUMMARIZED (questions 5, 6 and 7):
Raju is a student of class six. Last week, his school held class tests in several subjects. Raju worked very hard to do well. He got 8 in Bangla, 9 in English, and 10 in Mathematics out of 10. His teachers praised him for his good marks. However, he could not do well in ICT, Science, and Religion, getting only 6 marks in each.
Raju felt a little sad about his low marks but promised to study harder next time. His father told him not to lose hope. His mother advised him to read ICT and Science regularly. Raju made a plan to give more time to those subjects. He was happy that he did very well in Bangla, English, and Math. Raju believes that with more practice, he can improve all his subjects.","Raju is a student of class six. Last week, his school held class tests in several subjects. Raju worked very hard to do well. He got 8 in Bangla, 9 in English, and 10 in Mathematics out of 10. His teachers praised him for his good marks. However, he could not do well in ICT, Science, and Religion, getting only 6 marks in each.
Raju felt a little sad about his low marks but promised to study harder next time. His father told him not to lose hope. His mother advised him to read ICT and Science regularly. Raju made a plan to give more time to those subjects. He was happy that he did very well in Bangla, English, and Math. Raju believes that with more practice, he can improve all his subjects.","Raju is students of class six. He ~~work~~ very hard to do well in tests in several subjects. He got 8 in Bangla, 9 in English and 10 in Mathematics but could not ~~do~~ well in ICT, Science and Religion getting only 6 marks in each out of 10. He felt a little sad for his low marks, His father told him ~~to~~ not to lose hope. His mother advise him to read ICT and Science regula ~~Ra~~ {inserted: the} Raju made a plan to give more time to those subjects.","Raju is students of class six. He  very hard to do well in tests in several subjects. He got 8 in Bangla, 9 in English and 10 in Mathematics but could not  well in ICT, Science and Religion getting only 6 marks in each out of 10. He felt a little sad for his low marks, His father told him  not to lose hope. His mother advise him to read ICT and Science regula  the Raju made a plan to give more time to those subjects.","","8","ok","","0.9","0","0","0","4","1","0","False","False","","81","420","129","0.6279","True","0.5233","0","","","gemma-4-31b-it","gemini","extraction_prompt_c6_v1","f172ab06cd2b8256703c24aac7a3e69688981e106974ba6a4975feb8e0e852b6","{""thinking_level"": ""medium"", ""max_output_tokens"": 32768}","2026-09-17T03:53:50.383577+00:00"
"PREP_020","SE_06_Q1","SE_06_Q1_0020","8","Preposition_Use","5","","","absent","Use these prepositions in sentences of your own. (1 x 5 = 5)
a. bottom of, b. top of, c. through, d. along, e. across

ANSWER KEY (1 mark per item). There is no fixed answer: the student composes their own sentence for each preposition. Award the mark when the sentence (1) actually contains the given preposition, (2) uses it in a sense that is correct English, and (3) is a complete, intelligible sentence.

Model sentences, for reference only — a student sentence need not resemble them:
a. bottom of: The old box lay at the bottom of the river.
b. top of: A small flag was fixed on the top of the hill.
c. through: We walked through the forest before sunset.
d. along: They strolled along the river bank in the evening.
e. across: A wooden bridge runs across the canal.

Award 0 for an item where the preposition is missing, is used in a way that is not English (e.g. “He is bottom of happy”), or where nothing resembling a sentence was written. A minor spelling or article slip does NOT cost the mark — the item tests the preposition, not general accuracy.

MARKING NOTE: this question is ITEM-SCORED. Mark each lettered item against the key and put the SUM of the item marks in context_content_data, leaving structure_format_brevity, language_mechanics and originality_comparisons_paraphrase at 0. Nothing is awarded or deducted for handwriting, style, or spelling beyond what the key requires. An item the student did not attempt scores 0 for that item only. No structural cap is ever applied to an item-scored question.","","(a) He finds the box in bottom of the bed.
(b) He finds the pencil in top of the table.
(c) He ~~tyrant#~~ he top in the whole class.
(d) we along with he.
(e) He across the road,","(a) He finds the box in bottom of the bed.
(b) He finds the pencil in top of the table.
(c) He  he top in the whole class.
(d) we along with he.
(e) He across the road,","","9","ok","","0.8","0","0","0","1","0","0","False","False","","38","168","","","","","0","","","gemma-4-31b-it","gemini","extraction_prompt_c6_v1","f172ab06cd2b8256703c24aac7a3e69688981e106974ba6a4975feb8e0e852b6","{""thinking_level"": ""medium"", ""max_output_tokens"": 32768}","2026-09-17T03:53:50.383577+00:00"
"REARR_020","SE_06_Q1","SE_06_Q1_0020","9","Rearrange","8","","","absent","Put the following parts of the story in the correct order to make the whole story. Only the corresponding numbers of the sentences need to be written. (1 x 8 = 8)
a. She asked Bayazid to give her a glass of water, but he could not find any water in the pitcher.
b. Once Hazrat Bayazid Bustami came home to see his ailing mother.
c. But she again fell asleep.
d. So, he went to the well quite far from their house.
e. She woke up some hours later.
f. He filled the pitcher, came back and went to his mother with a glass of water.
g. As he was still standing by her bed, his mother drank the glass of water and blessed him from the core of heart.
h. He, instead of waking her up, stood by her bed with the glass of water in his hand.

ANSWER KEY — correct order (8 positions, 1 mark each):
1. b  (Once Hazrat Bayazid Bustami came home to see his ailing mother.)
2. a  (She asked Bayazid to give her a glass of water, but he could not find any water in the pitcher.)
3. d  (So, he went to the well quite far from their house.)
4. f  (He filled the pitcher, came back and went to his mother with a glass of water.)
5. c  (But she again fell asleep.)
6. h  (He, instead of waking her up, stood by her bed with the glass of water in his hand.)
7. e  (She woke up some hours later.)
8. g  (As he was still standing by her bed, his mother drank the glass of water and blessed him from the core of heart.)

Award 1 mark for each sentence the student places in its correct POSITION in the sequence above — a position-by-position comparison: b in slot 1 earns a mark, b anywhere else does not. The student may give the letters, the full sentences, or both; mark the order either way, and do not penalise copying slips inside the sentences.

MARKING NOTE: this question is ITEM-SCORED. Mark each lettered item against the key and put the SUM of the item marks in context_content_data, leaving structure_format_brevity, language_mechanics and originality_comparisons_paraphrase at 0. Nothing is awarded or deducted for handwriting, style, or spelling beyond what the key requires. An item the student did not attempt scores 0 for that item only. No structural cap is ever applied to an item-scored question.","","b) Once Hazrat Bayazid Bustami came home to see his ~~mother~~ ailing mother
d) She asked Bayazid to give her a glass of ~~wath~~ water but he could not find any ~~wath~~ water in the pitcher
d) So he went to the well quite ~~far~~ far from their house
f) He filled the pitcher, came back and went to his mother with a gloss of ~~wath~~ water.
c) But She ~~again~~ fell asleep.
h) He instead of waking up, stood by her ~~bed~~ with the glass of water in his hand.
e) She woke up some hours later.
g) As he was ~~standing~~ still standing by her bed, his mother drank the glass of water and ~~bless~~ blessed him from the core of heart.","b) Once Hazrat Bayazid Bustami came home to see his  ailing mother
d) She asked Bayazid to give her a glass of  water but he could not find any  water in the pitcher
d) So he went to the well quite  far from their house
f) He filled the pitcher, came back and went to his mother with a gloss of  water.
c) But She  fell asleep.
h) He instead of waking up, stood by her  with the glass of water in his hand.
e) She woke up some hours later.
g) As he was  still standing by her bed, his mother drank the glass of water and  blessed him from the core of heart.","","10-11","ok","","0.9","0","0","0","9","0","0","False","False","","115","557","","","","","0","","","gemma-4-31b-it","gemini","extraction_prompt_c6_v1","f172ab06cd2b8256703c24aac7a3e69688981e106974ba6a4975feb8e0e852b6","{""thinking_level"": ""medium"", ""max_output_tokens"": 32768}","2026-09-17T03:53:50.383577+00:00"
"POEM_020","SE_06_Q1","SE_06_Q1_0020","10","Poem_Short_Answer","10","","","absent","Answer any five of the following questions from the poems in your text book. (2 x 5 = 10)
a. What does Robin say about autumn?
b. How is Robin a happy bird?
c. How is Robin a hopeful bird?
d. What reason does Robin give for singing during the winter?
e. What does Robin teach us in the poem?
f. Why does the playmate come only on a rainy day?
g. Why does the boy think the playmate lives in another land?
h. What does the Moon come there to do?

ANSWER KEY — INDICATIVE ONLY, 2 marks per answer. The poem texts are not supplied with this paper, so the notes below describe the expected substance rather than fixed wording. Items a–e concern the poem about Robin, a bird who goes on singing as autumn turns to winter; items f–h concern the poem about a boy and an imagined playmate who visits on rainy days.
a. That autumn is passing and the cold season is coming — leaves fall and the bright days are ending.
b. He sings cheerfully whatever the season, finding joy in small things rather than complaining of the cold.
c. He keeps singing through the bleak season because he trusts that spring and better days will return.
d. He sings in winter to keep up his own and others' spirits, and because he believes the hard season will pass.
e. To stay cheerful and hopeful in hard times instead of giving way to gloom.
f. Because the rain keeps the boy indoors and alone, so that is when he longs for and imagines his playmate.
g. Because the playmate is never seen among the people he knows and appears only in his imagination, so the boy supposes he must come from some distant, unknown land.
h. It comes to look in on the child and keep him company — to shine on him and share the night with him.

BECAUSE THE KEY IS INDICATIVE, mark generously on substance: award 2 for an answer that is clearly about the right poem and carries a sensible reading consistent with these notes, 1 for a partly relevant or very thin answer, and 0 for an answer about the wrong poem, one that merely repeats the question, or one left blank.

ANY FIVE answers count, and only five are marked: if the student answers more than five, mark the FIRST five attempted and ignore the rest; if fewer than five, the unanswered ones score 0. Put the sum of the five item marks (0–10) in context_content_data and leave the other three criteria at 0.","","(a) Ans: Robin say about autumn is. ""There are fruits for all"".
(b) Ans: Robin is a happy bird because he is singing in all time seasons
(h) Ans: The moon comes to perp the boy.
(f) Ans: The play mate only comes on Rainy day because water reflected the boy.
(g) Ans: The boy think the playmate lives in another land because he comes only a rainy rainy day.
(e) Ans: Robin teacher us in poen is all time will be happy.","(a) Ans: Robin say about autumn is. ""There are fruits for all"".
(b) Ans: Robin is a happy bird because he is singing in all time seasons
(h) Ans: The moon comes to perp the boy.
(f) Ans: The play mate only comes on Rainy day because water reflected the boy.
(g) Ans: The boy think the playmate lives in another land because he comes only a rainy rainy day.
(e) Ans: Robin teacher us in poen is all time will be happy.","","12-13","ok","","0.85","0","0","0","0","0","0","False","False","","83","417","","","","","0","","","gemma-4-31b-it","gemini","extraction_prompt_c6_v1","f172ab06cd2b8256703c24aac7a3e69688981e106974ba6a4975feb8e0e852b6","{""thinking_level"": ""medium"", ""max_output_tokens"": 32768}","2026-09-17T03:53:50.383577+00:00"
"STORY_020","SE_06_Q1","SE_06_Q1_0020","11","Story","10","","","absent","Part-B : Writing. Read the opening of a story below and complete it in at least ten new sentences. Give a suitable title to it. (10)
Once upon a time two friends went on a journey. They had to go through a forest on the way. As they came through the wood, they saw a bear approaching…………","","Once upon a time two friends went on a journey. They had to go through a forest on the way. As they came through the wood, they saw a bear approaching. ~~They~~ They got frightened. one of them climbed on a tree. The other friend no see a alternative, lay down without breathing his face. The bear came and smelt the friend. bear think he is dead and went to the forest. The other friend who climbed a tree down ~~he~~ down and come out his ~~friend~~ friend. He says his friend the bear what what say on your ear. The friend says, bear ~~says~~ says me a good advise other a friend says what is the advise. The friend says the advise is ""don't trust a friend who leave you alone in danger"".","Once upon a time two friends went on a journey. They had to go through a forest on the way. As they came through the wood, they saw a bear approaching.  They got frightened. one of them climbed on a tree. The other friend no see a alternative, lay down without breathing his face. The bear came and smelt the friend. bear think he is dead and went to the forest. The other friend who climbed a tree down  down and come out his  friend. He says his friend the bear what what say on your ear. The friend says, bear  says me a good advise other a friend says what is the advise. The friend says the advise is ""don't trust a friend who leave you alone in danger"".","","14-15","ok","","0.9","0","0","0","4","0","0","False","False","","130","659","","","","","0","","","gemma-4-31b-it","gemini","extraction_prompt_c6_v1","f172ab06cd2b8256703c24aac7a3e69688981e106974ba6a4975feb8e0e852b6","{""thinking_level"": ""medium"", ""max_output_tokens"": 32768}","2026-09-17T03:53:50.383577+00:00"
"PARA_020","SE_06_Q1","SE_06_Q1_0020","12","Paragraph","10","","","absent","Write a paragraph in 120 words. ""A Rickshaw-Puller"" (10)","","A Rickshaw-puller

A Rickshaw is a poor man who pulls a rickshaw for his living. he lives in cities and towns. He usually lives in a small hut or slum. A Rickshaw life is full of struggle. He wake up early in the morning, then he pulls his rickshaw on the road. Sometimes he hires a rickshaw from the owner. He pays the rent at night. He waits for passengers. He carries men and good one place to another. He pulls his rickshaw in summer and in the rain. He cannot buy foods and clothes for his family, his children cannot goto school. He only eat rice and vegetables. A Rickshaw puller weak for hard labour. A rickshaw puller is help people town and villages. He carries us when we are in a hurry. we respreet them. [unclear: society] also make happy to improve his condition.","A Rickshaw-puller

A Rickshaw is a poor man who pulls a rickshaw for his living. he lives in cities and towns. He usually lives in a small hut or slum. A Rickshaw life is full of struggle. He wake up early in the morning, then he pulls his rickshaw on the road. Sometimes he hires a rickshaw from the owner. He pays the rent at night. He waits for passengers. He carries men and good one place to another. He pulls his rickshaw in summer and in the rain. He cannot buy foods and clothes for his family, his children cannot goto school. He only eat rice and vegetables. A Rickshaw puller weak for hard labour. A rickshaw puller is help people town and villages. He carries us when we are in a hurry. we respreet them. society also make happy to improve his condition.","","16-17","ok","","0.9","0","1","0","0","0","0","False","False","","146","766","","","","","1","","","gemma-4-31b-it","gemini","extraction_prompt_c6_v1","f172ab06cd2b8256703c24aac7a3e69688981e106974ba6a4975feb8e0e852b6","{""thinking_level"": ""medium"", ""max_output_tokens"": 32768}","2026-09-17T03:53:50.383577+00:00"
"DIALOG_020","SE_06_Q1","SE_06_Q1_0020","13","Dialogue","10","","","absent","You are Shahid and you have been suffering from fever along with some Covid-19 symptoms for a week. Now, you are at the chamber of a doctor. Write a dialogue between you and the doctor. (10)","","Shahid: sir, may I come in?
docton: Yes, please come and show me your problem.
shahid: I'm suffering from fever. I have also a runny nose and sneezing. I have a bad hadache,
docton: How many family members live with you?
shahid: four my father and mother and my elder sisters,
docton: Is your any family member have suffering from fever and also have a runny nose.
shahid: Oh, no. My father have suffer from fever and a pain all the body,
doctons: Please, check-up you covid-19 test as earlian as possible.
shahid: Anything else sir,
doctons: I think you have a covid covid-19.
Shahid: oh, no. I'm very frightened.
doctons:","Shahid: sir, may I come in?
docton: Yes, please come and show me your problem.
shahid: I'm suffering from fever. I have also a runny nose and sneezing. I have a bad hadache,
docton: How many family members live with you?
shahid: four my father and mother and my elder sisters,
docton: Is your any family member have suffering from fever and also have a runny nose.
shahid: Oh, no. My father have suffer from fever and a pain all the body,
doctons: Please, check-up you covid-19 test as earlian as possible.
shahid: Anything else sir,
doctons: I think you have a covid covid-19.
Shahid: oh, no. I'm very frightened.
doctons:","","18-19","ok","","0.95","0","0","0","0","0","0","False","False","","112","623","","","","","0","","","gemma-4-31b-it","gemini","extraction_prompt_c6_v1","f172ab06cd2b8256703c24aac7a3e69688981e106974ba6a4975feb8e0e852b6","{""thinking_level"": ""medium"", ""max_output_tokens"": 32768}","2026-09-17T03:53:50.383577+00:00"
"MCQ_021","SE_06_Q1","SE_06_Q1_0021","1","MCQ","7","","","absent","Read the text and answer question 1: Choose the best answer from the alternatives. (1 x 7 = 7)
a. On the 16th of December of the same year, the 26 March declaration of independence became a reality. Here the meaning of the word reality is — i. experience  ii. certainty  iii. virtuality  iv. actuality
b. To every Bangladeshi the 16th December is a day of — i. self analysis  ii. sorrows and sufferings  iii. self questioning  iv. pride and joy
c. We pay our deep respect to the martyrs who gave their lives for the independence of Bangladesh. Here respect means — i. neglect  ii. honour  iii. favour  iv. dignity
d. We, the Bangalees celebrate our Victory Day by remembering the roles played by our fearless freedom fighters and the people at large. Which of the following words has a similar meaning of fearless? i. curious  ii. courageous  iii. fearful  iv. rebillion
e. This is why December 16 is our Victory Day when the Pakistan army surrendered unconditionally. What does surrendered mean here? i. defended  ii. submitted  iii. captured  iv. with stood
f. To build up our nation as a prosperous country we have to work — i. individually  ii. separately  iii. independently  iv. unitedly
g. 1971 is the year of our — i. Liberation War  ii. Independence  iii. Victory day  iv. all of i, ii & iii

READING PASSAGE (questions 1 and 2):
December 16 is a remarkable day for Bangladeshi people. On this day in 1971. Bangladesh got independence after a nine-month-long blood-soaked battle against the Pakistani army. It is a day of national pride as well as a day of commemorating the sacrifices of the millions of Bangladeshi people. Pakistani army killed three million people and assaulted thousands of women.
The Victory Day is celebrated with great enthusiasm across the country. The day begins with a 31-gun salute at dawn, followed by the hoisting of the national flag at government buildings and private institutions. Different political, cultural and educational programmes are organised to pay homage to the martyrs of the war. The entire nation celebrates the day with colourful flags, banners and parades.
The National Parade ground hosts a grand military parade where the president, the prime minister and dignitaries from government and non-government sectors join, The National Martyrs Memorial in Savar, our monument dedicated to the soldiers and civilians who lost their lives during the war, becomes a focal point for citizens to pay their respect. People from all walks of life gather to offer flowers, recite patriotic songs, and recall the sacrifices made by the nation's heroes.

ANSWER KEY (1 mark per item, no part marks):
a. iv. actuality
b. iv. pride and joy
c. ii. honour
d. ii. courageous
e. ii. submitted
f. iv. unitedly
g. iv. all of i, ii & iii

Accept the option written as the roman numeral alone (“iv”), as the option text alone (“actuality”), or as both. Misspelling a correctly chosen option does NOT cost the mark.

MARKING NOTE: this question is ITEM-SCORED. Mark each lettered item against the key and put the SUM of the item marks in context_content_data, leaving structure_format_brevity, language_mechanics and originality_comparisons_paraphrase at 0. Nothing is awarded or deducted for handwriting, style, or spelling beyond what the key requires. An item the student did not attempt scores 0 for that item only. No structural cap is ever applied to an item-scored question.","","a. (i) experience.
b. ~~(ii) favoun~~ {inserted: (ii) sow knows andjoy.
c. (iii) favoun
d. (iii) fearful
e. (i) defended.
f. (iv) unitedly.
g. (ii) Independence.","a. (i) experience.
b.  (ii) sow knows andjoy.
c. (iii) favoun
d. (iii) fearful
e. (i) defended.
f. (iv) unitedly.
g. (ii) Independence.","","1","ok","","0.9","0","0","0","1","1","0","False","True","unbalanced_marker","23","135","","","","","0","","","gemma-4-31b-it","gemini","extraction_prompt_c6_v1","f172ab06cd2b8256703c24aac7a3e69688981e106974ba6a4975feb8e0e852b6","{""thinking_level"": ""medium"", ""max_output_tokens"": 32768}","2026-09-17T04:01:30.726086+00:00"
"SHORT_021","SE_06_Q1","SE_06_Q1_0021","2","Short_Answer","5","","","absent","Write short answers to the following questions. (1 x 5 = 5)
a. What happened during the war in 1971?
b. How do people celebrate Victory Day?
c. Why is the National Martyrs’ Memorial important?
d. What do people sing at the National Martyrs’ Memorial?
e. What does the 31-gun salute represent on Victory Day?

READING PASSAGE (questions 1 and 2):
December 16 is a remarkable day for Bangladeshi people. On this day in 1971. Bangladesh got independence after a nine-month-long blood-soaked battle against the Pakistani army. It is a day of national pride as well as a day of commemorating the sacrifices of the millions of Bangladeshi people. Pakistani army killed three million people and assaulted thousands of women.
The Victory Day is celebrated with great enthusiasm across the country. The day begins with a 31-gun salute at dawn, followed by the hoisting of the national flag at government buildings and private institutions. Different political, cultural and educational programmes are organised to pay homage to the martyrs of the war. The entire nation celebrates the day with colourful flags, banners and parades.
The National Parade ground hosts a grand military parade where the president, the prime minister and dignitaries from government and non-government sectors join, The National Martyrs Memorial in Savar, our monument dedicated to the soldiers and civilians who lost their lives during the war, becomes a focal point for citizens to pay their respect. People from all walks of life gather to offer flowers, recite patriotic songs, and recall the sacrifices made by the nation's heroes.

ANSWER KEY — indicative content, 1 mark per item (whole mark or nothing; there are no half marks on this question):
a. Bangladesh fought a nine-month-long battle against the Pakistani army, who killed three million people and assaulted thousands of women; the country won independence on 16 December 1971.
b. With a 31-gun salute at dawn, hoisting of the national flag, political, cultural and educational programmes, and parades with colourful flags and banners.
c. It is the monument dedicated to the soldiers and civilians who lost their lives during the war, and it becomes the focal point where citizens pay their respect.
d. Patriotic songs.
e. It marks the start of Victory Day at dawn and honours the martyrs and the nation's victory.

Wording need not match the key — award the mark for any answer carrying the same content, in the student's own words or lifted from the passage. Award 0 for a wrong, off-question or omitted answer.

MARKING NOTE: this question is ITEM-SCORED. Mark each lettered item against the key and put the SUM of the item marks in context_content_data, leaving structure_format_brevity, language_mechanics and originality_comparisons_paraphrase at 0. Nothing is awarded or deducted for handwriting, style, or spelling beyond what the key requires. An item the student did not attempt scores 0 for that item only. No structural cap is ever applied to an item-scored question.","","a) on this day in 1971 : Bangladesh got independence ~~a~~ after a nine-month-long blood-soaked battle against the pakistani army,
b) The Victory Day is celebrated with great enthusiasm across the contry.
c) Differen nt political, cultural and educational programmes ane organ ised to pay homage to the man tryns of the wan,
d) The day begins with ~~a 31-gu~~ 31-Jun salute at dawn, followed by the hoisting of the national flag at govemmment buildings and private institution","a) on this day in 1971 : Bangladesh got independence  after a nine-month-long blood-soaked battle against the pakistani army,
b) The Victory Day is celebrated with great enthusiasm across the contry.
c) Differen nt political, cultural and educational programmes ane organ ised to pay homage to the man tryns of the wan,
d) The day begins with  31-Jun salute at dawn, followed by the hoisting of the national flag at govemmment buildings and private institution","","1-2","ok","","0.9","0","0","0","2","0","0","False","False","","76","460","","","","","0","","","gemma-4-31b-it","gemini","extraction_prompt_c6_v1","f172ab06cd2b8256703c24aac7a3e69688981e106974ba6a4975feb8e0e852b6","{""thinking_level"": ""medium"", ""max_output_tokens"": 32768}","2026-09-17T04:01:30.726086+00:00"
"GAP_021","SE_06_Q1","SE_06_Q1_0021","3","Gap_Fill","5","","","absent","Read the text and answer question 3: Complete the passage with suitable words. (1 x 5 = 5)
After finding the box Rajendra and Ravi (a) — about valuable stones. Then they (b) — to Jaipur. After showing the papers to the museum people, Uncle Santosh (c) — to know that the papers were valuable. He (d) — the papers to the museum for ten thousand rupees. Later, (e) — the news, the boy were happy.

READING PASSAGE (questions 3 and 4):
That night Ravi dreamt about gold coins and jewels. The next morning they packed everything into the jeep and went back to Jaipur, Uncle Santosh went to the museum to show his friend the papers. When he came back, he told the boys, ""Those papers were very valuable. The museum people bought them for ten thousand rupees."" The boys were delighted. When Ravi met his father and mother once again, he told them about his adventures and gave them Rs 50,000. Rajendra and Ravi never forgot the kind owl who helped them to find the old box.

ANSWER KEY (1 mark per gap). No clue words are supplied, so ANY word that fits the sentence grammatically and agrees with the passage is correct:
a. dreamt / dreamed / talked / thought
b. went back / returned / came back
c. was surprised / was glad / was happy / came
d. sold
e. hearing / on hearing / after hearing / getting

A word that fits the sense but is misspelled still earns the mark. A word of the wrong part of speech, or one that contradicts the passage, does not.

MARKING NOTE: this question is ITEM-SCORED. Mark each lettered item against the key and put the SUM of the item marks in context_content_data, leaving structure_format_brevity, language_mechanics and originality_comparisons_paraphrase at 0. Nothing is awarded or deducted for handwriting, style, or spelling beyond what the key requires. An item the student did not attempt scores 0 for that item only. No structural cap is ever applied to an item-scored question.","","a) [illegible]","a) [illegible]","","2","ok","","0.4","1","0","0","0","0","0","False","True","low_confidence","1","14","","","","","0","","","gemma-4-31b-it","gemini","extraction_prompt_c6_v1","f172ab06cd2b8256703c24aac7a3e69688981e106974ba6a4975feb8e0e852b6","{""thinking_level"": ""medium"", ""max_output_tokens"": 32768}","2026-09-17T04:01:30.726086+00:00"
"VOCAB_021","SE_06_Q1","SE_06_Q1_0021","4","Vocabulary","5","","","absent","Read the passage carefully and replace the following words with their suitable synonyms or antonyms. (1 x 5 = 5)
(a) Went back (antonym), (b) Museum (synonym), (c) Friend (synonym), (d) Show (antonym), (e) Bought (synonym)

READING PASSAGE (questions 3 and 4):
That night Ravi dreamt about gold coins and jewels. The next morning they packed everything into the jeep and went back to Jaipur, Uncle Santosh went to the museum to show his friend the papers. When he came back, he told the boys, ""Those papers were very valuable. The museum people bought them for ten thousand rupees."" The boys were delighted. When Ravi met his father and mother once again, he told them about his adventures and gave them Rs 50,000. Rajendra and Ravi never forgot the kind owl who helped them to find the old box.

ANSWER KEY (1 mark per item). Any correct word of the required relation is acceptable; the words below are indicative, not exhaustive:
a. Went back (Antonym): came / went forward / advanced / set out / left
b. Museum (Synonym): gallery / archive / repository / exhibition hall
c. Friend (Synonym): companion / mate / comrade / ally / pal
d. Show (Antonym): hide / conceal / cover
e. Bought (Synonym): purchased

Giving a synonym where an antonym was asked (or the reverse) scores 0 for that item. A correct word that is misspelled still earns the mark.

MARKING NOTE: this question is ITEM-SCORED. Mark each lettered item against the key and put the SUM of the item marks in context_content_data, leaving structure_format_brevity, language_mechanics and originality_comparisons_paraphrase at 0. Nothing is awarded or deducted for handwriting, style, or spelling beyond what the key requires. An item the student did not attempt scores 0 for that item only. No structural cap is ever applied to an item-scored question.","","a) wentback — went come.
b)
c)
d)
e) bought — buy","a) wentback — went come.
b)
c)
d)
e) bought — buy","","3","ok","","0.9","0","0","0","0","0","0","False","False","","10","49","","","","","0","","","gemma-4-31b-it","gemini","extraction_prompt_c6_v1","f172ab06cd2b8256703c24aac7a3e69688981e106974ba6a4975feb8e0e852b6","{""thinking_level"": ""medium"", ""max_output_tokens"": 32768}","2026-09-17T04:01:30.726086+00:00"
"TABLE_021","SE_06_Q1","SE_06_Q1_0021","5","Table_Completion","5","","","absent","Read the text and answer question 5: Complete the table with information from the passage. (1 x 5 = 5)
| Topic | Information from the passage |
| a. Class Raju reads in | (i) |
| b. Subjects he did well in | (ii) |
| c. Marks he got in those subjects | (iii) |
| d. Subjects he did poorly in | (iv) |
| e. Marks he got in weak subjects | (v) |

READING PASSAGE (questions 5, 6 and 7):
Raju is a student of class six. Last week, his school held class tests in several subjects. Raju worked very hard to do well. He got 8 in Bangla, 9 in English, and 10 in Mathematics out of 10. His teachers praised him for his good marks. However, he could not do well in ICT, Science, and Religion, getting only 6 marks in each.
Raju felt a little sad about his low marks but promised to study harder next time. His father told him not to lose hope. His mother advised him to read ICT and Science regularly. Raju made a plan to give more time to those subjects. He was happy that he did very well in Bangla, English, and Math. Raju believes that with more practice, he can improve all his subjects.

ANSWER KEY (1 mark per blank):
i. Class six
ii. Bangla, English and Mathematics
iii. 8 in Bangla, 9 in English and 10 in Mathematics (out of 10)
iv. ICT, Science and Religion
v. 6 marks in each

This question asks for information lifted from the passage, so copying the passage's wording is CORRECT here and must not be penalised. A partial but unambiguous answer (e.g. naming all three subjects in ii) earns the mark; an answer that names only some of the required items does not.

MARKING NOTE: this question is ITEM-SCORED. Mark each lettered item against the key and put the SUM of the item marks in context_content_data, leaving structure_format_brevity, language_mechanics and originality_comparisons_paraphrase at 0. Nothing is awarded or deducted for handwriting, style, or spelling beyond what the key requires. An item the student did not attempt scores 0 for that item only. No structural cap is ever applied to an item-scored question.","","(i) Raju reads in class six.
(ii) He dd well in Batngla, English, and mathematics subject.
(iii) He got in those subject 8, 9, and 10
(iv) He did poorly in ICT and science.
(v) He got in weak subject ICT and science .","(i) Raju reads in class six.
(ii) He dd well in Batngla, English, and mathematics subject.
(iii) He got in those subject 8, 9, and 10
(iv) He did poorly in ICT and science.
(v) He got in weak subject ICT and science .","","3-4","ok","","0.9","0","0","0","0","0","0","False","False","","40","217","","","","","0","","","gemma-4-31b-it","gemini","extraction_prompt_c6_v1","f172ab06cd2b8256703c24aac7a3e69688981e106974ba6a4975feb8e0e852b6","{""thinking_level"": ""medium"", ""max_output_tokens"": 32768}","2026-09-17T04:01:30.726086+00:00"
"TF_021","SE_06_Q1","SE_06_Q1_0021","6","True_False","5","","","absent","Read the statements below. Write ‘True’ if the statement is correct and ‘False’ if it is incorrect. If false, write the correct answer. (1 x 5 = 5)
a. Raju thinks he cannot improve his weak subjects.
b. He got 6 marks out of 10 in Mathematics.
c. Raju got full marks in Mathematics.
d. Raju plans to work lesser next time.
e. His father scolded him for low marks.

READING PASSAGE (questions 5, 6 and 7):
Raju is a student of class six. Last week, his school held class tests in several subjects. Raju worked very hard to do well. He got 8 in Bangla, 9 in English, and 10 in Mathematics out of 10. His teachers praised him for his good marks. However, he could not do well in ICT, Science, and Religion, getting only 6 marks in each.
Raju felt a little sad about his low marks but promised to study harder next time. His father told him not to lose hope. His mother advised him to read ICT and Science regularly. Raju made a plan to give more time to those subjects. He was happy that he did very well in Bangla, English, and Math. Raju believes that with more practice, he can improve all his subjects.

ANSWER KEY (1 mark per item):
a. False — Raju believes that with more practice he can improve all his subjects.
b. False — he got 10 out of 10 in Mathematics; 6 was his mark in ICT, Science and Religion.
c. True
d. False — he promised to study harder and planned to give more time to his weak subjects.
e. False — his father told him not to lose hope.

A ‘False’ verdict with NO correction, or with a wrong correction, scores 0 for that item — the question requires both. The correction need not match the key's wording; any correction carrying the right fact is accepted.

MARKING NOTE: this question is ITEM-SCORED. Mark each lettered item against the key and put the SUM of the item marks in context_content_data, leaving structure_format_brevity, language_mechanics and originality_comparisons_paraphrase at 0. Nothing is awarded or deducted for handwriting, style, or spelling beyond what the key requires. An item the student did not attempt scores 0 for that item only. No structural cap is ever applied to an item-scored question.","","a) false. correct answer: Raju can improve all weak subject.
b) False. correct answer: He got 10 markes out of 10 in mathematics.
c) ~~False~~ correct answer: (C) True,
d) false. correct answer: Raju plan to give more time to those subject
e)","a) false. correct answer: Raju can improve all weak subject.
b) False. correct answer: He got 10 markes out of 10 in mathematics.
c)  correct answer: (C) True,
d) false. correct answer: Raju plan to give more time to those subject
e)","","4-5","ok","","0.9","0","0","0","1","0","0","False","False","","40","233","","","","","0","","","gemma-4-31b-it","gemini","extraction_prompt_c6_v1","f172ab06cd2b8256703c24aac7a3e69688981e106974ba6a4975feb8e0e852b6","{""thinking_level"": ""medium"", ""max_output_tokens"": 32768}","2026-09-17T04:01:30.726086+00:00"
"SUMMARY_021","SE_06_Q1","SE_06_Q1_0021","7","Summary","5","","","absent","Write a summary of the passage in your own words. (5)

TEXT TO BE SUMMARIZED (questions 5, 6 and 7):
Raju is a student of class six. Last week, his school held class tests in several subjects. Raju worked very hard to do well. He got 8 in Bangla, 9 in English, and 10 in Mathematics out of 10. His teachers praised him for his good marks. However, he could not do well in ICT, Science, and Religion, getting only 6 marks in each.
Raju felt a little sad about his low marks but promised to study harder next time. His father told him not to lose hope. His mother advised him to read ICT and Science regularly. Raju made a plan to give more time to those subjects. He was happy that he did very well in Bangla, English, and Math. Raju believes that with more practice, he can improve all his subjects.","Raju is a student of class six. Last week, his school held class tests in several subjects. Raju worked very hard to do well. He got 8 in Bangla, 9 in English, and 10 in Mathematics out of 10. His teachers praised him for his good marks. However, he could not do well in ICT, Science, and Religion, getting only 6 marks in each.
Raju felt a little sad about his low marks but promised to study harder next time. His father told him not to lose hope. His mother advised him to read ICT and Science regularly. Raju made a plan to give more time to those subjects. He was happy that he did very well in Bangla, English, and Math. Raju believes that with more practice, he can improve all his subjects.","","","","","not_attempted","question not found in transcript (verified absent)","","","","","","","","","","","0","0","","","","","","","","gemma-4-31b-it","gemini","extraction_prompt_c6_v1","f172ab06cd2b8256703c24aac7a3e69688981e106974ba6a4975feb8e0e852b6","{""thinking_level"": ""medium"", ""max_output_tokens"": 32768}","2026-09-17T04:01:30.726086+00:00"
"PREP_021","SE_06_Q1","SE_06_Q1_0021","8","Preposition_Use","5","","","absent","Use these prepositions in sentences of your own. (1 x 5 = 5)
a. bottom of, b. top of, c. through, d. along, e. across

ANSWER KEY (1 mark per item). There is no fixed answer: the student composes their own sentence for each preposition. Award the mark when the sentence (1) actually contains the given preposition, (2) uses it in a sense that is correct English, and (3) is a complete, intelligible sentence.

Model sentences, for reference only — a student sentence need not resemble them:
a. bottom of: The old box lay at the bottom of the river.
b. top of: A small flag was fixed on the top of the hill.
c. through: We walked through the forest before sunset.
d. along: They strolled along the river bank in the evening.
e. across: A wooden bridge runs across the canal.

Award 0 for an item where the preposition is missing, is used in a way that is not English (e.g. “He is bottom of happy”), or where nothing resembling a sentence was written. A minor spelling or article slip does NOT cost the mark — the item tests the preposition, not general accuracy.

MARKING NOTE: this question is ITEM-SCORED. Mark each lettered item against the key and put the SUM of the item marks in context_content_data, leaving structure_format_brevity, language_mechanics and originality_comparisons_paraphrase at 0. Nothing is awarded or deducted for handwriting, style, or spelling beyond what the key requires. An item the student did not attempt scores 0 for that item only. No structural cap is ever applied to an item-scored question.","","","","","","not_attempted","question not found in transcript (verified absent)","","","","","","","","","","","0","0","","","","","","","","gemma-4-31b-it","gemini","extraction_prompt_c6_v1","f172ab06cd2b8256703c24aac7a3e69688981e106974ba6a4975feb8e0e852b6","{""thinking_level"": ""medium"", ""max_output_tokens"": 32768}","2026-09-17T04:01:30.726086+00:00"
"REARR_021","SE_06_Q1","SE_06_Q1_0021","9","Rearrange","8","","","absent","Put the following parts of the story in the correct order to make the whole story. Only the corresponding numbers of the sentences need to be written. (1 x 8 = 8)
a. She asked Bayazid to give her a glass of water, but he could not find any water in the pitcher.
b. Once Hazrat Bayazid Bustami came home to see his ailing mother.
c. But she again fell asleep.
d. So, he went to the well quite far from their house.
e. She woke up some hours later.
f. He filled the pitcher, came back and went to his mother with a glass of water.
g. As he was still standing by her bed, his mother drank the glass of water and blessed him from the core of heart.
h. He, instead of waking her up, stood by her bed with the glass of water in his hand.

ANSWER KEY — correct order (8 positions, 1 mark each):
1. b  (Once Hazrat Bayazid Bustami came home to see his ailing mother.)
2. a  (She asked Bayazid to give her a glass of water, but he could not find any water in the pitcher.)
3. d  (So, he went to the well quite far from their house.)
4. f  (He filled the pitcher, came back and went to his mother with a glass of water.)
5. c  (But she again fell asleep.)
6. h  (He, instead of waking her up, stood by her bed with the glass of water in his hand.)
7. e  (She woke up some hours later.)
8. g  (As he was still standing by her bed, his mother drank the glass of water and blessed him from the core of heart.)

Award 1 mark for each sentence the student places in its correct POSITION in the sequence above — a position-by-position comparison: b in slot 1 earns a mark, b anywhere else does not. The student may give the letters, the full sentences, or both; mark the order either way, and do not penalise copying slips inside the sentences.

MARKING NOTE: this question is ITEM-SCORED. Mark each lettered item against the key and put the SUM of the item marks in context_content_data, leaving structure_format_brevity, language_mechanics and originality_comparisons_paraphrase at 0. Nothing is awarded or deducted for handwriting, style, or spelling beyond what the key requires. An item the student did not attempt scores 0 for that item only. No structural cap is ever applied to an item-scored question.","","1. b
2. a
3. d
4. f
5. c
6. h
7. e
8. g","1. b
2. a
3. d
4. f
5. c
6. h
7. e
8. g","","5","ok","","1.0","0","0","0","0","0","0","False","False","","8","39","","","","","0","","","gemma-4-31b-it","gemini","extraction_prompt_c6_v1","f172ab06cd2b8256703c24aac7a3e69688981e106974ba6a4975feb8e0e852b6","{""thinking_level"": ""medium"", ""max_output_tokens"": 32768}","2026-09-17T04:01:30.726086+00:00"
"POEM_021","SE_06_Q1","SE_06_Q1_0021","10","Poem_Short_Answer","10","","","absent","Answer any five of the following questions from the poems in your text book. (2 x 5 = 10)
a. What does Robin say about autumn?
b. How is Robin a happy bird?
c. How is Robin a hopeful bird?
d. What reason does Robin give for singing during the winter?
e. What does Robin teach us in the poem?
f. Why does the playmate come only on a rainy day?
g. Why does the boy think the playmate lives in another land?
h. What does the Moon come there to do?

ANSWER KEY — INDICATIVE ONLY, 2 marks per answer. The poem texts are not supplied with this paper, so the notes below describe the expected substance rather than fixed wording. Items a–e concern the poem about Robin, a bird who goes on singing as autumn turns to winter; items f–h concern the poem about a boy and an imagined playmate who visits on rainy days.
a. That autumn is passing and the cold season is coming — leaves fall and the bright days are ending.
b. He sings cheerfully whatever the season, finding joy in small things rather than complaining of the cold.
c. He keeps singing through the bleak season because he trusts that spring and better days will return.
d. He sings in winter to keep up his own and others' spirits, and because he believes the hard season will pass.
e. To stay cheerful and hopeful in hard times instead of giving way to gloom.
f. Because the rain keeps the boy indoors and alone, so that is when he longs for and imagines his playmate.
g. Because the playmate is never seen among the people he knows and appears only in his imagination, so the boy supposes he must come from some distant, unknown land.
h. It comes to look in on the child and keep him company — to shine on him and share the night with him.

BECAUSE THE KEY IS INDICATIVE, mark generously on substance: award 2 for an answer that is clearly about the right poem and carries a sensible reading consistent with these notes, 1 for a partly relevant or very thin answer, and 0 for an answer about the wrong poem, one that merely repeats the question, or one left blank.

ANY FIVE answers count, and only five are marked: if the student answers more than five, mark the FIRST five attempted and ignore the rest; if fewer than five, the unanswered ones score 0. Put the sum of the five item marks (0–10) in context_content_data and leave the other three criteria at 0.","","b) Rabin is a happy bind beacouse ~~beacouse~~ beacause he sings the seasons all his might
c) the playmate come only on a rainy day beacause the play mate see the rains wat then .
d) the boy thinks the play mate lives in an other land beaucase the ma playmate was the down lagys
e) the moon came there to peep","b) Rabin is a happy bind beacouse  beacause he sings the seasons all his might
c) the playmate come only on a rainy day beacause the play mate see the rains wat then .
d) the boy thinks the play mate lives in an other land beaucase the ma playmate was the down lagys
e) the moon came there to peep","","6-7","ok","","0.8","0","0","0","1","0","0","False","False","","60","297","","","","","0","","","gemma-4-31b-it","gemini","extraction_prompt_c6_v1","f172ab06cd2b8256703c24aac7a3e69688981e106974ba6a4975feb8e0e852b6","{""thinking_level"": ""medium"", ""max_output_tokens"": 32768}","2026-09-17T04:01:30.726086+00:00"
"STORY_021","SE_06_Q1","SE_06_Q1_0021","11","Story","10","","","absent","Part-B : Writing. Read the opening of a story below and complete it in at least ten new sentences. Give a suitable title to it. (10)
Once upon a time two friends went on a journey. They had to go through a forest on the way. As they came through the wood, they saw a bear approaching…………","","once upon atime two friends went on a journey. they had to go through a forest on the way. As they came through the wood, they saw a bear approaching hism. ~~the~~ one friend","once upon atime two friends went on a journey. they had to go through a forest on the way. As they came through the wood, they saw a bear approaching hism.  one friend","Danger time your friend can't help you","8","ok","","0.9","0","0","0","1","0","0","False","False","","33","167","","","","","0","","","gemma-4-31b-it","gemini","extraction_prompt_c6_v1","f172ab06cd2b8256703c24aac7a3e69688981e106974ba6a4975feb8e0e852b6","{""thinking_level"": ""medium"", ""max_output_tokens"": 32768}","2026-09-17T04:01:30.726086+00:00"
"PARA_021","SE_06_Q1","SE_06_Q1_0021","12","Paragraph","10","","","absent","Write a paragraph in 120 words. ""A Rickshaw-Puller"" (10)","","A Rickshaw-pullen has an im portent work in our contry. He carrying passen passenders for of one plecee for ano other: The rickshaw pullen pulls rick shaw for money. The rickshaw pullens are avabit {inserted: avlabil} in our contry. actualy many reick pullens have no rick shaw.

The y treat the rickshaw his owners. they work very hard. beaucas the summer seasons is very handen so the term ~~temprecha~~ bemprechen esane hige . so summen season is very handen for rickshaw pullens, they cam {inserted: can't} nest any any time. the work s very late. They work s very night. The rick shaw can't suver eat food propenily.","A Rickshaw-pullen has an im portent work in our contry. He carrying passen passenders for of one plecee for ano other: The rickshaw pullen pulls rick shaw for money. The rickshaw pullens are avabit avlabil in our contry. actualy many reick pullens have no rick shaw.

The y treat the rickshaw his owners. they work very hard. beaucas the summer seasons is very handen so the term  bemprechen esane hige . so summen season is very handen for rickshaw pullens, they cam can't nest any any time. the work s very late. They work s very night. The rick shaw can't suver eat food propenily.","","9-11","ok","","0.7","0","0","0","1","2","0","False","False","","105","584","","","","","1","","","gemma-4-31b-it","gemini","extraction_prompt_c6_v1","f172ab06cd2b8256703c24aac7a3e69688981e106974ba6a4975feb8e0e852b6","{""thinking_level"": ""medium"", ""max_output_tokens"": 32768}","2026-09-17T04:01:30.726086+00:00"
"DIALOG_021","SE_06_Q1","SE_06_Q1_0021","13","Dialogue","10","","","absent","You are Shahid and you have been suffering from fever along with some Covid-19 symptoms for a week. Now, you are at the chamber of a doctor. Write a dialogue between you and the doctor. (10)","","Shahid: Hello docton.
docton: Hi pleeses sit down.
Shahid: ok docton
docton: ~~wat~~ wats younn problam.
Shahid: I feel bad. I have nunhinoice.","Shahid: Hello docton.
docton: Hi pleeses sit down.
Shahid: ok docton
docton:  wats younn problam.
Shahid: I feel bad. I have nunhinoice.","","11","ok","","0.8","0","0","0","1","0","0","False","False","","22","136","","","","","0","","","gemma-4-31b-it","gemini","extraction_prompt_c6_v1","f172ab06cd2b8256703c24aac7a3e69688981e106974ba6a4975feb8e0e852b6","{""thinking_level"": ""medium"", ""max_output_tokens"": 32768}","2026-09-17T04:01:30.726086+00:00"
"MCQ_022","SE_06_Q1","SE_06_Q1_0022","1","MCQ","7","","","absent","Read the text and answer question 1: Choose the best answer from the alternatives. (1 x 7 = 7)
a. On the 16th of December of the same year, the 26 March declaration of independence became a reality. Here the meaning of the word reality is — i. experience  ii. certainty  iii. virtuality  iv. actuality
b. To every Bangladeshi the 16th December is a day of — i. self analysis  ii. sorrows and sufferings  iii. self questioning  iv. pride and joy
c. We pay our deep respect to the martyrs who gave their lives for the independence of Bangladesh. Here respect means — i. neglect  ii. honour  iii. favour  iv. dignity
d. We, the Bangalees celebrate our Victory Day by remembering the roles played by our fearless freedom fighters and the people at large. Which of the following words has a similar meaning of fearless? i. curious  ii. courageous  iii. fearful  iv. rebillion
e. This is why December 16 is our Victory Day when the Pakistan army surrendered unconditionally. What does surrendered mean here? i. defended  ii. submitted  iii. captured  iv. with stood
f. To build up our nation as a prosperous country we have to work — i. individually  ii. separately  iii. independently  iv. unitedly
g. 1971 is the year of our — i. Liberation War  ii. Independence  iii. Victory day  iv. all of i, ii & iii

READING PASSAGE (questions 1 and 2):
December 16 is a remarkable day for Bangladeshi people. On this day in 1971. Bangladesh got independence after a nine-month-long blood-soaked battle against the Pakistani army. It is a day of national pride as well as a day of commemorating the sacrifices of the millions of Bangladeshi people. Pakistani army killed three million people and assaulted thousands of women.
The Victory Day is celebrated with great enthusiasm across the country. The day begins with a 31-gun salute at dawn, followed by the hoisting of the national flag at government buildings and private institutions. Different political, cultural and educational programmes are organised to pay homage to the martyrs of the war. The entire nation celebrates the day with colourful flags, banners and parades.
The National Parade ground hosts a grand military parade where the president, the prime minister and dignitaries from government and non-government sectors join, The National Martyrs Memorial in Savar, our monument dedicated to the soldiers and civilians who lost their lives during the war, becomes a focal point for citizens to pay their respect. People from all walks of life gather to offer flowers, recite patriotic songs, and recall the sacrifices made by the nation's heroes.

ANSWER KEY (1 mark per item, no part marks):
a. iv. actuality
b. iv. pride and joy
c. ii. honour
d. ii. courageous
e. ii. submitted
f. iv. unitedly
g. iv. all of i, ii & iii

Accept the option written as the roman numeral alone (“iv”), as the option text alone (“actuality”), or as both. Misspelling a correctly chosen option does NOT cost the mark.

MARKING NOTE: this question is ITEM-SCORED. Mark each lettered item against the key and put the SUM of the item marks in context_content_data, leaving structure_format_brevity, language_mechanics and originality_comparisons_paraphrase at 0. Nothing is awarded or deducted for handwriting, style, or spelling beyond what the key requires. An item the student did not attempt scores 0 for that item only. No structural cap is ever applied to an item-scored question.","","a. iii) virtuality.
b. iv) Pride and joy
c. ii) honour
d. iv) rebellion
e. i) defended.
f. iii) inderenatly.
g. i) Liberation War.","a. iii) virtuality.
b. iv) Pride and joy
c. ii) honour
d. iv) rebellion
e. i) defended.
f. iii) inderenatly.
g. i) Liberation War.","","1","ok","","0.9","0","0","0","0","0","0","False","False","","24","130","","","","","0","","","gemma-4-31b-it","gemini","extraction_prompt_c6_v1","f172ab06cd2b8256703c24aac7a3e69688981e106974ba6a4975feb8e0e852b6","{""thinking_level"": ""medium"", ""max_output_tokens"": 32768}","2026-09-17T04:02:07.607206+00:00"
"SHORT_022","SE_06_Q1","SE_06_Q1_0022","2","Short_Answer","5","","","absent","Write short answers to the following questions. (1 x 5 = 5)
a. What happened during the war in 1971?
b. How do people celebrate Victory Day?
c. Why is the National Martyrs’ Memorial important?
d. What do people sing at the National Martyrs’ Memorial?
e. What does the 31-gun salute represent on Victory Day?

READING PASSAGE (questions 1 and 2):
December 16 is a remarkable day for Bangladeshi people. On this day in 1971. Bangladesh got independence after a nine-month-long blood-soaked battle against the Pakistani army. It is a day of national pride as well as a day of commemorating the sacrifices of the millions of Bangladeshi people. Pakistani army killed three million people and assaulted thousands of women.
The Victory Day is celebrated with great enthusiasm across the country. The day begins with a 31-gun salute at dawn, followed by the hoisting of the national flag at government buildings and private institutions. Different political, cultural and educational programmes are organised to pay homage to the martyrs of the war. The entire nation celebrates the day with colourful flags, banners and parades.
The National Parade ground hosts a grand military parade where the president, the prime minister and dignitaries from government and non-government sectors join, The National Martyrs Memorial in Savar, our monument dedicated to the soldiers and civilians who lost their lives during the war, becomes a focal point for citizens to pay their respect. People from all walks of life gather to offer flowers, recite patriotic songs, and recall the sacrifices made by the nation's heroes.

ANSWER KEY — indicative content, 1 mark per item (whole mark or nothing; there are no half marks on this question):
a. Bangladesh fought a nine-month-long battle against the Pakistani army, who killed three million people and assaulted thousands of women; the country won independence on 16 December 1971.
b. With a 31-gun salute at dawn, hoisting of the national flag, political, cultural and educational programmes, and parades with colourful flags and banners.
c. It is the monument dedicated to the soldiers and civilians who lost their lives during the war, and it becomes the focal point where citizens pay their respect.
d. Patriotic songs.
e. It marks the start of Victory Day at dawn and honours the martyrs and the nation's victory.

Wording need not match the key — award the mark for any answer carrying the same content, in the student's own words or lifted from the passage. Award 0 for a wrong, off-question or omitted answer.

MARKING NOTE: this question is ITEM-SCORED. Mark each lettered item against the key and put the SUM of the item marks in context_content_data, leaving structure_format_brevity, language_mechanics and originality_comparisons_paraphrase at 0. Nothing is awarded or deducted for handwriting, style, or spelling beyond what the key requires. An item the student did not attempt scores 0 for that item only. No structural cap is ever applied to an item-scored question.","","a. Happened during the war 1971 Bangladesh got independece after nine month-long blood-soaked battle against the Pakistani army.
b. The victory day is celebrated with great enthusiasm across the country,
d. Bangladesh people krom all walks of life gather to offers howers, recite patriotic songs, and recall the sacrifices made by the nations heros.
e. The victory day 31-gun respect Salut at dawn.","a. Happened during the war 1971 Bangladesh got independece after nine month-long blood-soaked battle against the Pakistani army.
b. The victory day is celebrated with great enthusiasm across the country,
d. Bangladesh people krom all walks of life gather to offers howers, recite patriotic songs, and recall the sacrifices made by the nations heros.
e. The victory day 31-gun respect Salut at dawn.","","1-2","ok","","0.9","0","0","0","0","0","0","False","False","","64","398","","","","","0","","","gemma-4-31b-it","gemini","extraction_prompt_c6_v1","f172ab06cd2b8256703c24aac7a3e69688981e106974ba6a4975feb8e0e852b6","{""thinking_level"": ""medium"", ""max_output_tokens"": 32768}","2026-09-17T04:02:07.607206+00:00"
"GAP_022","SE_06_Q1","SE_06_Q1_0022","3","Gap_Fill","5","","","absent","Read the text and answer question 3: Complete the passage with suitable words. (1 x 5 = 5)
After finding the box Rajendra and Ravi (a) — about valuable stones. Then they (b) — to Jaipur. After showing the papers to the museum people, Uncle Santosh (c) — to know that the papers were valuable. He (d) — the papers to the museum for ten thousand rupees. Later, (e) — the news, the boy were happy.

READING PASSAGE (questions 3 and 4):
That night Ravi dreamt about gold coins and jewels. The next morning they packed everything into the jeep and went back to Jaipur, Uncle Santosh went to the museum to show his friend the papers. When he came back, he told the boys, ""Those papers were very valuable. The museum people bought them for ten thousand rupees."" The boys were delighted. When Ravi met his father and mother once again, he told them about his adventures and gave them Rs 50,000. Rajendra and Ravi never forgot the kind owl who helped them to find the old box.

ANSWER KEY (1 mark per gap). No clue words are supplied, so ANY word that fits the sentence grammatically and agrees with the passage is correct:
a. dreamt / dreamed / talked / thought
b. went back / returned / came back
c. was surprised / was glad / was happy / came
d. sold
e. hearing / on hearing / after hearing / getting

A word that fits the sense but is misspelled still earns the mark. A word of the wrong part of speech, or one that contradicts the passage, does not.

MARKING NOTE: this question is ITEM-SCORED. Mark each lettered item against the key and put the SUM of the item marks in context_content_data, leaving structure_format_brevity, language_mechanics and originality_comparisons_paraphrase at 0. Nothing is awarded or deducted for handwriting, style, or spelling beyond what the key requires. An item the student did not attempt scores 0 for that item only. No structural cap is ever applied to an item-scored question.","","a. thought
b. went
c. about
d. told
e. gave","a. thought
b. went
c. about
d. told
e. gave","","2","ok","","1.0","0","0","0","0","0","0","False","False","","10","43","","","","","0","","","gemma-4-31b-it","gemini","extraction_prompt_c6_v1","f172ab06cd2b8256703c24aac7a3e69688981e106974ba6a4975feb8e0e852b6","{""thinking_level"": ""medium"", ""max_output_tokens"": 32768}","2026-09-17T04:02:07.607206+00:00"
"VOCAB_022","SE_06_Q1","SE_06_Q1_0022","4","Vocabulary","5","","","absent","Read the passage carefully and replace the following words with their suitable synonyms or antonyms. (1 x 5 = 5)
(a) Went back (antonym), (b) Museum (synonym), (c) Friend (synonym), (d) Show (antonym), (e) Bought (synonym)

READING PASSAGE (questions 3 and 4):
That night Ravi dreamt about gold coins and jewels. The next morning they packed everything into the jeep and went back to Jaipur, Uncle Santosh went to the museum to show his friend the papers. When he came back, he told the boys, ""Those papers were very valuable. The museum people bought them for ten thousand rupees."" The boys were delighted. When Ravi met his father and mother once again, he told them about his adventures and gave them Rs 50,000. Rajendra and Ravi never forgot the kind owl who helped them to find the old box.

ANSWER KEY (1 mark per item). Any correct word of the required relation is acceptable; the words below are indicative, not exhaustive:
a. Went back (Antonym): came / went forward / advanced / set out / left
b. Museum (Synonym): gallery / archive / repository / exhibition hall
c. Friend (Synonym): companion / mate / comrade / ally / pal
d. Show (Antonym): hide / conceal / cover
e. Bought (Synonym): purchased

Giving a synonym where an antonym was asked (or the reverse) scores 0 for that item. A correct word that is misspelled still earns the mark.

MARKING NOTE: this question is ITEM-SCORED. Mark each lettered item against the key and put the SUM of the item marks in context_content_data, leaving structure_format_brevity, language_mechanics and originality_comparisons_paraphrase at 0. Nothing is awarded or deducted for handwriting, style, or spelling beyond what the key requires. An item the student did not attempt scores 0 for that item only. No structural cap is ever applied to an item-scored question.","","Word | Synonym | Antonym
Went back | X | go back
Museum | Museum | X
Friend | friend | X
Show | X | Show
Bought | bought | X","Word | Synonym | Antonym
Went back | X | go back
Museum | Museum | X
Friend | friend | X
Show | X | Show
Bought | bought | X","","3","ok","","0.9","0","0","0","0","0","0","False","False","","20","124","","","","","0","","","gemma-4-31b-it","gemini","extraction_prompt_c6_v1","f172ab06cd2b8256703c24aac7a3e69688981e106974ba6a4975feb8e0e852b6","{""thinking_level"": ""medium"", ""max_output_tokens"": 32768}","2026-09-17T04:02:07.607206+00:00"
"TABLE_022","SE_06_Q1","SE_06_Q1_0022","5","Table_Completion","5","","","absent","Read the text and answer question 5: Complete the table with information from the passage. (1 x 5 = 5)
| Topic | Information from the passage |
| a. Class Raju reads in | (i) |
| b. Subjects he did well in | (ii) |
| c. Marks he got in those subjects | (iii) |
| d. Subjects he did poorly in | (iv) |
| e. Marks he got in weak subjects | (v) |

READING PASSAGE (questions 5, 6 and 7):
Raju is a student of class six. Last week, his school held class tests in several subjects. Raju worked very hard to do well. He got 8 in Bangla, 9 in English, and 10 in Mathematics out of 10. His teachers praised him for his good marks. However, he could not do well in ICT, Science, and Religion, getting only 6 marks in each.
Raju felt a little sad about his low marks but promised to study harder next time. His father told him not to lose hope. His mother advised him to read ICT and Science regularly. Raju made a plan to give more time to those subjects. He was happy that he did very well in Bangla, English, and Math. Raju believes that with more practice, he can improve all his subjects.

ANSWER KEY (1 mark per blank):
i. Class six
ii. Bangla, English and Mathematics
iii. 8 in Bangla, 9 in English and 10 in Mathematics (out of 10)
iv. ICT, Science and Religion
v. 6 marks in each

This question asks for information lifted from the passage, so copying the passage's wording is CORRECT here and must not be penalised. A partial but unambiguous answer (e.g. naming all three subjects in ii) earns the mark; an answer that names only some of the required items does not.

MARKING NOTE: this question is ITEM-SCORED. Mark each lettered item against the key and put the SUM of the item marks in context_content_data, leaving structure_format_brevity, language_mechanics and originality_comparisons_paraphrase at 0. Nothing is awarded or deducted for handwriting, style, or spelling beyond what the key requires. An item the student did not attempt scores 0 for that item only. No structural cap is ever applied to an item-scored question.","","a. Raju reads in class six.
b. Subjects he ~~got~~ in those did well in hard.
c. marks he did poorly in Religion getting only 6 marks in each.
d. Subject he did poorly in ICT, Science, and religion, ~~getting only 6 marks~~.
e. Marks he got in weak Sulejects ICT, Science, Religion.","a. Raju reads in class six.
b. Subjects he  in those did well in hard.
c. marks he did poorly in Religion getting only 6 marks in each.
d. Subject he did poorly in ICT, Science, and religion, .
e. Marks he got in weak Sulejects ICT, Science, Religion.","","3-4","ok","","0.9","0","0","0","2","0","0","False","False","","47","251","","","","","0","","","gemma-4-31b-it","gemini","extraction_prompt_c6_v1","f172ab06cd2b8256703c24aac7a3e69688981e106974ba6a4975feb8e0e852b6","{""thinking_level"": ""medium"", ""max_output_tokens"": 32768}","2026-09-17T04:02:07.607206+00:00"
"TF_022","SE_06_Q1","SE_06_Q1_0022","6","True_False","5","","","absent","Read the statements below. Write ‘True’ if the statement is correct and ‘False’ if it is incorrect. If false, write the correct answer. (1 x 5 = 5)
a. Raju thinks he cannot improve his weak subjects.
b. He got 6 marks out of 10 in Mathematics.
c. Raju got full marks in Mathematics.
d. Raju plans to work lesser next time.
e. His father scolded him for low marks.

READING PASSAGE (questions 5, 6 and 7):
Raju is a student of class six. Last week, his school held class tests in several subjects. Raju worked very hard to do well. He got 8 in Bangla, 9 in English, and 10 in Mathematics out of 10. His teachers praised him for his good marks. However, he could not do well in ICT, Science, and Religion, getting only 6 marks in each.
Raju felt a little sad about his low marks but promised to study harder next time. His father told him not to lose hope. His mother advised him to read ICT and Science regularly. Raju made a plan to give more time to those subjects. He was happy that he did very well in Bangla, English, and Math. Raju believes that with more practice, he can improve all his subjects.

ANSWER KEY (1 mark per item):
a. False — Raju believes that with more practice he can improve all his subjects.
b. False — he got 10 out of 10 in Mathematics; 6 was his mark in ICT, Science and Religion.
c. True
d. False — he promised to study harder and planned to give more time to his weak subjects.
e. False — his father told him not to lose hope.

A ‘False’ verdict with NO correction, or with a wrong correction, scores 0 for that item — the question requires both. The correction need not match the key's wording; any correction carrying the right fact is accepted.

MARKING NOTE: this question is ITEM-SCORED. Mark each lettered item against the key and put the SUM of the item marks in context_content_data, leaving structure_format_brevity, language_mechanics and originality_comparisons_paraphrase at 0. Nothing is awarded or deducted for handwriting, style, or spelling beyond what the key requires. An item the student did not attempt scores 0 for that item only. No structural cap is ever applied to an item-scored question.","","a. False. Raju thinks he improve his weak Subjects.
b. False. He got 10 marks out of 10 in Mathematics.
c. True.
d. True.
e. False. His father told him not to lose hope.","a. False. Raju thinks he improve his weak Subjects.
b. False. He got 10 marks out of 10 in Mathematics.
c. True.
d. True.
e. False. His father told him not to lose hope.","","4","ok","","0.9","0","0","0","0","0","0","False","False","","32","169","","","","","0","","","gemma-4-31b-it","gemini","extraction_prompt_c6_v1","f172ab06cd2b8256703c24aac7a3e69688981e106974ba6a4975feb8e0e852b6","{""thinking_level"": ""medium"", ""max_output_tokens"": 32768}","2026-09-17T04:02:07.607206+00:00"
"SUMMARY_022","SE_06_Q1","SE_06_Q1_0022","7","Summary","5","","","absent","Write a summary of the passage in your own words. (5)

TEXT TO BE SUMMARIZED (questions 5, 6 and 7):
Raju is a student of class six. Last week, his school held class tests in several subjects. Raju worked very hard to do well. He got 8 in Bangla, 9 in English, and 10 in Mathematics out of 10. His teachers praised him for his good marks. However, he could not do well in ICT, Science, and Religion, getting only 6 marks in each.
Raju felt a little sad about his low marks but promised to study harder next time. His father told him not to lose hope. His mother advised him to read ICT and Science regularly. Raju made a plan to give more time to those subjects. He was happy that he did very well in Bangla, English, and Math. Raju believes that with more practice, he can improve all his subjects.","Raju is a student of class six. Last week, his school held class tests in several subjects. Raju worked very hard to do well. He got 8 in Bangla, 9 in English, and 10 in Mathematics out of 10. His teachers praised him for his good marks. However, he could not do well in ICT, Science, and Religion, getting only 6 marks in each.
Raju felt a little sad about his low marks but promised to study harder next time. His father told him not to lose hope. His mother advised him to read ICT and Science regularly. Raju made a plan to give more time to those subjects. He was happy that he did very well in Bangla, English, and Math. Raju believes that with more practice, he can improve all his subjects.","He could not do well in ICT, Science, Religion, getting only 6 marks in each.

Raju felt a little sad about his low marks but Promised to study harder next time. His father told him not to lose hope. His mother advised him to those Subject. He was happy that he did very well in Bangla, English, and math. Raju believes that with more Practice, he can improve all his Subjects.","He could not do well in ICT, Science, Religion, getting only 6 marks in each.

Raju felt a little sad about his low marks but Promised to study harder next time. His father told him not to lose hope. His mother advised him to those Subject. He was happy that he did very well in Bangla, English, and math. Raju believes that with more Practice, he can improve all his Subjects.","","5","ok","","0.9","0","0","0","0","0","0","False","False","","70","377","129","0.5426","True","0.9718","1","","","gemma-4-31b-it","gemini","extraction_prompt_c6_v1","f172ab06cd2b8256703c24aac7a3e69688981e106974ba6a4975feb8e0e852b6","{""thinking_level"": ""medium"", ""max_output_tokens"": 32768}","2026-09-17T04:02:07.607206+00:00"
"PREP_022","SE_06_Q1","SE_06_Q1_0022","8","Preposition_Use","5","","","absent","Use these prepositions in sentences of your own. (1 x 5 = 5)
a. bottom of, b. top of, c. through, d. along, e. across

ANSWER KEY (1 mark per item). There is no fixed answer: the student composes their own sentence for each preposition. Award the mark when the sentence (1) actually contains the given preposition, (2) uses it in a sense that is correct English, and (3) is a complete, intelligible sentence.

Model sentences, for reference only — a student sentence need not resemble them:
a. bottom of: The old box lay at the bottom of the river.
b. top of: A small flag was fixed on the top of the hill.
c. through: We walked through the forest before sunset.
d. along: They strolled along the river bank in the evening.
e. across: A wooden bridge runs across the canal.

Award 0 for an item where the preposition is missing, is used in a way that is not English (e.g. “He is bottom of happy”), or where nothing resembling a sentence was written. A minor spelling or article slip does NOT cost the mark — the item tests the preposition, not general accuracy.

MARKING NOTE: this question is ITEM-SCORED. Mark each lettered item against the key and put the SUM of the item marks in context_content_data, leaving structure_format_brevity, language_mechanics and originality_comparisons_paraphrase at 0. Nothing is awarded or deducted for handwriting, style, or spelling beyond what the key requires. An item the student did not attempt scores 0 for that item only. No structural cap is ever applied to an item-scored question.","","a. bottom = He is close to the jar bottom.
b. top of = He is going to the his building top of.
c. through = Raju through the Stone.
d. along = Raju running in the along road.
e. across = Raju across in the ground.","a. bottom = He is close to the jar bottom.
b. top of = He is going to the his building top of.
c. through = Raju through the Stone.
d. along = Raju running in the along road.
e. across = Raju across in the ground.","","5-6","ok","","0.9","0","0","0","0","0","0","False","False","","42","213","","","","","0","","","gemma-4-31b-it","gemini","extraction_prompt_c6_v1","f172ab06cd2b8256703c24aac7a3e69688981e106974ba6a4975feb8e0e852b6","{""thinking_level"": ""medium"", ""max_output_tokens"": 32768}","2026-09-17T04:02:07.607206+00:00"
"REARR_022","SE_06_Q1","SE_06_Q1_0022","9","Rearrange","8","","","absent","Put the following parts of the story in the correct order to make the whole story. Only the corresponding numbers of the sentences need to be written. (1 x 8 = 8)
a. She asked Bayazid to give her a glass of water, but he could not find any water in the pitcher.
b. Once Hazrat Bayazid Bustami came home to see his ailing mother.
c. But she again fell asleep.
d. So, he went to the well quite far from their house.
e. She woke up some hours later.
f. He filled the pitcher, came back and went to his mother with a glass of water.
g. As he was still standing by her bed, his mother drank the glass of water and blessed him from the core of heart.
h. He, instead of waking her up, stood by her bed with the glass of water in his hand.

ANSWER KEY — correct order (8 positions, 1 mark each):
1. b  (Once Hazrat Bayazid Bustami came home to see his ailing mother.)
2. a  (She asked Bayazid to give her a glass of water, but he could not find any water in the pitcher.)
3. d  (So, he went to the well quite far from their house.)
4. f  (He filled the pitcher, came back and went to his mother with a glass of water.)
5. c  (But she again fell asleep.)
6. h  (He, instead of waking her up, stood by her bed with the glass of water in his hand.)
7. e  (She woke up some hours later.)
8. g  (As he was still standing by her bed, his mother drank the glass of water and blessed him from the core of heart.)

Award 1 mark for each sentence the student places in its correct POSITION in the sequence above — a position-by-position comparison: b in slot 1 earns a mark, b anywhere else does not. The student may give the letters, the full sentences, or both; mark the order either way, and do not penalise copying slips inside the sentences.

MARKING NOTE: this question is ITEM-SCORED. Mark each lettered item against the key and put the SUM of the item marks in context_content_data, leaving structure_format_brevity, language_mechanics and originality_comparisons_paraphrase at 0. Nothing is awarded or deducted for handwriting, style, or spelling beyond what the key requires. An item the student did not attempt scores 0 for that item only. No structural cap is ever applied to an item-scored question.","","a) She asked Bayzid to give her a glass of water, but the could not bind any water in the Pitcher. correct.
b) once Hazrat Bayazid Butami came home to see his ailing mother. noncorrect.
c) But she again fell asleep noncorrect.
d) So, he went to the well quite far from their house. noncorrect.
e) She woke up some hours later correct.
f) He bailled the Pitcher, came back and went to his ~~bit a~~ glass of water. noncorrect.
g) As he was still standing by her bed, his mother drank the glass of
a) Bayazid asked give her to she a glass of water, but he could not bind any water Pitcher.
b) Hazrat Bayazid Bustami once came home to see his ailing mother.
c) Fell She asleep But again.
d) Woke up She some hours latter later.","a) She asked Bayzid to give her a glass of water, but the could not bind any water in the Pitcher. correct.
b) once Hazrat Bayazid Butami came home to see his ailing mother. noncorrect.
c) But she again fell asleep noncorrect.
d) So, he went to the well quite far from their house. noncorrect.
e) She woke up some hours later correct.
f) He bailled the Pitcher, came back and went to his  glass of water. noncorrect.
g) As he was still standing by her bed, his mother drank the glass of
a) Bayazid asked give her to she a glass of water, but he could not bind any water Pitcher.
b) Hazrat Bayazid Bustami once came home to see his ailing mother.
c) Fell She asleep But again.
d) Woke up She some hours latter later.","","6-7","ok","","0.9","0","0","0","1","0","0","False","False","","138","715","","","","","0","","","gemma-4-31b-it","gemini","extraction_prompt_c6_v1","f172ab06cd2b8256703c24aac7a3e69688981e106974ba6a4975feb8e0e852b6","{""thinking_level"": ""medium"", ""max_output_tokens"": 32768}","2026-09-17T04:02:07.607206+00:00"
"POEM_022","SE_06_Q1","SE_06_Q1_0022","10","Poem_Short_Answer","10","","","absent","Answer any five of the following questions from the poems in your text book. (2 x 5 = 10)
a. What does Robin say about autumn?
b. How is Robin a happy bird?
c. How is Robin a hopeful bird?
d. What reason does Robin give for singing during the winter?
e. What does Robin teach us in the poem?
f. Why does the playmate come only on a rainy day?
g. Why does the boy think the playmate lives in another land?
h. What does the Moon come there to do?

ANSWER KEY — INDICATIVE ONLY, 2 marks per answer. The poem texts are not supplied with this paper, so the notes below describe the expected substance rather than fixed wording. Items a–e concern the poem about Robin, a bird who goes on singing as autumn turns to winter; items f–h concern the poem about a boy and an imagined playmate who visits on rainy days.
a. That autumn is passing and the cold season is coming — leaves fall and the bright days are ending.
b. He sings cheerfully whatever the season, finding joy in small things rather than complaining of the cold.
c. He keeps singing through the bleak season because he trusts that spring and better days will return.
d. He sings in winter to keep up his own and others' spirits, and because he believes the hard season will pass.
e. To stay cheerful and hopeful in hard times instead of giving way to gloom.
f. Because the rain keeps the boy indoors and alone, so that is when he longs for and imagines his playmate.
g. Because the playmate is never seen among the people he knows and appears only in his imagination, so the boy supposes he must come from some distant, unknown land.
h. It comes to look in on the child and keep him company — to shine on him and share the night with him.

BECAUSE THE KEY IS INDICATIVE, mark generously on substance: award 2 for an answer that is clearly about the right poem and carries a sensible reading consistent with these notes, 1 for a partly relevant or very thin answer, and 0 for an answer about the wrong poem, one that merely repeats the question, or one left blank.

ANY FIVE answers count, and only five are marked: if the student answers more than five, mark the FIRST five attempted and ignore the rest; if fewer than five, the unanswered ones score 0. Put the sum of the five item marks (0–10) in context_content_data and leave the other three criteria at 0.","","","","","","not_attempted","question not found in transcript (verified absent)","","","","","","","","","","","0","0","","","","","","","","gemma-4-31b-it","gemini","extraction_prompt_c6_v1","f172ab06cd2b8256703c24aac7a3e69688981e106974ba6a4975feb8e0e852b6","{""thinking_level"": ""medium"", ""max_output_tokens"": 32768}","2026-09-17T04:02:07.607206+00:00"
"STORY_022","SE_06_Q1","SE_06_Q1_0022","11","Story","10","","","absent","Part-B : Writing. Read the opening of a story below and complete it in at least ten new sentences. Give a suitable title to it. (10)
Once upon a time two friends went on a journey. They had to go through a forest on the way. As they came through the wood, they saw a bear approaching…………","","once upon a time two friends on a Journey. The had to go thorough a borrest on the way. As they through the wood, They saw a bear approaching. One friend is a strong and powerful and one friend is a weak strong

frien fast running are grow the a tree. but weak friend don't going to tree but he is inteolegend boy

bear coming, weak friend he is acting bor died. Because bear don't eating to died man bear cheack the weak frien nose. But intelegend boy off your nose bear cheacking the nose to down. Some times letter bear bake the borrest. Strong friend down the and go to the weak friend. Strong frien question to weak friend bear what tell you. But bear don't tell you weak friend. But weak friend inteligenly tell you strong friend, bad a time no help fried Selfish friend. A.","once upon a time two friends on a Journey. The had to go thorough a borrest on the way. As they through the wood, They saw a bear approaching. One friend is a strong and powerful and one friend is a weak strong

frien fast running are grow the a tree. but weak friend don't going to tree but he is inteolegend boy

bear coming, weak friend he is acting bor died. Because bear don't eating to died man bear cheack the weak frien nose. But intelegend boy off your nose bear cheacking the nose to down. Some times letter bear bake the borrest. Strong friend down the and go to the weak friend. Strong frien question to weak friend bear what tell you. But bear don't tell you weak friend. But weak friend inteligenly tell you strong friend, bad a time no help fried Selfish friend. A.","A best friend in bad time in need an","8-9","ok","","0.8","0","0","0","0","0","0","False","False","","148","780","","","","","2","","","gemma-4-31b-it","gemini","extraction_prompt_c6_v1","f172ab06cd2b8256703c24aac7a3e69688981e106974ba6a4975feb8e0e852b6","{""thinking_level"": ""medium"", ""max_output_tokens"": 32768}","2026-09-17T04:02:07.607206+00:00"
"PARA_022","SE_06_Q1","SE_06_Q1_0022","12","Paragraph","10","","","absent","Write a paragraph in 120 words. ""A Rickshaw-Puller"" (10)","","A Rickshaw pulls Who man Pull the the Rickshaw. Rickshaw puller lives in cities. A Rickshaw Puller Rickshaw Pull Start in morning and end of night. A rickshaw puller live is very and Alltime Struggle. A rickshaw puller don't buying good food and good clothes his family. A rickshaw Puller income very low. A Rickshaw puller Sometimes giving not real taka. A Rickshaw puller is a working Winter rain her time becaus he is not working

on day to Rickshaw puller home not go eating family members. A rickshaw puller all time pulls rickshaw or one day. A rickshaw puller children not going to school because rickshaw puller children workin bor us. A rickshaw puller live is not easy.","A Rickshaw pulls Who man Pull the the Rickshaw. Rickshaw puller lives in cities. A Rickshaw Puller Rickshaw Pull Start in morning and end of night. A rickshaw puller live is very and Alltime Struggle. A rickshaw puller don't buying good food and good clothes his family. A rickshaw Puller income very low. A Rickshaw puller Sometimes giving not real taka. A Rickshaw puller is a working Winter rain her time becaus he is not working

on day to Rickshaw puller home not go eating family members. A rickshaw puller all time pulls rickshaw or one day. A rickshaw puller children not going to school because rickshaw puller children workin bor us. A rickshaw puller live is not easy.","A RickShaw-Puller","10-11","ok","","0.9","0","0","0","0","0","0","False","False","","119","679","","","","","1","","","gemma-4-31b-it","gemini","extraction_prompt_c6_v1","f172ab06cd2b8256703c24aac7a3e69688981e106974ba6a4975feb8e0e852b6","{""thinking_level"": ""medium"", ""max_output_tokens"": 32768}","2026-09-17T04:02:07.607206+00:00"
"DIALOG_022","SE_06_Q1","SE_06_Q1_0022","13","Dialogue","10","","","absent","You are Shahid and you have been suffering from fever along with some Covid-19 symptoms for a week. Now, you are at the chamber of a doctor. Write a dialogue between you and the doctor. (10)","","Shahid: Hi, I am comein doctor?
Doctor: Yes please. And what's your problem
Shahid: I am suffering from fever along with Some covid-19.
Doctor: really, you are Please give me your blood Sample.
Shahid: OK, Doctor give my blood Sample.
Docto: OK, Thak you for blood Sample. you blood Sample is important for you treatment.
Shahid: Oh, really my blood is very importat.
Doctor: Yes, ofcourse. Covid-19 a what your ~~the~~ effect for you body.
Shahid: covid-19 a my body is very Painful and head pain.
Doctor: Oh, your body is weak painbu. this is because this is normal Covid-19. I am tell you some medicine please eating time to time.
Shahid: OK, Thank you Doctor.
Doctor: bye bye Shahid. take your body.","Shahid: Hi, I am comein doctor?
Doctor: Yes please. And what's your problem
Shahid: I am suffering from fever along with Some covid-19.
Doctor: really, you are Please give me your blood Sample.
Shahid: OK, Doctor give my blood Sample.
Docto: OK, Thak you for blood Sample. you blood Sample is important for you treatment.
Shahid: Oh, really my blood is very importat.
Doctor: Yes, ofcourse. Covid-19 a what your  effect for you body.
Shahid: covid-19 a my body is very Painful and head pain.
Doctor: Oh, your body is weak painbu. this is because this is normal Covid-19. I am tell you some medicine please eating time to time.
Shahid: OK, Thank you Doctor.
Doctor: bye bye Shahid. take your body.","","12-13","ok","","0.9","0","0","0","1","0","0","False","False","","122","696","","","","","0","","","gemma-4-31b-it","gemini","extraction_prompt_c6_v1","f172ab06cd2b8256703c24aac7a3e69688981e106974ba6a4975feb8e0e852b6","{""thinking_level"": ""medium"", ""max_output_tokens"": 32768}","2026-09-17T04:02:07.607206+00:00"
