"task_id","script_id","question_no","question_type","max_mark","teacher_mark","teacher_mark_confidence","teacher_mark_source","question","source_text","extracted_text_raw","extracted_text","student_title","page_range","extraction_status","error_message","confidence","illegible_count","unclear_count","cut_count","struck_count","inserted_count","ambiguous_authorship_count","red_ink_suspected","needs_review","review_flags","word_count","char_count","source_word_count","length_ratio","exceeds_one_third","verbatim_overlap_pct","paragraph_break_count","letter_components_found","letter_components_missing_count","transcription_model_version","transcription_provider","transcription_prompt_version","prompt_hash","transcription_settings","extraction_timestamp"
"SUMMARY_001","SE_11_Q1_0001","3","Summary","10","","","absent","Summarize the following text. Hope"" is the thing with feathers —
That perches in the soul—
And sings the tune without the words—
And never stops — at all—
And sweetest — in the Gale — is heard —
And sore must be the storm —
That could abash the little Bird
That kept so many warm —
I've heard it in the chillest land —
And on the strangest Sea —
Yet — never — in Extremity,
It asked a crumb — of me.","Hope"" is the thing with feathers —
That perches in the soul—
And sings the tune without the words—
And never stops — at all—
And sweetest — in the Gale — is heard —
And sore must be the storm —
That could abash the little Bird
That kept so many warm —
I've heard it in the chillest land —
And on the strangest Sea —
Yet — never — in Extremity,
It asked a crumb — of me.","In the poem Hope is compared with bird. Bird always flys here and there. In the jungle in rain, in winter and also on the strangest sea we can hear it. It's singing keeps many people warm. Like the bird we can find hope anywhere in any situation. In our best times or on the times where we are alone.","In the poem Hope is compared with bird. Bird always flys here and there. In the jungle in rain, in winter and also on the strangest sea we can hear it. It's singing keeps many people warm. Like the bird we can find hope anywhere in any situation. In our best times or on the times where we are alone.","","15","ok","","0.95","0","0","0","0","0","0","False","False","","60","300","69","0.8696","True","0.0","0","","","gemma-4-31b-it","gemini","extraction_prompt_v2","85afd6a0363fc77ac269e8a92485a2f6670e2370503eca21eb690dbcc64252b2","{""thinking_level"": ""medium"", ""max_output_tokens"": 32768}","2026-08-24T15:49:26.393833+00:00"
"PARA_001","SE_11_Q1_0001","7","Paragraph","10","","","absent","Answer the following questions and write a paragraph on Artificial Intelligence. a. What is Artificial Intelligence? b. What are the features of AI? c. What are the applications of AI? d. How has AI revolutionized teaching and learning? e. Do you find any threatening aspect in AI?","","Artificial Intelligence mostly known as AI is a modern technology which contains hardware and software and try to do tasks like human brain. It is nowadays used widely in all sectores like teaching, nursing, training etc. Doctors can use AI to define any problem presisely. AI also can help students at making notes. ~~Freet~~ Freelancers use AI to do their work fast which saves both time. and energy. So, AI is seen in all sectores and it is increasing rapidly because of it's usefulness. Which task are time consuming and hard AI can easily solve them at no time. It is has become an important part of our daily life. Beacuse of AI teaching and learning got revolutionized. It can help teacher to make gather information about any topic it can also make a slide which can be used for teaching students AI is very useful for us but it also have some threatening aspects such as taking peoples job, data loss, privecy lack and It has become so powerful that if anyone uses it for any bad work like hacking it can affect the whole nation. So, we all should use this modern technology for the pleasure of ~~manking~~ mankind.","Artificial Intelligence mostly known as AI is a modern technology which contains hardware and software and try to do tasks like human brain. It is nowadays used widely in all sectores like teaching, nursing, training etc. Doctors can use AI to define any problem presisely. AI also can help students at making notes.  Freelancers use AI to do their work fast which saves both time. and energy. So, AI is seen in all sectores and it is increasing rapidly because of it's usefulness. Which task are time consuming and hard AI can easily solve them at no time. It is has become an important part of our daily life. Beacuse of AI teaching and learning got revolutionized. It can help teacher to make gather information about any topic it can also make a slide which can be used for teaching students AI is very useful for us but it also have some threatening aspects such as taking peoples job, data loss, privecy lack and It has become so powerful that if anyone uses it for any bad work like hacking it can affect the whole nation. So, we all should use this modern technology for the pleasure of  mankind.","Artificial Intelligence","1-3","ok","","0.95","0","0","0","2","0","0","False","False","","199","1104","","","","","0","","","gemma-4-31b-it","gemini","extraction_prompt_v2","85afd6a0363fc77ac269e8a92485a2f6670e2370503eca21eb690dbcc64252b2","{""thinking_level"": ""medium"", ""max_output_tokens"": 32768}","2026-08-24T15:49:26.393833+00:00"
"CHART_001","SE_11_Q1_0001","8","Graph_Chart","10","","","absent","Look at the chart. It shows the sources of the USA electricity in 1980. Now, analyse the chart focussing the main aspects. (at least in 80 words)

Chart title: Sources of USA electricity in 1980. Values shown: Coal 46%; Natural gas 24%; Hydro-electric power 16%; Oil 12%; Nuclear 2%.","","In the given pie-chart we can see that the sources of the USA electricity in 1980 In 1980 The main sourcee of generation electricity in USA was 41% Natural gas Coal which was the highest 46% of the total sources. It was the highest demand for generating electricity. After that Natural gas the second highest option for generating electricity which was 24%. Then it was Hydro-electric powere which was 16% of total. 12% electricity was generated from oil. A Now the least used one was Nuclear only 2%.

So, we can make a col conclusion that they stued so much non-renewal energy which are limited in nature. If we want to save these natural ressource we should increase the use of renewabl enery.","In the given pie-chart we can see that the sources of the USA electricity in 1980 In 1980 The main sourcee of generation electricity in USA was 41% Natural gas Coal which was the highest 46% of the total sources. It was the highest demand for generating electricity. After that Natural gas the second highest option for generating electricity which was 24%. Then it was Hydro-electric powere which was 16% of total. 12% electricity was generated from oil. A Now the least used one was Nuclear only 2%.

So, we can make a col conclusion that they stued so much non-renewal energy which are limited in nature. If we want to save these natural ressource we should increase the use of renewabl enery.","The sources of the USA electricity in 1980","3-4","ok","","0.9","0","0","0","0","0","0","False","False","","118","696","","","","","1","","","gemma-4-31b-it","gemini","extraction_prompt_v2","85afd6a0363fc77ac269e8a92485a2f6670e2370503eca21eb690dbcc64252b2","{""thinking_level"": ""medium"", ""max_output_tokens"": 32768}","2026-08-24T15:49:26.393833+00:00"
"STORY_001","SE_11_Q1_0001","9","Story","7","","","absent","The following is the beginning of a story. Complete it in your own words and give a proper title. Once a lion was sleeping in a forest. Suddenly a mouse came there. It was, in fact, playing on a race quite happily and didn't notice the sleeping lion. While running, ............","","Once a lion was sleeping in a forrest. Suddenly a mouse came there. It was, in fact, playing on a race quite happily and didn't notice the sleeping lion. While running, it's sound woke up the lion. The lion caught the mouse. The mouse got scared and told the lion to eat to let him free, one day he might save the lion's life. Hearing this the lion laughed and told the mouse that he was small how even can he save the life of the lion. At last the lion ~~freed~~ let the mouse go. One day, in the jungle the mouse heard a sound he followed the sound and saw that the lion was trappen in a net which was put there by the hunters. He went to the lion and cut the net with his sharp ~~teath~~ teeth. The lion was greatful for him as the mouse have saved his life. Then he the lion size doesn't matter to do any worek.","Once a lion was sleeping in a forrest. Suddenly a mouse came there. It was, in fact, playing on a race quite happily and didn't notice the sleeping lion. While running, it's sound woke up the lion. The lion caught the mouse. The mouse got scared and told the lion to eat to let him free, one day he might save the lion's life. Hearing this the lion laughed and told the mouse that he was small how even can he save the life of the lion. At last the lion  let the mouse go. One day, in the jungle the mouse heard a sound he followed the sound and saw that the lion was trappen in a net which was put there by the hunters. He went to the lion and cut the net with his sharp  teeth. The lion was greatful for him as the mouse have saved his life. Then he the lion size doesn't matter to do any worek.","Size doesn't Matter","5-6","ok","","0.9","0","0","0","2","0","0","False","False","","163","797","","","","","0","","","gemma-4-31b-it","gemini","extraction_prompt_v2","85afd6a0363fc77ac269e8a92485a2f6670e2370503eca21eb690dbcc64252b2","{""thinking_level"": ""medium"", ""max_output_tokens"": 32768}","2026-08-24T15:49:26.393833+00:00"
"LETTER_001","SE_11_Q1_0001","10","Letter_Email","5","","","absent","Write a letter to your friend describing the future plan after passing HSC Exam.","","Jatrabari, Dhaka-1204
27-06-2026

Dear Saiful,

At the beggining of the letter take my salam and the best wishes from the core of my heart

In your letter you wanted to know about my future plan after passing the HSC Exam. Today I'am writing so.

After my HSC Exam I will get a lot of free time which I am thinking to use for freelancing. Freelancing means working from home. There are so many works which can be done in Freelancing. such as video editing. ~~graphta~~ graphic design, AI work and many more other works : It can be time consuming to grow in this sector. Moreover, I can earn money by doing this which can help me to become self-relient.

No more today. You can also share what you will do after the HSC Exam. Hoping to hear from you soon.

Your's ever,
Kalam

From
Kalam
Jatrabari
Dhaka-1204

To
Saiful
Gaibandha
Rangpure

stamp","Jatrabari, Dhaka-1204
27-06-2026

Dear Saiful,

At the beggining of the letter take my salam and the best wishes from the core of my heart

In your letter you wanted to know about my future plan after passing the HSC Exam. Today I'am writing so.

After my HSC Exam I will get a lot of free time which I am thinking to use for freelancing. Freelancing means working from home. There are so many works which can be done in Freelancing. such as video editing.  graphic design, AI work and many more other works : It can be time consuming to grow in this sector. Moreover, I can earn money by doing this which can help me to become self-relient.

No more today. You can also share what you will do after the HSC Exam. Hoping to hear from you soon.

Your's ever,
Kalam

From
Kalam
Jatrabari
Dhaka-1204

To
Saiful
Gaibandha
Rangpure

stamp","","8-9","ok","","0.95","0","0","0","1","0","0","False","False","","151","833","","","","","9","address;date;salutation;body;close;signature","0","gemma-4-31b-it","gemini","extraction_prompt_v2","85afd6a0363fc77ac269e8a92485a2f6670e2370503eca21eb690dbcc64252b2","{""thinking_level"": ""medium"", ""max_output_tokens"": 32768}","2026-08-24T15:49:26.393833+00:00"
"THEME_001","SE_11_Q1_0001","11","Theme","8","","","absent","Write down the theme of the poem.

All people dream, but not equally.
Those who dream by night in the dusty recesses of their mind,
Wake in the morning to find that it was vanity.
But the dreamers of the day are dangerous people,
For they dream their dreams with open eyes,
And make them come true.","All people dream, but not equally.
Those who dream by night in the dusty recesses of their mind,
Wake in the morning to find that it was vanity.
But the dreamers of the day are dangerous people,
For they dream their dreams with open eyes,
And make them come true.","There are two kind of dream. one which we see while we sleep and another because of which we can not sleep. Those dream we see while sleeping is not for us. Those which take our sleep is our real. dream and these are possible to fata come true.","There are two kind of dream. one which we see while we sleep and another because of which we can not sleep. Those dream we see while sleeping is not for us. Those which take our sleep is our real. dream and these are possible to fata come true.","","7","ok","","0.95","0","0","0","0","0","0","False","False","","49","244","50","0.98","","0.0","0","","","gemma-4-31b-it","gemini","extraction_prompt_v2","85afd6a0363fc77ac269e8a92485a2f6670e2370503eca21eb690dbcc64252b2","{""thinking_level"": ""medium"", ""max_output_tokens"": 32768}","2026-08-24T15:49:26.393833+00:00"
"SUMMARY_002","SE_11_Q1_0002","3","Summary","10","","","absent","Summarize the following text. Hope"" is the thing with feathers —
That perches in the soul—
And sings the tune without the words—
And never stops — at all—
And sweetest — in the Gale — is heard —
And sore must be the storm —
That could abash the little Bird
That kept so many warm —
I've heard it in the chillest land —
And on the strangest Sea —
Yet — never — in Extremity,
It asked a crumb — of me.","Hope"" is the thing with feathers —
That perches in the soul—
And sings the tune without the words—
And never stops — at all—
And sweetest — in the Gale — is heard —
And sore must be the storm —
That could abash the little Bird
That kept so many warm —
I've heard it in the chillest land —
And on the strangest Sea —
Yet — never — in Extremity,
It asked a crumb — of me.","The poem 'Hope' illustrodes Hope lives in the soul and it sings endlessly at the darkest moment in the life. It never ask anything return. In the storm of life it gives us strensth and courage Moreover, in the extreme situation of the hope give us mental comfort.","The poem 'Hope' illustrodes Hope lives in the soul and it sings endlessly at the darkest moment in the life. It never ask anything return. In the storm of life it gives us strensth and courage Moreover, in the extreme situation of the hope give us mental comfort.","","5","ok","","1.0","0","0","0","0","0","0","False","False","","48","263","69","0.6957","True","0.0","0","","","gemma-4-31b-it","gemini","extraction_prompt_v2","85afd6a0363fc77ac269e8a92485a2f6670e2370503eca21eb690dbcc64252b2","{""thinking_level"": ""medium"", ""max_output_tokens"": 32768}","2026-08-24T15:47:47.756510+00:00"
"PARA_002","SE_11_Q1_0002","7","Paragraph","10","","","absent","Answer the following questions and write a paragraph on Artificial Intelligence. a. What is Artificial Intelligence? b. What are the features of AI? c. What are the applications of AI? d. How has AI revolutionized teaching and learning? e. Do you find any threatening aspect in AI?","","Artificial Indelligence is called ""AI"" which means one acts like a human brain. when we ask any question it gives us correctly answer. It works like human brain and recovery their wrong answer. Nowadays, AI have many features. Like answer and question, deep learning, Nano banana, instant video maker, analysis, create istory, photoshop tool etc. For instant moment, we take knowledge from AI. If we want do write new thoughts it's helps us do know about the world. Around the world, every country, nation use AI in their daily activities. From morning too till night we use it. when we indo a m special moment and it remind me in time. Moreover, Now days government use it in Dhaka Traffic systeme. and we can take the advantage. and our traffic control system must be betten than past. In the world, we see that. 'Albania' declaned first AI health miniten and it is the first in world where worked as a minister Moreover we use it diffenend sector. AI has create a revolutionized teaching and leanning. we can ask any question in AI and get the reply in a moment. It's also work a research analysist. they can know all things with AI. It's work like a libary. a where we can get the knowledge. we find that one day 'AI' work in factory, mills and all sector. It also hampen our human activity with work AI we cannot stay in deep thinking.","Artificial Indelligence is called ""AI"" which means one acts like a human brain. when we ask any question it gives us correctly answer. It works like human brain and recovery their wrong answer. Nowadays, AI have many features. Like answer and question, deep learning, Nano banana, instant video maker, analysis, create istory, photoshop tool etc. For instant moment, we take knowledge from AI. If we want do write new thoughts it's helps us do know about the world. Around the world, every country, nation use AI in their daily activities. From morning too till night we use it. when we indo a m special moment and it remind me in time. Moreover, Now days government use it in Dhaka Traffic systeme. and we can take the advantage. and our traffic control system must be betten than past. In the world, we see that. 'Albania' declaned first AI health miniten and it is the first in world where worked as a minister Moreover we use it diffenend sector. AI has create a revolutionized teaching and leanning. we can ask any question in AI and get the reply in a moment. It's also work a research analysist. they can know all things with AI. It's work like a libary. a where we can get the knowledge. we find that one day 'AI' work in factory, mills and all sector. It also hampen our human activity with work AI we cannot stay in deep thinking.","Artificial Indelligence","17-18","ok","","0.9","0","0","0","0","0","0","False","False","","242","1340","","","","","0","","","gemma-4-31b-it","gemini","extraction_prompt_v2","85afd6a0363fc77ac269e8a92485a2f6670e2370503eca21eb690dbcc64252b2","{""thinking_level"": ""medium"", ""max_output_tokens"": 32768}","2026-08-24T15:47:47.756510+00:00"
"CHART_002","SE_11_Q1_0002","8","Graph_Chart","10","","","absent","Look at the chart. It shows the sources of the USA electricity in 1980. Now, analyse the chart focussing the main aspects. (at least in 80 words)

Chart title: Sources of USA electricity in 1980. Values shown: Coal 46%; Natural gas 24%; Hydro-electric power 16%; Oil 12%; Nuclear 2%.","","The pie chart illustrates the sources of USA electricity in 1980. Accroding to the chart, we can see that in 1980 most percentage of electricity in USA comes from burning coal. which rate was 46%, nearly half of the chart. Natural gas consumption gives second highest source for produce electricity which is 24%, Moreover, hydro electric power plant produce 16% percent electricity in USA. Oil and Nuclear power plants also a important sector to supply electricity. which rate is respectively 12% and 2% From the chart, we explore that coal is the most powerful sector in USA electricity supply. Natural gas and Hydro-electric power also play a huge role.","The pie chart illustrates the sources of USA electricity in 1980. Accroding to the chart, we can see that in 1980 most percentage of electricity in USA comes from burning coal. which rate was 46%, nearly half of the chart. Natural gas consumption gives second highest source for produce electricity which is 24%, Moreover, hydro electric power plant produce 16% percent electricity in USA. Oil and Nuclear power plants also a important sector to supply electricity. which rate is respectively 12% and 2% From the chart, we explore that coal is the most powerful sector in USA electricity supply. Natural gas and Hydro-electric power also play a huge role.","","12-13","ok","","0.9","0","0","0","0","0","0","False","False","","103","655","","","","","0","","","gemma-4-31b-it","gemini","extraction_prompt_v2","85afd6a0363fc77ac269e8a92485a2f6670e2370503eca21eb690dbcc64252b2","{""thinking_level"": ""medium"", ""max_output_tokens"": 32768}","2026-08-24T15:47:47.756510+00:00"
"STORY_002","SE_11_Q1_0002","9","Story","7","","","absent","The following is the beginning of a story. Complete it in your own words and give a proper title. Once a lion was sleeping in a forest. Suddenly a mouse came there. It was, in fact, playing on a race quite happily and didn't notice the sleeping lion. While running, ............","","Once a lion was sleeping in a forest. Suddenly a mouse came there. It was in fact, playing on a race quite happily and didn't notice the sleeping lion. while running into his body, he entered the lion nose, and this time the lion wake up. with his roaring, he told him ""How dare you a tiny creature,"" ""You dont know me. why you disturbed me. Now I will kill you?"" The mouse reply the faint voice that ""don't kill me!, lord; I cannot see you. I only play outside you, I am a tiny creature, if you killed me that's not fame for Lord."" The Lion reply that ""you disturb me in my sleep. as a tiny creature. You cannot give me proper respect?"" The mouse reply that ""My Lord, please Forgive me. Oneday I will help you"". The Lion laushed and told that ""You, a tiny creature helped me, Now, I forgive you, but at the next time be careful about myself. so away?"" The mouse thanked him and go far away. on after passing some days. the mouse searching for food, in the forest, suddenly, he hear something. Then the mouse cleanly hear that ""A lion was roaring"" Then, he so do the place and see some unpredictable. The mouse saw the lion and remember the lion who forgive captured in and him The mouse told faint voice"" Friend! Don't be afraid, I will help you. as that he so do the net. and cut the net with his sharp teeth. Then the lion be free. The lion told that ""Thank you my friend for saving my life. from today we one friend""","Once a lion was sleeping in a forest. Suddenly a mouse came there. It was in fact, playing on a race quite happily and didn't notice the sleeping lion. while running into his body, he entered the lion nose, and this time the lion wake up. with his roaring, he told him ""How dare you a tiny creature,"" ""You dont know me. why you disturbed me. Now I will kill you?"" The mouse reply the faint voice that ""don't kill me!, lord; I cannot see you. I only play outside you, I am a tiny creature, if you killed me that's not fame for Lord."" The Lion reply that ""you disturb me in my sleep. as a tiny creature. You cannot give me proper respect?"" The mouse reply that ""My Lord, please Forgive me. Oneday I will help you"". The Lion laushed and told that ""You, a tiny creature helped me, Now, I forgive you, but at the next time be careful about myself. so away?"" The mouse thanked him and go far away. on after passing some days. the mouse searching for food, in the forest, suddenly, he hear something. Then the mouse cleanly hear that ""A lion was roaring"" Then, he so do the place and see some unpredictable. The mouse saw the lion and remember the lion who forgive captured in and him The mouse told faint voice"" Friend! Don't be afraid, I will help you. as that he so do the net. and cut the net with his sharp teeth. Then the lion be free. The lion told that ""Thank you my friend for saving my life. from today we one friend""","The Lion and the Mouse","14-16","ok","","0.9","0","0","0","0","0","0","False","False","","276","1420","","","","","0","","","gemma-4-31b-it","gemini","extraction_prompt_v2","85afd6a0363fc77ac269e8a92485a2f6670e2370503eca21eb690dbcc64252b2","{""thinking_level"": ""medium"", ""max_output_tokens"": 32768}","2026-08-24T15:47:47.756510+00:00"
"LETTER_002","SE_11_Q1_0002","10","Letter_Email","5","","","absent","Write a letter to your friend describing the future plan after passing HSC Exam.","","27 June 2026
Faridabad,
Dhaka-1204
Dear Jarif,
Hope you are well by the grace of Almighty In your last letter, you wanted to know about my future plan after passing H.S.C. Now, I describe about it. You know H.S.C is the most prominent exam in our country. so in our country, after H.S.C all students will take Public University admission preparation. My dream is after passing hsc exam I will take hardest preparation for my University admission. You know that, from my childhood, I want to be a eingineer and admitted into a Dhaka University so that's time is the most important momenterm to fullfill my dream. I cannot stay in day dreaming. Instead I want to give my best for my own dream. No more today. take care yourself and your familys.

Yours ever
Makin

From,
Mahin
Faridabad,
Dhaka, 1204

To,
Jarif
Digalala,
Dhanmondi-18","27 June 2026
Faridabad,
Dhaka-1204
Dear Jarif,
Hope you are well by the grace of Almighty In your last letter, you wanted to know about my future plan after passing H.S.C. Now, I describe about it. You know H.S.C is the most prominent exam in our country. so in our country, after H.S.C all students will take Public University admission preparation. My dream is after passing hsc exam I will take hardest preparation for my University admission. You know that, from my childhood, I want to be a eingineer and admitted into a Dhaka University so that's time is the most important momenterm to fullfill my dream. I cannot stay in day dreaming. Instead I want to give my best for my own dream. No more today. take care yourself and your familys.

Yours ever
Makin

From,
Mahin
Faridabad,
Dhaka, 1204

To,
Jarif
Digalala,
Dhanmondi-18","","10-11","ok","","0.9","0","0","0","0","0","0","False","False","","148","831","","","","","3","address;date;salutation;body;close;signature","0","gemma-4-31b-it","gemini","extraction_prompt_v2","85afd6a0363fc77ac269e8a92485a2f6670e2370503eca21eb690dbcc64252b2","{""thinking_level"": ""medium"", ""max_output_tokens"": 32768}","2026-08-24T15:47:47.756510+00:00"
"THEME_002","SE_11_Q1_0002","11","Theme","8","","","absent","Write down the theme of the poem.

All people dream, but not equally.
Those who dream by night in the dusty recesses of their mind,
Wake in the morning to find that it was vanity.
But the dreamers of the day are dangerous people,
For they dream their dreams with open eyes,
And make them come true.","All people dream, but not equally.
Those who dream by night in the dusty recesses of their mind,
Wake in the morning to find that it was vanity.
But the dreamers of the day are dangerous people,
For they dream their dreams with open eyes,
And make them come true.","Theme: The poem 'Dream' explore the difference between active and passive dream. emphasizing those who dream during the day with purpose and vision make dream change to reality.","Theme: The poem 'Dream' explore the difference between active and passive dream. emphasizing those who dream during the day with purpose and vision make dream change to reality.","","9","ok","","1.0","0","0","0","0","0","0","False","False","","28","177","50","0.56","","0.0","0","","","gemma-4-31b-it","gemini","extraction_prompt_v2","85afd6a0363fc77ac269e8a92485a2f6670e2370503eca21eb690dbcc64252b2","{""thinking_level"": ""medium"", ""max_output_tokens"": 32768}","2026-08-24T15:47:47.756510+00:00"
"SUMMARY_003","SE_11_Q1_0003","3","Summary","10","","","absent","Summarize the following text. Hope"" is the thing with feathers —
That perches in the soul—
And sings the tune without the words—
And never stops — at all—
And sweetest — in the Gale — is heard —
And sore must be the storm —
That could abash the little Bird
That kept so many warm —
I've heard it in the chillest land —
And on the strangest Sea —
Yet — never — in Extremity,
It asked a crumb — of me.","Hope"" is the thing with feathers —
That perches in the soul—
And sings the tune without the words—
And never stops — at all—
And sweetest — in the Gale — is heard —
And sore must be the storm —
That could abash the little Bird
That kept so many warm —
I've heard it in the chillest land —
And on the strangest Sea —
Yet — never — in Extremity,
It asked a crumb — of me.","No one can live without this. Every moment we are living at hope. the grass, leves of a tree, the waves of seas are the source of hope. So it's the part and pencerl for human life.","No one can live without this. Every moment we are living at hope. the grass, leves of a tree, the waves of seas are the source of hope. So it's the part and pencerl for human life.","Hope In the tonic of life.","4","ok","","0.95","0","0","0","0","0","0","False","False","","37","180","69","0.5362","True","0.0","0","","","gemma-4-31b-it","gemini","extraction_prompt_v2","85afd6a0363fc77ac269e8a92485a2f6670e2370503eca21eb690dbcc64252b2","{""thinking_level"": ""medium"", ""max_output_tokens"": 32768}","2026-08-24T15:49:55.503168+00:00"
"PARA_003","SE_11_Q1_0003","7","Paragraph","10","","","absent","Answer the following questions and write a paragraph on Artificial Intelligence. a. What is Artificial Intelligence? b. What are the features of AI? c. What are the applications of AI? d. How has AI revolutionized teaching and learning? e. Do you find any threatening aspect in AI?","","Artificial Intelligence or AI is a computer based prograne which, can do any types of software command we give it. It is nowadays many too much helpful for us to lead out regular life. It make our life est easier from prvous generation. We can do anything with it by a single command. For Preparing text, Image creation, Basic suggestions and edits a lot's of features have the pre Artificial Intelligence. We can calculat a big amount of billion, trillion within a single command. people are using AI for their daily part of life. office worker are repearing their files, Student making notes and influencen getting ideas from AI. It will be more developped in coming decades. It connected the whole world in a chain which in too much impact but impactful for this generatn. AI in in also helping in the field of teaching and learning. Nowadays Students are preparing their lessons through AI. A topic which is hard for the weak students can be simplify with the help of AI. Not only learning, But also teaching in also possible from using AI. Online classes, E-book, and learning from Elecctrical technologies in the helping hand for the students, it get possible for AI. So AI is alr revalationized the teaching and learning process. In medica, Engeniering, Business, AI in also Impactfut. But demerits also finded in in feature. People are getting lazy as they can do thin works, lying on the bed. Creativits is hardly finded in students nowaday, Everything is working within a blink of eye. So, After some years, people will litter depended on AI. But AI is too much helpful for us and it will create a nevalutionary change to our life.","Artificial Intelligence or AI is a computer based prograne which, can do any types of software command we give it. It is nowadays many too much helpful for us to lead out regular life. It make our life est easier from prvous generation. We can do anything with it by a single command. For Preparing text, Image creation, Basic suggestions and edits a lot's of features have the pre Artificial Intelligence. We can calculat a big amount of billion, trillion within a single command. people are using AI for their daily part of life. office worker are repearing their files, Student making notes and influencen getting ideas from AI. It will be more developped in coming decades. It connected the whole world in a chain which in too much impact but impactful for this generatn. AI in in also helping in the field of teaching and learning. Nowadays Students are preparing their lessons through AI. A topic which is hard for the weak students can be simplify with the help of AI. Not only learning, But also teaching in also possible from using AI. Online classes, E-book, and learning from Elecctrical technologies in the helping hand for the students, it get possible for AI. So AI is alr revalationized the teaching and learning process. In medica, Engeniering, Business, AI in also Impactfut. But demerits also finded in in feature. People are getting lazy as they can do thin works, lying on the bed. Creativits is hardly finded in students nowaday, Everything is working within a blink of eye. So, After some years, people will litter depended on AI. But AI is too much helpful for us and it will create a nevalutionary change to our life.","Artificial Intelligence","18-21","ok","","0.85","0","0","0","0","0","0","False","False","","287","1641","","","","","0","","","gemma-4-31b-it","gemini","extraction_prompt_v2","85afd6a0363fc77ac269e8a92485a2f6670e2370503eca21eb690dbcc64252b2","{""thinking_level"": ""medium"", ""max_output_tokens"": 32768}","2026-08-24T15:49:55.503168+00:00"
"CHART_003","SE_11_Q1_0003","8","Graph_Chart","10","","","absent","Look at the chart. It shows the sources of the USA electricity in 1980. Now, analyse the chart focussing the main aspects. (at least in 80 words)

Chart title: Sources of USA electricity in 1980. Values shown: Coal 46%; Natural gas 24%; Hydro-electric power 16%; Oil 12%; Nuclear 2%.","","Thin pie chant is about the sources of USA electricity in 1980. The chart contain 100%, devided into 5 parts of different percentages which neboring the some sources.

In this chart, USA generate 46%. electricity for for m coal. 24% of electricity was generated from natural gas which was not an average deal. 16% from hydro electric power and 12% from oil was also a notable source of electricity. Finally, a few amount of electricity was generated from nuclear and in was 2%. accordin to the chart.

So the chart clearly show that, The main source of electricity of USA in 1980, was coal. Natural gas was the 2nd choice choice of them. And lastly, the nuclear source was not ebbective on that time.","Thin pie chant is about the sources of USA electricity in 1980. The chart contain 100%, devided into 5 parts of different percentages which neboring the some sources.

In this chart, USA generate 46%. electricity for for m coal. 24% of electricity was generated from natural gas which was not an average deal. 16% from hydro electric power and 12% from oil was also a notable source of electricity. Finally, a few amount of electricity was generated from nuclear and in was 2%. accordin to the chart.

So the chart clearly show that, The main source of electricity of USA in 1980, was coal. Natural gas was the 2nd choice choice of them. And lastly, the nuclear source was not ebbective on that time.","Sources of the USA electricity in 198","11-12","ok","","0.9","0","0","0","0","0","0","False","False","","115","700","","","","","2","","","gemma-4-31b-it","gemini","extraction_prompt_v2","85afd6a0363fc77ac269e8a92485a2f6670e2370503eca21eb690dbcc64252b2","{""thinking_level"": ""medium"", ""max_output_tokens"": 32768}","2026-08-24T15:49:55.503168+00:00"
"STORY_003","SE_11_Q1_0003","9","Story","7","","","absent","The following is the beginning of a story. Complete it in your own words and give a proper title. Once a lion was sleeping in a forest. Suddenly a mouse came there. It was, in fact, playing on a race quite happily and didn't notice the sleeping lion. While running, ............","","Once a lion was sleeping in a forest. Suddenly a ~~stop~~ mouse came there. It was in fact, playing on a race quite happy and didn't notice the sleeping lion. While running, it got a clash with lion and the lion woke up. The mouse stopped for a while. when the lion take the mouse he asked "" whate are you doing here? I'll just kill you for disturbing me "" the mouse guiltly answered the lion that he was playing and lion was a burden for the mouse. Hearing this, the lion got angry and said that he "" I am the king of jungle "" by roaring. The mouse left the cave befor lion's roaring end ended. One day a team of hunters came to the jungle. They saw the lion and cathed him on a net. After that they went to have their car. At that moment the mouse arrived the place. the lion requested him to help, but the mouse refused for the first time: he said if they ~~it~~ kill him after helping, so that the mouse didn't want to help the lion. But the lion ensurt the mouse that he will wener napem the mouse. At a while the mouse ~~star~~ started cutting the net to make the lion free and he dit it perfectly. ..

"" King in perfect with crown Not in the eitre it's just a clown ""","Once a lion was sleeping in a forest. Suddenly a  mouse came there. It was in fact, playing on a race quite happy and didn't notice the sleeping lion. While running, it got a clash with lion and the lion woke up. The mouse stopped for a while. when the lion take the mouse he asked "" whate are you doing here? I'll just kill you for disturbing me "" the mouse guiltly answered the lion that he was playing and lion was a burden for the mouse. Hearing this, the lion got angry and said that he "" I am the king of jungle "" by roaring. The mouse left the cave befor lion's roaring end ended. One day a team of hunters came to the jungle. They saw the lion and cathed him on a net. After that they went to have their car. At that moment the mouse arrived the place. the lion requested him to help, but the mouse refused for the first time: he said if they  kill him after helping, so that the mouse didn't want to help the lion. But the lion ensurt the mouse that he will wener napem the mouse. At a while the mouse  started cutting the net to make the lion free and he dit it perfectly. ..

"" King in perfect with crown Not in the eitre it's just a clown ""","A lion and a mouse","13-15","ok","","0.9","0","0","0","3","0","0","False","False","","227","1152","","","","","1","","","gemma-4-31b-it","gemini","extraction_prompt_v2","85afd6a0363fc77ac269e8a92485a2f6670e2370503eca21eb690dbcc64252b2","{""thinking_level"": ""medium"", ""max_output_tokens"": 32768}","2026-08-24T15:49:55.503168+00:00"
"LETTER_003","SE_11_Q1_0003","10","Letter_Email","5","","","absent","Write a letter to your friend describing the future plan after passing HSC Exam.","","27 June , 2026
Azimpure , Dhaka

Dear fried,

At first take my condial love and good wishes to you. Hope that you are all well by the grace of Allah. I'm also well. I received your letter yeasted.

In your letter, You have wanted to know about the future plan after passing HSC exam. Now I'm writing you about about it.

HSC exam is knocking at door. A few days left. After our HSC exam, we have a long time and it's will be the right time for building our life. Our future life in depended on it. So we have to make ensure that we are using this time properly. I've decided to do a loth of things in this time. First of all, I'll learn the computer programes properly, which can help me a lot. I'll build a ~~sort phort~~ business which can ~~run~~ be run on my free time. I'll also start some tutions from the junior student's. I think, it'll will be penferect for me in this long run of life.

No more to today. Convey my salam to your parents and love to the younger

Yours ever
Sakib

From,
Sakib
AZIMPUR,
Dhaka
To,
Niloy
moulvbi bazar,
sylhet
Stamp","27 June , 2026
Azimpure , Dhaka

Dear fried,

At first take my condial love and good wishes to you. Hope that you are all well by the grace of Allah. I'm also well. I received your letter yeasted.

In your letter, You have wanted to know about the future plan after passing HSC exam. Now I'm writing you about about it.

HSC exam is knocking at door. A few days left. After our HSC exam, we have a long time and it's will be the right time for building our life. Our future life in depended on it. So we have to make ensure that we are using this time properly. I've decided to do a loth of things in this time. First of all, I'll learn the computer programes properly, which can help me a lot. I'll build a  business which can  be run on my free time. I'll also start some tutions from the junior student's. I think, it'll will be penferect for me in this long run of life.

No more to today. Convey my salam to your parents and love to the younger

Yours ever
Sakib

From,
Sakib
AZIMPUR,
Dhaka
To,
Niloy
moulvbi bazar,
sylhet
Stamp","","7-9","ok","","0.95","0","0","0","2","0","0","False","False","","197","1033","","","","","7","address;date;salutation;body;close;signature","0","gemma-4-31b-it","gemini","extraction_prompt_v2","85afd6a0363fc77ac269e8a92485a2f6670e2370503eca21eb690dbcc64252b2","{""thinking_level"": ""medium"", ""max_output_tokens"": 32768}","2026-08-24T15:49:55.503168+00:00"
"THEME_003","SE_11_Q1_0003","11","Theme","8","","","absent","Write down the theme of the poem.

All people dream, but not equally.
Those who dream by night in the dusty recesses of their mind,
Wake in the morning to find that it was vanity.
But the dreamers of the day are dangerous people,
For they dream their dreams with open eyes,
And make them come true.","All people dream, but not equally.
Those who dream by night in the dusty recesses of their mind,
Wake in the morning to find that it was vanity.
But the dreamers of the day are dangerous people,
For they dream their dreams with open eyes,
And make them come true.","Dreams still are not the sleeping part, which we for got {inserted: after} woke up. Dreams are that which make our path of life. Future life is depending on dream that refers to goal of human life.","Dreams still are not the sleeping part, which we for got after woke up. Dreams are that which make our path of life. Future life is depending on dream that refers to goal of human life.","","10","ok","","0.95","0","0","0","0","1","0","False","False","","36","185","50","0.72","","0.0","0","","","gemma-4-31b-it","gemini","extraction_prompt_v2","85afd6a0363fc77ac269e8a92485a2f6670e2370503eca21eb690dbcc64252b2","{""thinking_level"": ""medium"", ""max_output_tokens"": 32768}","2026-08-24T15:49:55.503168+00:00"
"SUMMARY_004","SE_11_Q1_0004","3","Summary","10","","","absent","Summarize the following text. Hope"" is the thing with feathers —
That perches in the soul—
And sings the tune without the words—
And never stops — at all—
And sweetest — in the Gale — is heard —
And sore must be the storm —
That could abash the little Bird
That kept so many warm —
I've heard it in the chillest land —
And on the strangest Sea —
Yet — never — in Extremity,
It asked a crumb — of me.","Hope"" is the thing with feathers —
That perches in the soul—
And sings the tune without the words—
And never stops — at all—
And sweetest — in the Gale — is heard —
And sore must be the storm —
That could abash the little Bird
That kept so many warm —
I've heard it in the chillest land —
And on the strangest Sea —
Yet — never — in Extremity,
It asked a crumb — of me.","Summery: Hope is the saviour thing Which helps to Senvise the human beings; Our soul always hold a lot of hope. The poet writing in the poem that hope is the thing with feathers which is perchaes in the soul. Hope kept warm he have heard it in the chillest land.","Summery: Hope is the saviour thing Which helps to Senvise the human beings; Our soul always hold a lot of hope. The poet writing in the poem that hope is the thing with feathers which is perchaes in the soul. Hope kept warm he have heard it in the chillest land.","","3","ok","","0.95","0","0","0","0","0","0","False","False","","51","262","69","0.7391","True","0.0","0","","","gemma-4-31b-it","gemini","extraction_prompt_v2","85afd6a0363fc77ac269e8a92485a2f6670e2370503eca21eb690dbcc64252b2","{""thinking_level"": ""medium"", ""max_output_tokens"": 32768}","2026-08-24T15:51:25.431204+00:00"
"PARA_004","SE_11_Q1_0004","7","Paragraph","10","","","absent","Answer the following questions and write a paragraph on Artificial Intelligence. a. What is Artificial Intelligence? b. What are the features of AI? c. What are the applications of AI? d. How has AI revolutionized teaching and learning? e. Do you find any threatening aspect in AI?","","Ardtfial Intelligence is mainly a software Which is solve any kind of Problem, creat anything like a human do and thought. They have to ablility to thought like a human being. AI open a new era in moder science. We all are starting to depends on AI. In our next genaration fully depends on this. We see now the biger bigen company using their company AI. They said they don't need human work. AI is better than human. SO, AI's future is so much wide and it will be dominants the world. Infuture People are all using AI and we can't leave without

AI.. AI is using in our software a lot of time but it was hidedenly. But we see in 2021 Elon Musk launch his AI software. Chat GPT is the most popular ai software. Gemini is also now popular. Deepseek is popular for resenable price. Claud is widely known as for Programming. Goole include their Nano Barmana with Gemini. Today's lots of AI application in the market like Perpexlity, brixby, notebook LM etc. Today's almost 50-60% Student are engaged with online education. And AI helps student a lot of. We can use it specially for creating Note. AI save us many times and also help us with working our study question Practicing.

Teacher's are also facilitis. gain on AI. They can teach our very easily. Yes, We see AI also threating for us. Because Student are don't work homework themself, they use AI and AI can solve all kinds of question. Its too much harmful for us.","Ardtfial Intelligence is mainly a software Which is solve any kind of Problem, creat anything like a human do and thought. They have to ablility to thought like a human being. AI open a new era in moder science. We all are starting to depends on AI. In our next genaration fully depends on this. We see now the biger bigen company using their company AI. They said they don't need human work. AI is better than human. SO, AI's future is so much wide and it will be dominants the world. Infuture People are all using AI and we can't leave without

AI.. AI is using in our software a lot of time but it was hidedenly. But we see in 2021 Elon Musk launch his AI software. Chat GPT is the most popular ai software. Gemini is also now popular. Deepseek is popular for resenable price. Claud is widely known as for Programming. Goole include their Nano Barmana with Gemini. Today's lots of AI application in the market like Perpexlity, brixby, notebook LM etc. Today's almost 50-60% Student are engaged with online education. And AI helps student a lot of. We can use it specially for creating Note. AI save us many times and also help us with working our study question Practicing.

Teacher's are also facilitis. gain on AI. They can teach our very easily. Yes, We see AI also threating for us. Because Student are don't work homework themself, they use AI and AI can solve all kinds of question. Its too much harmful for us.","Artificial Intelligence","13-15","ok","","0.9","0","0","0","0","0","0","False","False","","258","1420","","","","","2","","","gemma-4-31b-it","gemini","extraction_prompt_v2","85afd6a0363fc77ac269e8a92485a2f6670e2370503eca21eb690dbcc64252b2","{""thinking_level"": ""medium"", ""max_output_tokens"": 32768}","2026-08-24T15:51:25.431204+00:00"
"CHART_004","SE_11_Q1_0004","8","Graph_Chart","10","","","absent","Look at the chart. It shows the sources of the USA electricity in 1980. Now, analyse the chart focussing the main aspects. (at least in 80 words)

Chart title: Sources of USA electricity in 1980. Values shown: Coal 46%; Natural gas 24%; Hydro-electric power 16%; Oil 12%; Nuclear 2%.","","The pie chart shows the sounces of the USA electricity in 1980. The sources are Hydro-electric power, Nuclean, oil, coal, Natural gas.

In 1980, we see the largest electrycity source is Coal which hold 49%. We said that in that time coal dominant the market. It's a huge diffrence between the largest sounce. The secound largest sounce is Natural gas. Which hold the 24% of this Chart. Natural gas is good impact in that time. We can see the third position of this chart is Hydro-electric power. Which is 18% little bit to the secound largest Natural gas, Now, it's turn to 4th Position

We can see this position is hold the oil. Which is also a natural resounce. The oil percantage is only 12%. Which is not high empact of 1980 USA electricity. And at last the most little bit sources is Nuclean. Nuclean are only 2%. Which is so much expensive to make on genarate the electricity. We can compare the hiegst and lowwest between there. difference is 47%.

The pie chart shows the USA electricity source in 1980. There are hold the lion Pencantage of source is coal which is 49%. and the lowest percantage of sounce is Nuclean. Which is only 2%. And the others source like nuclear, Nastural gas .also good pencantage.","The pie chart shows the sounces of the USA electricity in 1980. The sources are Hydro-electric power, Nuclean, oil, coal, Natural gas.

In 1980, we see the largest electrycity source is Coal which hold 49%. We said that in that time coal dominant the market. It's a huge diffrence between the largest sounce. The secound largest sounce is Natural gas. Which hold the 24% of this Chart. Natural gas is good impact in that time. We can see the third position of this chart is Hydro-electric power. Which is 18% little bit to the secound largest Natural gas, Now, it's turn to 4th Position

We can see this position is hold the oil. Which is also a natural resounce. The oil percantage is only 12%. Which is not high empact of 1980 USA electricity. And at last the most little bit sources is Nuclean. Nuclean are only 2%. Which is so much expensive to make on genarate the electricity. We can compare the hiegst and lowwest between there. difference is 47%.

The pie chart shows the USA electricity source in 1980. There are hold the lion Pencantage of source is coal which is 49%. and the lowest percantage of sounce is Nuclean. Which is only 2%. And the others source like nuclear, Nastural gas .also good pencantage.","","10-11","ok","","0.9","0","0","0","0","0","0","False","False","","207","1216","","","","","3","","","gemma-4-31b-it","gemini","extraction_prompt_v2","85afd6a0363fc77ac269e8a92485a2f6670e2370503eca21eb690dbcc64252b2","{""thinking_level"": ""medium"", ""max_output_tokens"": 32768}","2026-08-24T15:51:25.431204+00:00"
"STORY_004","SE_11_Q1_0004","9","Story","7","","","absent","The following is the beginning of a story. Complete it in your own words and give a proper title. Once a lion was sleeping in a forest. Suddenly a mouse came there. It was, in fact, playing on a race quite happily and didn't notice the sleeping lion. While running, ............","","","","","","not_attempted","question not found in transcript (verified absent)","","","","","","","","","","","0","0","","","","","","","","gemma-4-31b-it","gemini","extraction_prompt_v2","85afd6a0363fc77ac269e8a92485a2f6670e2370503eca21eb690dbcc64252b2","{""thinking_level"": ""medium"", ""max_output_tokens"": 32768}","2026-08-24T15:51:25.431204+00:00"
"LETTER_004","SE_11_Q1_0004","10","Letter_Email","5","","","absent","Write a letter to your friend describing the future plan after passing HSC Exam.","","27 June, 2026
Bhuighan-107, Dhaka
Dear Alif,
I hope you are well. I am also well by the grace of Almighty Allah. Howmany days we don't meet each an other. In few days laten we will compliting our HSC Examination, Now, I will share my future Plan after HSC.

After compliting my HSC I will go to vacation for an week. I will go to the sundanban. I wish you also go with me. You know that I always want to addmitted myshelf in Bangladesh university of Engeoneiering and Technology. That's why I'll admitted in a engeoneiering based addmission coaching center. After that I'll Prefared myself. In the end of my addmission journy I want to some social work. That's why I'll engaged myself with some social work community. And it is my short plan of after HSC. You also write to me your future plane.

No more today. Take care of yourself and write me soon.

Your freind
Azmain

From: Azmain Mahtab, Bhuighan-107 Road-2 house-325 Dhaka
To: MD. AUF Cumilla City-1200. Road-12, house-105, Cumilla","27 June, 2026
Bhuighan-107, Dhaka
Dear Alif,
I hope you are well. I am also well by the grace of Almighty Allah. Howmany days we don't meet each an other. In few days laten we will compliting our HSC Examination, Now, I will share my future Plan after HSC.

After compliting my HSC I will go to vacation for an week. I will go to the sundanban. I wish you also go with me. You know that I always want to addmitted myshelf in Bangladesh university of Engeoneiering and Technology. That's why I'll admitted in a engeoneiering based addmission coaching center. After that I'll Prefared myself. In the end of my addmission journy I want to some social work. That's why I'll engaged myself with some social work community. And it is my short plan of after HSC. You also write to me your future plane.

No more today. Take care of yourself and write me soon.

Your freind
Azmain

From: Azmain Mahtab, Bhuighan-107 Road-2 house-325 Dhaka
To: MD. AUF Cumilla City-1200. Road-12, house-105, Cumilla","","8-9","ok","","0.9","0","0","0","0","0","0","False","False","","173","989","","","","","4","address;date;salutation;body;close","1","gemma-4-31b-it","gemini","extraction_prompt_v2","85afd6a0363fc77ac269e8a92485a2f6670e2370503eca21eb690dbcc64252b2","{""thinking_level"": ""medium"", ""max_output_tokens"": 32768}","2026-08-24T15:51:25.431204+00:00"
"THEME_004","SE_11_Q1_0004","11","Theme","8","","","absent","Write down the theme of the poem.

All people dream, but not equally.
Those who dream by night in the dusty recesses of their mind,
Wake in the morning to find that it was vanity.
But the dreamers of the day are dangerous people,
For they dream their dreams with open eyes,
And make them come true.","All people dream, but not equally.
Those who dream by night in the dusty recesses of their mind,
Wake in the morning to find that it was vanity.
But the dreamers of the day are dangerous people,
For they dream their dreams with open eyes,
And make them come true.","People are all see dream. Dreams are two kind of one is in subconcious mind and another is unsubconcious mind. Who dreams at night to close there eyes Which have. no effact. It's vanish in the next morning. But who see dreams in the day end an open eyes. They are dangerous because this dreams will be gain they in their heal life. And this dreams in their subconcious mind Which is helps to fulfill their dreams.","People are all see dream. Dreams are two kind of one is in subconcious mind and another is unsubconcious mind. Who dreams at night to close there eyes Which have. no effact. It's vanish in the next morning. But who see dreams in the day end an open eyes. They are dangerous because this dreams will be gain they in their heal life. And this dreams in their subconcious mind Which is helps to fulfill their dreams.","Theme:","12","ok","","0.9","0","0","0","0","0","0","False","False","","77","413","50","1.54","","0.0","0","","","gemma-4-31b-it","gemini","extraction_prompt_v2","85afd6a0363fc77ac269e8a92485a2f6670e2370503eca21eb690dbcc64252b2","{""thinking_level"": ""medium"", ""max_output_tokens"": 32768}","2026-08-24T15:51:25.431204+00:00"
"SUMMARY_005","SE_11_Q1_0005","3","Summary","10","","","absent","Summarize the following text. Hope"" is the thing with feathers —
That perches in the soul—
And sings the tune without the words—
And never stops — at all—
And sweetest — in the Gale — is heard —
And sore must be the storm —
That could abash the little Bird
That kept so many warm —
I've heard it in the chillest land —
And on the strangest Sea —
Yet — never — in Extremity,
It asked a crumb — of me.","Hope"" is the thing with feathers —
That perches in the soul—
And sings the tune without the words—
And never stops — at all—
And sweetest — in the Gale — is heard —
And sore must be the storm —
That could abash the little Bird
That kept so many warm —
I've heard it in the chillest land —
And on the strangest Sea —
Yet — never — in Extremity,
It asked a crumb — of me.","'Hope' is something that keep us alive. It helps us to reach our goal. NO matter where you go you can find hope everywhere","'Hope' is something that keep us alive. It helps us to reach our goal. NO matter where you go you can find hope everywhere","","14","ok","","0.9","0","0","0","0","0","0","False","False","","24","122","69","0.3478","True","0.0","0","","","gemma-4-31b-it","gemini","extraction_prompt_v2","85afd6a0363fc77ac269e8a92485a2f6670e2370503eca21eb690dbcc64252b2","{""thinking_level"": ""medium"", ""max_output_tokens"": 32768}","2026-08-24T15:53:15.589510+00:00"
"PARA_005","SE_11_Q1_0005","7","Paragraph","10","","","absent","Answer the following questions and write a paragraph on Artificial Intelligence. a. What is Artificial Intelligence? b. What are the features of AI? c. What are the applications of AI? d. How has AI revolutionized teaching and learning? e. Do you find any threatening aspect in AI?","","Artificial Intelligence is something that we human created to to make our life much easy. It can answer everything. It can generate any type of picture. It can make a 3d imodel of a human, dog, cat etc. Now a days many students make their assignment using A.I. AI can do anything that take human too much time to do. There are many A.I. like chat gpt, gemini, Grok etc. In this world many school and coleges use AI to teaching and learning. AI analysed every student in the class and told him what he is lacking of, how he can improve in his study. If he makes any problem in study It can show how to solve it. Many AI can solve too hard math questions. Some says AI can replace a human and take their job. I think AI is to help us. It will help us in our daily tasks. We should use this to make our life easy. Student should do their assignment on their own.","Artificial Intelligence is something that we human created to to make our life much easy. It can answer everything. It can generate any type of picture. It can make a 3d imodel of a human, dog, cat etc. Now a days many students make their assignment using A.I. AI can do anything that take human too much time to do. There are many A.I. like chat gpt, gemini, Grok etc. In this world many school and coleges use AI to teaching and learning. AI analysed every student in the class and told him what he is lacking of, how he can improve in his study. If he makes any problem in study It can show how to solve it. Many AI can solve too hard math questions. Some says AI can replace a human and take their job. I think AI is to help us. It will help us in our daily tasks. We should use this to make our life easy. Student should do their assignment on their own.","Artificial Intelligence","3-5","ok","","0.9","0","0","0","0","0","0","False","False","","172","859","","","","","0","","","gemma-4-31b-it","gemini","extraction_prompt_v2","85afd6a0363fc77ac269e8a92485a2f6670e2370503eca21eb690dbcc64252b2","{""thinking_level"": ""medium"", ""max_output_tokens"": 32768}","2026-08-24T15:53:15.589510+00:00"
"CHART_005","SE_11_Q1_0005","8","Graph_Chart","10","","","absent","Look at the chart. It shows the sources of the USA electricity in 1980. Now, analyse the chart focussing the main aspects. (at least in 80 words)

Chart title: Sources of USA electricity in 1980. Values shown: Coal 46%; Natural gas 24%; Hydro-electric power 16%; Oil 12%; Nuclear 2%.","","In the chart it shows the sources of the USA electricity in 1980. As we can see, In 1980, USA produce 4650% of electricity by burning Coal. They get 24% electricity from natural gas, which is the second biggest source of their electricity. They get 12% electricity from oil. From hydro electric power they get 16% electricity. At last they create 2% electricity from Nuclear power plant","In the chart it shows the sources of the USA electricity in 1980. As we can see, In 1980, USA produce 4650% of electricity by burning Coal. They get 24% electricity from natural gas, which is the second biggest source of their electricity. They get 12% electricity from oil. From hydro electric power they get 16% electricity. At last they create 2% electricity from Nuclear power plant","","6-7","ok","","0.9","0","0","0","0","0","0","False","False","","60","386","","","","","0","","","gemma-4-31b-it","gemini","extraction_prompt_v2","85afd6a0363fc77ac269e8a92485a2f6670e2370503eca21eb690dbcc64252b2","{""thinking_level"": ""medium"", ""max_output_tokens"": 32768}","2026-08-24T15:53:15.589510+00:00"
"STORY_005","SE_11_Q1_0005","9","Story","7","","","absent","The following is the beginning of a story. Complete it in your own words and give a proper title. Once a lion was sleeping in a forest. Suddenly a mouse came there. It was, in fact, playing on a race quite happily and didn't notice the sleeping lion. While running, ............","","Once a lion was sleeping in a forest. Suddenly a mouse came there it was, in fact, playing on a race quite happily and didn't notice the sleeping lion. while running it crashes into the lion. The lion woke up and told he will eat the mouse. The mouse told the lion ""You're the king of our jungle. you won't get enough neutritious after eating me. If you spare my life I will help when you fall in danger."" The lion laugh and said, ""How could a small mouse will save him"". Anyways the lion didn't eat the mouse. some days later that lion fall into hanters trap. He tried everything but faild. Then the mouse came cut the net and helped the lion to escape.","Once a lion was sleeping in a forest. Suddenly a mouse came there it was, in fact, playing on a race quite happily and didn't notice the sleeping lion. while running it crashes into the lion. The lion woke up and told he will eat the mouse. The mouse told the lion ""You're the king of our jungle. you won't get enough neutritious after eating me. If you spare my life I will help when you fall in danger."" The lion laugh and said, ""How could a small mouse will save him"". Anyways the lion didn't eat the mouse. some days later that lion fall into hanters trap. He tried everything but faild. Then the mouse came cut the net and helped the lion to escape.","Size doesn't Matter","7-8","ok","","0.9","0","0","0","0","0","0","False","False","","126","654","","","","","0","","","gemma-4-31b-it","gemini","extraction_prompt_v2","85afd6a0363fc77ac269e8a92485a2f6670e2370503eca21eb690dbcc64252b2","{""thinking_level"": ""medium"", ""max_output_tokens"": 32768}","2026-08-24T15:53:15.589510+00:00"
"LETTER_005","SE_11_Q1_0005","10","Letter_Email","5","","","absent","Write a letter to your friend describing the future plan after passing HSC Exam.","","Jatrabari, Dhaka
27/06/2026

Dear Shiba,
I hope you and your family is well by the grace of Allah. You know that our HSC exam is ending soon. Now I'll tell you what I'll do after passing exams.
I'm thinking of going on a vacation after the exam ends. Then I'll start prep study for university. I think If you don't use this time properly you will regred in future. SO use your time wisely.

NO more tody.

Yours ever
Kuddus.

From,
Kuddus
Jatrabari P
Dhaka-1204
To,
Shiba
Gouripur,
Bogra.","Jatrabari, Dhaka
27/06/2026

Dear Shiba,
I hope you and your family is well by the grace of Allah. You know that our HSC exam is ending soon. Now I'll tell you what I'll do after passing exams.
I'm thinking of going on a vacation after the exam ends. Then I'll start prep study for university. I think If you don't use this time properly you will regred in future. SO use your time wisely.

NO more tody.

Yours ever
Kuddus.

From,
Kuddus
Jatrabari P
Dhaka-1204
To,
Shiba
Gouripur,
Bogra.","","9","ok","","0.9","0","0","0","0","0","0","False","False","","88","488","","","","","4","address;date;salutation;body;close;signature","0","gemma-4-31b-it","gemini","extraction_prompt_v2","85afd6a0363fc77ac269e8a92485a2f6670e2370503eca21eb690dbcc64252b2","{""thinking_level"": ""medium"", ""max_output_tokens"": 32768}","2026-08-24T15:53:15.589510+00:00"
"THEME_005","SE_11_Q1_0005","11","Theme","8","","","absent","Write down the theme of the poem.

All people dream, but not equally.
Those who dream by night in the dusty recesses of their mind,
Wake in the morning to find that it was vanity.
But the dreamers of the day are dangerous people,
For they dream their dreams with open eyes,
And make them come true.","All people dream, but not equally.
Those who dream by night in the dusty recesses of their mind,
Wake in the morning to find that it was vanity.
But the dreamers of the day are dangerous people,
For they dream their dreams with open eyes,
And make them come true.","Everyone dreams but not in the same. Some drems while they sleep and some dreams while they are concious. Thore who dreams with the open eye and make their dreams come true are real dreamers.","Everyone dreams but not in the same. Some drems while they sleep and some dreams while they are concious. Thore who dreams with the open eye and make their dreams come true are real dreamers.","Theme of the poem:","10","ok","","0.9","0","0","0","0","0","0","False","False","","35","191","50","0.7","","0.0","0","","","gemma-4-31b-it","gemini","extraction_prompt_v2","85afd6a0363fc77ac269e8a92485a2f6670e2370503eca21eb690dbcc64252b2","{""thinking_level"": ""medium"", ""max_output_tokens"": 32768}","2026-08-24T15:53:15.589510+00:00"
"SUMMARY_006","SE_11_Q1_0006","3","Summary","10","","","absent","Summarize the following text. Hope"" is the thing with feathers —
That perches in the soul—
And sings the tune without the words—
And never stops — at all—
And sweetest — in the Gale — is heard —
And sore must be the storm —
That could abash the little Bird
That kept so many warm —
I've heard it in the chillest land —
And on the strangest Sea —
Yet — never — in Extremity,
It asked a crumb — of me.","Hope"" is the thing with feathers —
That perches in the soul—
And sings the tune without the words—
And never stops — at all—
And sweetest — in the Gale — is heard —
And sore must be the storm —
That could abash the little Bird
That kept so many warm —
I've heard it in the chillest land —
And on the strangest Sea —
Yet — never — in Extremity,
It asked a crumb — of me.","In this time every person should have a dream, and alway focus on your dream. ~~when a man may opticals are destroy~~ try to destroy our dream, {inserted: we} don't lose hope. I so, we should try our best and solve the problem to move fward.

Hope is everything in our life. A bird sings the tune without words and her And that kept so many warmm. It was very nice and we should enjoy.","In this time every person should have a dream, and alway focus on your dream.  try to destroy our dream, we don't lose hope. I so, we should try our best and solve the problem to move fward.

Hope is everything in our life. A bird sings the tune without words and her And that kept so many warmm. It was very nice and we should enjoy.","Summary","14","ok","","0.9","0","0","0","1","1","0","False","False","","67","334","69","0.971","True","0.0","1","","","gemma-4-31b-it","gemini","extraction_prompt_v2","85afd6a0363fc77ac269e8a92485a2f6670e2370503eca21eb690dbcc64252b2","{""thinking_level"": ""medium"", ""max_output_tokens"": 32768}","2026-08-24T21:56:06.370854+00:00"
"PARA_006","SE_11_Q1_0006","7","Paragraph","10","","","absent","Answer the following questions and write a paragraph on Artificial Intelligence. a. What is Artificial Intelligence? b. What are the features of AI? c. What are the applications of AI? d. How has AI revolutionized teaching and learning? e. Do you find any threatening aspect in AI?","","Artificial Intelligence means ~~a~~ it is a software programme and it helps many us by solve many problems. Like ChatGPT, Deepfake etc. Many ~~feauthers~~ {inserted: teauces} of AI are included in AI system. People asked anything like world, health issue tips, general knowledge, and mory more problems. This is very helpful softwor for all people's in this world. But ~~no~~ most of the times AI used for teaching and tearing. In our world many countrie's childs are are poor economy. This reason ch many childs haven't enough money to ~~te~~ {inserted: to} learn by a private teacher. so, AI helps them to read so smoothly and gain knowledge.

~~So this way child's~~ learn and children's is the future of our world. So, And AI is the future of world. But many side-effectes, are ~~using~~ create by using AI. So people like people we this {inserted: teach} teach techr programme in bade ways. Like that face change, a kid video edit, create some bad pictures and many more prof problems are create by using AI. So, we see that AI is very helpful for human ufe. and it helps our regular work. but many big proptems are held by AI. A Many naughty people {inserted: use} AI for for their need. so, We should ~~use~~ we use AI for good gain knowledge and many more important issurces.","Artificial Intelligence means  it is a software programme and it helps many us by solve many problems. Like ChatGPT, Deepfake etc. Many  teauces of AI are included in AI system. People asked anything like world, health issue tips, general knowledge, and mory more problems. This is very helpful softwor for all people's in this world. But  most of the times AI used for teaching and tearing. In our world many countrie's childs are are poor economy. This reason ch many childs haven't enough money to  to learn by a private teacher. so, AI helps them to read so smoothly and gain knowledge.

 learn and children's is the future of our world. So, And AI is the future of world. But many side-effectes, are  create by using AI. So people like people we this teach teach techr programme in bade ways. Like that face change, a kid video edit, create some bad pictures and many more prof problems are create by using AI. So, we see that AI is very helpful for human ufe. and it helps our regular work. but many big proptems are held by AI. A Many naughty people use AI for for their need. so, We should  we use AI for good gain knowledge and many more important issurces.","Artificial Intelligence","11-13","ok","","0.8","0","0","0","7","4","0","False","False","","213","1166","","","","","1","","","gemma-4-31b-it","gemini","extraction_prompt_v2","85afd6a0363fc77ac269e8a92485a2f6670e2370503eca21eb690dbcc64252b2","{""thinking_level"": ""medium"", ""max_output_tokens"": 32768}","2026-08-24T21:56:06.370854+00:00"
"CHART_006","SE_11_Q1_0006","8","Graph_Chart","10","","","absent","Look at the chart. It shows the sources of the USA electricity in 1980. Now, analyse the chart focussing the main aspects. (at least in 80 words)

Chart title: Sources of USA electricity in 1980. Values shown: Coal 46%; Natural gas 24%; Hydro-electric power 16%; Oil 12%; Nuclear 2%.","","The pie chart describes about the sources of the USA electricity in 1980. According to the Graph, In 1980 the percentage was Hydro-electric power was 16%. then we see nuclear ~~was~~ was 2% and this is the low percentage lowest percentage. After that - oil was 12%. Then, used 12% in 100%. Then, the most useful thing was coal. and the percentage of coal was 46% Lastly, natural gas was 24%.

So, in the grap chart we see that in eel electricity USA wed So, in the chart we see that, the {inserted: wed} high coal is the highest percentage of for electricity and the lowest percentage was nuclear. That is 2%.","The pie chart describes about the sources of the USA electricity in 1980. According to the Graph, In 1980 the percentage was Hydro-electric power was 16%. then we see nuclear  was 2% and this is the low percentage lowest percentage. After that - oil was 12%. Then, used 12% in 100%. Then, the most useful thing was coal. and the percentage of coal was 46% Lastly, natural gas was 24%.

So, in the grap chart we see that in eel electricity USA wed So, in the chart we see that, the wed high coal is the highest percentage of for electricity and the lowest percentage was nuclear. That is 2%.","","9-10","ok","","0.85","0","0","0","1","1","0","False","False","","100","590","","","","","1","","","gemma-4-31b-it","gemini","extraction_prompt_v2","85afd6a0363fc77ac269e8a92485a2f6670e2370503eca21eb690dbcc64252b2","{""thinking_level"": ""medium"", ""max_output_tokens"": 32768}","2026-08-24T21:56:06.370854+00:00"
"STORY_006","SE_11_Q1_0006","9","Story","7","","","absent","The following is the beginning of a story. Complete it in your own words and give a proper title. Once a lion was sleeping in a forest. Suddenly a mouse came there. It was, in fact, playing on a race quite happily and didn't notice the sleeping lion. While running, ............","","","","","","not_attempted","question not found in transcript (verified absent)","","","","","","","","","","","0","0","","","","","","","","gemma-4-31b-it","gemini","extraction_prompt_v2","85afd6a0363fc77ac269e8a92485a2f6670e2370503eca21eb690dbcc64252b2","{""thinking_level"": ""medium"", ""max_output_tokens"": 32768}","2026-08-24T21:56:06.370854+00:00"
"LETTER_006","SE_11_Q1_0006","10","Letter_Email","5","","","absent","Write a letter to your friend describing the future plan after passing HSC Exam.","","","","","","not_attempted","question not found in transcript (verified absent)","","","","","","","","","","","0","0","","","","","","","","gemma-4-31b-it","gemini","extraction_prompt_v2","85afd6a0363fc77ac269e8a92485a2f6670e2370503eca21eb690dbcc64252b2","{""thinking_level"": ""medium"", ""max_output_tokens"": 32768}","2026-08-24T21:56:06.370854+00:00"
"THEME_006","SE_11_Q1_0006","11","Theme","8","","","absent","Write down the theme of the poem.

All people dream, but not equally.
Those who dream by night in the dusty recesses of their mind,
Wake in the morning to find that it was vanity.
But the dreamers of the day are dangerous people,
For they dream their dreams with open eyes,
And make them come true.","All people dream, but not equally.
Those who dream by night in the dusty recesses of their mind,
Wake in the morning to find that it was vanity.
But the dreamers of the day are dangerous people,
For they dream their dreams with open eyes,
And make them come true.","Everyone should have a dream. Without dream a man can't live. So, we should work hard. Some times many opticals are try to destroy you. But you should never los hope. Always be Alamys try your best, and oneday you will success success in your life. Because ~~Today is difficult to Torn~~ Because, 

 Today is Difficult, 
Tomorrow is much more difficult 
But Day after tomorrow is you Yours","Everyone should have a dream. Without dream a man can't live. So, we should work hard. Some times many opticals are try to destroy you. But you should never los hope. Always be Alamys try your best, and oneday you will success success in your life. Because  Because, 

 Today is Difficult, 
Tomorrow is much more difficult 
But Day after tomorrow is you Yours","","17","ok","","0.9","0","0","0","1","0","0","False","False","","63","359","50","1.26","","0.0","1","","","gemma-4-31b-it","gemini","extraction_prompt_v2","85afd6a0363fc77ac269e8a92485a2f6670e2370503eca21eb690dbcc64252b2","{""thinking_level"": ""medium"", ""max_output_tokens"": 32768}","2026-08-24T21:56:06.370854+00:00"
"SUMMARY_007","SE_11_Q1_0007","3","Summary","10","","","absent","Summarize the following text. Hope"" is the thing with feathers —
That perches in the soul—
And sings the tune without the words—
And never stops — at all—
And sweetest — in the Gale — is heard —
And sore must be the storm —
That could abash the little Bird
That kept so many warm —
I've heard it in the chillest land —
And on the strangest Sea —
Yet — never — in Extremity,
It asked a crumb — of me.","Hope"" is the thing with feathers —
That perches in the soul—
And sings the tune without the words—
And never stops — at all—
And sweetest — in the Gale — is heard —
And sore must be the storm —
That could abash the little Bird
That kept so many warm —
I've heard it in the chillest land —
And on the strangest Sea —
Yet — never — in Extremity,
It asked a crumb — of me.","Hope is what keeps ~~our souls~~ {inserted: humans} alive. If our hope dies or our soul dies too. Hope is the sweestest thing a man could taste on his soul. Sometimes It might get a little rough but we shouldn't give up no matter what happens. Because hope is what keeps us alive","Hope is what keeps  humans alive. If our hope dies or our soul dies too. Hope is the sweestest thing a man could taste on his soul. Sometimes It might get a little rough but we shouldn't give up no matter what happens. Because hope is what keeps us alive","","3","ok","","0.95","0","0","0","1","1","0","False","False","","50","254","69","0.7246","True","0.0","0","","","gemma-4-31b-it","gemini","extraction_prompt_v2","85afd6a0363fc77ac269e8a92485a2f6670e2370503eca21eb690dbcc64252b2","{""thinking_level"": ""medium"", ""max_output_tokens"": 32768}","2026-08-24T21:56:59.815101+00:00"
"PARA_007","SE_11_Q1_0007","7","Paragraph","10","","","absent","Answer the following questions and write a paragraph on Artificial Intelligence. a. What is Artificial Intelligence? b. What are the features of AI? c. What are the applications of AI? d. How has AI revolutionized teaching and learning? e. Do you find any threatening aspect in AI?","","AI means Artificial Intelligence. Artificial Intelligence is a teonology

Artificial Intelligence

Artificial Intelligence is a man made technology with which some chosen techs can think like humans and take decisions. AI is the short form of Artificial Intelligence. With the help of AI the world has never been the same as before. AI's like chatgpt, Gemini, Deepseek, Grok etc help us to solve complex problems with ease, they helps us generating images {inserted: from} our own imagination. It helps us to know something which we don't know. It can give answers to any of our questions. Different AI's have different features like with Chatgpt you can do everything easily while with Gemini you can generate some good quality pictures. While there are some AI's which are good at solving maths and etc. AI is turning our life to easy mode with AI we can even get help for our education. AI have limitless information about everything. We can use AI to get help with anything we wanna know. The Teaching sector has been improved by adding AI. Some of the teachers now uses AI to mark their students exam sheets while they personally take care of their students. For learning AI is more good. Suddenly wanna learn another language? Or wanna learn chess? AI can help you with that easily because of how mueh knowledge about everything it has. AI is quite useful but it has it's own disadvantages too. We can say that with the help of AI we are getting lazy. We are using AI to generate our assignmen using AI to cheat on exams and even generating fake expliceit images of others to blackmail them and rob them for money. With some of the AI's we can even learn how to hack and become a hacker who hacks accounts of other people just for their own fun. AI has many important uses and even misuses so, the conclusion we can say that AI is important untill we use them to some certain actions which doesnot harm others.","AI means Artificial Intelligence. Artificial Intelligence is a teonology

Artificial Intelligence

Artificial Intelligence is a man made technology with which some chosen techs can think like humans and take decisions. AI is the short form of Artificial Intelligence. With the help of AI the world has never been the same as before. AI's like chatgpt, Gemini, Deepseek, Grok etc help us to solve complex problems with ease, they helps us generating images from our own imagination. It helps us to know something which we don't know. It can give answers to any of our questions. Different AI's have different features like with Chatgpt you can do everything easily while with Gemini you can generate some good quality pictures. While there are some AI's which are good at solving maths and etc. AI is turning our life to easy mode with AI we can even get help for our education. AI have limitless information about everything. We can use AI to get help with anything we wanna know. The Teaching sector has been improved by adding AI. Some of the teachers now uses AI to mark their students exam sheets while they personally take care of their students. For learning AI is more good. Suddenly wanna learn another language? Or wanna learn chess? AI can help you with that easily because of how mueh knowledge about everything it has. AI is quite useful but it has it's own disadvantages too. We can say that with the help of AI we are getting lazy. We are using AI to generate our assignmen using AI to cheat on exams and even generating fake expliceit images of others to blackmail them and rob them for money. With some of the AI's we can even learn how to hack and become a hacker who hacks accounts of other people just for their own fun. AI has many important uses and even misuses so, the conclusion we can say that AI is important untill we use them to some certain actions which doesnot harm others.","Artificial Intelligence","5-7","ok","","0.95","0","0","0","0","1","0","False","False","","339","1904","","","","","2","","","gemma-4-31b-it","gemini","extraction_prompt_v2","85afd6a0363fc77ac269e8a92485a2f6670e2370503eca21eb690dbcc64252b2","{""thinking_level"": ""medium"", ""max_output_tokens"": 32768}","2026-08-24T21:56:59.815101+00:00"
"CHART_007","SE_11_Q1_0007","8","Graph_Chart","10","","","absent","Look at the chart. It shows the sources of the USA electricity in 1980. Now, analyse the chart focussing the main aspects. (at least in 80 words)

Chart title: Sources of USA electricity in 1980. Values shown: Coal 46%; Natural gas 24%; Hydro-electric power 16%; Oil 12%; Nuclear 2%.","","The following Pie-chart shows the sources of the USA electricity in 1980. In the chart the use of nuclear plants were the lowest with just 2%. So 2% of ~~etectruit~~ electricity of the USA was made from nuclear plants. Right next up is oil which makes 12% of the electricity with a staggering 10% rise from nuclear plants. Hydro-electric power is the third last source of electricity. With this one alone, USA made 16% of their electricity. Now comes the big ones. The second largest one is natural gas with 24% and the most used methed was coal. 46% of the electricity was mode from coal. So, we can now say in 1980, USA used coal for 46%, natural gas for 24%, hydro-electric power for 16%, using oil to make 12% and using nuclear power plant for the remoing 2%","The following Pie-chart shows the sources of the USA electricity in 1980. In the chart the use of nuclear plants were the lowest with just 2%. So 2% of  electricity of the USA was made from nuclear plants. Right next up is oil which makes 12% of the electricity with a staggering 10% rise from nuclear plants. Hydro-electric power is the third last source of electricity. With this one alone, USA made 16% of their electricity. Now comes the big ones. The second largest one is natural gas with 24% and the most used methed was coal. 46% of the electricity was mode from coal. So, we can now say in 1980, USA used coal for 46%, natural gas for 24%, hydro-electric power for 16%, using oil to make 12% and using nuclear power plant for the remoing 2%","","8-9","ok","","0.95","0","0","0","1","0","0","False","False","","128","749","","","","","0","","","gemma-4-31b-it","gemini","extraction_prompt_v2","85afd6a0363fc77ac269e8a92485a2f6670e2370503eca21eb690dbcc64252b2","{""thinking_level"": ""medium"", ""max_output_tokens"": 32768}","2026-08-24T21:56:59.815101+00:00"
"STORY_007","SE_11_Q1_0007","9","Story","7","","","absent","The following is the beginning of a story. Complete it in your own words and give a proper title. Once a lion was sleeping in a forest. Suddenly a mouse came there. It was, in fact, playing on a race quite happily and didn't notice the sleeping lion. While running, ............","","Once a lion was sleeping in a forest. suddenly a mouse came there. It was, in fact, playing on a ro ee quite happily and didn't notice the sleeping lion. While running it accidentally bumps onto the lion which leads to the lion waking up. After seeing the mouse the lion ~~roars~~ roars with the irritation and rage and ~~asked~~ {inserted: told} the mouse ""Give me a reason to not kill and eat you"". Terrified the mouse starts to shake while looking at the lion and says, ""Please spare my life. Who knows when I migh come handy to you?"". After hearing what the mouse said he bursts out laughing while mocking the mouse, ""What can a pathetie little mouse even help me with?"" the lion says to the mouse while laughing and let the mouse of the hook. the mouse runs away after the lion releases him. Somedays later while the mouse was running here and there it happens to hear the lion's roar from a distance and decides to go and look. After some time the mouse sees the lion inside a netting. It was a trap set by the hunters. After seeing this the mouse doesn't hesitate even for a bit and rushes to help. It uses its sharp teeth {inserted: to} cut of the net and real releasing the lion. The lion gets completely dumbfounded and then thanked the mouse. That's how the mouse helped the king of jungle the lion and they becomes best friends.","Once a lion was sleeping in a forest. suddenly a mouse came there. It was, in fact, playing on a ro ee quite happily and didn't notice the sleeping lion. While running it accidentally bumps onto the lion which leads to the lion waking up. After seeing the mouse the lion  roars with the irritation and rage and  told the mouse ""Give me a reason to not kill and eat you"". Terrified the mouse starts to shake while looking at the lion and says, ""Please spare my life. Who knows when I migh come handy to you?"". After hearing what the mouse said he bursts out laughing while mocking the mouse, ""What can a pathetie little mouse even help me with?"" the lion says to the mouse while laughing and let the mouse of the hook. the mouse runs away after the lion releases him. Somedays later while the mouse was running here and there it happens to hear the lion's roar from a distance and decides to go and look. After some time the mouse sees the lion inside a netting. It was a trap set by the hunters. After seeing this the mouse doesn't hesitate even for a bit and rushes to help. It uses its sharp teeth to cut of the net and real releasing the lion. The lion gets completely dumbfounded and then thanked the mouse. That's how the mouse helped the king of jungle the lion and they becomes best friends.","The Lion and the Mouse","9-11","ok","","0.9","0","0","0","2","2","0","False","False","","246","1298","","","","","0","","","gemma-4-31b-it","gemini","extraction_prompt_v2","85afd6a0363fc77ac269e8a92485a2f6670e2370503eca21eb690dbcc64252b2","{""thinking_level"": ""medium"", ""max_output_tokens"": 32768}","2026-08-24T21:56:59.815101+00:00"
"LETTER_007","SE_11_Q1_0007","10","Letter_Email","5","","","absent","Write a letter to your friend describing the future plan after passing HSC Exam.","","27th June, 2026
Azimpur , Dhaka

Dear Siyom,

Hope you're doing well by the grace of Allah. Yeah I'm doing well to. Remember our last conversation at your home? You asked me about my plans after HSC. I didn't have one that day but now I have one. In this fat letter I'll write about its

For now passing and getting a great result in HSC is the main target of mine and after I pass I want to go abroad for studies. I like engineering so, I was thinking about moving to Russia after my HSC and continue my study there and get a degree. I don't have any plans right now about what I'll do after that tho.

No more today my friend. Convey my salam to your parents and some love for your younger siblings.

your best friend

Ritom

From,
Mahmudul Hasan
Ritom
17/c, 12-no building,
Azimpur Quarter,
Dhaka

To,
Siratul Moshed
Siyam
19/A, Road-17, pana
Panam streetb,
chittbagong","27th June, 2026
Azimpur , Dhaka

Dear Siyom,

Hope you're doing well by the grace of Allah. Yeah I'm doing well to. Remember our last conversation at your home? You asked me about my plans after HSC. I didn't have one that day but now I have one. In this fat letter I'll write about its

For now passing and getting a great result in HSC is the main target of mine and after I pass I want to go abroad for studies. I like engineering so, I was thinking about moving to Russia after my HSC and continue my study there and get a degree. I don't have any plans right now about what I'll do after that tho.

No more today my friend. Convey my salam to your parents and some love for your younger siblings.

your best friend

Ritom

From,
Mahmudul Hasan
Ritom
17/c, 12-no building,
Azimpur Quarter,
Dhaka

To,
Siratul Moshed
Siyam
19/A, Road-17, pana
Panam streetb,
chittbagong","A letter to my friend deseribing the future plan after passing Hsc exam","12-14","ok","","0.95","0","0","0","0","0","0","False","False","","160","872","","","","","8","address;date;salutation;body;close;signature","0","gemma-4-31b-it","gemini","extraction_prompt_v2","85afd6a0363fc77ac269e8a92485a2f6670e2370503eca21eb690dbcc64252b2","{""thinking_level"": ""medium"", ""max_output_tokens"": 32768}","2026-08-24T21:56:59.815101+00:00"
"THEME_007","SE_11_Q1_0007","11","Theme","8","","","absent","Write down the theme of the poem.

All people dream, but not equally.
Those who dream by night in the dusty recesses of their mind,
Wake in the morning to find that it was vanity.
But the dreamers of the day are dangerous people,
For they dream their dreams with open eyes,
And make them come true.","All people dream, but not equally.
Those who dream by night in the dusty recesses of their mind,
Wake in the morning to find that it was vanity.
But the dreamers of the day are dangerous people,
For they dream their dreams with open eyes,
And make them come true.","Dream isn't equal for everyone. For some dream is what we see when we sleep and for some dream is what keeps them awake. What doesn't let them sleep until they aquire it. This types of people are meant to be successful.","Dream isn't equal for everyone. For some dream is what we see when we sleep and for some dream is what keeps them awake. What doesn't let them sleep until they aquire it. This types of people are meant to be successful.","","15","ok","","1.0","0","0","0","0","0","0","False","False","","42","219","50","0.84","","0.0","0","","","gemma-4-31b-it","gemini","extraction_prompt_v2","85afd6a0363fc77ac269e8a92485a2f6670e2370503eca21eb690dbcc64252b2","{""thinking_level"": ""medium"", ""max_output_tokens"": 32768}","2026-08-24T21:56:59.815101+00:00"
"SUMMARY_008","SE_11_Q1_0008","3","Summary","10","","","absent","Summarize the following text. Hope"" is the thing with feathers —
That perches in the soul—
And sings the tune without the words—
And never stops — at all—
And sweetest — in the Gale — is heard —
And sore must be the storm —
That could abash the little Bird
That kept so many warm —
I've heard it in the chillest land —
And on the strangest Sea —
Yet — never — in Extremity,
It asked a crumb — of me.","Hope"" is the thing with feathers —
That perches in the soul—
And sings the tune without the words—
And never stops — at all—
And sweetest — in the Gale — is heard —
And sore must be the storm —
That could abash the little Bird
That kept so many warm —
I've heard it in the chillest land —
And on the strangest Sea —
Yet — never — in Extremity,
It asked a crumb — of me.","Hope is the thing ~~that~~ {inserted: makes him} keeps a person alive and, work hard. It never ends even in the a worse situation. It helps a man to fight until he reaches his destination.","Hope is the thing  makes him keeps a person alive and, work hard. It never ends even in the a worse situation. It helps a man to fight until he reaches his destination.","","4","ok","","0.9","0","0","0","1","1","0","False","False","","33","168","69","0.4783","True","0.0","0","","","gemma-4-31b-it","gemini","extraction_prompt_v2","85afd6a0363fc77ac269e8a92485a2f6670e2370503eca21eb690dbcc64252b2","{""thinking_level"": ""medium"", ""max_output_tokens"": 32768}","2026-08-24T21:57:21.538986+00:00"
"PARA_008","SE_11_Q1_0008","7","Paragraph","10","","","absent","Answer the following questions and write a paragraph on Artificial Intelligence. a. What is Artificial Intelligence? b. What are the features of AI? c. What are the applications of AI? d. How has AI revolutionized teaching and learning? e. Do you find any threatening aspect in AI?","","Artificial intelligence known as AI is a software which has his own power to solve or qunswen many things. It is huge success in human history. The AI has made many complex things look easy. The human made artificial intelligence is a storage of many information like wikipedia but more human fried friendly and easy to use. It has been given in in many ICT devices to make thei work easy and fast. Even our daily need devices line smartphone, PC, TV and many other things are filled with AI. The AI can generat images and videos, solve our educational problems, makes our doubts easier and many more things. Now half of our work is being done properly and easily using AI. Even recently our streets are being servilenced by CCTV using AI. The AI does run on its own, it needs it application. Our most known AI's are Chat Gpt, & Gemini, Cloude. They help our in our daily life and makes our work of all sectors easier. It can even solve our educational problems. Even many educational videos in internet are being made using AI. Though AI helps us in many sectors but their are some things to be worried about. AI has started to use our personal information to improve its own server. It can run through our smart devices easily and scan our files and folders. Although it says that all our personal ~~infor~~ informations are save safe with him, but we should also be caustions about it.","Artificial intelligence known as AI is a software which has his own power to solve or qunswen many things. It is huge success in human history. The AI has made many complex things look easy. The human made artificial intelligence is a storage of many information like wikipedia but more human fried friendly and easy to use. It has been given in in many ICT devices to make thei work easy and fast. Even our daily need devices line smartphone, PC, TV and many other things are filled with AI. The AI can generat images and videos, solve our educational problems, makes our doubts easier and many more things. Now half of our work is being done properly and easily using AI. Even recently our streets are being servilenced by CCTV using AI. The AI does run on its own, it needs it application. Our most known AI's are Chat Gpt, & Gemini, Cloude. They help our in our daily life and makes our work of all sectors easier. It can even solve our educational problems. Even many educational videos in internet are being made using AI. Though AI helps us in many sectors but their are some things to be worried about. AI has started to use our personal information to improve its own server. It can run through our smart devices easily and scan our files and folders. Although it says that all our personal  informations are save safe with him, but we should also be caustions about it.","Artificial Intelligence","8-10","ok","","0.9","0","0","0","1","0","0","False","False","","250","1379","","","","","0","","","gemma-4-31b-it","gemini","extraction_prompt_v2","85afd6a0363fc77ac269e8a92485a2f6670e2370503eca21eb690dbcc64252b2","{""thinking_level"": ""medium"", ""max_output_tokens"": 32768}","2026-08-24T21:57:21.538986+00:00"
"CHART_008","SE_11_Q1_0008","8","Graph_Chart","10","","","absent","Look at the chart. It shows the sources of the USA electricity in 1980. Now, analyse the chart focussing the main aspects. (at least in 80 words)

Chart title: Sources of USA electricity in 1980. Values shown: Coal 46%; Natural gas 24%; Hydro-electric power 16%; Oil 12%; Nuclear 2%.","","The chart in the passage declares us the source of USA electricity in 1980. As per shown in the chart the massive amount of electricity was produced by coal. And it is also clear that the least amount of electricity was made using neuclean. In the chart, USA produced 16% of its e elec tricity using hydro- electric power of its total. After that there is neucleane which was the least amount of percentage to generate electricity at USA in 1980, which is only 2%. The oil produced 12% of its total electricity in 1980. Lastly Second most main source of electricity was natural gas which was only 24% of it's total. Lastly, thein is coal which covers almost half of our the chart and the percentage is 46%. It is clean that in the late USA the natural elements were the main source of electricity in USA.","The chart in the passage declares us the source of USA electricity in 1980. As per shown in the chart the massive amount of electricity was produced by coal. And it is also clear that the least amount of electricity was made using neuclean. In the chart, USA produced 16% of its e elec tricity using hydro- electric power of its total. After that there is neucleane which was the least amount of percentage to generate electricity at USA in 1980, which is only 2%. The oil produced 12% of its total electricity in 1980. Lastly Second most main source of electricity was natural gas which was only 24% of it's total. Lastly, thein is coal which covers almost half of our the chart and the percentage is 46%. It is clean that in the late USA the natural elements were the main source of electricity in USA.","","11-12","ok","","0.9","0","0","0","0","0","0","False","False","","140","804","","","","","0","","","gemma-4-31b-it","gemini","extraction_prompt_v2","85afd6a0363fc77ac269e8a92485a2f6670e2370503eca21eb690dbcc64252b2","{""thinking_level"": ""medium"", ""max_output_tokens"": 32768}","2026-08-24T21:57:21.538986+00:00"
"STORY_008","SE_11_Q1_0008","9","Story","7","","","absent","The following is the beginning of a story. Complete it in your own words and give a proper title. Once a lion was sleeping in a forest. Suddenly a mouse came there. It was, in fact, playing on a race quite happily and didn't notice the sleeping lion. While running, ............","","Once a lion was sleeping in a forest. Suddenly a mouse came there, It was, in fact, playing on a race quite happily and didn't notice the sleeping lion. While ~~sleeping~~ running, the mouse stumbled on the taile of the lion. The sleeping lion woke up and grabbed the ~~lion~~ mouse. The lion said he was sleeping and the mouse disturbed him and now he was going to eat that mouse. But the mouse begged to the lion that to leave him and also also said that he didn't notice the lion. The lion felt pitty seeing that small mouse and ~~le leave him~~ {inserted: forgave} him ~~left~~ {inserted: told him} there and not to disturb him again. The mouse thanked him and said he will neture his favour one day. One day, the mouse was walking in the forest and suddenly started to hear someone iscreaming. He looked here and there and finally saw the lion whom he disturbed while sleeping is now hanging on a tree on a hunters net. He rushed towards him and cutted the net using his sharp teeths. After being freed from their they both ran from that place and stopped in a safe location. The lion thanked the mouse for saving his life and ~~understood~~ thought it he had not forgive him that day and ate him then to today he might have been killed. He got the reward of his forgiveness.","Once a lion was sleeping in a forest. Suddenly a mouse came there, It was, in fact, playing on a race quite happily and didn't notice the sleeping lion. While  running, the mouse stumbled on the taile of the lion. The sleeping lion woke up and grabbed the  mouse. The lion said he was sleeping and the mouse disturbed him and now he was going to eat that mouse. But the mouse begged to the lion that to leave him and also also said that he didn't notice the lion. The lion felt pitty seeing that small mouse and  forgave him  told him there and not to disturb him again. The mouse thanked him and said he will neture his favour one day. One day, the mouse was walking in the forest and suddenly started to hear someone iscreaming. He looked here and there and finally saw the lion whom he disturbed while sleeping is now hanging on a tree on a hunters net. He rushed towards him and cutted the net using his sharp teeths. After being freed from their they both ran from that place and stopped in a safe location. The lion thanked the mouse for saving his life and  thought it he had not forgive him that day and ate him then to today he might have been killed. He got the reward of his forgiveness.","Reward of Forgiveness","13-15","ok","","0.9","0","0","0","5","2","0","False","False","","230","1198","","","","","0","","","gemma-4-31b-it","gemini","extraction_prompt_v2","85afd6a0363fc77ac269e8a92485a2f6670e2370503eca21eb690dbcc64252b2","{""thinking_level"": ""medium"", ""max_output_tokens"": 32768}","2026-08-24T21:57:21.538986+00:00"
"LETTER_008","SE_11_Q1_0008","10","Letter_Email","5","","","absent","Write a letter to your friend describing the future plan after passing HSC Exam.","","27 June, 2026
Azimpur, Dhaka

Dear Juliya,

I hope you are doing well. My HSC examination is going to finish in next month and I want to discuss about my future plan with you.

Exactly after one month I am hoping my exams will be finished and I'm hoping to do well in my exams. But after the exam finishes I'll get a long vacation. I don't want to waste my time sitting and hanging out. I want to learn some skill, I am thinking to learn how to make an AI of my own and if it goes well I'll publish it online and make it free for others too. My main motive is to help others.

I hope you'll like my idea and give me suggestions in your prespective should I do this or not. Hoping you to stay well and healthy.

Your loving,
Ifee

From,
Ifee
Address: 19, Azimpur Roud, Dhaka
To,
Juliya
Addres: 14, Ring Road, Khulna","27 June, 2026
Azimpur, Dhaka

Dear Juliya,

I hope you are doing well. My HSC examination is going to finish in next month and I want to discuss about my future plan with you.

Exactly after one month I am hoping my exams will be finished and I'm hoping to do well in my exams. But after the exam finishes I'll get a long vacation. I don't want to waste my time sitting and hanging out. I want to learn some skill, I am thinking to learn how to make an AI of my own and if it goes well I'll publish it online and make it free for others too. My main motive is to help others.

I hope you'll like my idea and give me suggestions in your prespective should I do this or not. Hoping you to stay well and healthy.

Your loving,
Ifee

From,
Ifee
Address: 19, Azimpur Roud, Dhaka
To,
Juliya
Addres: 14, Ring Road, Khulna","","16-17","ok","","1.0","0","0","0","0","0","0","False","False","","157","814","","","","","6","address;date;salutation;body;close","1","gemma-4-31b-it","gemini","extraction_prompt_v2","85afd6a0363fc77ac269e8a92485a2f6670e2370503eca21eb690dbcc64252b2","{""thinking_level"": ""medium"", ""max_output_tokens"": 32768}","2026-08-24T21:57:21.538986+00:00"
"THEME_008","SE_11_Q1_0008","11","Theme","8","","","absent","Write down the theme of the poem.

All people dream, but not equally.
Those who dream by night in the dusty recesses of their mind,
Wake in the morning to find that it was vanity.
But the dreamers of the day are dangerous people,
For they dream their dreams with open eyes,
And make them come true.","All people dream, but not equally.
Those who dream by night in the dusty recesses of their mind,
Wake in the morning to find that it was vanity.
But the dreamers of the day are dangerous people,
For they dream their dreams with open eyes,
And make them come true.","People who dreams with wide open eye in the morning are not normal like people who dreams at night. Those people who dreams under light works hard to achieve it. They are the real successful people and like the other ~~nig~~ fake ~~drew~~ dreamers.","People who dreams with wide open eye in the morning are not normal like people who dreams at night. Those people who dreams under light works hard to achieve it. They are the real successful people and like the other  fake  dreamers.","","18","ok","","0.9","0","0","0","2","0","0","False","False","","42","233","50","0.84","","0.0","0","","","gemma-4-31b-it","gemini","extraction_prompt_v2","85afd6a0363fc77ac269e8a92485a2f6670e2370503eca21eb690dbcc64252b2","{""thinking_level"": ""medium"", ""max_output_tokens"": 32768}","2026-08-24T21:57:21.538986+00:00"
"SUMMARY_009","SE_11_Q1_0009","3","Summary","10","","","absent","Summarize the following text. Hope"" is the thing with feathers —
That perches in the soul—
And sings the tune without the words—
And never stops — at all—
And sweetest — in the Gale — is heard —
And sore must be the storm —
That could abash the little Bird
That kept so many warm —
I've heard it in the chillest land —
And on the strangest Sea —
Yet — never — in Extremity,
It asked a crumb — of me.","Hope"" is the thing with feathers —
That perches in the soul—
And sings the tune without the words—
And never stops — at all—
And sweetest — in the Gale — is heard —
And sore must be the storm —
That could abash the little Bird
That kept so many warm —
I've heard it in the chillest land —
And on the strangest Sea —
Yet — never — in Extremity,
It asked a crumb — of me.","Hope is something why we live.

 Hopelife without hope is unthinkable.

 Hope gives {inserted: a} us {inserted: a} reason to live and do things in our life. Every living creature has hope in their life. Hope perches in the soul. Writes said, sings the tune without the words and never stops. In the porms, ""Hope"" poet encourages encourages us and let us know about the importance about hope in life.","Hope is something why we live.

 Hopelife without hope is unthinkable.

 Hope gives a us a reason to live and do things in our life. Every living creature has hope in their life. Hope perches in the soul. Writes said, sings the tune without the words and never stops. In the porms, ""Hope"" poet encourages encourages us and let us know about the importance about hope in life.","","5","ok","","0.9","0","0","0","0","2","0","False","False","","68","375","69","0.9855","True","0.1324","2","","","gemma-4-31b-it","gemini","extraction_prompt_v2","85afd6a0363fc77ac269e8a92485a2f6670e2370503eca21eb690dbcc64252b2","{""thinking_level"": ""medium"", ""max_output_tokens"": 32768}","2026-08-24T21:59:27.304229+00:00"
"PARA_009","SE_11_Q1_0009","7","Paragraph","10","","","absent","Answer the following questions and write a paragraph on Artificial Intelligence. a. What is Artificial Intelligence? b. What are the features of AI? c. What are the applications of AI? d. How has AI revolutionized teaching and learning? e. Do you find any threatening aspect in AI?","","Artificial intelligence is a machine which can understand the human language and act according to it. The short form of artificial intelligence is Ai. The vast amount of date from the internet is inputed in Ai. Ai like Siri and google gemini can he us in our daily life. Chatbot Ai like chatgpt, gemini, grok, claude can are helping humans in their daily life. Ai was mainly desinged to solve big problems, complicated maths etc.

 Programming and coding is the heart of financial industry. By using Ai anybody like you and me can code and programme by using Ai. Ai has revolutionized teching and learning and earing too. Any problem can be solved by Ai, not just solve they also explian their solution step by step. It has a negetive side too. Ai is just a tools which is used by us humans. Human use Ai to spreced fake news and photos. [unclear: videos] Ai is becoming more powerful' so the diffrence between reality and Ai is getting lessen day by day.","Artificial intelligence is a machine which can understand the human language and act according to it. The short form of artificial intelligence is Ai. The vast amount of date from the internet is inputed in Ai. Ai like Siri and google gemini can he us in our daily life. Chatbot Ai like chatgpt, gemini, grok, claude can are helping humans in their daily life. Ai was mainly desinged to solve big problems, complicated maths etc.

 Programming and coding is the heart of financial industry. By using Ai anybody like you and me can code and programme by using Ai. Ai has revolutionized teching and learning and earing too. Any problem can be solved by Ai, not just solve they also explian their solution step by step. It has a negetive side too. Ai is just a tools which is used by us humans. Human use Ai to spreced fake news and photos. videos Ai is becoming more powerful' so the diffrence between reality and Ai is getting lessen day by day.","Artificial Intelligence (AI)","8-9","ok","","0.9","0","1","0","0","0","0","False","False","","171","944","","","","","1","","","gemma-4-31b-it","gemini","extraction_prompt_v2","85afd6a0363fc77ac269e8a92485a2f6670e2370503eca21eb690dbcc64252b2","{""thinking_level"": ""medium"", ""max_output_tokens"": 32768}","2026-08-24T21:59:27.304229+00:00"
"CHART_009","SE_11_Q1_0009","8","Graph_Chart","10","","","absent","Look at the chart. It shows the sources of the USA electricity in 1980. Now, analyse the chart focussing the main aspects. (at least in 80 words)

Chart title: Sources of USA electricity in 1980. Values shown: Coal 46%; Natural gas 24%; Hydro-electric power 16%; Oil 12%; Nuclear 2%.","","The chart shows the sources of the USA electricity in 1980. We can see a crystal clear dividition of the sources of USA electricity in 1980 from the chart.

 The major scale of electricity is produced from coal. Coal produces 46% of the USA electricity in 1980. Natural gas produces 2'4%. of USA electricity. Which almost half of the amount what coals produces. Goal produces 22% more electricity than natural gas. 16% of the USA electricity is produced by Hydro- electric power. Which Which is 30% less than coal. Oil proudes 12% electricity in USA in 1980. Comparatively Coal produced 36% more electricity. The least amount of electricity is produced by Nuclear.

 The chart indicates the sources of USA electricity in 1980, Where coal produces excessive excessive amount of electricity and nuclear produces least least amount of electricity.","The chart shows the sources of the USA electricity in 1980. We can see a crystal clear dividition of the sources of USA electricity in 1980 from the chart.

 The major scale of electricity is produced from coal. Coal produces 46% of the USA electricity in 1980. Natural gas produces 2'4%. of USA electricity. Which almost half of the amount what coals produces. Goal produces 22% more electricity than natural gas. 16% of the USA electricity is produced by Hydro- electric power. Which Which is 30% less than coal. Oil proudes 12% electricity in USA in 1980. Comparatively Coal produced 36% more electricity. The least amount of electricity is produced by Nuclear.

 The chart indicates the sources of USA electricity in 1980, Where coal produces excessive excessive amount of electricity and nuclear produces least least amount of electricity.","","10-11","ok","","0.9","0","0","0","0","0","0","False","False","","127","844","","","","","2","","","gemma-4-31b-it","gemini","extraction_prompt_v2","85afd6a0363fc77ac269e8a92485a2f6670e2370503eca21eb690dbcc64252b2","{""thinking_level"": ""medium"", ""max_output_tokens"": 32768}","2026-08-24T21:59:27.304229+00:00"
"STORY_009","SE_11_Q1_0009","9","Story","7","","","absent","The following is the beginning of a story. Complete it in your own words and give a proper title. Once a lion was sleeping in a forest. Suddenly a mouse came there. It was, in fact, playing on a race quite happily and didn't notice the sleeping lion. While running, ............","","Once a lion was sleeping in a forest. Suddenly a mouse came there. It was, in fact, playing on a race quite happily and didn't notice the sleeping. While running, the mouse collied with the lion. Since the lion's sleep was disturbed by the mouse, the lion got angry. The mouse tried to run from the lion. But lion catched him.

 The lion was about to eat the mouse as a punishment. Suddenly, the mouse told the lion that if the lion gets in any trouble in ~~futey.~~ {inserted: future,} he cuill save him. The lion burst out of laughter and let the mouse go.

 Only day a group of hunters came in the forest. Unfortunately, they traped the lion with net. The mouse saw the whole scene. The mouse remembered about his promise with lion. The mouse goes to help the lion. With his sharpp teeth he cut the net and freed the lion. After that, they become very good friends.","Once a lion was sleeping in a forest. Suddenly a mouse came there. It was, in fact, playing on a race quite happily and didn't notice the sleeping. While running, the mouse collied with the lion. Since the lion's sleep was disturbed by the mouse, the lion got angry. The mouse tried to run from the lion. But lion catched him.

 The lion was about to eat the mouse as a punishment. Suddenly, the mouse told the lion that if the lion gets in any trouble in  future, he cuill save him. The lion burst out of laughter and let the mouse go.

 Only day a group of hunters came in the forest. Unfortunately, they traped the lion with net. The mouse saw the whole scene. The mouse remembered about his promise with lion. The mouse goes to help the lion. With his sharpp teeth he cut the net and freed the lion. After that, they become very good friends.","The Lion and Mouse","12-13","ok","","0.9","0","0","0","1","1","0","False","False","","160","846","","","","","2","","","gemma-4-31b-it","gemini","extraction_prompt_v2","85afd6a0363fc77ac269e8a92485a2f6670e2370503eca21eb690dbcc64252b2","{""thinking_level"": ""medium"", ""max_output_tokens"": 32768}","2026-08-24T21:59:27.304229+00:00"
"LETTER_009","SE_11_Q1_0009","10","Letter_Email","5","","","absent","Write a letter to your friend describing the future plan after passing HSC Exam.","","27 June, 2026
7/A Dhanmondi 32, Dhaka
Dear Luffy,
How are you? I hope ~~you~~ you're fine. Yesterday I received your letter. In your letter you wanted to know about my future plan after HSC. In this letter, I'm going to discribe my plan.

 After HSC examination, I will start preparing for addmission. As you know I wanted to become a doctor from the very litte. So I will prepare myself for medical exam. While I will also prepare for Dhaka University exam. Since many students dream is to become a doctor, they all can't become doctor. Losing hope of life after that is a foolish mindset. That's why if medical doesn't work out, Dhaka University is my back up plan. I also want to know about your plan after HSC exam. Let me know in your next letter.

 No more today. Give my salam to your parents, Stay healthy and safe

 Your ever

 Fihaz

 From,
Fihaz Alam
7/A Dhanmondi 32
Dhaka

 To,
Luffy Khan
14, Bauphal Sadar,
Patuakhali.
Stamp","27 June, 2026
7/A Dhanmondi 32, Dhaka
Dear Luffy,
How are you? I hope  you're fine. Yesterday I received your letter. In your letter you wanted to know about my future plan after HSC. In this letter, I'm going to discribe my plan.

 After HSC examination, I will start preparing for addmission. As you know I wanted to become a doctor from the very litte. So I will prepare myself for medical exam. While I will also prepare for Dhaka University exam. Since many students dream is to become a doctor, they all can't become doctor. Losing hope of life after that is a foolish mindset. That's why if medical doesn't work out, Dhaka University is my back up plan. I also want to know about your plan after HSC exam. Let me know in your next letter.

 No more today. Give my salam to your parents, Stay healthy and safe

 Your ever

 Fihaz

 From,
Fihaz Alam
7/A Dhanmondi 32
Dhaka

 To,
Luffy Khan
14, Bauphal Sadar,
Patuakhali.
Stamp","","14-15","ok","","1.0","0","0","0","1","0","0","False","False","","164","931","","","","","6","address;date;salutation;body;close;signature","0","gemma-4-31b-it","gemini","extraction_prompt_v2","85afd6a0363fc77ac269e8a92485a2f6670e2370503eca21eb690dbcc64252b2","{""thinking_level"": ""medium"", ""max_output_tokens"": 32768}","2026-08-24T21:59:27.304229+00:00"
"THEME_009","SE_11_Q1_0009","11","Theme","8","","","absent","Write down the theme of the poem.

All people dream, but not equally.
Those who dream by night in the dusty recesses of their mind,
Wake in the morning to find that it was vanity.
But the dreamers of the day are dangerous people,
For they dream their dreams with open eyes,
And make them come true.","All people dream, but not equally.
Those who dream by night in the dusty recesses of their mind,
Wake in the morning to find that it was vanity.
But the dreamers of the day are dangerous people,
For they dream their dreams with open eyes,
And make them come true.","People dreams in their life. Their are two types of dreams. One is what we see while in [unclear: deep] sleep. And the other is what don't let us sleep. That kind of dream people dreams with open eyes. And struggle hard to make them come true.","People dreams in their life. Their are two types of dreams. One is what we see while in deep sleep. And the other is what don't let us sleep. That kind of dream people dreams with open eyes. And struggle hard to make them come true.","","16","ok","","0.9","0","1","0","0","0","0","False","False","","46","232","50","0.92","","0.0","0","","","gemma-4-31b-it","gemini","extraction_prompt_v2","85afd6a0363fc77ac269e8a92485a2f6670e2370503eca21eb690dbcc64252b2","{""thinking_level"": ""medium"", ""max_output_tokens"": 32768}","2026-08-24T21:59:27.304229+00:00"
"SUMMARY_010","SE_11_Q1_0010","3","Summary","10","","","absent","Summarize the following text. Hope"" is the thing with feathers —
That perches in the soul—
And sings the tune without the words—
And never stops — at all—
And sweetest — in the Gale — is heard —
And sore must be the storm —
That could abash the little Bird
That kept so many warm —
I've heard it in the chillest land —
And on the strangest Sea —
Yet — never — in Extremity,
It asked a crumb — of me.","Hope"" is the thing with feathers —
That perches in the soul—
And sings the tune without the words—
And never stops — at all—
And sweetest — in the Gale — is heard —
And sore must be the storm —
That could abash the little Bird
That kept so many warm —
I've heard it in the chillest land —
And on the strangest Sea —
Yet — never — in Extremity,
It asked a crumb — of me.","Hope is the thing with feathers. It kept so many warm. It sings the tune without the words that never stops at all. It perches in the Soul. Hope is never stops at all. It sore must be the storm that could abash the little bird. All the People have a hope about everything. never remore hope from all the good things. we should try about this. One day we can successful. So, hope is most valuable things in the every situation of our life.","Hope is the thing with feathers. It kept so many warm. It sings the tune without the words that never stops at all. It perches in the Soul. Hope is never stops at all. It sore must be the storm that could abash the little bird. All the People have a hope about everything. never remore hope from all the good things. we should try about this. One day we can successful. So, hope is most valuable things in the every situation of our life.","","2","ok","","1.0","0","0","0","0","0","0","False","False","","85","438","69","1.2319","True","0.1294","0","","","gemma-4-31b-it","gemini","extraction_prompt_v2","85afd6a0363fc77ac269e8a92485a2f6670e2370503eca21eb690dbcc64252b2","{""thinking_level"": ""medium"", ""max_output_tokens"": 32768}","2026-08-24T22:00:20.460096+00:00"
"PARA_010","SE_11_Q1_0010","7","Paragraph","10","","","absent","Answer the following questions and write a paragraph on Artificial Intelligence. a. What is Artificial Intelligence? b. What are the features of AI? c. What are the applications of AI? d. How has AI revolutionized teaching and learning? e. Do you find any threatening aspect in AI?","","","","","","not_attempted","question not found in transcript (verified absent)","","","","","","","","","","","0","0","","","","","","","","gemma-4-31b-it","gemini","extraction_prompt_v2","85afd6a0363fc77ac269e8a92485a2f6670e2370503eca21eb690dbcc64252b2","{""thinking_level"": ""medium"", ""max_output_tokens"": 32768}","2026-08-24T22:00:20.460096+00:00"
"CHART_010","SE_11_Q1_0010","8","Graph_Chart","10","","","absent","Look at the chart. It shows the sources of the USA electricity in 1980. Now, analyse the chart focussing the main aspects. (at least in 80 words)

Chart title: Sources of USA electricity in 1980. Values shown: Coal 46%; Natural gas 24%; Hydro-electric power 16%; Oil 12%; Nuclear 2%.","","The chart shows the sources of the USA electricity in 1980. It Provides us a crystal clear idea about the sources of the USA electricity in 1980.

From the chart we can see that the source Hydro-electric power is 15%. , Nuclear 2%. Oil 12%. coal 46%. and natural gas 24%. Most of the sources come from coal and the lowest sources come from Nuclear.

In 1980, natural elements are available that time. so, the sources have perfect amount. but nowadays, the amount of natural elements are inc decrease day by day. So we analysis that the Perfect amount of the sources of the USA electricity in 1980.","The chart shows the sources of the USA electricity in 1980. It Provides us a crystal clear idea about the sources of the USA electricity in 1980.

From the chart we can see that the source Hydro-electric power is 15%. , Nuclear 2%. Oil 12%. coal 46%. and natural gas 24%. Most of the sources come from coal and the lowest sources come from Nuclear.

In 1980, natural elements are available that time. so, the sources have perfect amount. but nowadays, the amount of natural elements are inc decrease day by day. So we analysis that the Perfect amount of the sources of the USA electricity in 1980.","","3","ok","","0.9","0","0","0","0","0","0","False","False","","99","597","","","","","2","","","gemma-4-31b-it","gemini","extraction_prompt_v2","85afd6a0363fc77ac269e8a92485a2f6670e2370503eca21eb690dbcc64252b2","{""thinking_level"": ""medium"", ""max_output_tokens"": 32768}","2026-08-24T22:00:20.460096+00:00"
"STORY_010","SE_11_Q1_0010","9","Story","7","","","absent","The following is the beginning of a story. Complete it in your own words and give a proper title. Once a lion was sleeping in a forest. Suddenly a mouse came there. It was, in fact, playing on a race quite happily and didn't notice the sleeping lion. While running, ............","","A lion and a mouse

Once a lion Was sleeping in a forest. Suddenly a mouse came there. It was, in fact, playing on a race quite happily and didn't notice the sleeping lion. While running, the mouse was fall into the lion. The lion woke up and see the mouse. He became very angry. He put the mouse in to his hand and wanted to kill him.

The mouse become afraid and request him not to eat him. The mouse Promised to the lion that he would help him one day. The lion was laughed and said that you are too short to help me any situation. The lion free the mouse.

one day the lion was fall in a trapped. He could not free from that net.

The mouse suddenly see the lion. He goes to the lion and cut the net by his teeth and rescue the lion. The lion become happy and understand that not to Judge anyone by his height. From the day, they would become very good friend and go away from there.","A lion and a mouse

Once a lion Was sleeping in a forest. Suddenly a mouse came there. It was, in fact, playing on a race quite happily and didn't notice the sleeping lion. While running, the mouse was fall into the lion. The lion woke up and see the mouse. He became very angry. He put the mouse in to his hand and wanted to kill him.

The mouse become afraid and request him not to eat him. The mouse Promised to the lion that he would help him one day. The lion was laughed and said that you are too short to help me any situation. The lion free the mouse.

one day the lion was fall in a trapped. He could not free from that net.

The mouse suddenly see the lion. He goes to the lion and cut the net by his teeth and rescue the lion. The lion become happy and understand that not to Judge anyone by his height. From the day, they would become very good friend and go away from there.","A lion and a mouse","6-7","ok","","1.0","0","0","0","0","0","0","False","False","","179","887","","","","","4","","","gemma-4-31b-it","gemini","extraction_prompt_v2","85afd6a0363fc77ac269e8a92485a2f6670e2370503eca21eb690dbcc64252b2","{""thinking_level"": ""medium"", ""max_output_tokens"": 32768}","2026-08-24T22:00:20.460096+00:00"
"LETTER_010","SE_11_Q1_0010","10","Letter_Email","5","","","absent","Write a letter to your friend describing the future plan after passing HSC Exam.","","27 June, 2026
Donia,Dhaka-1236
Dear Sadia,

Hope that Your are fantastic. I am over the moon. Many days hare passed since we met last. Today I describe you about the future Plan after Passing HSC Exam!

After my Hsc Exam, I would Plan with my friends for going cox's Bazar. If you want, you can Join with us! And then, I came to my village. I have a Plan for poor People at my village. I want to be a teacher. ~~them~~ Most of them are illiterate.

Most illiterate People do not hare any knowledge about health and nutrition. If they were literate, they could live a happy and planned life. Education teaches us how to keep fit and live well. It also helps us to make the best choice in life. In fact, it is education that brings many essential changes without which we cannot live a happy life. so, I want to help them and educated them for their happy life.

That's enough for today. Convey my salam to your Parunts and love for your youngers.

Yours ever
rethia

From,
rethia
Donia,Dhaka-1236

To,
Sadia
camilla

Stamp","27 June, 2026
Donia,Dhaka-1236
Dear Sadia,

Hope that Your are fantastic. I am over the moon. Many days hare passed since we met last. Today I describe you about the future Plan after Passing HSC Exam!

After my Hsc Exam, I would Plan with my friends for going cox's Bazar. If you want, you can Join with us! And then, I came to my village. I have a Plan for poor People at my village. I want to be a teacher.  Most of them are illiterate.

Most illiterate People do not hare any knowledge about health and nutrition. If they were literate, they could live a happy and planned life. Education teaches us how to keep fit and live well. It also helps us to make the best choice in life. In fact, it is education that brings many essential changes without which we cannot live a happy life. so, I want to help them and educated them for their happy life.

That's enough for today. Convey my salam to your Parunts and love for your youngers.

Yours ever
rethia

From,
rethia
Donia,Dhaka-1236

To,
Sadia
camilla

Stamp","","4-5","ok","","1.0","0","0","0","1","0","0","False","False","","187","1013","","","","","8","address;date;salutation;body;close;signature","0","gemma-4-31b-it","gemini","extraction_prompt_v2","85afd6a0363fc77ac269e8a92485a2f6670e2370503eca21eb690dbcc64252b2","{""thinking_level"": ""medium"", ""max_output_tokens"": 32768}","2026-08-24T22:00:20.460096+00:00"
"THEME_010","SE_11_Q1_0010","11","Theme","8","","","absent","Write down the theme of the poem.

All people dream, but not equally.
Those who dream by night in the dusty recesses of their mind,
Wake in the morning to find that it was vanity.
But the dreamers of the day are dangerous people,
For they dream their dreams with open eyes,
And make them come true.","All people dream, but not equally.
Those who dream by night in the dusty recesses of their mind,
Wake in the morning to find that it was vanity.
But the dreamers of the day are dangerous people,
For they dream their dreams with open eyes,
And make them come true.","","","","","not_attempted","question not found in transcript (verified absent)","","","","","","","","","","","0","0","","","","","","","","gemma-4-31b-it","gemini","extraction_prompt_v2","85afd6a0363fc77ac269e8a92485a2f6670e2370503eca21eb690dbcc64252b2","{""thinking_level"": ""medium"", ""max_output_tokens"": 32768}","2026-08-24T22:00:20.460096+00:00"
"SUMMARY_011","SE_11_Q1_0011","3","Summary","10","","","absent","Summarize the following text. Hope"" is the thing with feathers —
That perches in the soul—
And sings the tune without the words—
And never stops — at all—
And sweetest — in the Gale — is heard —
And sore must be the storm —
That could abash the little Bird
That kept so many warm —
I've heard it in the chillest land —
And on the strangest Sea —
Yet — never — in Extremity,
It asked a crumb — of me.","Hope"" is the thing with feathers —
That perches in the soul—
And sings the tune without the words—
And never stops — at all—
And sweetest — in the Gale — is heard —
And sore must be the storm —
That could abash the little Bird
That kept so many warm —
I've heard it in the chillest land —
And on the strangest Sea —
Yet — never — in Extremity,
It asked a crumb — of me.","Hope is the with feathers that perches in the soul and mind. It sings the tune without the words that are not important. It never stops at all. The sweetest thing in the gale is heard from anybody and some must be the storm for them. that could abash the little bird that kept so many warm and happy. I have heard it in the chillest land. I also heard it on the strongest sea. It is very beautiful.","Hope is the with feathers that perches in the soul and mind. It sings the tune without the words that are not important. It never stops at all. The sweetest thing in the gale is heard from anybody and some must be the storm for them. that could abash the little bird that kept so many warm and happy. I have heard it in the chillest land. I also heard it on the strongest sea. It is very beautiful.","","2","ok","","0.95","0","0","0","0","0","0","False","False","","79","398","69","1.1449","True","0.2405","0","","","gemma-4-31b-it","gemini","extraction_prompt_v2","85afd6a0363fc77ac269e8a92485a2f6670e2370503eca21eb690dbcc64252b2","{""thinking_level"": ""medium"", ""max_output_tokens"": 32768}","2026-08-24T22:53:32.897506+00:00"
"PARA_011","SE_11_Q1_0011","7","Paragraph","10","","","absent","Answer the following questions and write a paragraph on Artificial Intelligence. a. What is Artificial Intelligence? b. What are the features of AI? c. What are the applications of AI? d. How has AI revolutionized teaching and learning? e. Do you find any threatening aspect in AI?","","","","","","not_attempted","question not found in transcript (verified absent)","","","","","","","","","","","0","0","","","","","","","","gemma-4-31b-it","gemini","extraction_prompt_v2","85afd6a0363fc77ac269e8a92485a2f6670e2370503eca21eb690dbcc64252b2","{""thinking_level"": ""medium"", ""max_output_tokens"": 32768}","2026-08-24T22:53:32.897506+00:00"
"CHART_011","SE_11_Q1_0011","8","Graph_Chart","10","","","absent","Look at the chart. It shows the sources of the USA electricity in 1980. Now, analyse the chart focussing the main aspects. (at least in 80 words)

Chart title: Sources of USA electricity in 1980. Values shown: Coal 46%; Natural gas 24%; Hydro-electric power 16%; Oil 12%; Nuclear 2%.","","The chart shows the source of USA electricity in 1980.

In chart, we can see the sources of USA electricity in 1980. There are fixe sources of USA electricity. The ~~amout~~ amount of Hydro-electric power is 16%. The another source is nucleare and it's amount is 2%. Nuclear's source amount is short from the source amount of Hydro-electric power. The source amount of oil is 12%. The other source amount of oil is 46%. The last isourcenamount of Natural gas is 24%. The source of coal is very important. Because the source of coal has big amount. The 2nd highest amount of source is natural gas. The 3rd highest amount of source is Hydro-electric power. The 4th highest amount of source is oil. The last highest amount of source is nuclear. After Nuclear is not very important source of electricity. Every source of electricity is very important for us. We have to increased the amount of the sicsourcen of electricity. If we don't do this, the source of electricity will lose one day. So, we should be careful about this matter.","The chart shows the source of USA electricity in 1980.

In chart, we can see the sources of USA electricity in 1980. There are fixe sources of USA electricity. The  amount of Hydro-electric power is 16%. The another source is nucleare and it's amount is 2%. Nuclear's source amount is short from the source amount of Hydro-electric power. The source amount of oil is 12%. The other source amount of oil is 46%. The last isourcenamount of Natural gas is 24%. The source of coal is very important. Because the source of coal has big amount. The 2nd highest amount of source is natural gas. The 3rd highest amount of source is Hydro-electric power. The 4th highest amount of source is oil. The last highest amount of source is nuclear. After Nuclear is not very important source of electricity. Every source of electricity is very important for us. We have to increased the amount of the sicsourcen of electricity. If we don't do this, the source of electricity will lose one day. So, we should be careful about this matter.","","3","ok","","0.9","0","0","0","1","0","0","False","False","","176","1021","","","","","1","","","gemma-4-31b-it","gemini","extraction_prompt_v2","85afd6a0363fc77ac269e8a92485a2f6670e2370503eca21eb690dbcc64252b2","{""thinking_level"": ""medium"", ""max_output_tokens"": 32768}","2026-08-24T22:53:32.897506+00:00"
"STORY_011","SE_11_Q1_0011","9","Story","7","","","absent","The following is the beginning of a story. Complete it in your own words and give a proper title. Once a lion was sleeping in a forest. Suddenly a mouse came there. It was, in fact, playing on a race quite happily and didn't notice the sleeping lion. While running, ............","","Once a lion was sleeping in a forest. suddenly a mouse came there. It was in fact, playing {inserted: on} a race quite happily and didn't notice the sleeping lion. While running the mouse came very close to the lion. The mouse jumped into the lion and he woke up from sleep. Jumping like this made the lion angry. The lion caught the mouse and went to kill him. But the mouse requested the lion to don't kill him. The mouse continuesly requested him to beg him and the mouse was crying. Seeing this the lion was decided to don't kill the mouse. for the kind of lion, the mouse got back his life. The mouse greeted the lion so well and he told the ~~ton~~ lion that he will remember the kindness of lion and also back the help. One day, that lion was trapped in a side of jungle. There was no animal who can help him. The lion was roarnd but no one came. suddenly that mouse heard the roarnd of lion. So, the mouse ran away to the place where the lion was trapped. going there he saw the lion. The mouse helped the lion to se escape the trap. Then they went from there. The lion was so grateful to the mouse. He thought the little couldn't back his favour. But the little mouse was help him from the trap. From this they were firm friends.","Once a lion was sleeping in a forest. suddenly a mouse came there. It was in fact, playing on a race quite happily and didn't notice the sleeping lion. While running the mouse came very close to the lion. The mouse jumped into the lion and he woke up from sleep. Jumping like this made the lion angry. The lion caught the mouse and went to kill him. But the mouse requested the lion to don't kill him. The mouse continuesly requested him to beg him and the mouse was crying. Seeing this the lion was decided to don't kill the mouse. for the kind of lion, the mouse got back his life. The mouse greeted the lion so well and he told the  lion that he will remember the kindness of lion and also back the help. One day, that lion was trapped in a side of jungle. There was no animal who can help him. The lion was roarnd but no one came. suddenly that mouse heard the roarnd of lion. So, the mouse ran away to the place where the lion was trapped. going there he saw the lion. The mouse helped the lion to se escape the trap. Then they went from there. The lion was so grateful to the mouse. He thought the little couldn't back his favour. But the little mouse was help him from the trap. From this they were firm friends.","A Lion and A Mouse","6-7","ok","","0.9","0","0","0","1","1","0","False","False","","239","1219","","","","","0","","","gemma-4-31b-it","gemini","extraction_prompt_v2","85afd6a0363fc77ac269e8a92485a2f6670e2370503eca21eb690dbcc64252b2","{""thinking_level"": ""medium"", ""max_output_tokens"": 32768}","2026-08-24T22:53:32.897506+00:00"
"LETTER_011","SE_11_Q1_0011","10","Letter_Email","5","","","absent","Write a letter to your friend describing the future plan after passing HSC Exam.","","28 June, 2026,
Donia, Dhaka. 1236

Dear Lamia,

How are you? I hope you are well. I am also well by the Grace of Almighty Allah. Now. I am going to describe the future plan after passing HSC Exam.

Our HSC Exam is coming soon. I am prepared so well for the HSC Exam. I have future plan after passing the HSC Exam. I take preparation for HSC Exam beside of this I am also taking preparation for Admission test. After the HSC Exam, I will go to my village. In my village, there are many illiterate people. They don't know how to live, a happy and healthy life. I want to educate them. for live a healthy and planned life, education is must. Education helps them to do their work very easily. Many farmers of my village are not educated. Because of this they don't know how to farming very well. Their childs also don't get education. Because of this they also do many works to live a happy life. If they educated well, they will do work. I want to see the shine of my village. So, I will go there and help people to get education. My village is so much beautiful. If you don't have any plan after the HSC Exam, you can join with me. You will also help me to educate the people of my village. I will be very happy if you join with me.

No more today. Give my salam to yours parents and love to youngers.
Yours ever
Sadia

From,
Sadia
Donia Dhaka, 1236

To,
Lamia
Mirpur, Dhaka

Stamp","28 June, 2026,
Donia, Dhaka. 1236

Dear Lamia,

How are you? I hope you are well. I am also well by the Grace of Almighty Allah. Now. I am going to describe the future plan after passing HSC Exam.

Our HSC Exam is coming soon. I am prepared so well for the HSC Exam. I have future plan after passing the HSC Exam. I take preparation for HSC Exam beside of this I am also taking preparation for Admission test. After the HSC Exam, I will go to my village. In my village, there are many illiterate people. They don't know how to live, a happy and healthy life. I want to educate them. for live a healthy and planned life, education is must. Education helps them to do their work very easily. Many farmers of my village are not educated. Because of this they don't know how to farming very well. Their childs also don't get education. Because of this they also do many works to live a happy life. If they educated well, they will do work. I want to see the shine of my village. So, I will go there and help people to get education. My village is so much beautiful. If you don't have any plan after the HSC Exam, you can join with me. You will also help me to educate the people of my village. I will be very happy if you join with me.

No more today. Give my salam to yours parents and love to youngers.
Yours ever
Sadia

From,
Sadia
Donia Dhaka, 1236

To,
Lamia
Mirpur, Dhaka

Stamp","","4-5","ok","","0.95","0","0","0","0","0","0","False","False","","264","1380","","","","","7","address;date;salutation;body;close;signature","0","gemma-4-31b-it","gemini","extraction_prompt_v2","85afd6a0363fc77ac269e8a92485a2f6670e2370503eca21eb690dbcc64252b2","{""thinking_level"": ""medium"", ""max_output_tokens"": 32768}","2026-08-24T22:53:32.897506+00:00"
"THEME_011","SE_11_Q1_0011","11","Theme","8","","","absent","Write down the theme of the poem.

All people dream, but not equally.
Those who dream by night in the dusty recesses of their mind,
Wake in the morning to find that it was vanity.
But the dreamers of the day are dangerous people,
For they dream their dreams with open eyes,
And make them come true.","All people dream, but not equally.
Those who dream by night in the dusty recesses of their mind,
Wake in the morning to find that it was vanity.
But the dreamers of the day are dangerous people,
For they dream their dreams with open eyes,
And make them come true.","","","","","not_attempted","question not found in transcript (verified absent)","","","","","","","","","","","0","0","","","","","","","","gemma-4-31b-it","gemini","extraction_prompt_v2","85afd6a0363fc77ac269e8a92485a2f6670e2370503eca21eb690dbcc64252b2","{""thinking_level"": ""medium"", ""max_output_tokens"": 32768}","2026-08-24T22:53:32.897506+00:00"
"SUMMARY_012","SE_11_Q1_0012","3","Summary","10","","","absent","Summarize the following text. Hope"" is the thing with feathers —
That perches in the soul—
And sings the tune without the words—
And never stops — at all—
And sweetest — in the Gale — is heard —
And sore must be the storm —
That could abash the little Bird
That kept so many warm —
I've heard it in the chillest land —
And on the strangest Sea —
Yet — never — in Extremity,
It asked a crumb — of me.","Hope"" is the thing with feathers —
That perches in the soul—
And sings the tune without the words—
And never stops — at all—
And sweetest — in the Gale — is heard —
And sore must be the storm —
That could abash the little Bird
That kept so many warm —
I've heard it in the chillest land —
And on the strangest Sea —
Yet — never — in Extremity,
It asked a crumb — of me.","Hope is the direction of our life. It show us the path, where should we go. Hope is the power that keeps us alive. Whitout hope we all are like the dead fish in the sea.","Hope is the direction of our life. It show us the path, where should we go. Hope is the power that keeps us alive. Whitout hope we all are like the dead fish in the sea.","","3","ok","","0.9","0","0","0","0","0","0","False","False","","36","169","69","0.5217","True","0.0","0","","","gemma-4-31b-it","gemini","extraction_prompt_v2","85afd6a0363fc77ac269e8a92485a2f6670e2370503eca21eb690dbcc64252b2","{""thinking_level"": ""medium"", ""max_output_tokens"": 32768}","2026-08-24T22:54:31.842018+00:00"
"PARA_012","SE_11_Q1_0012","7","Paragraph","10","","","absent","Answer the following questions and write a paragraph on Artificial Intelligence. a. What is Artificial Intelligence? b. What are the features of AI? c. What are the applications of AI? d. How has AI revolutionized teaching and learning? e. Do you find any threatening aspect in AI?","","Artificial Intelligence, is a robot or a machine having ability to think, work solve problem like a human. 'Artificial' meam means man-made. Intelligence means the mental ability of thinking, creating, problem solving etc. AI is excisting from so long but recently it is jelling more popular. Modern civilization requires moder solve of various problem which can be provided by the AI. Any kind of work of human can be done with AI. Nowadays AI is applicable in everyutware. AI mostly use in proffesional sectores. AI assistant are assisting the doctor while their work and making their duty easies. Harmful work are getting done by using AI so that man don't need to risk their life. Huge machines in factory use are used for many tea lengthy work. Most valuable side of using AI is that it helps us learning. Ayo Anyone can use AI through their phone now. We all have our personal assistant like google, siri, chatgpt etc. We can ask about anything to it. We can solve anykind of problem using these feachures. Our life is gelling more easies with the help of AI. We can learn our academic topic with visual and more interest by using AI. AI generated picture are used everywhiere now. long process of works like vedio edithing, graphics designg etc are now work of two minute. Some people see AI as a threat of taking people's job. Though human can be replaced by AI, it is generating more opportunities. If we learn using AI in a right way the progress level of our country will increase. knowldge is the power. AI can work as a source of knowledge. With the be help of AI. we can create a smart and intelligent nation. But, we shauld be aware of the misuse of it. AI is not only useful but aslo harmful.

People with the bad intention can be reached to their plan using it. So we should train up people. We should not use AI as a tool with bad intension.","Artificial Intelligence, is a robot or a machine having ability to think, work solve problem like a human. 'Artificial' meam means man-made. Intelligence means the mental ability of thinking, creating, problem solving etc. AI is excisting from so long but recently it is jelling more popular. Modern civilization requires moder solve of various problem which can be provided by the AI. Any kind of work of human can be done with AI. Nowadays AI is applicable in everyutware. AI mostly use in proffesional sectores. AI assistant are assisting the doctor while their work and making their duty easies. Harmful work are getting done by using AI so that man don't need to risk their life. Huge machines in factory use are used for many tea lengthy work. Most valuable side of using AI is that it helps us learning. Ayo Anyone can use AI through their phone now. We all have our personal assistant like google, siri, chatgpt etc. We can ask about anything to it. We can solve anykind of problem using these feachures. Our life is gelling more easies with the help of AI. We can learn our academic topic with visual and more interest by using AI. AI generated picture are used everywhiere now. long process of works like vedio edithing, graphics designg etc are now work of two minute. Some people see AI as a threat of taking people's job. Though human can be replaced by AI, it is generating more opportunities. If we learn using AI in a right way the progress level of our country will increase. knowldge is the power. AI can work as a source of knowledge. With the be help of AI. we can create a smart and intelligent nation. But, we shauld be aware of the misuse of it. AI is not only useful but aslo harmful.

People with the bad intention can be reached to their plan using it. So we should train up people. We should not use AI as a tool with bad intension.","Artificial Intelligence (AI)","13-16","ok","","0.9","0","0","0","0","0","0","False","False","","338","1859","","","","","1","","","gemma-4-31b-it","gemini","extraction_prompt_v2","85afd6a0363fc77ac269e8a92485a2f6670e2370503eca21eb690dbcc64252b2","{""thinking_level"": ""medium"", ""max_output_tokens"": 32768}","2026-08-24T22:54:31.842018+00:00"
"CHART_012","SE_11_Q1_0012","8","Graph_Chart","10","","","absent","Look at the chart. It shows the sources of the USA electricity in 1980. Now, analyse the chart focussing the main aspects. (at least in 80 words)

Chart title: Sources of USA electricity in 1980. Values shown: Coal 46%; Natural gas 24%; Hydro-electric power 16%; Oil 12%; Nuclear 2%.","","This graph effective illustrate the progression of data hightlith highlighting the variation. The portrayas offers a clear peruspective on how the variable evolves over the given data. Different part of the pie-chart stands for the percentage of USA electricity. The highes amount of electricity generatet by caal and the percentage is 46%. Natural gass's percentage is 22 24% percent which is 2nd highest. About 12% electricity is generated by using oil. 2%. neucklear is used for it. Hydro electric power is used about 16%.

Summerising the graph chart it is seen that the large contribute in electricity came from using coal. The smallest contribution comes from Nuclear in 1980.","This graph effective illustrate the progression of data hightlith highlighting the variation. The portrayas offers a clear peruspective on how the variable evolves over the given data. Different part of the pie-chart stands for the percentage of USA electricity. The highes amount of electricity generatet by caal and the percentage is 46%. Natural gass's percentage is 22 24% percent which is 2nd highest. About 12% electricity is generated by using oil. 2%. neucklear is used for it. Hydro electric power is used about 16%.

Summerising the graph chart it is seen that the large contribute in electricity came from using coal. The smallest contribution comes from Nuclear in 1980.","","11-12","ok","","0.9","0","0","0","0","0","0","False","False","","103","682","","","","","1","","","gemma-4-31b-it","gemini","extraction_prompt_v2","85afd6a0363fc77ac269e8a92485a2f6670e2370503eca21eb690dbcc64252b2","{""thinking_level"": ""medium"", ""max_output_tokens"": 32768}","2026-08-24T22:54:31.842018+00:00"
"STORY_012","SE_11_Q1_0012","9","Story","7","","","absent","The following is the beginning of a story. Complete it in your own words and give a proper title. Once a lion was sleeping in a forest. Suddenly a mouse came there. It was, in fact, playing on a race quite happily and didn't notice the sleeping lion. While running, ............","","Once a lion was sleeping in a forest. Suddenly a mouse came there. It was in fact plying on a race quite happily and didn't notice the sleeping lion. While running the mouse jumped into the of lion. The lion woke up and got very angry over the mouse. The mouse apologize for it's did and told him if he forgive the mouse it will be his friend and help in we when he needs. The lion didn't take the mouse seriously laugh at it and said, "" You a little mouse ea think that yo I will ever need your help?""

The mouse stayed silent. The lion smiled and leave the mouse for this time.

One day the lion was walking in the jungle and suddenly he got traped by a net of a hunter. The mouse saw behind the the tree. The mouse came and helped the lion by cutting the net by it's sharp teeth. The lion was pleasure. Moral of the story is — we should not judge anyone by their outlook.","Once a lion was sleeping in a forest. Suddenly a mouse came there. It was in fact plying on a race quite happily and didn't notice the sleeping lion. While running the mouse jumped into the of lion. The lion woke up and got very angry over the mouse. The mouse apologize for it's did and told him if he forgive the mouse it will be his friend and help in we when he needs. The lion didn't take the mouse seriously laugh at it and said, "" You a little mouse ea think that yo I will ever need your help?""

The mouse stayed silent. The lion smiled and leave the mouse for this time.

One day the lion was walking in the jungle and suddenly he got traped by a net of a hunter. The mouse saw behind the the tree. The mouse came and helped the lion by cutting the net by it's sharp teeth. The lion was pleasure. Moral of the story is — we should not judge anyone by their outlook.","","8-10","ok","","0.9","0","0","0","0","0","0","False","False","","174","874","","","","","2","","","gemma-4-31b-it","gemini","extraction_prompt_v2","85afd6a0363fc77ac269e8a92485a2f6670e2370503eca21eb690dbcc64252b2","{""thinking_level"": ""medium"", ""max_output_tokens"": 32768}","2026-08-24T22:54:31.842018+00:00"
"LETTER_012","SE_11_Q1_0012","10","Letter_Email","5","","","absent","Write a letter to your friend describing the future plan after passing HSC Exam.","","27/06/26
Tatibazer, Dhaka
Dear, Arnob

I hope you are well. I am also fine. I got your letter yesterday. In your letter you have wanted to know about my future planning after HSC. Now I am wrutting about it. After HSC I am willing to move abroad for educational purpose. I want to go there for higher study. So beside the academic syllebus, I am taking a litle preparation for this. Perhaps I am also thing about starding a small - bussiness with the help of my older brother. You know the current situation of the job market of our country. We all should generate new opportunities. That's all I am planning about.

No more today.
Let me know about yours too.

youres ever
Sneha.

From
Sneha
91No Tatibazer
Dhaka

To
Arnob
Murael nagan,
Cumilla.","27/06/26
Tatibazer, Dhaka
Dear, Arnob

I hope you are well. I am also fine. I got your letter yesterday. In your letter you have wanted to know about my future planning after HSC. Now I am wrutting about it. After HSC I am willing to move abroad for educational purpose. I want to go there for higher study. So beside the academic syllebus, I am taking a litle preparation for this. Perhaps I am also thing about starding a small - bussiness with the help of my older brother. You know the current situation of the job market of our country. We all should generate new opportunities. That's all I am planning about.

No more today.
Let me know about yours too.

youres ever
Sneha.

From
Sneha
91No Tatibazer
Dhaka

To
Arnob
Murael nagan,
Cumilla.","","6-7","ok","","0.9","0","0","0","0","0","0","False","False","","133","746","","","","","5","address;date;salutation;body;close;signature","0","gemma-4-31b-it","gemini","extraction_prompt_v2","85afd6a0363fc77ac269e8a92485a2f6670e2370503eca21eb690dbcc64252b2","{""thinking_level"": ""medium"", ""max_output_tokens"": 32768}","2026-08-24T22:54:31.842018+00:00"
"THEME_012","SE_11_Q1_0012","11","Theme","8","","","absent","Write down the theme of the poem.

All people dream, but not equally.
Those who dream by night in the dusty recesses of their mind,
Wake in the morning to find that it was vanity.
But the dreamers of the day are dangerous people,
For they dream their dreams with open eyes,
And make them come true.","All people dream, but not equally.
Those who dream by night in the dusty recesses of their mind,
Wake in the morning to find that it was vanity.
But the dreamers of the day are dangerous people,
For they dream their dreams with open eyes,
And make them come true.","The main theme of the passage is everyone can see dreams. But the people who work for it can make it come true. The dream we see while sleeping is can be sweet enough to memorize, but the dream we see with our open eyes is the purpose of our life. Both are called dream. But each of them bear different value.","The main theme of the passage is everyone can see dreams. But the people who work for it can make it come true. The dream we see while sleeping is can be sweet enough to memorize, but the dream we see with our open eyes is the purpose of our life. Both are called dream. But each of them bear different value.","","10","ok","","0.9","0","0","0","0","0","0","False","False","","62","309","50","1.24","","0.0","0","","","gemma-4-31b-it","gemini","extraction_prompt_v2","85afd6a0363fc77ac269e8a92485a2f6670e2370503eca21eb690dbcc64252b2","{""thinking_level"": ""medium"", ""max_output_tokens"": 32768}","2026-08-24T22:54:31.842018+00:00"
"SUMMARY_013","SE_11_Q1_0013","3","Summary","10","","","absent","Summarize the following text. Hope"" is the thing with feathers —
That perches in the soul—
And sings the tune without the words—
And never stops — at all—
And sweetest — in the Gale — is heard —
And sore must be the storm —
That could abash the little Bird
That kept so many warm —
I've heard it in the chillest land —
And on the strangest Sea —
Yet — never — in Extremity,
It asked a crumb — of me.","Hope"" is the thing with feathers —
That perches in the soul—
And sings the tune without the words—
And never stops — at all—
And sweetest — in the Gale — is heard —
And sore must be the storm —
That could abash the little Bird
That kept so many warm —
I've heard it in the chillest land —
And on the strangest Sea —
Yet — never — in Extremity,
It asked a crumb — of me.","Hope is very important for human being. Hopeless people don't have any identity . They don't work for their family or country. They are a burden for a society. Those people who have hope . they can work for make their hope in real. Those people needed for every family and country. They are useful .","Hope is very important for human being. Hopeless people don't have any identity . They don't work for their family or country. They are a burden for a society. Those people who have hope . they can work for make their hope in real. Those people needed for every family and country. They are useful .","","5","ok","","1.0","0","0","0","0","0","0","False","False","","53","299","69","0.7681","True","0.0","0","","","gemma-4-31b-it","gemini","extraction_prompt_v2","85afd6a0363fc77ac269e8a92485a2f6670e2370503eca21eb690dbcc64252b2","{""thinking_level"": ""medium"", ""max_output_tokens"": 32768}","2026-08-24T22:55:02.123763+00:00"
"PARA_013","SE_11_Q1_0013","7","Paragraph","10","","","absent","Answer the following questions and write a paragraph on Artificial Intelligence. a. What is Artificial Intelligence? b. What are the features of AI? c. What are the applications of AI? d. How has AI revolutionized teaching and learning? e. Do you find any threatening aspect in AI?","","Artificial intelligence is the short form of AI. AI is the a meachinge which is buit up by using human intelligence . That's mean AI is the outcome of human intelligence. This world is becoming AI dependent. We can't think any thing without using a AI. AI is very important for present world. By Beveloping a country , we must use AI. Human being can many dangerous work by using AI. We can find any question's answer with a few second by using AI. Even we can do many dangerous work by using AI. In education systam, AI is very important . Student get many benefits by using AI. They can find any problems solution with a few second. They can take help by make their assingment. They can increse their general knowledge. by using AI. We can see that AI is very important for student. Not only student but also many scientist use AI by solving difficult case. Even doctors do difficult opperation by using AI. Teachers also use AI by giving better education to the student. We can say, AI makes our life easy er. We can do many thing by using AI. But there are some bad sides in using AI. If students always use AI, they are become over dependes on AI. They can't solve any problems without AI even they can't do their assignment by thein ownself. AI can't replace the place of teacher. A teacher can teach is Their are large difference between a human teacher and AI teacher. we can find emotion when there is a human teacher but we can't find any emotion in AI teacher. So, we can say human teachers are very important than AI teacher and students are also can learn better in human teacher not AI teacher. By using AI in huge amount, we will become phone addicted . Some time AI gives us wrong information which is so much harmful for doctors scientist. Besides, there are many people who use AI by wrong ways. Those people want to try distroy this world by AI. AI is very import for present world and for human. Human can get benifits by using AI in right way but if they use AI in wrong way, AI become harmful. So, Every one much careful about using AI.","Artificial intelligence is the short form of AI. AI is the a meachinge which is buit up by using human intelligence . That's mean AI is the outcome of human intelligence. This world is becoming AI dependent. We can't think any thing without using a AI. AI is very important for present world. By Beveloping a country , we must use AI. Human being can many dangerous work by using AI. We can find any question's answer with a few second by using AI. Even we can do many dangerous work by using AI. In education systam, AI is very important . Student get many benefits by using AI. They can find any problems solution with a few second. They can take help by make their assingment. They can increse their general knowledge. by using AI. We can see that AI is very important for student. Not only student but also many scientist use AI by solving difficult case. Even doctors do difficult opperation by using AI. Teachers also use AI by giving better education to the student. We can say, AI makes our life easy er. We can do many thing by using AI. But there are some bad sides in using AI. If students always use AI, they are become over dependes on AI. They can't solve any problems without AI even they can't do their assignment by thein ownself. AI can't replace the place of teacher. A teacher can teach is Their are large difference between a human teacher and AI teacher. we can find emotion when there is a human teacher but we can't find any emotion in AI teacher. So, we can say human teachers are very important than AI teacher and students are also can learn better in human teacher not AI teacher. By using AI in huge amount, we will become phone addicted . Some time AI gives us wrong information which is so much harmful for doctors scientist. Besides, there are many people who use AI by wrong ways. Those people want to try distroy this world by AI. AI is very import for present world and for human. Human can get benifits by using AI in right way but if they use AI in wrong way, AI become harmful. So, Every one much careful about using AI.","Artificial Intelligence","9-12","ok","","0.9","0","0","0","0","0","0","False","False","","382","2058","","","","","0","","","gemma-4-31b-it","gemini","extraction_prompt_v2","85afd6a0363fc77ac269e8a92485a2f6670e2370503eca21eb690dbcc64252b2","{""thinking_level"": ""medium"", ""max_output_tokens"": 32768}","2026-08-24T22:55:02.123763+00:00"
"CHART_013","SE_11_Q1_0013","8","Graph_Chart","10","","","absent","Look at the chart. It shows the sources of the USA electricity in 1980. Now, analyse the chart focussing the main aspects. (at least in 80 words)

Chart title: Sources of USA electricity in 1980. Values shown: Coal 46%; Natural gas 24%; Hydro-electric power 16%; Oil 12%; Nuclear 2%.","","The chart shows that the sources of the USA electricity in 1980. In 1980, coal was largely used in USA electricity . The perc It was used 46% and it is the hieghost amount. Natural gas nits also used largely in USA electricity. It was used 24%. Hydrotelectric power used 16%, oil used 12%. Nuclearz used 2%.

There we can see that coal are was use largely than natural gas. we know if we bearn coal it reduce carbon dy oxide whitch is harmful for atmosphere and it is cause of acid rain. which is so harmful for human, animals. Natural gas using is quite healthy but rather using of coal. 24%. Natural gas are was good for atmos phan e. Hydro-electric is the renewable energy source. That's why it's good for human being and it's not harmful for human animal. It will never finish so this is so good source of electricity. Nucleon is not renewable energy source it is unrenewable energy source. So, it's not good for nature.","The chart shows that the sources of the USA electricity in 1980. In 1980, coal was largely used in USA electricity . The perc It was used 46% and it is the hieghost amount. Natural gas nits also used largely in USA electricity. It was used 24%. Hydrotelectric power used 16%, oil used 12%. Nuclearz used 2%.

There we can see that coal are was use largely than natural gas. we know if we bearn coal it reduce carbon dy oxide whitch is harmful for atmosphere and it is cause of acid rain. which is so harmful for human, animals. Natural gas using is quite healthy but rather using of coal. 24%. Natural gas are was good for atmos phan e. Hydro-electric is the renewable energy source. That's why it's good for human being and it's not harmful for human animal. It will never finish so this is so good source of electricity. Nucleon is not renewable energy source it is unrenewable energy source. So, it's not good for nature.","","13-14","ok","","0.9","0","0","0","0","0","0","False","False","","162","924","","","","","1","","","gemma-4-31b-it","gemini","extraction_prompt_v2","85afd6a0363fc77ac269e8a92485a2f6670e2370503eca21eb690dbcc64252b2","{""thinking_level"": ""medium"", ""max_output_tokens"": 32768}","2026-08-24T22:55:02.123763+00:00"
"STORY_013","SE_11_Q1_0013","9","Story","7","","","absent","The following is the beginning of a story. Complete it in your own words and give a proper title. Once a lion was sleeping in a forest. Suddenly a mouse came there. It was, in fact, playing on a race quite happily and didn't notice the sleeping lion. While running, ............","","Once a lion was sleeping in a forest. Suddenly a mouse came there. It was, in fact, playing on a race quite happity and didn't notice the sleeping lion. While running, the mouse get into the sleeping lion nose. As a result, the lion ~~awake~~ woke up and chased the mouse. The lion was successful to catch the mouse. The mouse started to ~~give~~ forgive but the lion was unkind he wanted to eat the mouse. But at the thim time, the mouse said, if the lion forgave him, one day, the mouse will help the lion.

The lion was started to laughing because the mouse was so small how he could help, the lion. But the mouse promised the lion to help him in his danger. the lion agree with the mouse and forgave the mouse. One day, the lion was walking in the jangle Suddenly he was confined a se net. He tried his best to free from himself from the net but he couldnot do. In that moment ; a the mouse was coming to help the lion. He came and eat the met and free the lion. The lion was very greatful to the mouse. The lion thanked the mouse to help him.","Once a lion was sleeping in a forest. Suddenly a mouse came there. It was, in fact, playing on a race quite happity and didn't notice the sleeping lion. While running, the mouse get into the sleeping lion nose. As a result, the lion  woke up and chased the mouse. The lion was successful to catch the mouse. The mouse started to  forgive but the lion was unkind he wanted to eat the mouse. But at the thim time, the mouse said, if the lion forgave him, one day, the mouse will help the lion.

The lion was started to laughing because the mouse was so small how he could help, the lion. But the mouse promised the lion to help him in his danger. the lion agree with the mouse and forgave the mouse. One day, the lion was walking in the jangle Suddenly he was confined a se net. He tried his best to free from himself from the net but he couldnot do. In that moment ; a the mouse was coming to help the lion. He came and eat the met and free the lion. The lion was very greatful to the mouse. The lion thanked the mouse to help him.","A lion and a mouse","15-16","ok","","0.8","0","0","0","2","0","0","False","False","","204","1030","","","","","1","","","gemma-4-31b-it","gemini","extraction_prompt_v2","85afd6a0363fc77ac269e8a92485a2f6670e2370503eca21eb690dbcc64252b2","{""thinking_level"": ""medium"", ""max_output_tokens"": 32768}","2026-08-24T22:55:02.123763+00:00"
"LETTER_013","SE_11_Q1_0013","10","Letter_Email","5","","","absent","Write a letter to your friend describing the future plan after passing HSC Exam.","","To : sawda25671@gmail.com.
Subject : Describing the future plan after HSC Exam.

Dear Sawda,

I hope you are will by the grace of Almighty Allah. I am also well. You send me a email and wanted to know aboud my future plan after passing HSC Exam. Now, I am telling you about that.

You know, I alway wanted to be a great doctor. I want to give free treatment to the poore people. To fulfil my dream, it is must to get a good result in Hsc Exam. My Hse Exam preparation ic good. I think, I will get good result.

After passing Hsc Exam, I will not waste my time anymore. I will admitted in Admission couching center to get a good preparation for madical exam. In this, admission period, I will increase my general knowledg and English language and grammare skill because both are important for madical exam. I will give my best to take a good preparation for madical exam.

No more today. Pray for me. Stay happy and healthy and give my salam to your parents.

Yours friend

Aparna","To : sawda25671@gmail.com.
Subject : Describing the future plan after HSC Exam.

Dear Sawda,

I hope you are will by the grace of Almighty Allah. I am also well. You send me a email and wanted to know aboud my future plan after passing HSC Exam. Now, I am telling you about that.

You know, I alway wanted to be a great doctor. I want to give free treatment to the poore people. To fulfil my dream, it is must to get a good result in Hsc Exam. My Hse Exam preparation ic good. I think, I will get good result.

After passing Hsc Exam, I will not waste my time anymore. I will admitted in Admission couching center to get a good preparation for madical exam. In this, admission period, I will increase my general knowledg and English language and grammare skill because both are important for madical exam. I will give my best to take a good preparation for madical exam.

No more today. Pray for me. Stay happy and healthy and give my salam to your parents.

Yours friend

Aparna","","18-19","ok","","1.0","0","0","0","0","0","0","False","False","","183","979","","","","","7","address;salutation;body;close;signature","1","gemma-4-31b-it","gemini","extraction_prompt_v2","85afd6a0363fc77ac269e8a92485a2f6670e2370503eca21eb690dbcc64252b2","{""thinking_level"": ""medium"", ""max_output_tokens"": 32768}","2026-08-24T22:55:02.123763+00:00"
"THEME_013","SE_11_Q1_0013","11","Theme","8","","","absent","Write down the theme of the poem.

All people dream, but not equally.
Those who dream by night in the dusty recesses of their mind,
Wake in the morning to find that it was vanity.
But the dreamers of the day are dangerous people,
For they dream their dreams with open eyes,
And make them come true.","All people dream, but not equally.
Those who dream by night in the dusty recesses of their mind,
Wake in the morning to find that it was vanity.
But the dreamers of the day are dangerous people,
For they dream their dreams with open eyes,
And make them come true.","Every people have dream. But every dream and every dreamers are not equal. Their are some dreamers who see dreams in night, don't want to make their dreams in reality. But real dreamers are very ~~dean~~ dangerous people. They can do any thing to make there dreams true.","Every people have dream. But every dream and every dreamers are not equal. Their are some dreamers who see dreams in night, don't want to make their dreams in reality. But real dreamers are very  dangerous people. They can do any thing to make there dreams true.","","17","ok","","1.0","0","0","0","1","0","0","False","False","","47","262","50","0.94","","0.0","0","","","gemma-4-31b-it","gemini","extraction_prompt_v2","85afd6a0363fc77ac269e8a92485a2f6670e2370503eca21eb690dbcc64252b2","{""thinking_level"": ""medium"", ""max_output_tokens"": 32768}","2026-08-24T22:55:02.123763+00:00"
"SUMMARY_014","SE_11_Q1_0014","3","Summary","10","","","absent","Summarize the following text. Hope"" is the thing with feathers —
That perches in the soul—
And sings the tune without the words—
And never stops — at all—
And sweetest — in the Gale — is heard —
And sore must be the storm —
That could abash the little Bird
That kept so many warm —
I've heard it in the chillest land —
And on the strangest Sea —
Yet — never — in Extremity,
It asked a crumb — of me.","Hope"" is the thing with feathers —
That perches in the soul—
And sings the tune without the words—
And never stops — at all—
And sweetest — in the Gale — is heard —
And sore must be the storm —
That could abash the little Bird
That kept so many warm —
I've heard it in the chillest land —
And on the strangest Sea —
Yet — never — in Extremity,
It asked a crumb — of me.","Summery: The text is about the necessity of hope. Hope is a power which gives people strength from spritual. Without hope lite is Nothing. Hopeless life is considered a bird without feather.","Summery: The text is about the necessity of hope. Hope is a power which gives people strength from spritual. Without hope lite is Nothing. Hopeless life is considered a bird without feather.","Summery","13","ok","","1.0","0","0","0","0","0","0","False","False","","32","190","69","0.4638","True","0.0","0","","","gemma-4-31b-it","gemini","extraction_prompt_v2","85afd6a0363fc77ac269e8a92485a2f6670e2370503eca21eb690dbcc64252b2","{""thinking_level"": ""medium"", ""max_output_tokens"": 32768}","2026-08-24T22:56:49.791478+00:00"
"PARA_014","SE_11_Q1_0014","7","Paragraph","10","","","absent","Answer the following questions and write a paragraph on Artificial Intelligence. a. What is Artificial Intelligence? b. What are the features of AI? c. What are the applications of AI? d. How has AI revolutionized teaching and learning? e. Do you find any threatening aspect in AI?","","Artificial Intelligence

Artificial intelligence (AI) is a kind of artificial brain. Human makes it for helping them different sector of their daily life. Artifical intelligence works like a computer. It can thinking solving problem and so on. Nowadays AI is turn into chatgpt, Gemini etc. It can be mobiled anywhere. students also are benetifed by AI. Teachers use them for many purpose. Above all, AI makes our workload light and makes our thi time long. On the other hand, there are some disadvantage too. Sometimes, we can see that students are depends on it more than they need. It also hampers our creativity power. The prediction goes that AI is harmful for a human existance. so, we should use it in limit and we should not abuse of AI.","Artificial Intelligence

Artificial intelligence (AI) is a kind of artificial brain. Human makes it for helping them different sector of their daily life. Artifical intelligence works like a computer. It can thinking solving problem and so on. Nowadays AI is turn into chatgpt, Gemini etc. It can be mobiled anywhere. students also are benetifed by AI. Teachers use them for many purpose. Above all, AI makes our workload light and makes our thi time long. On the other hand, there are some disadvantage too. Sometimes, we can see that students are depends on it more than they need. It also hampers our creativity power. The prediction goes that AI is harmful for a human existance. so, we should use it in limit and we should not abuse of AI.","Artificial Intelligence","1-2","ok","","0.9","0","0","0","0","0","0","False","False","","129","744","","","","","1","","","gemma-4-31b-it","gemini","extraction_prompt_v2","85afd6a0363fc77ac269e8a92485a2f6670e2370503eca21eb690dbcc64252b2","{""thinking_level"": ""medium"", ""max_output_tokens"": 32768}","2026-08-24T22:56:49.791478+00:00"
"CHART_014","SE_11_Q1_0014","8","Graph_Chart","10","","","absent","Look at the chart. It shows the sources of the USA electricity in 1980. Now, analyse the chart focussing the main aspects. (at least in 80 words)

Chart title: Sources of USA electricity in 1980. Values shown: Coal 46%; Natural gas 24%; Hydro-electric power 16%; Oil 12%; Nuclear 2%.","","The pie chart represents the the sources of USA electricity in 1980. In this chart, we can see hydro electric source use 16% to produce the electricity. It is important to note that the highest use of electricity is 46% and it's of source is coal. Thought, though The 2nd highest source is Naturzal gas 24%. The source of oil use 12%. The source of Nuclear use 2% which the sign of development country. we can say that USA use coal more than Hydro electric power this is not so good. Environ- ment friendly source can reduce climate change. so, we all should concern about the use of electricity source.","The pie chart represents the the sources of USA electricity in 1980. In this chart, we can see hydro electric source use 16% to produce the electricity. It is important to note that the highest use of electricity is 46% and it's of source is coal. Thought, though The 2nd highest source is Naturzal gas 24%. The source of oil use 12%. The source of Nuclear use 2% which the sign of development country. we can say that USA use coal more than Hydro electric power this is not so good. Environ- ment friendly source can reduce climate change. so, we all should concern about the use of electricity source.","","3-4","ok","","0.9","0","0","0","0","0","0","False","False","","104","603","","","","","0","","","gemma-4-31b-it","gemini","extraction_prompt_v2","85afd6a0363fc77ac269e8a92485a2f6670e2370503eca21eb690dbcc64252b2","{""thinking_level"": ""medium"", ""max_output_tokens"": 32768}","2026-08-24T22:56:49.791478+00:00"
"STORY_014","SE_11_Q1_0014","9","Story","7","","","absent","The following is the beginning of a story. Complete it in your own words and give a proper title. Once a lion was sleeping in a forest. Suddenly a mouse came there. It was, in fact, playing on a race quite happily and didn't notice the sleeping lion. While running, ............","","Size doesn't Matter to help.

Onece a lion was sleeping in a forzest. suddenly a mouse came there It was, in fact, playing on a race quite happily and didn't notice the sleeping mouse lion. while running, the mouse entered the lion's nose by it's subconsinsly. The lion woke up and shouted the mouse. The lion got angry and wanted to eat the mouse. The mouse said, ""sorry"". The lion decided not to eat. One day, The lion ~~walke~~ was walking in the jungle. suddenly he was caught by a hunter's net. The lion roared and cried. At at time that mouse attended there and asked the lion if she could help him. The lion gave permission. The mouse cut the net by it's oil sharp theeth. The lion got free from the trap. The lion understand that small in size can help the big size. The lion thanked the mouse and they made friendship with each other. moral: we should not understimet anyone by his/her size or cover. Lower clas can help the higher level.","Size doesn't Matter to help.

Onece a lion was sleeping in a forzest. suddenly a mouse came there It was, in fact, playing on a race quite happily and didn't notice the sleeping mouse lion. while running, the mouse entered the lion's nose by it's subconsinsly. The lion woke up and shouted the mouse. The lion got angry and wanted to eat the mouse. The mouse said, ""sorry"". The lion decided not to eat. One day, The lion  was walking in the jungle. suddenly he was caught by a hunter's net. The lion roared and cried. At at time that mouse attended there and asked the lion if she could help him. The lion gave permission. The mouse cut the net by it's oil sharp theeth. The lion got free from the trap. The lion understand that small in size can help the big size. The lion thanked the mouse and they made friendship with each other. moral: we should not understimet anyone by his/her size or cover. Lower clas can help the higher level.","Size doesn't Matter to help.","4-6","ok","","0.9","0","0","0","1","0","0","False","False","","176","938","","","","","1","","","gemma-4-31b-it","gemini","extraction_prompt_v2","85afd6a0363fc77ac269e8a92485a2f6670e2370503eca21eb690dbcc64252b2","{""thinking_level"": ""medium"", ""max_output_tokens"": 32768}","2026-08-24T22:56:49.791478+00:00"
"LETTER_014","SE_11_Q1_0014","10","Letter_Email","5","","","absent","Write a letter to your friend describing the future plan after passing HSC Exam.","","Azimpur, Dhaka
Date: 26-06-26

Dear friend,

Hope you are well. Today I want to tell you about my plan after HSC exam. HSC exam is very significant exam in academic life. After completing this I want to admit in well known university. So, I need a strong pre paration. For this I want to make myself prepared for this admission bettle. No more today. Convergi my regards to all.

your friend
Neha

From Neha Azimpur, Dhaka 1205 To Mina Rajshahi 1102, road-2 Stamp","Azimpur, Dhaka
Date: 26-06-26

Dear friend,

Hope you are well. Today I want to tell you about my plan after HSC exam. HSC exam is very significant exam in academic life. After completing this I want to admit in well known university. So, I need a strong pre paration. For this I want to make myself prepared for this admission bettle. No more today. Convergi my regards to all.

your friend
Neha

From Neha Azimpur, Dhaka 1205 To Mina Rajshahi 1102, road-2 Stamp","","8","ok","","1.0","0","0","0","0","0","0","False","False","","80","463","","","","","4","address;date;salutation;body;close","1","gemma-4-31b-it","gemini","extraction_prompt_v2","85afd6a0363fc77ac269e8a92485a2f6670e2370503eca21eb690dbcc64252b2","{""thinking_level"": ""medium"", ""max_output_tokens"": 32768}","2026-08-24T22:56:49.791478+00:00"
"THEME_014","SE_11_Q1_0014","11","Theme","8","","","absent","Write down the theme of the poem.

All people dream, but not equally.
Those who dream by night in the dusty recesses of their mind,
Wake in the morning to find that it was vanity.
But the dreamers of the day are dangerous people,
For they dream their dreams with open eyes,
And make them come true.","All people dream, but not equally.
Those who dream by night in the dusty recesses of their mind,
Wake in the morning to find that it was vanity.
But the dreamers of the day are dangerous people,
For they dream their dreams with open eyes,
And make them come true.","Nazipur, Naogaon,
Date: 27-06-26

Theme: The poem is about the power of dream. Dream can make us strong. Night dream is not real dream this are only subconsus activity. Day dream is real dream. Day dream can reache help people to reach goal.","Nazipur, Naogaon,
Date: 27-06-26

Theme: The poem is about the power of dream. Dream can make us strong. Night dream is not real dream this are only subconsus activity. Day dream is real dream. Day dream can reache help people to reach goal.","Theme","7","ok","","1.0","0","0","0","0","0","0","False","False","","42","241","50","0.84","","0.0","1","","","gemma-4-31b-it","gemini","extraction_prompt_v2","85afd6a0363fc77ac269e8a92485a2f6670e2370503eca21eb690dbcc64252b2","{""thinking_level"": ""medium"", ""max_output_tokens"": 32768}","2026-08-24T22:56:49.791478+00:00"
"SUMMARY_015","SE_11_Q1_0015","3","Summary","10","","","absent","Summarize the following text. Hope"" is the thing with feathers —
That perches in the soul—
And sings the tune without the words—
And never stops — at all—
And sweetest — in the Gale — is heard —
And sore must be the storm —
That could abash the little Bird
That kept so many warm —
I've heard it in the chillest land —
And on the strangest Sea —
Yet — never — in Extremity,
It asked a crumb — of me.","Hope"" is the thing with feathers —
That perches in the soul—
And sings the tune without the words—
And never stops — at all—
And sweetest — in the Gale — is heard —
And sore must be the storm —
That could abash the little Bird
That kept so many warm —
I've heard it in the chillest land —
And on the strangest Sea —
Yet — never — in Extremity,
It asked a crumb — of me.","""hope""
The poemashows that the hope is always alive in the human heart. The poet compare hope to a little bird that is sings contrineously in our soul. hope is the inspiration of leaving life. Even in difficult time hope gives us courage, comfort and inpiration. Yet, it never ask for anything in return","""hope""
The poemashows that the hope is always alive in the human heart. The poet compare hope to a little bird that is sings contrineously in our soul. hope is the inspiration of leaving life. Even in difficult time hope gives us courage, comfort and inpiration. Yet, it never ask for anything in return","","1","ok","","0.9","0","0","0","0","0","0","False","False","","54","303","69","0.7826","True","0.0","0","","","gemma-4-31b-it","gemini","extraction_prompt_v2","85afd6a0363fc77ac269e8a92485a2f6670e2370503eca21eb690dbcc64252b2","{""thinking_level"": ""medium"", ""max_output_tokens"": 32768}","2026-08-24T22:58:55.061537+00:00"
"PARA_015","SE_11_Q1_0015","7","Paragraph","10","","","absent","Answer the following questions and write a paragraph on Artificial Intelligence. a. What is Artificial Intelligence? b. What are the features of AI? c. What are the applications of AI? d. How has AI revolutionized teaching and learning? e. Do you find any threatening aspect in AI?","","Artificial Intelligence is the wonderful invention of modern science. Artificial Intelligene is use to math dicition, to solve problem and to give information. Artificial Intelligence work as a man. It is used special programme and Algorth to invented it. The enample of ai is just like : open ai, google asistant, gemini, meta ai etc. Ai can solve many equation in just a few second. AI is used in different sector of our life. The doctore are use ai to diagnose a disease perfectly. The doctore use ai to find the source of a disease. Business man can use ai to ditfect his position to the share market. By using Ai farmers are growing their crops heightly. They can save their time and grow crops heighly.

AI revolutionized teaching and learning the student sumirige their lesson by useing ai. teacher preapare their lesson by the propen use of ai. AI solve thee tentual equation within a few second. AI has some demanitles too. It has taking place some office and increase the unemployment of all over the world. Student are much dependent on it. It has decrEase thier creativity.

If we use ai in a certain level it will be blessing for us.","Artificial Intelligence is the wonderful invention of modern science. Artificial Intelligene is use to math dicition, to solve problem and to give information. Artificial Intelligence work as a man. It is used special programme and Algorth to invented it. The enample of ai is just like : open ai, google asistant, gemini, meta ai etc. Ai can solve many equation in just a few second. AI is used in different sector of our life. The doctore are use ai to diagnose a disease perfectly. The doctore use ai to find the source of a disease. Business man can use ai to ditfect his position to the share market. By using Ai farmers are growing their crops heightly. They can save their time and grow crops heighly.

AI revolutionized teaching and learning the student sumirige their lesson by useing ai. teacher preapare their lesson by the propen use of ai. AI solve thee tentual equation within a few second. AI has some demanitles too. It has taking place some office and increase the unemployment of all over the world. Student are much dependent on it. It has decrEase thier creativity.

If we use ai in a certain level it will be blessing for us.","Artificial Intelligence","10-12","ok","","0.8","0","0","0","0","0","0","False","False","","202","1146","","","","","2","","","gemma-4-31b-it","gemini","extraction_prompt_v2","85afd6a0363fc77ac269e8a92485a2f6670e2370503eca21eb690dbcc64252b2","{""thinking_level"": ""medium"", ""max_output_tokens"": 32768}","2026-08-24T22:58:55.061537+00:00"
"CHART_015","SE_11_Q1_0015","8","Graph_Chart","10","","","absent","Look at the chart. It shows the sources of the USA electricity in 1980. Now, analyse the chart focussing the main aspects. (at least in 80 words)

Chart title: Sources of USA electricity in 1980. Values shown: Coal 46%; Natural gas 24%; Hydro-electric power 16%; Oil 12%; Nuclear 2%.","","The pie chart show the sources of the USA electricity in 1980. There are five parts of the electricity source like Hydro carbon electric power, Nuclear, oils, coal 46%, and natural gas.

At first the pie chart indicates that USA electrishian produce electricity by using Hydro carbon electric power and it was 16 persent. Nuclear energy is used by producing electricity. And it was is the lowest parentay of a the chart. Nuclear element are very rare.

12% oill is used to produce electricity. Coal is height use of to produce electricity and its parsentage is 46%. Coal is very important to produce electricity. It is eassy to proocess and it produce high amount of electnicity. The pie chart shows that 24% natural gas is used to produce electricity. Use of natural gas is the best way of producing electricity. Natural sources are available in the world.

The pie chart informs us to know that the process of producing electricity. Nuclear energy is the ~~height~~ {inserted: lowest} and coal is the ~~lowest~~ {inserted: heighest} use by producing electricity.","The pie chart show the sources of the USA electricity in 1980. There are five parts of the electricity source like Hydro carbon electric power, Nuclear, oils, coal 46%, and natural gas.

At first the pie chart indicates that USA electrishian produce electricity by using Hydro carbon electric power and it was 16 persent. Nuclear energy is used by producing electricity. And it was is the lowest parentay of a the chart. Nuclear element are very rare.

12% oill is used to produce electricity. Coal is height use of to produce electricity and its parsentage is 46%. Coal is very important to produce electricity. It is eassy to proocess and it produce high amount of electnicity. The pie chart shows that 24% natural gas is used to produce electricity. Use of natural gas is the best way of producing electricity. Natural sources are available in the world.

The pie chart informs us to know that the process of producing electricity. Nuclear energy is the  lowest and coal is the  heighest use by producing electricity.","","8-10","ok","","0.85","0","0","0","2","2","0","False","False","","168","1020","","","","","3","","","gemma-4-31b-it","gemini","extraction_prompt_v2","85afd6a0363fc77ac269e8a92485a2f6670e2370503eca21eb690dbcc64252b2","{""thinking_level"": ""medium"", ""max_output_tokens"": 32768}","2026-08-24T22:58:55.061537+00:00"
"STORY_015","SE_11_Q1_0015","9","Story","7","","","absent","The following is the beginning of a story. Complete it in your own words and give a proper title. Once a lion was sleeping in a forest. Suddenly a mouse came there. It was, in fact, playing on a race quite happily and didn't notice the sleeping lion. While running, ............","","Once a lion was sleeping in a forest. Suddenly a mous come there. I was, in fact, playing on a race quite happily and didn't notice the lion who was sleeping. While running in fucront of the lion's nose, the lion wake up and contrineously roar. Seeing him the mouse was very afraid. The Lion told him That I were surely finish you: Why were you done that kind of mishehave with me. The mouse replied in a calm toune the king of the foret i am extriamely sorry for my behaviour

I must not do that kind of behaviour with you. Forgave me this time. I will help you in later when you fall into danger. The lion lought at to hapired his. And then the lion forgave him.

After a few days later the lion was roaring in the mid forest. The mous go there and see saw the lion was merginalized by a hunter net. Mouse went to the lion and asured him to save his life. Then the mouse cut the net to save the life of the lion.

The lion thanked him.","Once a lion was sleeping in a forest. Suddenly a mous come there. I was, in fact, playing on a race quite happily and didn't notice the lion who was sleeping. While running in fucront of the lion's nose, the lion wake up and contrineously roar. Seeing him the mouse was very afraid. The Lion told him That I were surely finish you: Why were you done that kind of mishehave with me. The mouse replied in a calm toune the king of the foret i am extriamely sorry for my behaviour

I must not do that kind of behaviour with you. Forgave me this time. I will help you in later when you fall into danger. The lion lought at to hapired his. And then the lion forgave him.

After a few days later the lion was roaring in the mid forest. The mous go there and see saw the lion was merginalized by a hunter net. Mouse went to the lion and asured him to save his life. Then the mouse cut the net to save the life of the lion.

The lion thanked him.","A Lion and a mouse","6-7","ok","","0.9","0","0","0","0","0","0","False","False","","187","937","","","","","3","","","gemma-4-31b-it","gemini","extraction_prompt_v2","85afd6a0363fc77ac269e8a92485a2f6670e2370503eca21eb690dbcc64252b2","{""thinking_level"": ""medium"", ""max_output_tokens"": 32768}","2026-08-24T22:58:55.061537+00:00"
"LETTER_015","SE_11_Q1_0015","10","Letter_Email","5","","","absent","Write a letter to your friend describing the future plan after passing HSC Exam.","","Date: 27.6.2026
My dear Arif
I hope you are well. I am also well. I recive your letter few days ago. In you letter you wanted to know about future plan after HSC exam.

After passin HSC exam I prepared me to get gadmited in a renown medical collage. So, I need to learn more after passing the HSC.

Admitted into a medical collage I shall complete my course {inserted: to be} a doctor. It is my dreem to be a gratest doctor in the Bangladesh. So I need to work heard on my dreem.

No more today. Convey my salam to your parents
Yours ever
Shovo

From
Shovo
Azimpur, BDR
2no gate

To
Arif
Maniktgong,
shimuliya-7","Date: 27.6.2026
My dear Arif
I hope you are well. I am also well. I recive your letter few days ago. In you letter you wanted to know about future plan after HSC exam.

After passin HSC exam I prepared me to get gadmited in a renown medical collage. So, I need to learn more after passing the HSC.

Admitted into a medical collage I shall complete my course to be a doctor. It is my dreem to be a gratest doctor in the Bangladesh. So I need to work heard on my dreem.

No more today. Convey my salam to your parents
Yours ever
Shovo

From
Shovo
Azimpur, BDR
2no gate

To
Arif
Maniktgong,
shimuliya-7","","4","ok","","0.9","0","0","0","0","1","0","False","False","","115","599","","","","","5","address;date;salutation;body;close;signature","0","gemma-4-31b-it","gemini","extraction_prompt_v2","85afd6a0363fc77ac269e8a92485a2f6670e2370503eca21eb690dbcc64252b2","{""thinking_level"": ""medium"", ""max_output_tokens"": 32768}","2026-08-24T22:58:55.061537+00:00"
"THEME_015","SE_11_Q1_0015","11","Theme","8","","","absent","Write down the theme of the poem.

All people dream, but not equally.
Those who dream by night in the dusty recesses of their mind,
Wake in the morning to find that it was vanity.
But the dreamers of the day are dangerous people,
For they dream their dreams with open eyes,
And make them come true.","All people dream, but not equally.
Those who dream by night in the dusty recesses of their mind,
Wake in the morning to find that it was vanity.
But the dreamers of the day are dangerous people,
For they dream their dreams with open eyes,
And make them come true.","All of the people watch dream in their subconcious mind. Some one dream in the nigh after sleeping. This hind of dreem is valueless and in it will not come trive in reality. But the dreemiers who dreem day they want to see his dreem in reality so they work heard.","All of the people watch dream in their subconcious mind. Some one dream in the nigh after sleeping. This hind of dreem is valueless and in it will not come trive in reality. But the dreemiers who dreem day they want to see his dreem in reality so they work heard.","","2-3","ok","","0.85","0","0","0","0","0","0","False","False","","51","263","50","1.02","","0.0","0","","","gemma-4-31b-it","gemini","extraction_prompt_v2","85afd6a0363fc77ac269e8a92485a2f6670e2370503eca21eb690dbcc64252b2","{""thinking_level"": ""medium"", ""max_output_tokens"": 32768}","2026-08-24T22:58:55.061537+00:00"
"SUMMARY_016","SE_11_Q1_0016","3","Summary","10","","","absent","Summarize the following text. Hope"" is the thing with feathers —
That perches in the soul—
And sings the tune without the words—
And never stops — at all—
And sweetest — in the Gale — is heard —
And sore must be the storm —
That could abash the little Bird
That kept so many warm —
I've heard it in the chillest land —
And on the strangest Sea —
Yet — never — in Extremity,
It asked a crumb — of me.","Hope"" is the thing with feathers —
That perches in the soul—
And sings the tune without the words—
And never stops — at all—
And sweetest — in the Gale — is heard —
And sore must be the storm —
That could abash the little Bird
That kept so many warm —
I've heard it in the chillest land —
And on the strangest Sea —
Yet — never — in Extremity,
It asked a crumb — of me.","Hope is a feathery thing which perches the soul. It hardly even stops and continues singing without any words. It is heard the sweetest in the Gale. Hope can be heard in the chillest land and on the strangest Sea. And hope never asks for a crump even in extremity.","Hope is a feathery thing which perches the soul. It hardly even stops and continues singing without any words. It is heard the sweetest in the Gale. Hope can be heard in the chillest land and on the strangest Sea. And hope never asks for a crump even in extremity.","","4","ok","","1.0","0","0","0","0","0","0","False","False","","50","264","69","0.7246","True","0.18","0","","","gemma-4-31b-it","gemini","extraction_prompt_v2","85afd6a0363fc77ac269e8a92485a2f6670e2370503eca21eb690dbcc64252b2","{""thinking_level"": ""medium"", ""max_output_tokens"": 32768}","2026-08-24T22:59:23.236344+00:00"
"PARA_016","SE_11_Q1_0016","7","Paragraph","10","","","absent","Answer the following questions and write a paragraph on Artificial Intelligence. a. What is Artificial Intelligence? b. What are the features of AI? c. What are the applications of AI? d. How has AI revolutionized teaching and learning? e. Do you find any threatening aspect in AI?","","Artificial Intelligence also known for it's short form AI is a man created intelligence consisting of millions of data-structures and patterns. AI is created by making a machine learn abont different types of data structures, patterns and algorithms. It was created to help us humans in our varions works. There are a dozen of AI each working for different purposes equipped with different features. But the most common one among them are AI chatbots. AI chatbots can communicate and converse like a real human being. Beconse of it having access to a large amounut of data, it can answer almost every question, can do any and solve any math problems. It is safe to say that AI chatbots are the ones that revolutionized Artificial Intelligence. AI has many applications on humnan life. from daily lifestyle do work life AI can {inserted: be} applied everywhere. One can tell AI do make a daily routine for them and it will create a daily routine tailored just for them, It can also organize a person's daily chores, set up and iterate schedule etc.

AI has also revolutionized the teaching and learning sector. AI can solve any math problem faster than a man can, students are using AI as their personal tutor, to whom they can ask- any problem and get the solution. Teachers are using AI to eva evaluate students, creating personalized study materials for them which will help them grow. Despite it's merit AI can pose as a great threat to basic human growth. for that world leaders and leading researchers have put AI regulations in place to keep it from becoming a threat to humanity.","Artificial Intelligence also known for it's short form AI is a man created intelligence consisting of millions of data-structures and patterns. AI is created by making a machine learn abont different types of data structures, patterns and algorithms. It was created to help us humans in our varions works. There are a dozen of AI each working for different purposes equipped with different features. But the most common one among them are AI chatbots. AI chatbots can communicate and converse like a real human being. Beconse of it having access to a large amounut of data, it can answer almost every question, can do any and solve any math problems. It is safe to say that AI chatbots are the ones that revolutionized Artificial Intelligence. AI has many applications on humnan life. from daily lifestyle do work life AI can be applied everywhere. One can tell AI do make a daily routine for them and it will create a daily routine tailored just for them, It can also organize a person's daily chores, set up and iterate schedule etc.

AI has also revolutionized the teaching and learning sector. AI can solve any math problem faster than a man can, students are using AI as their personal tutor, to whom they can ask- any problem and get the solution. Teachers are using AI to eva evaluate students, creating personalized study materials for them which will help them grow. Despite it's merit AI can pose as a great threat to basic human growth. for that world leaders and leading researchers have put AI regulations in place to keep it from becoming a threat to humanity.","Artificial Intelligence","14-17","ok","","0.9","0","0","0","0","1","0","False","False","","274","1574","","","","","1","","","gemma-4-31b-it","gemini","extraction_prompt_v2","85afd6a0363fc77ac269e8a92485a2f6670e2370503eca21eb690dbcc64252b2","{""thinking_level"": ""medium"", ""max_output_tokens"": 32768}","2026-08-24T22:59:23.236344+00:00"
"CHART_016","SE_11_Q1_0016","8","Graph_Chart","10","","","absent","Look at the chart. It shows the sources of the USA electricity in 1980. Now, analyse the chart focussing the main aspects. (at least in 80 words)

Chart title: Sources of USA electricity in 1980. Values shown: Coal 46%; Natural gas 24%; Hydro-electric power 16%; Oil 12%; Nuclear 2%.","","The pie-chant shows the sources of the USA electricity in 1980.

If we look at the pie-chant we can see that, In the year 1980, majority of USA's electricity come natural gases. Which covered almost 224% 46% of the pie. Next in line is natural gases, which was 221% of the chart. Then comes Hydro-electric power consisting of 16% of the pie. Oil makes its place at number four with 12%. and, lastly comes nuclear power with only 2%. This pie-chart shows that a large amount of electricity come from fossil fuels. As much convenient as they are, fossil fuel can run out pretty easily. Not only that, the use of causes global warming and all sorts of natural catamilities. But on the other hand, nuclear energy which comes in last place is a pretty safe and a green energy source. It not only can ""generate more energy but can also do it without causing any harm to the nature. So, I think leaning more on nuclear emergy as an electricity source can be fruitful for all.","The pie-chant shows the sources of the USA electricity in 1980.

If we look at the pie-chant we can see that, In the year 1980, majority of USA's electricity come natural gases. Which covered almost 224% 46% of the pie. Next in line is natural gases, which was 221% of the chart. Then comes Hydro-electric power consisting of 16% of the pie. Oil makes its place at number four with 12%. and, lastly comes nuclear power with only 2%. This pie-chart shows that a large amount of electricity come from fossil fuels. As much convenient as they are, fossil fuel can run out pretty easily. Not only that, the use of causes global warming and all sorts of natural catamilities. But on the other hand, nuclear energy which comes in last place is a pretty safe and a green energy source. It not only can ""generate more energy but can also do it without causing any harm to the nature. So, I think leaning more on nuclear emergy as an electricity source can be fruitful for all.","","12-13","ok","","0.95","0","0","0","0","0","0","False","False","","173","968","","","","","1","","","gemma-4-31b-it","gemini","extraction_prompt_v2","85afd6a0363fc77ac269e8a92485a2f6670e2370503eca21eb690dbcc64252b2","{""thinking_level"": ""medium"", ""max_output_tokens"": 32768}","2026-08-24T22:59:23.236344+00:00"
"STORY_016","SE_11_Q1_0016","9","Story","7","","","absent","The following is the beginning of a story. Complete it in your own words and give a proper title. Once a lion was sleeping in a forest. Suddenly a mouse came there. It was, in fact, playing on a race quite happily and didn't notice the sleeping lion. While running, ............","","Once a lion ~~was~~ sleeping in a forest. Suddenly a mouse came there. It was, in fact, playing on a race quite happily and didn't notice the sleeping lion, While running, it accidentally fell on th lion. This woke the lion up. He was fuming with rage and said ""Who dares disturb my sleep?"". Then, the lion catches the monse and holds him in his palm. The monse pb pleads for his life and says ""Oh, The mighty king of jungle. Please spare my lite and I shall repay it back by assisting you in your trouble."" The lion langhed hysterically. He then spared the monse's lite. One day, whilst roaming around the jungle, the lion fell into the hunter's slick trap. He was caged in a net.

He roared and roared, screaming for help but none came. Just when all hope was running out, he saw the monse coming dowards him. The monse came, he saw and he cut the net and rescued the lion. The lion thanked the monse for saving his life. After that, they became allies and went on living a happy life.

Moral of the story: Size doesn't matter. Help can come from unexpected sources.","Once a lion  sleeping in a forest. Suddenly a mouse came there. It was, in fact, playing on a race quite happily and didn't notice the sleeping lion, While running, it accidentally fell on th lion. This woke the lion up. He was fuming with rage and said ""Who dares disturb my sleep?"". Then, the lion catches the monse and holds him in his palm. The monse pb pleads for his life and says ""Oh, The mighty king of jungle. Please spare my lite and I shall repay it back by assisting you in your trouble."" The lion langhed hysterically. He then spared the monse's lite. One day, whilst roaming around the jungle, the lion fell into the hunter's slick trap. He was caged in a net.

He roared and roared, screaming for help but none came. Just when all hope was running out, he saw the monse coming dowards him. The monse came, he saw and he cut the net and rescued the lion. The lion thanked the monse for saving his life. After that, they became allies and went on living a happy life.

Moral of the story: Size doesn't matter. Help can come from unexpected sources.","The Lion and The Mouse","10-11","ok","","0.95","0","0","0","1","0","0","False","False","","199","1061","","","","","2","","","gemma-4-31b-it","gemini","extraction_prompt_v2","85afd6a0363fc77ac269e8a92485a2f6670e2370503eca21eb690dbcc64252b2","{""thinking_level"": ""medium"", ""max_output_tokens"": 32768}","2026-08-24T22:59:23.236344+00:00"
"LETTER_016","SE_11_Q1_0016","10","Letter_Email","5","","","absent","Write a letter to your friend describing the future plan after passing HSC Exam.","","Road-6, Avenue-7,
Mirpur-DOHS, Dhaka
27 June, 2026

Dear Abrar,

I'm hoping that you are doing well by the grace of the Almighty. I'm also fine. In your last letter you wanted to know about my future plan after passing the HSC Exam. So, I thought why not write abort it {inserted: to} you. Well, first of all, I'm getting admitted to a coaching centre from where i will prepare for my university admission exam, I'm planning to crack one of the many engineering universities in the country. So, I'm vowed to work hard for it. In the meanwhile, I'm going do the gym and keeping myself updated with the current affairs of country and abroad. It's because, im also thinking about taking my chances at joining the Bangladesh Military. And i'm also trying improve my conversational english speaking skill as, it will help go to study abroad in the near future. That's it for today.

Convey my heartfelt regards to your parents and love to the younglings;

From,
Azwad
To,
Abrar
Road-11, Sector-7,
Uttara
Road-6, Avenue-7,
Mirpur DOHS, Dhaka

Yours dearly,
Azwad","Road-6, Avenue-7,
Mirpur-DOHS, Dhaka
27 June, 2026

Dear Abrar,

I'm hoping that you are doing well by the grace of the Almighty. I'm also fine. In your last letter you wanted to know about my future plan after passing the HSC Exam. So, I thought why not write abort it to you. Well, first of all, I'm getting admitted to a coaching centre from where i will prepare for my university admission exam, I'm planning to crack one of the many engineering universities in the country. So, I'm vowed to work hard for it. In the meanwhile, I'm going do the gym and keeping myself updated with the current affairs of country and abroad. It's because, im also thinking about taking my chances at joining the Bangladesh Military. And i'm also trying improve my conversational english speaking skill as, it will help go to study abroad in the near future. That's it for today.

Convey my heartfelt regards to your parents and love to the younglings;

From,
Azwad
To,
Abrar
Road-11, Sector-7,
Uttara
Road-6, Avenue-7,
Mirpur DOHS, Dhaka

Yours dearly,
Azwad","","8-9","ok","","1.0","0","0","0","0","1","0","False","False","","180","1044","","","","","5","address;date;salutation;body;close;signature","0","gemma-4-31b-it","gemini","extraction_prompt_v2","85afd6a0363fc77ac269e8a92485a2f6670e2370503eca21eb690dbcc64252b2","{""thinking_level"": ""medium"", ""max_output_tokens"": 32768}","2026-08-24T22:59:23.236344+00:00"
"THEME_016","SE_11_Q1_0016","11","Theme","8","","","absent","Write down the theme of the poem.

All people dream, but not equally.
Those who dream by night in the dusty recesses of their mind,
Wake in the morning to find that it was vanity.
But the dreamers of the day are dangerous people,
For they dream their dreams with open eyes,
And make them come true.","All people dream, but not equally.
Those who dream by night in the dusty recesses of their mind,
Wake in the morning to find that it was vanity.
But the dreamers of the day are dangerous people,
For they dream their dreams with open eyes,
And make them come true.","The content of the poem indicates the difference between day and night dreamers. The people who dream in the night wakes up to find that it was nothing in the morning. But those who dream in the day with their eyes wide open, are hungry to make that dream come true.","The content of the poem indicates the difference between day and night dreamers. The people who dream in the night wakes up to find that it was nothing in the morning. But those who dream in the day with their eyes wide open, are hungry to make that dream come true.","","7","ok","","1.0","0","0","0","0","0","0","False","False","","51","266","50","1.02","","0.0","0","","","gemma-4-31b-it","gemini","extraction_prompt_v2","85afd6a0363fc77ac269e8a92485a2f6670e2370503eca21eb690dbcc64252b2","{""thinking_level"": ""medium"", ""max_output_tokens"": 32768}","2026-08-24T22:59:23.236344+00:00"
"SUMMARY_017","SE_11_Q1_0017","3","Summary","10","","","absent","Summarize the following text. Hope"" is the thing with feathers —
That perches in the soul—
And sings the tune without the words—
And never stops — at all—
And sweetest — in the Gale — is heard —
And sore must be the storm —
That could abash the little Bird
That kept so many warm —
I've heard it in the chillest land —
And on the strangest Sea —
Yet — never — in Extremity,
It asked a crumb — of me.","Hope"" is the thing with feathers —
That perches in the soul—
And sings the tune without the words—
And never stops — at all—
And sweetest — in the Gale — is heard —
And sore must be the storm —
That could abash the little Bird
That kept so many warm —
I've heard it in the chillest land —
And on the strangest Sea —
Yet — never — in Extremity,
It asked a crumb — of me.","Hope is an important feathers. Feathers. without hope a man become lazy. A little Bird sing nicely. Abash the little bird that kept so many warm.","Hope is an important feathers. Feathers. without hope a man become lazy. A little Bird sing nicely. Abash the little bird that kept so many warm.","","16","ok","","0.9","0","0","0","0","0","0","False","False","","26","145","69","0.3768","True","0.3462","0","","","gemma-4-31b-it","gemini","extraction_prompt_v2","85afd6a0363fc77ac269e8a92485a2f6670e2370503eca21eb690dbcc64252b2","{""thinking_level"": ""medium"", ""max_output_tokens"": 32768}","2026-08-24T23:00:47.830349+00:00"
"PARA_017","SE_11_Q1_0017","7","Paragraph","10","","","absent","Answer the following questions and write a paragraph on Artificial Intelligence. a. What is Artificial Intelligence? b. What are the features of AI? c. What are the applications of AI? d. How has AI revolutionized teaching and learning? e. Do you find any threatening aspect in AI?","","Artificial Intelligence is a sophisticated com technology of a modern modern computer science performing various task of human requine like Business. education, data entry, command ete. Noae a days AI become popular to the world. It has many importance. One of the most important use of AI is it calculate and data entry etc perform more accurate than human. Many Factory us AI to keep ex data of people, money etc. AI is more important for students because they can use it as a study material. They seach in AI what question their unknown. Also any lab project, assignment they need AI for complete the project. AI solve accurately any math and physies question so student's can assupoe that their answer cuas high or armyong. Though Artificial Intelligence has many benie advrontages, it has some disadvantages. In Factory and company owner owner Fully depend on AI as a result many people don't get job. Fully pelience on AI people lose their creativity and become lazy. student's use AI for simple math equation solve and project as a result they also lose their creativity. AI ~~fully~~ Sometime AI give answer uhich is not fair and kind because AI ~~is bos~~ work based on data, history, logie. So, we must be responsible to use AI. If we want to develop our country we should proper use of AI also our brain.","Artificial Intelligence is a sophisticated com technology of a modern modern computer science performing various task of human requine like Business. education, data entry, command ete. Noae a days AI become popular to the world. It has many importance. One of the most important use of AI is it calculate and data entry etc perform more accurate than human. Many Factory us AI to keep ex data of people, money etc. AI is more important for students because they can use it as a study material. They seach in AI what question their unknown. Also any lab project, assignment they need AI for complete the project. AI solve accurately any math and physies question so student's can assupoe that their answer cuas high or armyong. Though Artificial Intelligence has many benie advrontages, it has some disadvantages. In Factory and company owner owner Fully depend on AI as a result many people don't get job. Fully pelience on AI people lose their creativity and become lazy. student's use AI for simple math equation solve and project as a result they also lose their creativity. AI  Sometime AI give answer uhich is not fair and kind because AI  work based on data, history, logie. So, we must be responsible to use AI. If we want to develop our country we should proper use of AI also our brain.","Artificial Intelligence","5-7","ok","","0.85","0","0","0","2","0","0","False","False","","226","1296","","","","","0","","","gemma-4-31b-it","gemini","extraction_prompt_v2","85afd6a0363fc77ac269e8a92485a2f6670e2370503eca21eb690dbcc64252b2","{""thinking_level"": ""medium"", ""max_output_tokens"": 32768}","2026-08-24T23:00:47.830349+00:00"
"CHART_017","SE_11_Q1_0017","8","Graph_Chart","10","","","absent","Look at the chart. It shows the sources of the USA electricity in 1980. Now, analyse the chart focussing the main aspects. (at least in 80 words)

Chart title: Sources of USA electricity in 1980. Values shown: Coal 46%; Natural gas 24%; Hydro-electric power 16%; Oil 12%; Nuclear 2%.","","The pie chart represents the five types of sources of the USA electricity in 1980. Five types of sources are Hydro electric power, Nuclear, oill coal, Natural gas. Almost half of source depends of USA electricity coal. paest uses source is oill. From the chart 46% coal are used in electricity, then mostly used Natural gas (24%), 16% Hydro-electric power and 12% oil used in the source of the USA electricity. Only 2% Nuclear oitt used for electricity.

From the chart the differece botween coal and Nuclear is 42%. almost half. So, ~~Nuclear Nuclear~~ V.S.A electricity is fully depend's on ~~coal~~ coal and Natural gas","The pie chart represents the five types of sources of the USA electricity in 1980. Five types of sources are Hydro electric power, Nuclear, oill coal, Natural gas. Almost half of source depends of USA electricity coal. paest uses source is oill. From the chart 46% coal are used in electricity, then mostly used Natural gas (24%), 16% Hydro-electric power and 12% oil used in the source of the USA electricity. Only 2% Nuclear oitt used for electricity.

From the chart the differece botween coal and Nuclear is 42%. almost half. So,  V.S.A electricity is fully depend's on  coal and Natural gas","","8-9","ok","","0.85","0","0","0","2","0","0","False","False","","98","595","","","","","1","","","gemma-4-31b-it","gemini","extraction_prompt_v2","85afd6a0363fc77ac269e8a92485a2f6670e2370503eca21eb690dbcc64252b2","{""thinking_level"": ""medium"", ""max_output_tokens"": 32768}","2026-08-24T23:00:47.830349+00:00"
"STORY_017","SE_11_Q1_0017","9","Story","7","","","absent","The following is the beginning of a story. Complete it in your own words and give a proper title. Once a lion was sleeping in a forest. Suddenly a mouse came there. It was, in fact, playing on a race quite happily and didn't notice the sleeping lion. While running, ............","","Once a lion cuas sleeping in a forest. suddenly, a mouse came there. It cuas in fact, playing on a pace quite happily and didn't notice the sleeping lion. While running he acent lion's face at once the lion awoke up and caught the mouse.

The lion's cuas very angry. so, he wanted to kill the mouse. Mouse begged his life and said one day he will help the lion. The lion laughed and suddenly he Felt pity on mouse, so he didn't kill the mouse. One day the lion cealking in the forest at once he trapped in a net he tried and tried but failed. So, he started goarning suddenly the mouse saw the lion he Fastly acent to the lion cuith his sharp teeth he cut the net and save the lion. The lion ashamed because because one he wanted to kill the mouse.","Once a lion cuas sleeping in a forest. suddenly, a mouse came there. It cuas in fact, playing on a pace quite happily and didn't notice the sleeping lion. While running he acent lion's face at once the lion awoke up and caught the mouse.

The lion's cuas very angry. so, he wanted to kill the mouse. Mouse begged his life and said one day he will help the lion. The lion laughed and suddenly he Felt pity on mouse, so he didn't kill the mouse. One day the lion cealking in the forest at once he trapped in a net he tried and tried but failed. So, he started goarning suddenly the mouse saw the lion he Fastly acent to the lion cuith his sharp teeth he cut the net and save the lion. The lion ashamed because because one he wanted to kill the mouse.","","12-13","ok","","0.8","0","0","0","0","0","0","False","False","","147","748","","","","","1","","","gemma-4-31b-it","gemini","extraction_prompt_v2","85afd6a0363fc77ac269e8a92485a2f6670e2370503eca21eb690dbcc64252b2","{""thinking_level"": ""medium"", ""max_output_tokens"": 32768}","2026-08-24T23:00:47.830349+00:00"
"LETTER_017","SE_11_Q1_0017","10","Letter_Email","5","","","absent","Write a letter to your friend describing the future plan after passing HSC Exam.","","1231 Joynag Road, Dhaka

Dear Toufa.

Hope your are well by the grace of Almighty. I'm also well by his grace. From your last letter you wanted to know the future plan after passing H.S.c Exam. Noae I'm describing it.

You know our village people are illiterate. They do not know how read and write. They also zeno knowledge about hygiene and balance food. They lead unhealthy life most of them suffer many dieses. so, I make decission after passing HSC exam I go to village people cuith my some friends and tell them how to Fight cuith dises and how to prevent them I also teach them basic knoculedge of education, how to keep healthy and fit.

No more today. keep me in your ph prayer.

yours ever
Talha

From:
Talha
1231 Joynag road
Dhaka

To:
Toufa
shariatpur
Dhaka.","1231 Joynag Road, Dhaka

Dear Toufa.

Hope your are well by the grace of Almighty. I'm also well by his grace. From your last letter you wanted to know the future plan after passing H.S.c Exam. Noae I'm describing it.

You know our village people are illiterate. They do not know how read and write. They also zeno knowledge about hygiene and balance food. They lead unhealthy life most of them suffer many dieses. so, I make decission after passing HSC exam I go to village people cuith my some friends and tell them how to Fight cuith dises and how to prevent them I also teach them basic knoculedge of education, how to keep healthy and fit.

No more today. keep me in your ph prayer.

yours ever
Talha

From:
Talha
1231 Joynag road
Dhaka

To:
Toufa
shariatpur
Dhaka.","","10-11","ok","","0.9","0","0","0","0","0","0","False","False","","140","770","","","","","7","address;salutation;body;close;signature","1","gemma-4-31b-it","gemini","extraction_prompt_v2","85afd6a0363fc77ac269e8a92485a2f6670e2370503eca21eb690dbcc64252b2","{""thinking_level"": ""medium"", ""max_output_tokens"": 32768}","2026-08-24T23:00:47.830349+00:00"
"THEME_017","SE_11_Q1_0017","11","Theme","8","","","absent","Write down the theme of the poem.

All people dream, but not equally.
Those who dream by night in the dusty recesses of their mind,
Wake in the morning to find that it was vanity.
But the dreamers of the day are dangerous people,
For they dream their dreams with open eyes,
And make them come true.","All people dream, but not equally.
Those who dream by night in the dusty recesses of their mind,
Wake in the morning to find that it was vanity.
But the dreamers of the day are dangerous people,
For they dream their dreams with open eyes,
And make them come true.","The poem reppresents two types of dreamers. One those who passively dream at night, another those one is who actively dream at day. While night dreamers forget their dream in meningless but day dreamers's are powerful because they pursue their dream's with open eyes and make their dream successful.","The poem reppresents two types of dreamers. One those who passively dream at night, another those one is who actively dream at day. While night dreamers forget their dream in meningless but day dreamers's are powerful because they pursue their dream's with open eyes and make their dream successful.","Theme writing","2","ok","","0.9","0","0","0","0","0","0","False","False","","49","299","50","0.98","","0.0","0","","","gemma-4-31b-it","gemini","extraction_prompt_v2","85afd6a0363fc77ac269e8a92485a2f6670e2370503eca21eb690dbcc64252b2","{""thinking_level"": ""medium"", ""max_output_tokens"": 32768}","2026-08-24T23:00:47.830349+00:00"
"SUMMARY_018","SE_11_Q1_0018","3","Summary","10","","","absent","Summarize the following text. Hope"" is the thing with feathers —
That perches in the soul—
And sings the tune without the words—
And never stops — at all—
And sweetest — in the Gale — is heard —
And sore must be the storm —
That could abash the little Bird
That kept so many warm —
I've heard it in the chillest land —
And on the strangest Sea —
Yet — never — in Extremity,
It asked a crumb — of me.","Hope"" is the thing with feathers —
That perches in the soul—
And sings the tune without the words—
And never stops — at all—
And sweetest — in the Gale — is heard —
And sore must be the storm —
That could abash the little Bird
That kept so many warm —
I've heard it in the chillest land —
And on the strangest Sea —
Yet — never — in Extremity,
It asked a crumb — of me.","The following tent is about hope which inspires people to shape their life, to do continues handwork. It perches our soul. It sings the tune without words. We should never stop hoping cause it keeps us warm in the hardest situation of life. The tiny light of hope can enlighten a whole life of a people. So, we must keep hope in our heart.","The following tent is about hope which inspires people to shape their life, to do continues handwork. It perches our soul. It sings the tune without words. We should never stop hoping cause it keeps us warm in the hardest situation of life. The tiny light of hope can enlighten a whole life of a people. So, we must keep hope in our heart.","","5","ok","","0.9","0","0","0","0","0","0","False","False","","64","339","69","0.9275","True","0.0","0","","","gemma-4-31b-it","gemini","extraction_prompt_v2","85afd6a0363fc77ac269e8a92485a2f6670e2370503eca21eb690dbcc64252b2","{""thinking_level"": ""medium"", ""max_output_tokens"": 32768}","2026-08-24T23:03:37.289962+00:00"
"PARA_018","SE_11_Q1_0018","7","Paragraph","10","","","absent","Answer the following questions and write a paragraph on Artificial Intelligence. a. What is Artificial Intelligence? b. What are the features of AI? c. What are the applications of AI? d. How has AI revolutionized teaching and learning? e. Do you find any threatening aspect in AI?","","Artificial intelligence is a kind of machine or ~~rob~~ robot which requires to human intelligence. It is made by human. The features of AI or artificial intelligence i that it can talk, ~~his~~ listen, write and think like human. It can also solve pro within less time. It is a ~~programmea~~ prog mable computer based project. It con sto data. AI or artificial intelligence has made our daily life easier. Now a days, AI helps in every section of our life. Such as, cooking, writting, searching datas etc. We have some programed AI such as:- G Chatgpt, Gemini, Alexa, Siri, Deepseek etc. which helps us in our daily life do make decisions. It has a great impact int the sector of education. It has brought a revolutionized changes in teaching and learning. It helps students by helping them in ~~think~~ their study. A student can make short note any chopter within a second by the help of AI. Which helps them not to waste much time in chapter. Thus a student con use their valuable time in other. AI has a lot of usefulness in our life. But beside it, AI has some threatening disadvantages. Now a days, human are gelting ~~attane~~ attached with AI. more than They spend more time with AI mone than human. Those ai threat our humanity. Beside it decreases the thinking capability of humon. Students are being id because of the AI. At the end, we should use AI only at a limit. ~~Other~~ Otherwise it will cause on the end of h being.","Artificial intelligence is a kind of machine or  robot which requires to human intelligence. It is made by human. The features of AI or artificial intelligence i that it can talk,  listen, write and think like human. It can also solve pro within less time. It is a  prog mable computer based project. It con sto data. AI or artificial intelligence has made our daily life easier. Now a days, AI helps in every section of our life. Such as, cooking, writting, searching datas etc. We have some programed AI such as:- G Chatgpt, Gemini, Alexa, Siri, Deepseek etc. which helps us in our daily life do make decisions. It has a great impact int the sector of education. It has brought a revolutionized changes in teaching and learning. It helps students by helping them in  their study. A student can make short note any chopter within a second by the help of AI. Which helps them not to waste much time in chapter. Thus a student con use their valuable time in other. AI has a lot of usefulness in our life. But beside it, AI has some threatening disadvantages. Now a days, human are gelting  attached with AI. more than They spend more time with AI mone than human. Those ai threat our humanity. Beside it decreases the thinking capability of humon. Students are being id because of the AI. At the end, we should use AI only at a limit.  Otherwise it will cause on the end of h being.","Artificial Intelligence","10-12","ok","","0.8","0","0","0","6","0","0","False","False","","253","1381","","","","","0","","","gemma-4-31b-it","gemini","extraction_prompt_v2","85afd6a0363fc77ac269e8a92485a2f6670e2370503eca21eb690dbcc64252b2","{""thinking_level"": ""medium"", ""max_output_tokens"": 32768}","2026-08-24T23:03:37.289962+00:00"
"CHART_018","SE_11_Q1_0018","8","Graph_Chart","10","","","absent","Look at the chart. It shows the sources of the USA electricity in 1980. Now, analyse the chart focussing the main aspects. (at least in 80 words)

Chart title: Sources of USA electricity in 1980. Values shown: Coal 46%; Natural gas 24%; Hydro-electric power 16%; Oil 12%; Nuclear 2%.","","The pie ehart represents us the soucees of USA electricity in 1980. From the pie chart we can see that the highest amount of electricity come ~~fem~~ from coal. It is 46% From the burning of the coal, It produce harmful green house gas. Secondly we can see that the second highest amount of electricity come from natural gas. It is 2[cut] Those are natural elements. If we don not use wisely. It will finish one day. 16 [cut] of electricity come fromne hydro elect energy. We can also see that 12 % of electricity comes from oil. When we burn oil, It produce temper that produce electricity. But it also cause harmful green house gas like CO2, SO2 etc. From the piechart we can see that the least amount of ~~energ~~ electricity, comes from nuclear. It is 2 %. Though It is using a least amount, it has a huge amount of radiation effect. At the end, we can tell, most of the energy sourcees are limited in the world. If we do not not use use it will finish and one day and we have to ~~don~~ to face hazardous consequenees.","The pie ehart represents us the soucees of USA electricity in 1980. From the pie chart we can see that the highest amount of electricity come  from coal. It is 46% From the burning of the coal, It produce harmful green house gas. Secondly we can see that the second highest amount of electricity come from natural gas. It is 2[cut] Those are natural elements. If we don not use wisely. It will finish one day. 16 [cut] of electricity come fromne hydro elect energy. We can also see that 12 % of electricity comes from oil. When we burn oil, It produce temper that produce electricity. But it also cause harmful green house gas like CO2, SO2 etc. From the piechart we can see that the least amount of  electricity, comes from nuclear. It is 2 %. Though It is using a least amount, it has a huge amount of radiation effect. At the end, we can tell, most of the energy sourcees are limited in the world. If we do not not use use it will finish and one day and we have to  to face hazardous consequenees.","","12-13","ok","","0.8","0","0","0","3","0","0","False","False","","183","1000","","","","","0","","","gemma-4-31b-it","gemini","extraction_prompt_v2","85afd6a0363fc77ac269e8a92485a2f6670e2370503eca21eb690dbcc64252b2","{""thinking_level"": ""medium"", ""max_output_tokens"": 32768}","2026-08-24T23:03:37.289962+00:00"
"STORY_018","SE_11_Q1_0018","9","Story","7","","","absent","The following is the beginning of a story. Complete it in your own words and give a proper title. Once a lion was sleeping in a forest. Suddenly a mouse came there. It was, in fact, playing on a race quite happily and didn't notice the sleeping lion. While running, ............","","Once lion was sleeping in a forest. Suddenly a mouse came there. It was, in fact, playi on a race quite happily and didn't notice the sleeping lion. White running It accidentally beated the lion. The lion woke up and caught the mouse. The lion became angry and threaten the mouse to it. The mouse started crying and begged' for his life. The lion though for some moment and let go the mouse. Many days passa One day the lion was walking along the forest. Suddenly its step stepped in a trap of some animalcatcher. He tried do escape but failed. The mouse was also go passing the same way. Immediately it saw the lion. He remembered the kindness of the lion. So, the mouse cut the trap by its teeth and freed the lion from the cage. Thus its helped the lion. From the story we came do understa uderstan- d that we should not uderestimate little thing. based It can help us in our hard time.","Once lion was sleeping in a forest. Suddenly a mouse came there. It was, in fact, playi on a race quite happily and didn't notice the sleeping lion. White running It accidentally beated the lion. The lion woke up and caught the mouse. The lion became angry and threaten the mouse to it. The mouse started crying and begged' for his life. The lion though for some moment and let go the mouse. Many days passa One day the lion was walking along the forest. Suddenly its step stepped in a trap of some animalcatcher. He tried do escape but failed. The mouse was also go passing the same way. Immediately it saw the lion. He remembered the kindness of the lion. So, the mouse cut the trap by its teeth and freed the lion from the cage. Thus its helped the lion. From the story we came do understa uderstan- d that we should not uderestimate little thing. based It can help us in our hard time.","A Lion and A Mouse","14-15","ok","","0.9","0","0","0","0","0","0","False","False","","168","889","","","","","0","","","gemma-4-31b-it","gemini","extraction_prompt_v2","85afd6a0363fc77ac269e8a92485a2f6670e2370503eca21eb690dbcc64252b2","{""thinking_level"": ""medium"", ""max_output_tokens"": 32768}","2026-08-24T23:03:37.289962+00:00"
"LETTER_018","SE_11_Q1_0018","10","Letter_Email","5","","","absent","Write a letter to your friend describing the future plan after passing HSC Exam.","","Asulia, Savar
27-06-2026

Dear friend,

How are you? Hope you are good by the grace of almighty Allah. In last letter you wanted to about my future plan after passing HSC exam.

You are well known about that, my aim is to be an honest and wise doctore. So, I will take admission in a renwed medical college after pas HSC : After passing from the Medical college, will join in a medical camping for helping poor and sick peopote people beside continui continuing my higher education.

No more today. Take care. We will gossip more about our aims, and target when we will meet again

Yours ever
Eva

From, Eva Asulia, Savar, Dhaka, 1215
To, Neha Azimpur, Old Dhaka Dhaka, 1205
Stamp","Asulia, Savar
27-06-2026

Dear friend,

How are you? Hope you are good by the grace of almighty Allah. In last letter you wanted to about my future plan after passing HSC exam.

You are well known about that, my aim is to be an honest and wise doctore. So, I will take admission in a renwed medical college after pas HSC : After passing from the Medical college, will join in a medical camping for helping poor and sick peopote people beside continui continuing my higher education.

No more today. Take care. We will gossip more about our aims, and target when we will meet again

Yours ever
Eva

From, Eva Asulia, Savar, Dhaka, 1215
To, Neha Azimpur, Old Dhaka Dhaka, 1205
Stamp","","16-17","ok","","0.9","0","0","0","0","0","0","False","False","","119","680","","","","","6","address;date;salutation;body;close;signature","0","gemma-4-31b-it","gemini","extraction_prompt_v2","85afd6a0363fc77ac269e8a92485a2f6670e2370503eca21eb690dbcc64252b2","{""thinking_level"": ""medium"", ""max_output_tokens"": 32768}","2026-08-24T23:03:37.289962+00:00"
"THEME_018","SE_11_Q1_0018","11","Theme","8","","","absent","Write down the theme of the poem.

All people dream, but not equally.
Those who dream by night in the dusty recesses of their mind,
Wake in the morning to find that it was vanity.
But the dreamers of the day are dangerous people,
For they dream their dreams with open eyes,
And make them come true.","All people dream, but not equally.
Those who dream by night in the dusty recesses of their mind,
Wake in the morning to find that it was vanity.
But the dreamers of the day are dangerous people,
For they dream their dreams with open eyes,
And make them come true.","The poem tells us about 'Dream' which inspires people to work hard and achive success. Those who dream by day it can work hand to achive their success and make the dream come true. It helps people to make a happy and planm life. And the others who doesn't doesn't have a dream cannot shape their libes.","The poem tells us about 'Dream' which inspires people to work hard and achive success. Those who dream by day it can work hand to achive their success and make the dream come true. It helps people to make a happy and planm life. And the others who doesn't doesn't have a dream cannot shape their libes.","","18","ok","","0.9","0","0","0","0","0","0","False","False","","57","302","50","1.14","","0.0","0","","","gemma-4-31b-it","gemini","extraction_prompt_v2","85afd6a0363fc77ac269e8a92485a2f6670e2370503eca21eb690dbcc64252b2","{""thinking_level"": ""medium"", ""max_output_tokens"": 32768}","2026-08-24T23:03:37.289962+00:00"
"SUMMARY_019","SE_11_Q1_0019","3","Summary","10","","","absent","Summarize the following text. Hope"" is the thing with feathers —
That perches in the soul—
And sings the tune without the words—
And never stops — at all—
And sweetest — in the Gale — is heard —
And sore must be the storm —
That could abash the little Bird
That kept so many warm —
I've heard it in the chillest land —
And on the strangest Sea —
Yet — never — in Extremity,
It asked a crumb — of me.","Hope"" is the thing with feathers —
That perches in the soul—
And sings the tune without the words—
And never stops — at all—
And sweetest — in the Gale — is heard —
And sore must be the storm —
That could abash the little Bird
That kept so many warm —
I've heard it in the chillest land —
And on the strangest Sea —
Yet — never — in Extremity,
It asked a crumb — of me.","The text is about the most powerful things named hope . Hope is the more powerful thing, we cann't see it but it gives us the strength to do something which is impossible . Hope courage us to take step in brilliant work . In the passag the poet compare the hope with the little bird, which chirping sound inspire us to do ~~sometthin~~ something and. being successful .","The text is about the most powerful things named hope . Hope is the more powerful thing, we cann't see it but it gives us the strength to do something which is impossible . Hope courage us to take step in brilliant work . In the passag the poet compare the hope with the little bird, which chirping sound inspire us to do  something and. being successful .","","3","ok","","0.9","0","0","0","1","0","0","False","False","","64","356","69","0.9275","True","0.0","0","","","gemma-4-31b-it","gemini","extraction_prompt_v2","85afd6a0363fc77ac269e8a92485a2f6670e2370503eca21eb690dbcc64252b2","{""thinking_level"": ""medium"", ""max_output_tokens"": 32768}","2026-08-24T23:04:05.228027+00:00"
"PARA_019","SE_11_Q1_0019","7","Paragraph","10","","","absent","Answer the following questions and write a paragraph on Artificial Intelligence. a. What is Artificial Intelligence? b. What are the features of AI? c. What are the applications of AI? d. How has AI revolutionized teaching and learning? e. Do you find any threatening aspect in AI?","","AI (Artificial Intelligence)

AI (Artificial Intelligence) is most used word in the modern folk. It is a type of intilligence which enab machines to work as human

Artificial mean man-made and intel means the ability of thinking and make decision , AI can able computre to operate automatically wi human interaction . Now people can think that machines can work on their need without any interferen -n and AI can able to do this .

There are many AI tools which does not need any instruction of human, Like Robot. There are many advantage of AI In the feild of education it brought a great change. There are many AI operating Software by which students can get chance personalized study, student can take help from many softwar to solve math problems, and other problems. There are many AI based Software which monitor the Study type of any student. They can take free exams on any topics by which any student clear his concept in any topic (Ббт) charecha app is one of them

Not only the student but also the teachers are helped by AI . AI can friees up teachers time by auto marking marking the quizes . In this times teachers do other work. AI can also work in the field of Medical . Doctors can solve any problem by VR opprassion opata operation. AI also can change the field of communication nartual reality is example of this,

as others AI also have many disadvan tagies. Marzely people can depands on AI which distroy our brain's ability . People do not use his brain to solve any prob for AI. So, If we want to get a good world we should use AI comciosly .","AI (Artificial Intelligence)

AI (Artificial Intelligence) is most used word in the modern folk. It is a type of intilligence which enab machines to work as human

Artificial mean man-made and intel means the ability of thinking and make decision , AI can able computre to operate automatically wi human interaction . Now people can think that machines can work on their need without any interferen -n and AI can able to do this .

There are many AI tools which does not need any instruction of human, Like Robot. There are many advantage of AI In the feild of education it brought a great change. There are many AI operating Software by which students can get chance personalized study, student can take help from many softwar to solve math problems, and other problems. There are many AI based Software which monitor the Study type of any student. They can take free exams on any topics by which any student clear his concept in any topic (Ббт) charecha app is one of them

Not only the student but also the teachers are helped by AI . AI can friees up teachers time by auto marking marking the quizes . In this times teachers do other work. AI can also work in the field of Medical . Doctors can solve any problem by VR opprassion opata operation. AI also can change the field of communication nartual reality is example of this,

as others AI also have many disadvan tagies. Marzely people can depands on AI which distroy our brain's ability . People do not use his brain to solve any prob for AI. So, If we want to get a good world we should use AI comciosly .","AI (Artificial Intelligence)","14-16","ok","","0.85","0","0","0","0","0","0","False","True","wrap_as_paragraph","279","1565","","","","","5","","","gemma-4-31b-it","gemini","extraction_prompt_v2","85afd6a0363fc77ac269e8a92485a2f6670e2370503eca21eb690dbcc64252b2","{""thinking_level"": ""medium"", ""max_output_tokens"": 32768}","2026-08-24T23:04:05.228027+00:00"
"CHART_019","SE_11_Q1_0019","8","Graph_Chart","10","","","absent","Look at the chart. It shows the sources of the USA electricity in 1980. Now, analyse the chart focussing the main aspects. (at least in 80 words)

Chart title: Sources of USA electricity in 1980. Values shown: Coal 46%; Natural gas 24%; Hydro-electric power 16%; Oil 12%; Nuclear 2%.","","The chart hilight the data of the sources of the USA electricity in the year of 1980. We can clearly seen fra the pie chart that a hage numbe of electricity is come from natura gas and it is 24%, it obtain 86 from the chart. But coal has big more portion than natural gas an this number is 46% which is high It obtain almost half from the cha It obtain 165.6 from the char. So we can told that in 1980 most numb of electricity come from coal.

On the other hand a short number of electricity come from the Hydro-electric power, Nuclear and oil. and to it is 16%, 2%, and 2%, Hence, we can see a little bit of electricity come from oil and it is only 2% it obtain only 7.2 of the pie chart At last we can told that in 1980 the electricity of USA were coal based .","The chart hilight the data of the sources of the USA electricity in the year of 1980. We can clearly seen fra the pie chart that a hage numbe of electricity is come from natura gas and it is 24%, it obtain 86 from the chart. But coal has big more portion than natural gas an this number is 46% which is high It obtain almost half from the cha It obtain 165.6 from the char. So we can told that in 1980 most numb of electricity come from coal.

On the other hand a short number of electricity come from the Hydro-electric power, Nuclear and oil. and to it is 16%, 2%, and 2%, Hence, we can see a little bit of electricity come from oil and it is only 2% it obtain only 7.2 of the pie chart At last we can told that in 1980 the electricity of USA were coal based .","","12-13","ok","","0.9","0","0","0","0","0","0","False","False","","144","762","","","","","1","","","gemma-4-31b-it","gemini","extraction_prompt_v2","85afd6a0363fc77ac269e8a92485a2f6670e2370503eca21eb690dbcc64252b2","{""thinking_level"": ""medium"", ""max_output_tokens"": 32768}","2026-08-24T23:04:05.228027+00:00"
"STORY_019","SE_11_Q1_0019","9","Story","7","","","absent","The following is the beginning of a story. Complete it in your own words and give a proper title. Once a lion was sleeping in a forest. Suddenly a mouse came there. It was, in fact, playing on a race quite happily and didn't notice the sleeping lion. While running, ............","","Marcy is a great virtud

Once a lion was slepping in a forest. Suddenly a mouse came there . It was, in fact, playing on a race quite happily and didn't notice the sleeping lion. While running suddenly the mouse enter into the nose of lion . Being ferocious the lion groaning and tell ""who is here? I can kill you now"". Being afraid the mouse told that ""Sirs, you are the king of forest, you are very mighty sir. please forgive me sir"". The lion replied that ""For what reason I can forgive you?""

The mouse replied that king one day I will help you my God king. The lion smile loudly and say you will help me : you are very little creation I don't need your help any day cause I'm more strong than you. Then the lion forgive the mouse . & After long day the lion was ~~trapped~~ trapped by a net and it was ~~try~~ trying to get rid from this but in rain . The mouse notice that and cut the net with it's sharp ~~theef~~ teeth . By this the lion can get rid from the net. Then The lion Thanked the mouse and Said ~~that~~ ""I was wrong very everyone need other's help to live"" The mouse agreed with it .

Moral: Every creature need other's help to live","Marcy is a great virtud

Once a lion was slepping in a forest. Suddenly a mouse came there . It was, in fact, playing on a race quite happily and didn't notice the sleeping lion. While running suddenly the mouse enter into the nose of lion . Being ferocious the lion groaning and tell ""who is here? I can kill you now"". Being afraid the mouse told that ""Sirs, you are the king of forest, you are very mighty sir. please forgive me sir"". The lion replied that ""For what reason I can forgive you?""

The mouse replied that king one day I will help you my God king. The lion smile loudly and say you will help me : you are very little creation I don't need your help any day cause I'm more strong than you. Then the lion forgive the mouse . & After long day the lion was  trapped by a net and it was  trying to get rid from this but in rain . The mouse notice that and cut the net with it's sharp  teeth . By this the lion can get rid from the net. Then The lion Thanked the mouse and Said  ""I was wrong very everyone need other's help to live"" The mouse agreed with it .

Moral: Every creature need other's help to live","","17-19","ok","","0.9","0","0","0","4","0","0","False","False","","216","1116","","","","","3","","","gemma-4-31b-it","gemini","extraction_prompt_v2","85afd6a0363fc77ac269e8a92485a2f6670e2370503eca21eb690dbcc64252b2","{""thinking_level"": ""medium"", ""max_output_tokens"": 32768}","2026-08-24T23:04:05.228027+00:00"
"LETTER_019","SE_11_Q1_0019","10","Letter_Email","5","","","absent","Write a letter to your friend describing the future plan after passing HSC Exam.","","27-06-2026
Demira, Dhaka
Bangladesh

Dear Messi,

At first take my heartiest love. Hope you great by the grace of Almighty . I reci your letter just now. In the letter y wanted to know about my future Plan affi passing HSC Exam. Actually My HSC Exa is close to door or knocking at the door.

My childhood I have a plan to belong computer engineer . So, to q fullfill dream I have to get chance in a Engineering university So I take ap preparation after my HSC to get chance in BUET or others Engin University like RUET, CHUET, KUET etc. In the mentlime I can also developed my English Spiking and listining Skill to cope-up with the modern age .

So. thats my plan after HSC .

No more today, Convey my Salam to your parrants and love to your youngers.

Your loving,
Mridul

From,
Parhin Mridul
Demira, Dhaka
Kamargoap

To
Messi
Rupganj, Narayanganj
Chanpara","27-06-2026
Demira, Dhaka
Bangladesh

Dear Messi,

At first take my heartiest love. Hope you great by the grace of Almighty . I reci your letter just now. In the letter y wanted to know about my future Plan affi passing HSC Exam. Actually My HSC Exa is close to door or knocking at the door.

My childhood I have a plan to belong computer engineer . So, to q fullfill dream I have to get chance in a Engineering university So I take ap preparation after my HSC to get chance in BUET or others Engin University like RUET, CHUET, KUET etc. In the mentlime I can also developed my English Spiking and listining Skill to cope-up with the modern age .

So. thats my plan after HSC .

No more today, Convey my Salam to your parrants and love to your youngers.

Your loving,
Mridul

From,
Parhin Mridul
Demira, Dhaka
Kamargoap

To
Messi
Rupganj, Narayanganj
Chanpara","","10-11","ok","","0.9","0","0","0","0","0","0","False","False","","153","858","","","","","8","address;date;salutation;body;close;signature","0","gemma-4-31b-it","gemini","extraction_prompt_v2","85afd6a0363fc77ac269e8a92485a2f6670e2370503eca21eb690dbcc64252b2","{""thinking_level"": ""medium"", ""max_output_tokens"": 32768}","2026-08-24T23:04:05.228027+00:00"
"THEME_019","SE_11_Q1_0019","11","Theme","8","","","absent","Write down the theme of the poem.

All people dream, but not equally.
Those who dream by night in the dusty recesses of their mind,
Wake in the morning to find that it was vanity.
But the dreamers of the day are dangerous people,
For they dream their dreams with open eyes,
And make them come true.","All people dream, but not equally.
Those who dream by night in the dusty recesses of their mind,
Wake in the morning to find that it was vanity.
But the dreamers of the day are dangerous people,
For they dream their dreams with open eyes,
And make them come true.","The poem is about an inspiration named dream . Dream is a common thing but varied from person to person . Someone dream by night, and in the morning he can realize that was not real but real dream is that which can unable to man to Sleep . Dreamers of the day are the real hero's and they take their dreams as Inspairication and motivation And. also work hard to make it dreams truer.","The poem is about an inspiration named dream . Dream is a common thing but varied from person to person . Someone dream by night, and in the morning he can realize that was not real but real dream is that which can unable to man to Sleep . Dreamers of the day are the real hero's and they take their dreams as Inspairication and motivation And. also work hard to make it dreams truer.","","7","ok","","0.9","0","0","0","0","0","0","False","False","","72","384","50","1.44","","0.0","0","","","gemma-4-31b-it","gemini","extraction_prompt_v2","85afd6a0363fc77ac269e8a92485a2f6670e2370503eca21eb690dbcc64252b2","{""thinking_level"": ""medium"", ""max_output_tokens"": 32768}","2026-08-24T23:04:05.228027+00:00"
"SUMMARY_020","SE_11_Q1_0020","3","Summary","10","","","absent","Summarize the following text. Hope"" is the thing with feathers —
That perches in the soul—
And sings the tune without the words—
And never stops — at all—
And sweetest — in the Gale — is heard —
And sore must be the storm —
That could abash the little Bird
That kept so many warm —
I've heard it in the chillest land —
And on the strangest Sea —
Yet — never — in Extremity,
It asked a crumb — of me.","Hope"" is the thing with feathers —
That perches in the soul—
And sings the tune without the words—
And never stops — at all—
And sweetest — in the Gale — is heard —
And sore must be the storm —
That could abash the little Bird
That kept so many warm —
I've heard it in the chillest land —
And on the strangest Sea —
Yet — never — in Extremity,
It asked a crumb — of me.","This poem is all about Hope! Hope is the thing with so many expectations. Hope is mixed in our soul. Hope tells about everything without words. Human can't stop hoping. If hope comes true that is {inserted: the} sweetest if not that is the sourest like a storm. Hope is also visible for a little bird's life. Hope can came from a chillest a land and from the strangest sea. It asked about everything.","This poem is all about Hope! Hope is the thing with so many expectations. Hope is mixed in our soul. Hope tells about everything without words. Human can't stop hoping. If hope comes true that is the sweetest if not that is the sourest like a storm. Hope is also visible for a little bird's life. Hope can came from a chillest a land and from the strangest sea. It asked about everything.","","3","ok","","0.95","0","0","0","0","1","0","False","False","","73","388","69","1.058","True","0.0","0","","","gemma-4-31b-it","gemini","extraction_prompt_v2","85afd6a0363fc77ac269e8a92485a2f6670e2370503eca21eb690dbcc64252b2","{""thinking_level"": ""medium"", ""max_output_tokens"": 32768}","2026-08-24T23:04:32.623160+00:00"
"PARA_020","SE_11_Q1_0020","7","Paragraph","10","","","absent","Answer the following questions and write a paragraph on Artificial Intelligence. a. What is Artificial Intelligence? b. What are the features of AI? c. What are the applications of AI? d. How has AI revolutionized teaching and learning? e. Do you find any threatening aspect in AI?","","Artificial Intelligence is a software which has full access of data centers and which can think and make {inserted: di} desicions of it's own without the help of human. AI can help with ~~helps~~ reading, writing, learning, image editing or creating, art, finance, many types of questions and discussions. people usually uses AI for seeking the answer of their questions. There are so many types of AI. Those AI are specialized in different sectors. Chatgpt is used for daily questions on photo editing. Gemini is used to have answers from different google websites and summarize them. Deepseek is mainly used for text related academic question solves.

AI has revolutionized teaching and learning. Teachers now use AI for researching about any subject to teach on next day. Students also uses AI for solving and understanding difficult topics or questions. AI can make lecture pattern and slide for any topic to help the beachers. But entirely depending on AI can cause trouble. If people stops thinking and entirely depend on AI, their mental growth will stop and they will not ~~be~~ think creatively. On the other hand, if AI get more advanced it will replace some jobs. That will cause some trouble. Despite of all those demerits, AI is a essential equipment for us. It will help us to reach out the peak of technology and knowledge. We should inherit the merits of AI not the demerits.","Artificial Intelligence is a software which has full access of data centers and which can think and make di desicions of it's own without the help of human. AI can help with  reading, writing, learning, image editing or creating, art, finance, many types of questions and discussions. people usually uses AI for seeking the answer of their questions. There are so many types of AI. Those AI are specialized in different sectors. Chatgpt is used for daily questions on photo editing. Gemini is used to have answers from different google websites and summarize them. Deepseek is mainly used for text related academic question solves.

AI has revolutionized teaching and learning. Teachers now use AI for researching about any subject to teach on next day. Students also uses AI for solving and understanding difficult topics or questions. AI can make lecture pattern and slide for any topic to help the beachers. But entirely depending on AI can cause trouble. If people stops thinking and entirely depend on AI, their mental growth will stop and they will not  think creatively. On the other hand, if AI get more advanced it will replace some jobs. That will cause some trouble. Despite of all those demerits, AI is a essential equipment for us. It will help us to reach out the peak of technology and knowledge. We should inherit the merits of AI not the demerits.","Artificial Intelligence","7-9","ok","","0.9","0","0","0","2","1","0","False","False","","232","1364","","","","","1","","","gemma-4-31b-it","gemini","extraction_prompt_v2","85afd6a0363fc77ac269e8a92485a2f6670e2370503eca21eb690dbcc64252b2","{""thinking_level"": ""medium"", ""max_output_tokens"": 32768}","2026-08-24T23:04:32.623160+00:00"
"CHART_020","SE_11_Q1_0020","8","Graph_Chart","10","","","absent","Look at the chart. It shows the sources of the USA electricity in 1980. Now, analyse the chart focussing the main aspects. (at least in 80 words)

Chart title: Sources of USA electricity in 1980. Values shown: Coal 46%; Natural gas 24%; Hydro-electric power 16%; Oil 12%; Nuclear 2%.","","This pie chart shows the sources of the USA electricity in 1980. Electricity is one of the most valuable source of energy. We can generate electricity by hydro power plant, Nuclear power plant, oil, ~~for~~ coal and natural gas.

In the chart, the 16% electricity came From Hydro-electric power plant. the 20% of electricity came From Nuclear power plant. The 12% of electricity came from oil. The 46% of electricity came From coal.

In those aspects, the majority of electricity in USA like 46% came from coal factories, and the lowest amount of electricity in USA like 2% electricity came from Nuclear power plant which is 44% less than coal factories.

So in a nutshell, in 1980, most of electricity in USA came from coal factory and lowest amount of electricity in USA came From Nuclear power plants.","This pie chart shows the sources of the USA electricity in 1980. Electricity is one of the most valuable source of energy. We can generate electricity by hydro power plant, Nuclear power plant, oil,  coal and natural gas.

In the chart, the 16% electricity came From Hydro-electric power plant. the 20% of electricity came From Nuclear power plant. The 12% of electricity came from oil. The 46% of electricity came From coal.

In those aspects, the majority of electricity in USA like 46% came from coal factories, and the lowest amount of electricity in USA like 2% electricity came from Nuclear power plant which is 44% less than coal factories.

So in a nutshell, in 1980, most of electricity in USA came from coal factory and lowest amount of electricity in USA came From Nuclear power plants.","","10-11","ok","","0.95","0","0","0","1","0","0","False","False","","129","797","","","","","3","","","gemma-4-31b-it","gemini","extraction_prompt_v2","85afd6a0363fc77ac269e8a92485a2f6670e2370503eca21eb690dbcc64252b2","{""thinking_level"": ""medium"", ""max_output_tokens"": 32768}","2026-08-24T23:04:32.623160+00:00"
"STORY_020","SE_11_Q1_0020","9","Story","7","","","absent","The following is the beginning of a story. Complete it in your own words and give a proper title. Once a lion was sleeping in a forest. Suddenly a mouse came there. It was, in fact, playing on a race quite happily and didn't notice the sleeping lion. While running, ............","","a. bear p. result
b. why g. discourage
c. perhaps h. inspires
d. overcome i. succeed
e. hoped j. disaster

Once a lion was sleeping in a forest. Suddenly a mouse came there. It was, in fact, playing on a race quite happily and didn't notice the sleeping lion. While running he suddenly slip into lion's nose. The lion woke up and became very angry and about to kill that mouse. Then the mouse told the lion to let him go. He also said that he will help the lion in future if he let him go.

The lion laughed so hard and said that, how a mere mouse can help him. Then the lion let the mouse go. After that incident, several days passed. One day, the lion was walking into the forest and fell in a hunter's net trap. Then he started roaring for help but no one came. Then the mouse arrived and told the lion ~~the~~ that he will help him. The lion asked how a little thing can help him. Then the rat started cutting the net by his sharp teeth. After some time, the mouse set the lion free. The lion became very happy and thanked the mouse for his help. From that day, that lion and mouse became best friends.","a. bear p. result
b. why g. discourage
c. perhaps h. inspires
d. overcome i. succeed
e. hoped j. disaster

Once a lion was sleeping in a forest. Suddenly a mouse came there. It was, in fact, playing on a race quite happily and didn't notice the sleeping lion. While running he suddenly slip into lion's nose. The lion woke up and became very angry and about to kill that mouse. Then the mouse told the lion to let him go. He also said that he will help the lion in future if he let him go.

The lion laughed so hard and said that, how a mere mouse can help him. Then the lion let the mouse go. After that incident, several days passed. One day, the lion was walking into the forest and fell in a hunter's net trap. Then he started roaring for help but no one came. Then the mouse arrived and told the lion  that he will help him. The lion asked how a little thing can help him. Then the rat started cutting the net by his sharp teeth. After some time, the mouse set the lion free. The lion became very happy and thanked the mouse for his help. From that day, that lion and mouse became best friends.","A Lion and a mouse","4-14","ok","","0.95","0","0","0","1","0","0","False","False","","216","1099","","","","","2","","","gemma-4-31b-it","gemini","extraction_prompt_v2","85afd6a0363fc77ac269e8a92485a2f6670e2370503eca21eb690dbcc64252b2","{""thinking_level"": ""medium"", ""max_output_tokens"": 32768}","2026-08-24T23:04:32.623160+00:00"
"LETTER_020","SE_11_Q1_0020","10","Letter_Email","5","","","absent","Write a letter to your friend describing the future plan after passing HSC Exam.","","27 June, 2026
Donia, Dhaka-1236

Dear Habib,

How are you? I hope you are well by the grace of almighty Allah. I am also fine. In your last letter you want to about my after Hsc plans. So, today I will write about it. After HSC exam, I want to spend a month in my village. Then I want to prepare for a foreign student visa. I don't want participate In Bangladesh's University admission hell. My main target is to apply for Japanesse national universitys. I also want to live in that country so for several years or settle their. I also want to study in AI and software technology at those universities. After graduation, I will join there a company or start my own bussiness there.

That's all for today. Give my salam to your parents and love for the youngers.

Your friend
Kabir

From,
kabir
Donia, Dhaka-1236
To,
Habib
Bhola, Barishal-1915","27 June, 2026
Donia, Dhaka-1236

Dear Habib,

How are you? I hope you are well by the grace of almighty Allah. I am also fine. In your last letter you want to about my after Hsc plans. So, today I will write about it. After HSC exam, I want to spend a month in my village. Then I want to prepare for a foreign student visa. I don't want participate In Bangladesh's University admission hell. My main target is to apply for Japanesse national universitys. I also want to live in that country so for several years or settle their. I also want to study in AI and software technology at those universities. After graduation, I will join there a company or start my own bussiness there.

That's all for today. Give my salam to your parents and love for the youngers.

Your friend
Kabir

From,
kabir
Donia, Dhaka-1236
To,
Habib
Bhola, Barishal-1915","","16-18","ok","","0.95","0","0","0","0","0","0","False","False","","151","842","","","","","5","address;date;salutation;body;close;signature","0","gemma-4-31b-it","gemini","extraction_prompt_v2","85afd6a0363fc77ac269e8a92485a2f6670e2370503eca21eb690dbcc64252b2","{""thinking_level"": ""medium"", ""max_output_tokens"": 32768}","2026-08-24T23:04:32.623160+00:00"
"THEME_020","SE_11_Q1_0020","11","Theme","8","","","absent","Write down the theme of the poem.

All people dream, but not equally.
Those who dream by night in the dusty recesses of their mind,
Wake in the morning to find that it was vanity.
But the dreamers of the day are dangerous people,
For they dream their dreams with open eyes,
And make them come true.","All people dream, but not equally.
Those who dream by night in the dusty recesses of their mind,
Wake in the morning to find that it was vanity.
But the dreamers of the day are dangerous people,
For they dream their dreams with open eyes,
And make them come true.","In this poem, poet shows that the people who dreams while sleeping, their ~~de~~ dreams had no value, that is just a vanity. But the people who dreams with open eyes, are the real dreamers. They make their dream come true by at any cost.","In this poem, poet shows that the people who dreams while sleeping, their  dreams had no value, that is just a vanity. But the people who dreams with open eyes, are the real dreamers. They make their dream come true by at any cost.","","15","ok","","1.0","0","0","0","1","0","0","False","False","","44","231","50","0.88","","0.0","0","","","gemma-4-31b-it","gemini","extraction_prompt_v2","85afd6a0363fc77ac269e8a92485a2f6670e2370503eca21eb690dbcc64252b2","{""thinking_level"": ""medium"", ""max_output_tokens"": 32768}","2026-08-24T23:04:32.623160+00:00"
