id,subject,marks_col,question_source,question_text,red_score,red_score_raw,full_marks_on_page,status,gold_score,token_score,matched,full_marks,full_marks_source,full_marks_reliable,gold_usable,score_rubric,transcription_rubric,confidence_rubric,reasoning_rubric,score_solution,transcription_solution,confidence_solution,reasoning_solution
994080720760,Bangla,,BN_UNICODE,"নিচের শãগুলোর বিপরীতার্থক শã লেখ: মূর্ত, প্রাচীন, ক্ষয়িòু, তীব্র, নিগ্রহ",,,,NO_REDMARK,,,,2.5,rubric,True,False,0.0,,1.0,বিপরীত শব্দ: মূর্ত: 0.0/0.5 No answer provided by the student. | বিপরীত শব্দ: প্রাচীন: 0.0/0.5 No answer provided by the student. | বিপরীত শব্দ: ক্ষয়িòু: 0.0/0.5 No answer provided by the student. | বিপরীত শব্দ: তীব্র: 0.0/0.5 No answer provided by the student. | বিপরীত শব্দ: নিগ্রহ: 0.0/0.5 No answer provided by the student.,0.0,,1.0,মূর্ত: 0/0.5 No answer provided. | প্রাচীন: 0/0.5 No answer provided. | ক্ষয়িòু: 0/0.5 No answer provided. | তীব্র: 0/0.5 No answer provided. | নিগ্রহ: 0/0.5 No answer provided.
754323170721,Bangla,,BN_UNICODE,বাক্য কাকে বলে? গঠন অনুসারে বাক্যের শ্রেণিবিভাগ আলোচনা কর।,,,,NO_REDMARK,,,,10.0,rubric,True,False,0.0,,1.0,বাক্য কাকে বলে লেখার জন্য: 0.0/1.0 No answer was provided for this part of the question. | গঠন অনুসারে ১ টি শ্রেণিবিভাগ সংÁা ও উদাহরণসহ লেখার জন্য: 0.0/2.0 No answer was provided for this part of the question. | গঠন অনুসারে ২ টি শ্রেণিবিভাগ সংÁা ও উদাহরণসহ লেখার জন্য: 0.0/3.0 No answer was provided for this part of the question. | গঠন অনুসারে ৩ টি শ্রেণিবিভাগ সংÁা ও উদাহরণসহ লেখার জন্য: 0.0/4.0 No answer was provided for this part of the question.,0.0,,1.0,Definition of a sentence: 0.0/3.0 No answer provided. | Classification of sentences based on structure (listing types): 0.0/1.0 No answer provided. | Explanation of Simple Sentence (সরল বাক্য): 0.0/2.0 No answer provided. | Explanation of Complex Sentence (জটিল বাক্য): 0.0/2.0 No answer provided. | Explanation of Compound Sentence (যৌগিক বাক্য): 0.0/2.0 No answer provided.
476536117705,Bangla,,BN_UNICODE,"সারমর্ম লেখ: বহুদিন ধরে বহু ক্রোশ দূরে বহু ব্যয় করি বহু দেশ ঘুরে দেখিতে গিয়াছি পর্বতমালা, দেখিতে গিয়াছি সিন্ধু। দেখা হয় নাই চক্ষু মেলিয়া ঘর হতে শুধু দুই পা ফেলিয়া একটি ধানের শিষের উপরে একটি শিশির বিন্দু।",,,,NO_REDMARK,,,,2.5,rubric,True,False,0.0,,1.0,প্রচুর অর্থ ও সময় খরচ করে এবং যথেষ্ট কষ্ট করে মানুষ দূরদূরান্েতর সেৌন্দর্য উপভোগ করতে ছুটে যায় - নির্ধারিত অংশে লেখার ভাব ঠিকমতো বোঝাতে পারলে ১.৫ নম্বর।: 0/1.5 No answer provided by the student. | কিন্তু ঘরের কাছের অনুপম সেৌন্দর্যটুকু লক্ষ না করলে সেৌন্দর্য উপভোগের বিষয়টি কখনোই পূর্ণতা পায় না - নির্ধারিত অংশে লেখার ভাব ঠিকমতো বোঝাতে পারলে ০১ নম্বর।: 0/1 No answer provided by the student.,0.0,,1.0,Content and understanding of the poem's essence: 0.0/2.0 The student did not provide any answer. | Clarity and conciseness of expression (language and grammar): 0.0/0.5 The student did not provide any answer.
413850273393,Bangla,,BN_UNICODE,"নিচের শãগুলোর দুইটি করে সমার্থক শã লেখ: গগন, পিক, গৃহ, বসুন্ধরা , তটিনী",,,,NO_REDMARK,,,,3.25,rubric,True,False,0.0,,1.0,Synonyms for গগন: 0/0.5 No answer provided for this word. | Synonyms for পিক: 0/0.5 No answer provided for this word. | Synonyms for গৃহ: 0/0.5 No answer provided for this word. | Synonyms for বসুন্ধরা: 0/0.5 No answer provided for this word. | Synonyms for তটিনী: 0/0.5 No answer provided for this word.,0.0,,1.0,Synonyms for গগন: 0/0.65 No answer provided. | Synonyms for পিক: 0/0.65 No answer provided. | Synonyms for গৃহ: 0/0.65 No answer provided. | Synonyms for বসুন্ধরা: 0/0.65 No answer provided. | Synonyms for তটিনী: 0/0.65 No answer provided.
827616542831,Bangla,,BN_UNICODE,"Òউপসগর্ের অর্থবাচকতা নেই, কিন্তু অর্থদ্যোতকতা আছে।""- উদাহরণসহ উক্তিটি বিশ্লেষণ কর।",,,,NO_REDMARK,,,,5.0,rubric,True,False,0.0,,1.0,উপসর্গের সংÁা লেখার জন্য: 0.0/1.0 No answer provided by the student. | উপসর্গের অর্থবাচকতা নেই- বুঝানোর জন্য: 0.0/1.0 No answer provided by the student. | দুটি উপসর্গ উদাহরণসহ লেখার জন্য: 0.0/1.0 No answer provided by the student. | উপসর্গের অর্থদ্যোতনা আছে - বুঝানোর জন্য: 0.0/1.0 No answer provided by the student. | অর্থপূর্ণ উপসর্গযুক্ত দুটি শব্দ উদাহরণের জন্য: 0.0/1.0 No answer provided by the student.,0.0,,1.0,"Content and explanation of 'অর্থবাচকতা নেই, কিন্তু অর্থদ্যোতকতা আছে': 0.0/1.5 The answer sheet is blank; no content was provided to assess this criterion. | Provision of relevant examples: 0.0/1.5 The answer sheet is blank; no examples were provided. | Analysis of how prefixes change meaning: 0.0/1.0 The answer sheet is blank; no analysis was provided. | Overall structure, language, and coherence: 0.0/1.0 The answer sheet is blank; there is no content to evaluate for structure, language, or coherence."
389474867916,Bangla,,BN_UNICODE,"ভাব-সম্প্রসারণ কর: পথ পথিকের সৃষ্টি করে না, পথিকই পথের সৃষ্টি করে।",,,,NO_REDMARK,,,,4.0,rubric,True,False,0.0,,1.0,"মানবজীবন চআল, গতিময়। চলমানতা এর বৈশিষ্ট্য - নির্ধারিত অংশে লেখার ভাব ঠিকমতো বোঝাতে পারলে ০.৫ নম্বর।: 0.0/0.5 The student did not provide any answer, so the ভাব (essence) of this part was not conveyed. | জীবনের উদ্দেশ্য সাধনের জন্য গতানুগতিক পথ পরিহার করে নতুন পথ ও পন্থা তার নিজেকেই তৈরি করে নিতে হয় - নির্ধারিত অংশে লেখার ভাব ঠিকমতো বোঝাতে পারলে ০.৫ নম্বর।: 0.0/0.5 The student did not provide any answer, so the ভাব (essence) of this part was not conveyed. | সকল বাধা-বিঘ্ন অতিক্রম করে পথিক তার সৃষ্ট নতুন পথে এগিয়ে যায়। আর এভাবেই এগিয়ে চলার নেশায় অবিরাম চলতে গিয়ে পৃথিবীতে অসংখ্য পথ তৈরি হয়েছে; নিমর্িত হয়েছে মানবসভ্যতা - নির্ধারিত অংশে লেখার ভাব ঠিকমতো বোঝাতে পারলে ০.৫ নম্বর।: 0.0/0.5 The student did not provide any answer, so the ভাব (essence) of this part was not conveyed. | মানুষ তার জীবন রক্ষা ও জীবন বিকাশের জন্য প্রয়োজন মতো পথ ও পন্থা তৈরি করতে বাধ্য হয়েছে - নির্ধারিত অংশে লেখার ভাব ঠিকমতো বোঝাতে পারলে ০.৫ নম্বর।: 0.0/0.5 The student did not provide any answer, so the ভাব (essence) of this part was not conveyed. | যুগে যুগে অসংখ্য উদ্যমী মানুষ অসংখ্য পথ সৃষ্টি করে মানুষের জীবনকে করেছেন সহজতর - নির্ধারিত অংশে লেখার ভাব ঠিকমতো বোঝাতে পারলে ০.৫ নম্বর।: 0.0/0.5 The student did not provide any answer, so the ভাব (essence) of this part was not conveyed. | Spelling deductions (0.5 for 2 errors, 1.0 for 3+ errors): 0.0/0.0 No text was provided, so no spelling errors could be assessed.",0.0,,1.0,"Content and understanding of the core idea: 0.0/2.0 No answer provided by the student. | Elaboration and depth of explanation: 0.0/1.0 No answer provided by the student. | Language, grammar, and vocabulary: 0.0/1.0 No answer provided by the student."
993629439125,Bangla,,BN_UNICODE,বাংলা একাডেমি প্রণীত প্রমিত বাংলা বানানের প্াচটি নিয়ম উদাহরণসহ লেখ।,,,,NO_REDMARK,,,,5.0,rubric,True,False,0.0,,1.0,Five correct rules of Bangla Academy's standardized Bangla spelling: 0.0/2.5 No rules were provided by the student. | Examples for five correct rules of Bangla Academy's standardized Bangla spelling: 0.0/2.5 No examples were provided by the student.,0.0,,1.0,Content (five rules with examples): 0.0/5.0 The student did not provide any answer to the question.
745744448664,Bangla,,BN_UNICODE,"সারাংশ ে লখ : নীরব ভাষায় বৃক্ষ আমা দে র সার্থ কতার গান ে গয়ে ে শানায় । অনুভূতির কান দিয়ে সে গান শুনতে হবে । তাহলে বুঝতে পারা যাবে জীবনের মানে বৃি দ্ধ, ধমর্ের মানেও তাই । প্রক … তির যে ধর্ম মানুষেরও সে ধর্ম। পার্থক ্য কেবল তরুলতা ও জীবজন্তুর উপর তা দে র নিজে দে র ে কান হাত ে নই , মানুষের বৃদ্ধির উপরে তার নিজের হাত রয়েছে । আর এখানেই মানুষের মর্যাদা । মানুষকে আত্মা সৃষ্টি করে নিতে হয়, তা তৈরি পাওয়া যায় না । সুখ -দ ুঃখ -ে বদনা উপলক্ষির ফলে অন্তরের যে পরিপকaতা , তাই ে তা আত্মা ।",,,,NO_REDMARK,,,,4.0,rubric,True,False,0.0,,1.0,জীবনের বৃদ্ধির দিক থেকে গাছ ও মানুষের মধে ্য মিল থ াকলেও অমিলও রয়েছে: 0.0/1.0 No answer provided by the student. | তরুলতা ও জীবজন্তু র বৃি দ্ধতে তা দে র নিজের ে কানো প্রভাব ে নই কিন্ তু মানুষ নিজের সৃজনশীলতা দিয়ে নিজেকে বৃি দ্ধ করতে পারে: 0.0/1.0 No answer provided by the student. | মানুষের নিজের ে চষ্টায় আত্মার সৃষ্টি ও বিকাশ সাধিত হয়: 0.0/0.5 No answer provided by the student. | Overall summary quality and adherence to length (remaining 1.5 marks): 0.0/1.5 No answer provided by the student.,0.0,,1.0,"Content and completeness of summary: 0.0/2.0 The student did not provide any answer for this question. | Accuracy and relevance to the original passage: 0.0/1.0 No answer was provided to assess accuracy. | Conciseness and adherence to summary format (approximately one-third of original length): 0.0/0.5 No answer was provided to assess conciseness. | Language, grammar, and spelling: 0.0/0.5 No answer was provided to assess language quality."
680909995289,Bangla,,BN_UNICODE,"নিচের উপসগ গুে লা দিয়ে দ ুÕটি করে শã গঠন কর: নি , প্র , আম, অনু, স",,,,NO_REDMARK,,,,3.25,rubric,True,False,0.0,,1.0,Words formed for prefix 'নি': 0/0.5 No words were provided for this prefix. | Words formed for prefix 'প্র': 0/0.5 No words were provided for this prefix. | Words formed for prefix 'আম': 0/0.5 No words were provided for this prefix. | Words formed for prefix 'অনু': 0/0.5 No words were provided for this prefix. | Words formed for prefix 'স': 0/0.5 No words were provided for this prefix.,0.0,,1.0,Words for 'নি': 0/0.65 No words provided for the prefix 'নি'. | Words for 'প্র': 0/0.65 No words provided for the prefix 'প্র'. | Words for 'আম': 0/0.65 No words provided for the prefix 'আম'. | Words for 'অনু': 0/0.65 No words provided for the prefix 'অনু'. | Words for 'স': 0/0.65 No words provided for the prefix 'স'.
480114976523,Bangla,,BN_UNICODE,অর্থ গতভাবে বাংলা ভাষার শãসমূহকে কয় ভাগে ভাগ করা যায় ? সংÁাসহ উদাহরণ ে লখ ।,,,,NO_REDMARK,,,,5.0,rubric,True,False,0.0,,1.0,তিন ভাগে ভাগ করা যায় লেখার জন্য: 0.0/0.5 The student did not write that the words are divided into three types. | তিনটি সংজ্ঞা লেখার জন্য: 0.0/3.0 The student did not provide any definitions for the types of words. | তিন প্রকারের উদাহরণ লেখার জন্য: 0.0/1.5 The student did not provide any examples for the types of words.,0.0,,1.0,Number of divisions: 0.0/1.0 No answer provided by the student. | Definition of যৌগিক শব্দ (Yogic words) with example: 0.0/1.5 No answer provided by the student. | Definition of রূঢ় বা রূঢ়ি শব্দ (Rudhi words) with example: 0.0/1.5 No answer provided by the student. | Definition of যোগরূঢ় শব্দ (Yogarurho words) with example: 0.0/1.0 No answer provided by the student.
924507082545,Bangla,,BN_UNICODE,"নিচের শã গুে লার সঠিক উচ্চারণ ে লখ : আবৃত্তি , নক্ষত্র , চর্যাপ দ, প্রÁা , অধ্যক্ষ",,,,NO_REDMARK,,,,2.5,rubric,True,False,0.0,,1.0,আবৃত্তি pronunciation: 0.0/0.5 No answer provided by the student. | নক্ষত্র pronunciation: 0.0/0.5 No answer provided by the student. | চর্যাপদ pronunciation: 0.0/0.5 No answer provided by the student. | প্রজ্ঞা pronunciation: 0.0/0.5 No answer provided by the student. | অধ্যক্ষ pronunciation: 0.0/0.5 No answer provided by the student.,0.0,,1.0,আবৃত্তি: 0/0.5 No answer provided for this word. | নক্ষত্র: 0/0.5 No answer provided for this word. | চর্যাপদ: 0/0.5 No answer provided for this word. | প্রজ্ঞা: 0/0.5 No answer provided for this word. | অধ্যক্ষ: 0/0.5 No answer provided for this word.
350190572191,Bangla,,BN_UNICODE,"উদাহরণসহ সংÁা দ াও : সমাস , উপসগ , সমীভবন ।",,,,NO_REDMARK,,,,5.5,rubric,True,False,0.0,,1.0,সমাস definition and example: 0/2.2 No answer provided by the student. | উপসর্গ definition and example: 0/2.2 No answer provided by the student. | সমীভবন definition and example: 0/1.1 No answer provided by the student.,0.0,,1.0,Definition of সমাস with example: 0/1.83 No answer provided. | Definition of উপসর্গ with example: 0/1.83 No answer provided. | Definition of সমীভবন with example: 0/1.84 No answer provided.
450520536248,Bangla,,BN_UNICODE,ভাব-সম্প্রসারণ কর: দ ুর্জন বিদ্বান হইলেও পরিত্যাজ ্য।,,,,NO_REDMARK,,,,6.5,rubric,True,False,0.0,,1.0,"বিদ্বান সব সমাজেই আদৃত ও সম্মানিত । কিন্তু দুর্জন বিদ্বান হলেও সকল সমাজেই ঘৃণিত - নির্ধারিত অংশে লেখার ভাব ঠিকমতো বোঝাতে পারলে ০১ নম্বর ।: 0/1 The student did not write any answer. | কল্যাণ ও সত্যের প্রতি তীব্র অনুরাগই চরিত্রের বৈশিষ্ট্য - নির্ধারিত অংশে লেখার ভাব ঠিকমতো বোঝাতে পারলে ০.৫ নম্বর ।: 0/0.5 The student did not write any answer. | চরিত্রবান ব্যক্তি তার সমস্ত জ্ঞানকে সত্য ও কল্যাণের পথে চালিত করে । মানবকল্যাণে নিমগ্ন চরিত্রবান ব্যক্তি অহংকারহীন ও হিংসাদ্বেষহীন সংযত জীবনেই সুখ খুঁজে পান - নির্ধারিত অংশে লেখার ভাব ঠিকমতো বোঝাতে পারলে ০১ নম্বর ।: 0/1 The student did not write any answer. | কিন্তু , দুর্জনের চিন্তা ও চেতনা বিদ্যার এ ধারা থেকে বিচ্যুত , ফলে সে হয় দুর্জন - নির্ধারিত অংশে লেখার ভাব ঠিকমতো বোঝাতে পারলে ০.৫ নম্বর ।: 0/0.5 The student did not write any answer. | বিদ্যা মানুষের চোখ , মন খুলে দেয় এবং চিন্তাকে করে পরিশুদ্ধ। যার মাধ্যমে একজন মানুষ তার চরিত্র গঠনের শিক্ষা নেওয়ার পাশাপাশি বিদ্যা শিক্ষার গুণে সমাজের চারপাশকেও আলোকিত করার স্বপ্ন দেখে - নির্ধারিত অংশে লেখার ভাব ঠিকমতো বোঝাতে পারলে ০১ নম্বর ।: 0/1 The student did not write any answer. | প্রবাদে আছে যে, কোনো কোনো বিষধর সাপের মাথায় মণি থাকে । মণি বহু মূল্যবান পদার্থ বটে । কিন্তু তাই বলে যেমন মণি লাভের জন্য সাপের সাহচর্য কামনা বুদ্ধিমানের কাজ নয় , ঠিক তেমন ই দুর্জন বিদ্বান হলেও বিদ্যালাভের জন্য দুর্জনের সাহচর্যও বুদ্ধিমানের কাজ নয় - নির্ধারিত অংশে লেখার ভাব ঠিকমতো বোঝাতে পারলে ০১ নম্বর ।: 0/1 The student did not write any answer. | Spelling mistakes (deduction): 0/0 No answer provided, so no spelling mistakes to deduct for.",0.0,,1.0,Content relevance and depth: 0/3 No content was provided by the student. | Language and grammar: 0/2 No content was provided by the student. | Structure and coherence: 0/1.5 No content was provided by the student.
941445935563,Bangla,,BN_UNICODE,"নিচের শãগুলোর প্রমিত বানানরূপ লেখ: বুদ্ধিজীবি, পোষ্টমাষ্টার, নিশীথীনি, সমিচীন, মূচ্র্ছনা।",,,,NO_REDMARK,,,,2.5,rubric,True,False,0.0,,1.0,বুদ্ধিজীবি: 0.0/0.5 No answer provided. | পোষ্টমাষ্টার: 0.0/0.5 No answer provided. | নিশীথীনি: 0.0/0.5 No answer provided. | সমিচীন: 0.0/0.5 No answer provided. | মূচ্র্ছনা: 0.0/0.5 No answer provided.,0.0,,1.0,Correct standard spelling for বুদ্ধিজীবি: 0/0.5 No answer provided. | Correct standard spelling for পোষ্টমাষ্টার: 0/0.5 No answer provided. | Correct standard spelling for নিশীথীনি: 0/0.5 No answer provided. | Correct standard spelling for সমিচীন: 0/0.5 No answer provided. | Correct standard spelling for মূচ্র্ছনা: 0/0.5 No answer provided.
170140699424,Bangla,,BN_UNICODE,"সারমর্ম লেখ: অ™্ভুত অ্াধার এক এসেছে এ পৃথিবীতে আজ, যারা অন্ধ সবচেয়ে বেশি আজ চোখে দ্যাখে তারা; যাদের হৃদয়ে কোনো প্রেম নেই- প্রীতি নেই- করুণার আলোড়ন নেই পৃথিবী অচল আজ তাদের সুপরামর্শ ছাড়া। যাদের গভীর আস্থা আছে আজো মানুষের প্রতি এখনো যাদের কাছে স্বাভাবিক মনে হয় মহৎ সত্য বা রীতি, কিংবা শিল্প অথবা সাধনা শকুন ও শেয়ালের খাদ্য আজ তাদের হৃদয়।",,,,NO_REDMARK,,,,2.5,rubric,True,False,0.0,,1.0,"অযোগ্য, অর্বাচীন আর অত্যাচারীরাই পৃথিবী পরিচালনা করছে দোর্দণ্ড প্রতাপে - নির্ধারিত অংশে লেখার ভাব ঠিকমতো বোঝাতে পারলে ০১ নম্বর।: 0/1 No answer provided by the student. | অথচ আজ যারা মানবীয় গুণে গুণান্বিত, শিল্প-সাহিত্যের সাধনা করে, তাদের কোনো মর্যাদা নেই - নির্ধারিত অংশে লেখার ভাব ঠিকমতো বোঝাতে পারলে ০১ নম্বর।: 0/1 No answer provided by the student. | তাদের সমস্ত চিন্তা-চেতনাকে আজ চরম অবÁা করা হচ্েছ - নির্ধারিত অংশে লেখার ভাব ঠিকমতো বোঝাতে পারলে ০.৫ নম্বর।: 0/0.5 No answer provided by the student.",0.0,,1.0,Content and understanding of the text (সারমর্ম): 0/2.5 The student did not provide any answer for the question.
704307458042,Bangla,,BN_UNICODE,বাক ্য বলতে কী ে বাঝ ? একটি সার্থক বাক ্য গঠনে কী কী ৈ বশিষ্ট ্য থ াকা আবশ্যক ? উদাহরণসহ আলোচনা কর।,,,,NO_REDMARK,,,,8.0,rubric,True,False,0.0,,1.0,বাক ্য কাকে বলে ে লখার জন্য: 0.0/1.0 The student did not write anything. | সার্থক বাক ্য গঠনের ৩ টি গুণ/ৈ বশিষ্ট্যের নাম ে লখার জন্য: 0.0/1.0 The student did not write anything. | ১ টি ৈ বশিষ্ট ্য সংÁা ও উদাহরণ সহ ে লখার জন্য: 0.0/1.0 The student did not write anything. | ২ টি ৈ বশিষ্ট ্য সংÁা ও উদাহরণ সহ ে লখার জন্য: 0.0/2.0 The student did not write anything. | ৩ টি ৈ বশিষ্ট ্য সংÁা ও উদাহরণ সহ ে লখার জন্য: 0.0/3.0 The student did not write anything.,0.0,,1.0,"Definition of বাক্য: 0.0/2.0 The student did not provide any definition for 'বাক্য'. | Explanation of characteristics (আকাঙ্ক্ষা, আসত্তি, যোগ্যতা): 0.0/4.0 The student did not discuss any characteristics of a meaningful sentence. | Examples for characteristics: 0.0/2.0 The student did not provide any examples."
328993196534,Bangla,,BN_UNICODE,"সারমর্ম লেখ: বহুদিন ধরে বহু ক্রোশ দূরে বহু ব্যয় করি বহু দেশ ঘুরে দেখিতে গিয়াছি পর্বতমালা, দেখিতে গিয়াছি সিন্ধু। দেখা হয় নাই চক্ষু মেলিয়া ঘর হতে শুধু দুই পা ফেলিয়া একটি ধানের শিষের উপরে একটি শিশির বিন্দু।",,,,NO_REDMARK,,,,2.5,rubric,True,False,0.0,,1.0,First part of the summary (traveling far for beauty): 0/1.5 No answer provided by the student. | Second part of the summary (missing close-by beauty): 0/1 No answer provided by the student.,0.0,,1.0,Content of Saramormo (summary): 0/2.5 The student did not provide any answer. The page is blank.
204017073423,Bangla,,BN_UNICODE,"নিচের শãগুলোর বিপরীতার্থক শã লেখ: মূর্ত, প্রাচীন, ক্ষয়িòু, তীব্র, নিগ্রহ",6.0,৬,,NO_MARKSCOL,6.0,,,2.5,inconsistent(gold>full),False,False,0.0,,1.0,মূর্ত: 0.0/0.5 No answer provided. | প্রাচীন: 0.0/0.5 No answer provided. | ক্ষয়িòু: 0.0/0.5 No answer provided. | তীব্র: 0.0/0.5 No answer provided. | নিগ্রহ: 0.0/0.5 No answer provided.,0.0,,1.0,মূর্ত (mūrta): 0/0.5 No answer provided. | প্রাচীন (prācīn): 0/0.5 No answer provided. | ক্ষয়িòু (kṣayiṣṇu): 0/0.5 No answer provided. | তীব্র (tībra): 0/0.5 No answer provided. | নিগ্রহ (nigraha): 0/0.5 No answer provided.
708479059222,Bangla,,BN_UNICODE,"Òউপসগর্ের অর্থবাচকতা নেই, কিন্তু অর্থদ্যোতকতা আছে।""- উদাহরণসহ উক্তিটি বিশ্লেষণ কর।",,,,NO_REDMARK,,,,5.0,rubric,True,False,0.0,,1.0,উপসর্গের সংÁা লেখার জন্য: 0.0/1.0 The student did not provide any answer. | উপসর্গের অর্থবাচকতা নেই- বুঝানোর জন্য: 0.0/1.0 The student did not provide any answer. | দুটি উপসর্গ উদাহরণসহ লেখার জন্য: 0.0/1.0 The student did not provide any answer. | উপসর্গের অর্থদ্যোতনা আছে - বুঝানোর জন্য: 0.0/1.0 The student did not provide any answer. | অর্থপূর্ণ উপসর্গযুক্ত দুটি শব্দ উদাহরণের জন্য: 0.0/1.0 The student did not provide any answer.,0.0,,1.0,"Content and completeness of answer: 0.0/3.0 The student did not provide any answer to the question. The page is blank. | Accuracy of examples and analysis: 0.0/1.0 No answer was provided, so no examples or analysis could be evaluated. | Clarity and coherence of explanation: 0.0/1.0 No answer was provided, so clarity and coherence could not be assessed."
143699716928,Bangla,,BN_UNICODE,"ভাব-সম্প্রসারণ কর: পথ পথিকের সৃষ্টি করে না, পথিকই পথের সৃষ্টি করে।",,,,NO_REDMARK,,,,4.0,rubric,True,False,0.0,,1.0,"মানবজীবন চআল, গতিময়। চলমানতা এর বৈশিষ্ট্য - নির্ধারিত অংশে লেখার ভাব ঠিকমতো বোঝাতে পারলে: 0.0/0.5 No content provided by the student. | জীবনের উদ্দেশ্য সাধনের জন্য গতানুগতিক পথ পরিহার করে নতুন পথ ও পন্থা তার নিজেকেই তৈরি করে নিতে হয় - নির্ধারিত অংশে লেখার ভাব ঠিকমতো বোঝাতে পারলে: 0.0/0.5 No content provided by the student. | সকল বাধা-বিঘ্ন অতিক্রম করে পথিক তার সৃষ্ট নতুন পথে এগিয়ে যায়। আর এভাবেই এগিয়ে চলার নেশায় অবিরাম চলতে গিয়ে পৃথিবীতে অসংখ্য পথ তৈরি হয়েছে; নিমর্িত হয়েছে মানবসভ্যতা - নির্ধারিত অংশে লেখার ভাব ঠিকমতো বোঝাতে পারলে: 0.0/0.5 No content provided by the student. | মানুষ তার জীবন রক্ষা ও জীবন বিকাশের জন্য প্রয়োজন মতো পথ ও পন্থা তৈরি করতে বাধ্য হয়েছে - নির্ধারিত অংশে লেখার ভাব ঠিকমতো বোঝাতে পারলে: 0.0/0.5 No content provided by the student. | যুগে যুগে অসংখ্য উদ্যমী মানুষ অসংখ্য পথ সৃষ্টি করে মানুষের জীবনকে করেছেন সহজতর - নির্ধারিত অংশে লেখার ভাব ঠিকমতো বোঝাতে পারলে: 0.0/0.5 No content provided by the student. | Overall quality, structure, and language (implied from total marks): 0.0/1.5 No content provided to assess overall quality, structure, or language.",0.0,,1.0,Content and elaboration: 0.0/2.0 No answer provided by the student. | Clarity and coherence: 0.0/1.0 No answer provided by the student. | Language and grammar: 0.0/1.0 No answer provided by the student.
580954011732,Bangla,,BN_UNICODE,"নিচের শãগুলোর দুইটি করে সমার্থক শã লেখ: গগন, পিক, গৃহ, বসুন্ধরা , তটিনী",,,,NO_REDMARK,,,,3.25,rubric,True,False,0.0,৬,1.0,"গগন - 2 correct synonyms: 0.0/0.5 No answer provided for this word. | পিক - 2 correct synonyms: 0.0/0.5 No answer provided for this word. | গৃহ - 2 correct synonyms: 0.0/0.5 No answer provided for this word. | বসুন্ধরা - 2 correct synonyms: 0.0/0.5 No answer provided for this word. | তটিনী - 2 correct synonyms: 0.0/0.5 No answer provided for this word. | Spelling deductions: 0.0/0.0 No answer provided, so no spelling errors to deduct marks for.",0.0,,1.0,Synonyms for গগন: 0/0.65 No answer provided. | Synonyms for পিক: 0/0.65 No answer provided. | Synonyms for গৃহ: 0/0.65 No answer provided. | Synonyms for বসুন্ধরা: 0/0.65 No answer provided. | Synonyms for তটিনী: 0/0.65 No answer provided.
326509362829,Bangla,,BN_UNICODE,বাংলা একাডেমি প্রণীত প্রমিত বাংলা বানানের প্াচটি নিয়ম উদাহরণসহ লেখ।,,,,NO_REDMARK,,,,5.0,rubric,True,False,0.0,,1.0,বাংলা একাডেমি প্রণীত প্রমিত বাংলা বানানের যেকোনো সঠিক প্াচটি নিয়ম লেখার জন্য: 0.0/2.5 শিক্ষার্থী কোনো নিয়ম লেখেনি। | বাংলা একাডেমি প্রণীত প্রমিত বাংলা বানানের যেকোনো সঠিক প্াচটি নিয়মের উদাহরণ লেখার জন্য: 0.0/2.5 শিক্ষার্থী কোনো উদাহরণ লেখেনি।,0.0,,1.0,Content - Five rules with examples: 0.0/5.0 The student did not provide any answer. The page is blank.
150340314370,Bangla,,BN_UNICODE,"সারাংশ ে লখ : আজকের দ ুনিয়াটা আðর্যভাবে অথর্ে র বা বিত্তের উপর নির্ভরশীল । লাভ ও ে লাভের দ ুনর্িবার গতি কেবল আগে যাবার ে নশায় লক্ষ্য হীন প্রচণ্ড ে বগে শুধুই আত্মবিনাশের পথে এগিয়ে চলেছে ; মানুষ যি দ এই মূঢ়তাকে জয় না করতে পারে , তবে মনুষ্যত a কথাটাই হয়তো ে লাপ ে পয়ে যাবে । মানুষের জীবন আজ এমন এক পর্যায়ে এসে ে পৌ্ছেছে , ে যখান থেকে আর হয়তো নামবার উপায় ে নই ; এবার উঠবার সি্ড়িটা না খু্জলেই নয় ।",2.0,২,,NO_MARKSCOL,2.0,,,4.0,rubric,True,True,0.0,,1.0,"মানুষ অর্থ আর বিত্তের ে পছনে প্রচণ্ড ে নশায় ছুটছে আর ছুটছে ; ঠিকমতো ে বাঝাতে পারলে: 0.0/1.0 The student did not write any answer. | ফলে মানুষের মনুষ্যত a আজ সর্বনাশের দ্বারপ্রান্েত উপনীত ; ঠিকমতো ে বাঝাতে পারলে: 0.0/0.5 The student did not write any answer. | বর্তমান সভ্যতার জন্য এ এক ভয়াবহ অশনি-সংকেত । এ থেকে মুক্তির পথ ে খ্াজা জরুরি হয়ে পড়েছে ; ঠিকমতো ে বাঝাতে পারলে: 0.0/1.0 The student did not write any answer. | Overall quality of summarization, including conciseness (ideally one-third of the original text) and proper expression of the main idea.: 0.0/1.5 The student did not write any answer.",0.0,,1.0,Content/Completeness: 0/4 The student did not provide any answer to the question. The page is blank.
492951634920,Bangla,,BN_UNICODE,"নিচের উপসগ গুে লা দিয়ে দ ুÕটি করে শã গঠন কর: নি , প্র , আম, অনু, স",,,,NO_REDMARK,,,,3.25,rubric,True,False,0.0,,1.0,Words formed for prefix নি: 0/0.5 No words were formed for this prefix. | Words formed for prefix প্র: 0/0.5 No words were formed for this prefix. | Words formed for prefix আম: 0/0.5 No words were formed for this prefix. | Words formed for prefix অনু: 0/0.5 No words were formed for this prefix. | Words formed for prefix স: 0/0.5 No words were formed for this prefix.,0.0,,1.0,Words for prefix 'নি': 0/0.65 No words provided for the prefix 'নি'. | Words for prefix 'প্র': 0/0.65 No words provided for the prefix 'প্র'. | Words for prefix 'আম': 0/0.65 No words provided for the prefix 'আম'. | Words for prefix 'অনু': 0/0.65 No words provided for the prefix 'অনু'. | Words for prefix 'স': 0/0.65 No words provided for the prefix 'স'.
267410433906,Bangla,,BN_UNICODE,"নিচের শã গুে লার সঠিক উচ্চারণ ে লখ : আবৃত্তি , নক্ষত্র , চর্যাপ দ, প্রÁা , অধ্যক্ষ",,,,NO_REDMARK,,,,2.5,rubric,True,False,0.0,,1.0,Correct pronunciation of 'আবৃত্তি': 0/0.5 No answer provided by the student. | Correct pronunciation of 'নক্ষত্র': 0/0.5 No answer provided by the student. | Correct pronunciation of 'চর্যাপদ': 0/0.5 No answer provided by the student. | Correct pronunciation of 'প্রজ্ঞা': 0/0.5 No answer provided by the student. | Correct pronunciation of 'অধ্যক্ষ': 0/0.5 No answer provided by the student.,0.0,,1.0,আবৃত্তি pronunciation: 0/0.5 No answer provided by the student. | নক্ষত্র pronunciation: 0/0.5 No answer provided by the student. | চর্যাপদ pronunciation: 0/0.5 No answer provided by the student. | প্রজ্ঞা pronunciation: 0/0.5 No answer provided by the student. | অধ্যক্ষ pronunciation: 0/0.5 No answer provided by the student.
621290130824,Bangla,,BN_UNICODE,"উদাহরণসহ সংÁা দ াও : সন্ধি , অপিনিহিতি , বচন ।",2.0,২,,NO_MARKSCOL,2.0,,,5.5,rubric,True,True,0.0,,1.0,Definition of Sandhi with example: 0/1 No answer provided. | Definition of Opinihiti with example: 0/1 No answer provided. | Definition of Bachan with example: 0/0.5 No answer provided.,0.0,,1.0,সন্ধি (Sandhi) definition and example: 0/1.5 No answer provided by the student. | অপিনিহিতি (Aponihiti) definition and example: 0/2 No answer provided by the student. | বচন (Bochon) definition and example: 0/2 No answer provided by the student.
919273509886,Bangla,,BN_UNICODE,অর্থ গতভাবে বাংলা ভাষার শãসমূহকে কয় ভাগে ভাগ করা যায় ? সংÁাসহ উদাহরণ ে লখ ।,,,,NO_REDMARK,,,,5.0,rubric,True,False,0.0,,1.0,তিন ভাগে ভাগ করা যায় লেখার জন্য: 0.0/0.5 The student did not write anything. | তিনটি সংজ্ঞা লেখার জন্য: 0.0/3.0 The student did not write any definitions. | তিন প্রকারের উদাহরণ লেখার জন্য: 0.0/1.5 The student did not provide any examples.,0.0,,1.0,Identifies the correct number of word types based on meaning: 0.0/1.0 The student did not provide any answer. | Provides a correct definition for যৌগিক শব্দ (compound words): 0.0/1.0 The student did not provide any answer. | Provides correct examples for যৌগিক শব্দ: 0.0/0.5 The student did not provide any answer. | Provides a correct definition for রূঢ় বা রূঢ়ি শব্দ (root/idiomatic words): 0.0/1.0 The student did not provide any answer. | Provides correct examples for রূঢ় বা রূঢ়ি শব্দ: 0.0/0.5 The student did not provide any answer. | Provides a correct definition for যোগরূঢ় শব্দ (yogarurha words): 0.0/0.5 The student did not provide any answer. | Provides correct examples for যোগরূঢ় শব্দ: 0.0/0.5 The student did not provide any answer.
695530849669,Bangla,,BN_UNICODE,"নিচের শã গুলোর প্রমিত বানানরূপ লেখ: শিরোচ্েছদ, শান্তনা, পিপিলীকা, কথপোকথন, মরিচিকা",,,,NO_REDMARK,,,,2.5,rubric,True,False,0.0,১,1.0,শিরোচ্েছদ: 0/0.5 No answer provided by the student. | শান্তনা: 0/0.5 No answer provided by the student. | পিপিলীকা: 0/0.5 No answer provided by the student. | কথপোকথন: 0/0.5 No answer provided by the student. | মরিচিকা: 0/0.5 No answer provided by the student.,0.0,,1.0,শিরোচ্েছদ (শিরñেদ): 0/0.5 No answer provided by the student. | শান্তনা (সান্তaনা): 0/0.5 No answer provided by the student. | পিপিলীকা (পিপীলিকা): 0/0.5 No answer provided by the student. | কথপোকথন (কথোপকথন): 0/0.5 No answer provided by the student. | মরিচিকা (মরীচিকা): 0/0.5 No answer provided by the student.
409687897136,Bangla,,BN_UNICODE,"সারমর্ম লেখ: অ™্ভুত অ্াধার এক এসেছে এ পৃথিবীতে আজ, যারা অন্ধ সবচেয়ে বেশি আজ চোখে দ্যাখে তারা; যাদের হৃদয়ে কোনো প্রেম নেই- প্রীতি নেই- করুণার আলোড়ন নেই পৃথিবী অচল আজ তাদের সুপরামর্শ ছাড়া। যাদের গভীর আস্থা আছে আজো মানুষের প্রতি এখনো যাদের কাছে স্বাভাবিক মনে হয় মহৎ সত্য বা রীতি, কিংবা শিল্প অথবা সাধনা শকুন ও শেয়ালের খাদ্য আজ তাদের হৃদয়।",2.0,২,,NO_MARKSCOL,2.0,,,2.5,rubric,True,True,0.0,,1.0,"অযোগ্য, অর্বাচীন আর অত্যাচারীরাই পৃথিবী পরিচালনা করছে দোর্দণ্ড প্রতাপে - নির্ধারিত অংশে লেখার ভাব ঠিকমতো বোঝাতে পারলে ০১ নম্বর।: 0.0/1.0 The student did not write anything for this part of the summary. | অথচ আজ যারা মানবীয় গুণে গুণান্বিত, শিল্প-সাহিত্যের সাধনা করে, তাদের কোনো মর্যাদা নেই - নির্ধারিত অংশে লেখার ভাব ঠিকমতো বোঝাতে পারলে ০১ নম্বর।: 0.0/1.0 The student did not write anything for this part of the summary. | তাদের সমস্ত চিন্তা-চেতনাকে আজ চরম অবÁা করা হচ্েছ - নির্ধারিত অংশে লেখার ভাব ঠিকমতো বোঝাতে পারলে ০.৫ নম্বর।: 0.0/0.5 The student did not write anything for this part of the summary.",0.0,,1.0,Content/Response to Question: 0/2.5 The student did not provide any answer to the question. The answer space is blank.
868526713453,Bangla,,BN_UNICODE,ভাব-সম্প্রসারণ কর: স্বদেশের উপকারে নাই যার মন কে বলে মানুষ তারে? পশু সেই জন।,,,,NO_REDMARK,,,,6.5,rubric,True,False,0.0,,1.0,"দেশপ্রেমহীন ব্যক্তিকে মানুষ বলা যায় না, তারা পশুর চেয়েও নিক…ষ্ট: 0/0.5 No content provided by the student. | মানবজীবনে-শ্রেষ্ঠতম কর্তব্য এই দেশপ্রেম। যে যে দেশে জন্মগ্রহণ করে, সে সেই দেশকে মায়ের মতো ভালোবাসে, আর এই ভালোবাসা প্রকাশ পায় মাত…ভূমির কল্যাণ কামনায়: 0/1 No content provided by the student. | নিজের জন্মভূমিকে যারা ভালোবাসে না, তারা নরাধম, তাদের তুলনা চলে কেবল পশুর সঙ্গে। দেশপ্রেম বজর্িত এসব মানুষ নামধারী ব্যক্তি পশুর সমতুল্যই বটে: 0/1 No content provided by the student. | জন্মভূমি তার উন্নতি ও কল্যাণের জন্য মানুষ সর্বদা কাজ করে যাবে- এটিই স্বাভাবিক: 0/0.5 No content provided by the student. | দেশপ্রেমিক মানুষের প্রধান কাজ নিজের কল্যাণের পাশাপাশি দেশ ও জাতির কল্যাণে নিজেকে নিয়োজিত রাখা। ত্ারা দেশ ও জাতির মঙ্গলের জন্য নিজের জীবন উৎসর্গ করতেও প্রস্তুত থাকেন: 0/1 No content provided by the student. | দেশপ্রেমিক ব্যক্তিরা মহান। স্বদেশপ্রেমের বশবতর্ী হয়ে দেশ ও জাতির কল্যাণের জন্য নিজের স্বার্থকে জলাÄলি দিতে তারা কখনো পিছপা হন না: 0/1 No content provided by the student. | Overall completeness and adherence to question requirements: 0/1.5 No content provided by the student.",0.0,,1.0,"Content and understanding of the proverb: 0/2.5 The answer sheet is blank, so no content was provided. | Structure and organization of the expansion: 0/1.5 The answer sheet is blank, so no structure or organization could be assessed. | Language quality (grammar, spelling, vocabulary): 0/1.5 The answer sheet is blank, so no language quality could be assessed. | Elaboration and originality: 0/1 The answer sheet is blank, so no elaboration or originality was present."
677699408713,Bangla,2/2,BN_UNICODE,তরুণাি স্থ র সংÁা লিখ । তরুণাি স্থ র প্রকারভে দ উদাহরণসহ লিখ ।,2.0,02,,NO_MARKSCOL,2.0,,,2.5,rubric,True,True,1.75,১১। পেরিকন্ড্রিয়াম আবৃত অধিক চাপ-টানসহতা সম্পন্ন। যোজক টিস্যুই তরুণাস্থি। প্রকারভেদ: ① ক্যালসিফাইড : ফিশারের মস্তক ④ পীততরময় : টকশল্পে পিনা দিতে অনুমম: ইন্টারভার্টিব্রাল ডিক হায়ানিন : টাকিয়া,0.85,"তরুণাস্থির সংজ্ঞা: 0.25/0.5 Student provided a partial definition mentioning perichondrium and pressure resistance, but missed key characteristics like avascular, flexible, strong, and elastic. | ক্যালসিফাইড (Calcified) - নাম: 0.25/0.25 Correctly identified the type name. | পীততন্তুময় (Elastic/Yellow fibrous) - নাম: 0.25/0.25 Student wrote 'পীততরময়' which is a minor deviation from 'পীততন্তুময়' but recognizable. | শ্বেত তন্তুময় (White fibrous) - নাম: 0.0/0.25 Student wrote 'দিতে অনুমম' which is completely incorrect and unrecognizable as 'শ্বেত তন্তুময়'. | স্বচ্ছ বা হায়ালিন (Hyaline) - নাম: 0.25/0.25 Student wrote 'হায়ানিন' which is an acceptable alternative spelling/pronunciation for 'হায়ালিন'. | ক্যালসিফাইড (Calcified) - উদাহরণ: 0.0/0.25 Student provided 'ফিশারের মস্তক' (fish head) which is an incorrect example. Model answer specifies 'হিউমেরাস ও ফিমারের মস্তকে'. | পীততন্তুময় (Elastic/Yellow fibrous) - উদাহরণ: 0.25/0.25 Student provided 'পিনা' (pinna) which is a correct example for elastic cartilage. | শ্বেত তন্তুময় (White fibrous) - উদাহরণ: 0.25/0.25 Student provided 'ইন্টারভার্টিব্রাল ডিক' (intervertebral disc) which is a correct example for white fibrous cartilage. | স্বচ্ছ বা হায়ালিন (Hyaline) - উদাহরণ: 0.25/0.25 Student provided 'টাকিয়া' (trachea) which is a correct example for hyaline cartilage.",2.1,১১। পেরিকন্ড্রিয়াম আবৃত অধিক চাপ-টানসহতা সম্পন্ন। স্থিতিস্থাপক নমনীয় যোজক টিস্যুই তরুণাস্থি। প্রকারভেদ: ① ক্যালসিফাইড : ফিশারের মস্তক ② পীততন্তুময় : পিনার পিন ③ শ্বেত তন্তুময় : ইন্টারভার্টিব্রাল ডিক ④ হায়ালিন : ট্রাকিয়া,0.95,"Definition of Cartilage: 0.75/1.0 The student provides a good definition, mentioning perichondrium, pressure/tension tolerance, elasticity, flexibility, and connective tissue. It is comprehensive but misses 'blood vessel-less' from the model answer. | Identification of Calcified Cartilage type: 0.2/0.2 Correctly identified 'ক্যালসিফাইড' (Calcified) cartilage. | Example for Calcified Cartilage: 0.0/0.175 The example 'ফিশারের মস্তক' (Head of fish) is not a standard or appropriate example for calcified cartilage in the context of human/mammalian biology, which is typically implied in such questions. The model answer provides examples like the head of the humerus and femur. | Identification of Elastic Cartilage type: 0.2/0.2 Correctly identified 'পীততন্তুময়' (Elastic) cartilage. | Example for Elastic Cartilage: 0.175/0.175 The example 'পিনার পিন' (interpreted as Pinna) is correct for elastic cartilage. | Identification of Fibrous Cartilage type: 0.2/0.2 Correctly identified 'শ্বেত তন্তুময়' (Fibrous) cartilage. | Example for Fibrous Cartilage: 0.175/0.175 The example 'ইন্টারভার্টিব্রাল ডিক' (Intervertebral disc) is correct for fibrous cartilage. | Identification of Hyaline Cartilage type: 0.2/0.2 Correctly identified 'হায়ালিন' (Hyaline) cartilage. | Example for Hyaline Cartilage: 0.175/0.175 The example 'ট্রাকিয়া' (Trachea) is correct for hyaline cartilage."
108968420186,Bangla,,BN_UNICODE,"সারমর্ম লেখ: বহুদিন ধরে বহু ক্রোশ দূরে বহু ব্যয় করি বহু দেশ ঘুরে দেখিতে গিয়াছি পর্বতমালা, দেখিতে গিয়াছি সিন্ধু। দেখা হয় নাই চক্ষু মেলিয়া ঘর হতে শুধু দুই পা ফেলিয়া একটি ধানের শিষের উপরে একটি শিশির বিন্দু।",,,,NO_REDMARK,,,,2.5,rubric,True,False,0.0,,1.0,প্রচুর অর্থ ও সময় খরচ করে এবং যথেষ্ট কষ্ট করে মানুষ দূরদূরান্েতর সেৌন্দর্য উপভোগ করতে ছুটে যায় - নির্ধারিত অংশে লেখার ভাব ঠিকমতো বোঝাতে পারলে: 0/1.5 No answer provided by the student. | কিন্তু ঘরের কাছের অনুপম সেৌন্দর্যটুকু লক্ষ না করলে সেৌন্দর্য উপভোগের বিষয়টি কখনোই পূর্ণতা পায় না - নির্ধারিত অংশে লেখার ভাব ঠিকমতো বোঝাতে পারলে: 0/1 No answer provided by the student.,0.0,,1.0,Content/Relevance: 0.0/2.0 No answer provided by the student. | Language/Grammar/Style: 0.0/0.5 No answer provided by the student.
691252917980,Bangla,,BN_UNICODE,বাক ্য বলতে কী ে বাঝ ? একটি সার্থক বাক ্য গঠনে কী কী ৈ বশিষ্ট ্য থ াকা আবশ্যক ? উদাহরণসহ আলোচনা কর।,,২,,NO_REDMARK,,,,8.0,rubric,True,False,0.0,,1.0,বাক্য কাকে বলে লেখার জন্য: 0.0/1.0 The student did not write a definition for 'বাক্য'. | সার্থক বাক্য গঠনের ৩ টি গুণ/বৈশিষ্ট্যের নাম লেখার জন্য: 0.0/1.0 The student did not list the three characteristics of a meaningful sentence. | ১ টি বৈশিষ্ট্য সংজ্ঞা ও উদাহরণ সহ লেখার জন্য: 0.0/1.0 The student did not provide any characteristic with its definition and example. | ২ টি বৈশিষ্ট্য সংজ্ঞা ও উদাহরণ সহ লেখার জন্য: 0.0/2.0 The student did not provide two characteristics with their definitions and examples. | ৩ টি বৈশিষ্ট্য সংজ্ঞা ও উদাহরণ সহ লেখার জন্য: 0.0/3.0 The student did not provide three characteristics with their definitions and examples.,0.0,,1.0,"Definition of a sentence: 0/2 No answer provided. | Characteristics of a meaningful sentence (Akanksha, Asatti, Jogyota): 0/4 No answer provided. | Examples for each characteristic: 0/2 No answer provided."
659235365915,Bangla,,BN_UNICODE,"নিচের শã গুে লার বিপরীতা র্থক শã ে লখ : অশন , গৃহী , ভূত , ে সৌম ্য, বিনীত",,,,NO_REDMARK,,,,2.5,rubric,True,False,0.0,,1.0,অশন antonym: 0.0/0.5 No answer provided. | গৃহী antonym: 0.0/0.5 No answer provided. | ভূত antonym: 0.0/0.5 No answer provided. | সৌম্য antonym: 0.0/0.5 No answer provided. | বিনীত antonym: 0.0/0.5 No answer provided.,0.0,,1.0,অশন (Ashan): 0/0.5 No answer provided. | গৃহী (Grihi): 0/0.5 No answer provided. | ভূত (Bhoot): 0/0.5 No answer provided. | সৌম্য (Soumya): 0/0.5 No answer provided. | বিনীত (Binit): 0/0.5 No answer provided.
418842030335,Bangla,,BN_UNICODE,"সারাংশ ে লখ : আজকের দ ুনিয়াটা আðর্যভাবে অথর্ে র বা বিত্তের উপর নির্ভরশীল । লাভ ও ে লাভের দ ুনর্িবার গতি কেবল আগে যাবার ে নশায় লক্ষ্য হীন প্রচণ্ড ে বগে শুধুই আত্মবিনাশের পথে এগিয়ে চলেছে ; মানুষ যি দ এই মূঢ়তাকে জয় না করতে পারে , তবে মনুষ্যত a কথাটাই হয়তো ে লাপ ে পয়ে যাবে । মানুষের জীবন আজ এমন এক পর্যায়ে এসে ে পৌ্ছেছে , ে যখান থেকে আর হয়তো নামবার উপায় ে নই ; এবার উঠবার সি্ড়িটা না খু্জলেই নয় ।",2.0,২,,NO_MARKSCOL,2.0,,,4.0,rubric,True,True,0.0,,1.0,মানুষ অর্থ আর বিত্তের ে পছনে প্রচণ্ড ে নশায় ছুটছে আর ছুটছে ; ঠিকমতো ে বাঝাতে পারলে: 0.0/1.0 No answer provided by the student. | ফলে মানুষের মনুষ্যত a আজ সর্বনাশের দ্বারপ্রান্েত উপনীত ; ঠিকমতো ে বাঝাতে পারলে: 0.0/0.5 No answer provided by the student. | বর্তমান সভ্যতার জন্য এ এক ভয়াবহ অশনি-সংকেত । এ থেকে মুক্তির পথ ে খ্াজা জরুরি হয়ে পড়েছে ; ঠিকমতো ে বাঝাতে পারলে: 0.0/1.0 No answer provided by the student. | Overall summary quality and conciseness (remaining marks): 0.0/1.5 No answer provided by the student.,0.0,,1.0,"Content and Accuracy: 0.0/2.0 The student provided no answer, so there is no content to evaluate for accuracy or relevance to the original passage. | Conciseness and Structure: 0.0/1.0 No answer was provided, thus no structure or conciseness could be assessed. | Language and Grammar: 0.0/1.0 As no text was submitted, there is no language or grammar to evaluate."
982850925268,Bangla,,BN_UNICODE,"নিচের উপসগ গুে লা দিয়ে দ ুÕটি করে শã গঠন কর: নি , প্র , আম, অনু, স",,,,NO_REDMARK,,,,3.25,rubric,True,False,0.0,,1.0,Words for 'নি': 0/0.5 No words provided for the prefix 'নি'. | Words for 'প্র': 0/0.5 No words provided for the prefix 'প্র'. | Words for 'আম': 0/0.5 No words provided for the prefix 'আম'. | Words for 'অনু': 0/0.5 No words provided for the prefix 'অনু'. | Words for 'স': 0/0.5 No words provided for the prefix 'স'.,0.0,,1.0,Words formed with 'নি': 0/0.65 No words were provided for the prefix 'নি'. | Words formed with 'প্র': 0/0.65 No words were provided for the prefix 'প্র'. | Words formed with 'আম': 0/0.65 No words were provided for the prefix 'আম'. | Words formed with 'অনু': 0/0.65 No words were provided for the prefix 'অনু'. | Words formed with 'স': 0/0.65 No words were provided for the prefix 'স'.
579478338914,Bangla,,BN_UNICODE,বাংলা বানানে ই-কার ব্যবহারের প্াচটি নিয়ম উদাহরণসহ লেখ।,,,,NO_REDMARK,,,,5.0,rubric,True,False,0.0,,1.0,Correctly stated five rules for ই-কার usage: 0.0/2.5 No rules were provided by the student. | Provided correct examples for five rules: 0.0/2.5 No examples were provided by the student.,0.0,,1.0,Provided five rules for ই-কার usage: 0.0/2.5 No rules were provided by the student. | Provided examples for each rule: 0.0/2.5 No examples were provided as no rules were written.
421735049431,Bangla,,BN_UNICODE,"নিচের শã গুে লার প্রমিত বানানরূপ ে লখ : ইতিমধে ্য, সম্ম বর্ধনা , ৈ পত্রিক , অপোরাহ্ন , দৈ ন্যতা",,,,NO_REDMARK,,,,2.5,rubric,True,False,0.0,,1.0,Standard spelling of 'ইতিমধে ্য': 0.0/0.5 Student did not provide an answer. | Standard spelling of 'সম্ম বর্ধনা': 0.0/0.5 Student did not provide an answer. | Standard spelling of 'ৈ পত্রিক': 0.0/0.5 Student did not provide an answer. | Standard spelling of 'অপোরাহ্ন': 0.0/0.5 Student did not provide an answer. | Standard spelling of 'দৈ ন্যতা': 0.0/0.5 Student did not provide an answer.,0.0,,1.0,Standard spelling for 'ইতিমধে ্য': 0.0/0.5 No answer provided by the student. | Standard spelling for 'সম্ম বর্ধনা': 0.0/0.5 No answer provided by the student. | Standard spelling for 'ৈ পত্রিক': 0.0/0.5 No answer provided by the student. | Standard spelling for 'অপোরাহ্ন': 0.0/0.5 No answer provided by the student. | Standard spelling for 'দৈ ন্যতা': 0.0/0.5 No answer provided by the student.
359592828133,Bangla,,BN_UNICODE,"সারমর্ম লেখ: দৈন্য যদি আসে আসুক, ল¾া কিবা তাহে, মাথা উ্চু রাখিস। সুখের সাথী মুখের পানে যদি নাহি চাহে, ধৈর্য ধরে থাকিস। রুদ্র রূপে তীব্র দুঃখ যদি আসে নেমে বুক ফুলিয়ে দ্াড়াস, আকাশ যদি বজ্র নিয়ে মাথায় পড়ে ভেঙে ঊধের্Ÿ দু'হাত বাড়াস।",2.0,২,,NO_MARKSCOL,2.0,,,2.5,rubric,True,True,0.0,,1.0,"জীবন নিরবচ্িছন্ন সুখের নয়; রোগ, শোক, দুঃখ-দৈন্য অপ্রত্যাশিতভাবে ধŸংস করে দিতে পারে সকল কিছু: 0/1.5 No answer provided by the student. | কিন্তু তারপরেও অসীম সাহস আর ধৈযর্ের সঙ্গে সকল বিপদ মোকাবিলা করতে হবে: 0/1 No answer provided by the student.",0.0,,1.0,"Understanding and interpretation of the poem's essence (সারমর্ম): 0/2 No answer provided by the student. | Clarity, conciseness, and grammatical correctness: 0/0.5 No answer provided by the student."
230010632374,Bangla,,BN_UNICODE,ভাব-সম্প্রসারণ কর: দ ুর্জন বিদ্বান হইলেও পরিত্যাজ ্য।,,,,NO_REDMARK,,,,6.5,rubric,True,False,0.0,,1.0,"বিদ্বান সব সমাজেই আদৃত ও সম্মানিত । কিন্ তু দ ুর্জন বিদ্বান হলেও সকল সমাজেই ঘৃণিত: 0/1 No answer provided by the student. | কল্যাণ ও স ত্যের প্রতি তীব ্র অনুরাগই চরিত্রের ৈ বশিষ্ট ্য: 0/0.5 No answer provided by the student. | চরিত্রবান ব্যক্তি তার সমস্ত Áানকে সত ্য ও কল্যাণের পথে চালিত করে । মানবকল্যাণে নিমগ্ন চরিত্রবান ব্যক্তি অহংকারহীন ও হিংসাদ্বেষহীন সংযত জীবনেই সুখ খু্জে পান: 0/1 No answer provided by the student. | কিন্ তু , দ ুজ ে নর চিন্তা ও ে চতনা বিদ্যার এ ধারা থেকে বিচু্যত , ফলে সে হয় দ ুর্জন: 0/0.5 No answer provided by the student. | বিদ্যা মানুষের ে চাখ , মন খুলে দেয় এবং চিন্তাকে করে পরিশু দ্ধ। যার মাধ ্যমে একজন মানুষ তার চরিত্র গঠনের শিক্ষা ে নওয়ার পাশাপাশি বিদ্যা শিক্ষার গুণে সমাজের চারপাশকেও আলোকিত করার স্ব প্ন দেখে: 0/1 No answer provided by the student. | প্রবা দে আছে যে, ে কানো ে কানো বিষধর সাপের মাথায় মণি থ াকে । মণি বহু মূল্যবান পদা র্থ বটে । কিন্ তু তাই বলে ে যমন মণি লাভের জন্য সাপের সাহচয কামনা বুদ্ধিমানের কাজ নয় , ঠিক ে তমনই দ ুর্জন বিদ্বান হলেও বিদ্য ালাভের জন্য দ ুজ ে নর সাহচর্যও বুদ্ধিমানের কাজ নয়: 0/1 No answer provided by the student. | Spelling mistakes (deduction): 0/0 No answer provided, so no spelling mistakes to deduct for.",0.0,,1.0,"Content and development of the idea: 0/3.5 The student did not provide any answer to the question. | Structure and coherence: 0/1.5 The student did not provide any answer to the question. | Language, grammar, and vocabulary: 0/1.5 The student did not provide any answer to the question."
401134773641,Bangla,,BN_UNICODE,"সারমর্ম লেখ: বহুদিন ধরে বহু ক্রোশ দূরে বহু ব্যয় করি বহু দেশ ঘুরে দেখিতে গিয়াছি পর্বতমালা, দেখিতে গিয়াছি সিন্ধু। দেখা হয় নাই চক্ষু মেলিয়া ঘর হতে শুধু দুই পা ফেলিয়া একটি ধানের শিষের উপরে একটি শিশির বিন্দু।",,,,NO_REDMARK,,,,2.5,rubric,True,False,0.0,,1.0,প্রচুর অর্থ ও সময় খরচ করে এবং যথেষ্ট কষ্ট করে মানুষ দূরদূরান্েতর সেৌন্দর্য উপভোগ করতে ছুটে যায় - নির্ধারিত অংশে লেখার ভাব ঠিকমতো বোঝাতে পারলে: 0/1.5 The student did not write any answer. | কিন্তু ঘরের কাছের অনুপম সেৌন্দর্যটুকু লক্ষ না করলে সেৌন্দর্য উপভোগের বিষয়টি কখনোই পূর্ণতা পায় না - নির্ধারিত অংশে লেখার ভাব ঠিকমতো বোঝাতে পারলে: 0/1 The student did not write any answer.,0.0,,1.0,Content/Relevance to the poem's theme: 0/2 The student did not provide any answer. | Clarity and Conciseness: 0/0.5 The student did not provide any answer.
849935010702,Bangla,,BN_UNICODE,বাক ্য বলতে কী ে বাঝ ? একটি সার্থক বাক ্য গঠনে কী কী ৈ বশিষ্ট ্য থ াকা আবশ্যক ? উদাহরণসহ আলোচনা কর।,,,,NO_REDMARK,,,,8.0,rubric,True,False,0.0,,1.0,বাক্য কাকে বলে লেখার জন্য: 0.0/1.0 The student did not write a definition for 'বাক্য'. | সার্থক বাক্য গঠনের ৩ টি গুণ/বৈশিষ্ট্যের নাম লেখার জন্য: 0.0/1.0 The student did not list any characteristics. | ১ টি বৈশিষ্ট্য সংজ্ঞা ও উদাহরণ সহ লেখার জন্য: 0.0/1.0 The student did not provide any definitions or examples. | ২ টি বৈশিষ্ট্য সংজ্ঞা ও উদাহরণ সহ লেখার জন্য: 0.0/2.0 The student did not provide any definitions or examples. | ৩ টি বৈশিষ্ট্য সংজ্ঞা ও উদাহরণ সহ লেখার জন্য: 0.0/3.0 The student did not provide any definitions or examples.,0.0,,1.0,Definition of a sentence: 0.0/2.0 No answer provided by the student. | Mentioning the three characteristics of a meaningful sentence: 0.0/1.0 No answer provided by the student. | Explanation of Akankha (আকাঙ্ক্ষা) with example: 0.0/1.5 No answer provided by the student. | Explanation of Asatti (আসত্তি) with example: 0.0/1.5 No answer provided by the student. | Explanation of Joggyota (যোগ্যতা) with example: 0.0/2.0 No answer provided by the student.
987676864001,Bangla,,BN_UNICODE,"নিচের শã গুে লার বিপরীতা র্থক শã ে লখ : অশন , গৃহী , ভূত , ে সৌম ্য, বিনীত",,,,NO_REDMARK,,,,2.5,rubric,True,False,0.0,,1.0,অশন: 0.0/0.5 No answer provided by the student. | গৃহী: 0.0/0.5 No answer provided by the student. | ভূত: 0.0/0.5 No answer provided by the student. | সৌম্য: 0.0/0.5 No answer provided by the student. | বিনীত: 0.0/0.5 No answer provided by the student.,0.0,,1.0,Antonym for 'অশন': 0/0.5 No answer provided. | Antonym for 'গৃহী': 0/0.5 No answer provided. | Antonym for 'ভূত': 0/0.5 No answer provided. | Antonym for 'সৌম্য': 0/0.5 No answer provided. | Antonym for 'বিনীত': 0/0.5 No answer provided.
148298776225,Bangla,,BN_UNICODE,"নিচের শãগুলোর দুইটি করে সমার্থক শã লেখ: গগন, পিক, গৃহ, বসুন্ধরা , তটিনী",,,,NO_REDMARK,,,,3.25,rubric,True,False,0.0,,1.0,গগন - সমার্থক শব্দ: 0.0/0.5 No answer provided for this word. | পিক - সমার্থক শব্দ: 0.0/0.5 No answer provided for this word. | গৃহ - সমার্থক শব্দ: 0.0/0.5 No answer provided for this word. | বসুন্ধরা - সমার্থক শব্দ: 0.0/0.5 No answer provided for this word. | তটিনী - সমার্থক শব্দ: 0.0/0.5 No answer provided for this word.,0.0,,1.0,Synonyms for গগন: 0/0.65 No answer provided by the student. | Synonyms for পিক: 0/0.65 No answer provided by the student. | Synonyms for গৃহ: 0/0.65 No answer provided by the student. | Synonyms for বসুন্ধরা: 0/0.65 No answer provided by the student. | Synonyms for তটিনী: 0/0.65 No answer provided by the student.
805511046930,Bangla,,BN_UNICODE,ভাব-সম্প্রসারণ কর: অন্যায় যে করে আর অন্যায় যে সহে তব ঘৃণা ে যন তারে ত…ণ সম দহে।,,,,NO_REDMARK,,,,4.0,rubric,True,False,0.0,,1.0,"অধিকাংশ ক্ষেত্রে অন্যায়ের দণ্ড না দিয়ে , অন্যায়ের সঙ্গে আপস করা হয়; ফলে অন্যায়-প্রবণতা ে বড়ে যায়: 0.0/0.5 No answer provided by the student. | অন্যায়কারী সমাজের অভ্যন্তরে নানা দ ুর্নীতি , উৎপীড়ন এবং অরাজকতা সৃষ্টি করে ে যকোনো ব্যক্তির অধিকার হরণ করে তার নিরাপত্তা বিঘি্নত করে: 0.0/0.5 No answer provided by the student. | ক্ষ মা একটি মহৎগুণ , কিন্ তু নিবি চারে ক্ষ মা করা অপরাধ প্রবণতা আরও বাড়িয়ে দেয়: 0.0/0.5 No answer provided by the student. | অন্যায়ের বিরু দ্ধে শক্ত প্রতিবা দ না করে বরং ভীরু কাপুরুষের মতো মাথা নত করাই ে যন মানুষের স্ব ভাবে পরিণত হয়েছে: 0.0/0.5 No answer provided by the student. | অন্যায়কে ে মনে ে নওয়ার সং স্‹… তি থেকে ে বরিয়ে আসতে হবে । বরং অন্যায়কারী আর অন্যায় প্রশ্রয়দানকারী উভয়ই সমান অপরাধী - এ স্ে ্লাগানে বিশ্ববিবেক জাগাতে হবে: 0.0/0.5 No answer provided by the student. | Overall content, coherence, and remaining marks out of 4.0: 0.0/1.5 No answer provided by the student.",0.0,,1.0,Content/Relevance: 0.0/2.0 The student did not provide any answer to the question. | Elaboration/Depth: 0.0/1.0 The student did not provide any answer to the question. | Language/Grammar/Style: 0.0/1.0 The student did not provide any answer to the question.
278400515278,Bangla,,BN_UNICODE,উপসগ কাকে বলে ? শãগঠনে উপসগর্ের প্রয়োজনীয়তা আলোচনা কর।,,,,NO_REDMARK,,,,8.0,rubric,True,False,0.0,৩।,1.0,উপসর্গ কাকে বলে লেখার জন্য: 0.0/1.0 No definition of উপসর্গ was provided. | উপসর্গের দুটি উদাহরণের জন্য: 0.0/1.0 No examples of উপসর্গ were provided. | শব্দ গঠনে উপসর্গের ১/২ ধরনের পরিবর্তন লেখার জন্য: 0.0/1.0 No types of changes by উপসর্গ in word formation were discussed. | শব্দ গঠনে উপসর্গের ৩/৪ ধরনের পরিবর্তন লেখার জন্য: 0.0/2.0 No types of changes by উপসর্গ in word formation were discussed. | শব্দ গঠনে উপসর্গের ৫ ধরনের পরিবর্তন লেখার জন্য: 0.0/3.0 No types of changes by উপসর্গ in word formation were discussed.,0.0,৩।,1.0,Definition of Upasarga: 0.0/3.0 No answer provided by the student. | Discussion of the necessity of Upasarga in word formation: 0.0/5.0 No answer provided by the student.
919961648827,Bangla,,BN_UNICODE,বাংলা বানানে ই-কার ব্যবহারের প্াচটি নিয়ম উদাহরণসহ লেখ।,2.0,২,,NO_MARKSCOL,2.0,,,5.0,rubric,True,True,0.0,,1.0,Five correct rules for ই-কার usage: 0.0/2.5 No rules were provided by the student. | Examples for five correct rules: 0.0/2.5 No examples were provided by the student.,0.0,The answer sheet is blank. No response was provided by the student.,1.0,Rule 1 with example: 0.0/1.0 No answer provided by the student. | Rule 2 with example: 0.0/1.0 No answer provided by the student. | Rule 3 with example: 0.0/1.0 No answer provided by the student. | Rule 4 with example: 0.0/1.0 No answer provided by the student. | Rule 5 with example: 0.0/1.0 No answer provided by the student.
356193636950,Bangla,,BN_UNICODE,"নিচের উপসগ গুে লা দিয়ে দ ুটি করে শã গঠন কর: অপ, প্রতি , অতি , বে, খাস",,,,NO_REDMARK,,,,3.25,rubric,True,False,0.0,,1.0,Words for 'অপ': 0/0.5 No words provided for the prefix 'অপ'. | Words for 'প্রতি': 0/0.5 No words provided for the prefix 'প্রতি'. | Words for 'অতি': 0/0.5 No words provided for the prefix 'অতি'. | Words for 'বে': 0/0.5 No words provided for the prefix 'বে'. | Words for 'খাস': 0/0.5 No words provided for the prefix 'খাস'.,0.0,,1.0,Words for 'অপ': 0/0.65 No words provided for the prefix 'অপ'. | Words for 'প্রতি': 0/0.65 No words provided for the prefix 'প্রতি'. | Words for 'অতি': 0/0.65 No words provided for the prefix 'অতি'. | Words for 'বে': 0/0.65 No words provided for the prefix 'বে'. | Words for 'খাস': 0/0.65 No words provided for the prefix 'খাস'.
985218338151,Bangla,,BN_UNICODE,"সারাংশ ে লখ : নীরব ভাষায় বৃক্ষ আমা দে র সার্থ কতার গান ে গয়ে ে শানায় । অনুভূতির কান দিয়ে সে গান শুনতে হবে । তাহলে বুঝতে পারা যাবে জীবনের মানে বৃি দ্ধ, ধমর্ের মানেও তাই । প্রক … তির যে ধর্ম মানুষেরও সে ধর্ম। পার্থক ্য কেবল তরুলতা ও জীবজন্তুর উপর তা দে র নিজে দে র ে কান হাত ে নই , মানুষের বৃদ্ধির উপরে তার নিজের হাত রয়েছে । আর এখানেই মানুষের মর্যাদা । মানুষকে আত্মা সৃষ্টি করে নিতে হয়, তা তৈরি পাওয়া যায় না । সুখ -দ ুঃখ -ে বদনা উপলক্ষির ফলে অন্তরের যে পরিপকaতা , তাই ে তা আত্মা ।",,,,NO_REDMARK,,,,4.0,rubric,True,False,0.0,,1.0,"জীবনের বৃদ্ধির দিক থেকে গাছ ও মানুষের মধে ্য মিল থ াকলেও অমিলও রয়েছে ; ঠিকমতো ে বাঝাতে পারলে: 0.0/1.0 No answer provided by the student. | তরুলতা ও জীবজন্তু র বৃি দ্ধতে তা দে র নিজের ে কানো প্রভাব ে নই কিন্ তু মানুষ নিজের সৃজনশীলতা দিয়ে নিজেকে বৃি দ্ধ করতে পারে ; ঠিকমতো ে বাঝাতে পারলে: 0.0/1.0 No answer provided by the student. | মানুষের নিজের ে চষ্টায় আত্মার সৃষ্টি ও বিকাশ সাধিত হয়; ঠিকমতো ে বাঝাতে পারলে: 0.0/0.5 No answer provided by the student. | Overall quality, conciseness, and adherence to summary principles (remaining 1.5 marks out of 4.0): 0.0/1.5 No answer provided by the student.",0.0,,1.0,Content/Accuracy: 0.0/2.0 No answer provided by the student. | Conciseness: 0.0/1.0 No answer provided by the student. | Language/Grammar/Spelling: 0.0/1.0 No answer provided by the student.
572821065268,Bangla,,BN_UNICODE,"নিচের শã গুে লার সঠিক উচ্চারণ ে লখ : ব্যাখ্যা , বিÁান , দ ায়িত a, পদ্য, একাডেমি",,,,NO_REDMARK,,,,2.5,rubric,True,False,0.0,,1.0,ব্যাখ্যা - সঠিক উচ্চারণ: 0.0/0.5 No answer provided by the student. | বিজ্ঞান - সঠিক উচ্চারণ: 0.0/0.5 No answer provided by the student. | দায়িত্ব - সঠিক উচ্চারণ: 0.0/0.5 No answer provided by the student. | পদ্য - সঠিক উচ্চারণ: 0.0/0.5 No answer provided by the student. | একাডেমি - সঠিক উচ্চারণ: 0.0/0.5 No answer provided by the student.,0.0,,1.0,Correct pronunciation of 'ব্যাখ্যা': 0/0.5 No answer provided by the student. | Correct pronunciation of 'বিজ্ঞান': 0/0.5 No answer provided by the student. | Correct pronunciation of 'দায়িত্ব': 0/0.5 No answer provided by the student. | Correct pronunciation of 'পদ্য': 0/0.5 No answer provided by the student. | Correct pronunciation of 'একাডেমি': 0/0.5 No answer provided by the student.
969525641272,Bangla,,BN_UNICODE,"উদাহরণসহ সংÁা দ াও : সন্ধি , অপিনিহিতি , বচন ।",,,,NO_REDMARK,,,,5.5,rubric,True,False,0.0,,1.0,Definition and example for সন্ধি: 0.0/0.83 No answer provided by the student. | Definition and example for অপিনিহিতি: 0.0/0.83 No answer provided by the student. | Definition and example for বচন: 0.0/0.84 No answer provided by the student.,0.0,,1.0,Sandhi definition: 0/1.5 No answer provided. | Sandhi example: 0/0.5 No answer provided. | Aponihiti definition: 0/1.5 No answer provided. | Aponihiti example: 0/0.5 No answer provided. | Bochon definition: 0/1 No answer provided. | Bochon example: 0/0.5 No answer provided.
145366652519,Bangla,,BN_UNICODE,উৎপত্তিগতভাবে বাংলা শã কত প্রকার ও কী কী ? সংÁাসহ উদাহরণ ে লখ ।,,,,NO_REDMARK,,,,6.5,rubric,True,False,0.0,,1.0,Initial statement of 5 types based on origin: 0/0.5 The student did not state the number of types based on origin. | Listing the 5 types (names): 0/1 The student did not list the names of the word types. | Definitions for 5 types: 0/2.5 The student did not provide any definitions for the word types. | Examples for 5 types: 0/2.5 The student did not provide any examples for the word types.,0.0,,1.0,"Number of word types identified: 0/1 The student did not provide any answer. | Correct identification of word types (e.g., Tatsama, Ardha-Tatsama, Tadbhava, Deshi, Bideshi): 0/1.5 The student did not provide any answer. | Correct definitions for each word type: 0/2 The student did not provide any answer. | Appropriate examples for each word type: 0/2 The student did not provide any answer."
442427989966,Bangla,,BN_UNICODE,"নিচের শã গুে লার প্রমিত বানানরূপ ে লখ : ইতিমধে ্য, সম্ম বর্ধনা , ৈ পত্রিক , অপোরাহ্ন , দৈ ন্যতা",2.0,২,,NO_MARKSCOL,2.0,,,2.5,rubric,True,True,0.0,The student has not written any answer for this question. The page is blank.,1.0,Standard spelling of 'ইতিমধে ্য': 0.0/0.5 No answer provided by the student. | Standard spelling of 'সম্ম বর্ধনা': 0.0/0.5 No answer provided by the student. | Standard spelling of 'ৈ পত্রিক': 0.0/0.5 No answer provided by the student. | Standard spelling of 'অপোরাহ্ন': 0.0/0.5 No answer provided by the student. | Standard spelling of 'দৈ ন্যতা': 0.0/0.5 No answer provided by the student.,0.0,,1.0,ইতিমধে ্য: 0/0.5 No answer provided. | সম্ম বর্ধনা: 0/0.5 No answer provided. | ৈ পত্রিক: 0/0.5 No answer provided. | অপোরাহ্ন: 0/0.5 No answer provided. | দৈ ন্যতা: 0/0.5 No answer provided.
491677449164,Bangla,,BN_UNICODE,ভাব-সম্প্রসারণ কর: স্বাধীনতা অর্জনের চেয়ে স্বাধীনতা রক্ষা করা কঠিন।,,,,NO_REDMARK,,,,6.5,rubric,True,False,0.0,,1.0,"স্বাধীনতা একটি জাতির অমূল্য সম্পদ। অনেক সাধনা, ত্যাগ-তিতিক্ষা, এমনকি রক্তের বিনিময়ে স্বাধীনতা অজর্িত হয় - নির্ধারিত অংশে লেখার ভাব ঠিকমতো বোঝাতে পারলে ০১ নম্বর।: 0/1 No content provided by the student. | মানুষমাত্রই স্বাধীনভাবে বে্চে থাকতে চায় - নির্ধারিত অংশে লেখার ভাব ঠিকমতো বোঝাতে পারলে ০.৫ নম্বর।: 0/0.5 No content provided by the student. | কিন্তু স্বাধীনতা অর্জন করা একটি দুঃসাধ্য কাজ। পরাধীনতার শৃ•খল থেকে নিপীড়িত, অত্যাচারিত জাতিকে মুক্তিসংগ্রামের মধ্য দিয়ে স্বাধীনতার সূর্যকে ছিনিয়ে আনতে হয় - নির্ধারিত অংশে লেখার ভাব ঠিকমতো বোঝাতে পারলে ০১ নম্বর।: 0/1 No content provided by the student. | স্বাধীনতা অর্জনকারীদের মাত্রাতিরিক্ত বাড়াবাড়ি জন্ম দেয় এক প্রতিকূল পরিবেশ - নির্ধারিত অংশে লেখার ভাব ঠিকমতো বোঝাতে পারলে ০.৫ নম্বর।: 0/0.5 No content provided by the student. | তাই স্বাধীনতা রক্ষায় প্রয়োজনে সর্বস্তরের জনগণকে ঝ্াপিয়ে পড়তে হবে- মাঠে, ঘাটে, ময়দানে, কল-কারখানাসহ সর্বত্রই - নির্ধারিত অংশে লেখার ভাব ঠিকমতো বোঝাতে পারলে ০১ নম্বর।: 0/1 No content provided by the student. | অনেক কষ্টের বিনিময়ে পাওয়া স্বাধীনতা রক্ষার পবিত্র দায়িতa সকলের। সুতরাং এর মর্যাদা রক্ষার প্রয়োজনে যেকোনো ধরনের ত্যাগ স্বীকার করতে হবে - নির্ধারিত অংশে লেখার ভাব ঠিকমতো বোঝাতে পারলে ০১ নম্বর।: 0/1 No content provided by the student. | Spelling mistakes (deduction: 0.5 for 2 mistakes, 1 for 3+ mistakes): 0/0 No text to evaluate for spelling mistakes.",0.0,,1.0,"Content and Relevance to the topic: 0.0/2.5 The student did not write any content for the answer. | Structure and Organization: 0.0/1.5 The student did not write any content, so there is no structure or organization to evaluate. | Language, Grammar, and Vocabulary: 0.0/1.5 The student did not write any content, so there is no language, grammar, or vocabulary to evaluate. | Overall Presentation: 0.0/1.0 The student did not write any content, so there is no presentation to evaluate."
273595007278,Bangla,,BN_UNICODE,"সারমর্ম লেখ: মরিতে চাহি না আমি সুন্দর ভুবনে, মানবের মাঝে আমি ব্াচিবারে চাই, এই সূর্যকরে এই পু®িপত কাননে জীবন্ত হৃদয়-মাঝে যদি স্থান পাই। ধরায় প্রাণের খেলা চিরতরঙ্গিত, বিরহ মিলন কত হাসি-অশ্রু-ময়, মানবের সুখে দুঃখে গ্াথিয়া সংগীত যদি গো রচিতে পারি অমর-আলয়। তা যদি না পারি তবে ব্াচি যত কাল তোমাদেরি মাঝখানে লভি যেন ঠ্াই, তোমরা তুলিবে বলে সকাল বিকাল নব নব সংগীতের কুসুম ফুটাই। হাসিমুখে নিয়ো ফুল, তার পরে হায়, ফেলে দিয়ো ফুল, যদি সে ফুল শুকায়।",,,,NO_REDMARK,,,,2.5,rubric,True,False,0.0,,1.0,"অপরিসীম সেৌন্দযর্ে ভরপুর এ পৃথিবী ছেড়ে কেউ চলে যেতে চায় না - নির্ধারিত অংশে লেখার ভাব ঠিকমতো বোঝাতে পারলে ০১ নম্বর।: 0/1 No answer provided by the student. | সুখ-দুঃখ, আনন্দ-বেদনা, বিরহ-মিলনের মাঝে মানুষ বে্চে থাকতে চায় - নির্ধারিত অংশে লেখার ভাব ঠিকমতো বোঝাতে পারলে ০১ নম্বর।: 0/1 No answer provided by the student. | কিন্তু মৃতু্যকে উপেক্ষা করার সাধ্য কারো নেই; তাই শুধু কমর্ের মধ্য দিয়েই অমরতa লাভ সম্ভব - নির্ধারিত অংশে লেখার ভাব ঠিকমতো বোঝাতে পারলে ০.৫ নম্বর।: 0/0.5 No answer provided by the student.",0.0,,1.0,"Content and understanding of the poem's essence: 0/1.5 The student did not provide any answer. | Conciseness and appropriate length for a summary: 0/0.5 The student did not provide any answer. | Language, grammar, and spelling: 0/0.5 The student did not provide any answer."
720018300859,Bangla,,BN_UNICODE,"সারমম ে লখ : আসিতেছে শুভদিন - দিনে দিনে বহু বাড়িয়াছে দে না , শুধিতে হইবে ঋণ! হাতুড়ি শাবল গ্াইতি চালায়ে ভাঙিল যারা পাহাড় , পাহাড়-কাটা সে পথে র দ ুপাশে পড়িয়া যাদে র হাড় , ে তামারে ে সবিতে হইল যাহারা মজুর , মুটে ও কুলি , ে তামারে ে সবিতে যারা পবিত্র অঙ্গে লাগাল ধূলি ; তারাই মানুষ , তারাই দে বতা , গাহি তাহা দে রি গান , তা দে রি ব্যথিত বক্ষে পা ে ফলে আসে নব উÌান !",,,,NO_REDMARK,,,,2.5,rubric,True,False,0.0,,1.0,শ্রমজীবী দে র শ্রমে-ঘামে-রক্তে ও জীবনের বিনিময়ে গড়ে উঠেছে স্ব াচ্ছ ন্দ্য ময় পৃথিবী ; ে শাষক ে শ্রণি ে সসব দে বতাতুল ্য মানুষকে ন্যায ্য পাওনা থেকে বআিত করেছে - নির্ধারিত অং শে ে লখার ভাব ঠিকমতো ে বাঝাতে পারলে ১.৫ নম্ব র ।: 0/1.5 No content provided by the student. | আজ পৃথিবী পালটে গেছে। প্রতিশোধ ে নওয়ার সময় এসেছে - নির্ধারিত অং শে ে লখার ভাব ঠিকমতো ে বাঝাতে পারলে ০১ নম্ব র ।: 0/1 No content provided by the student.,0.0,,1.0,Content and understanding of the poem's essence: 0/1.5 No answer provided by the student. | Conciseness and clarity of expression: 0/0.5 No answer provided by the student. | Grammar and spelling: 0/0.5 No answer provided by the student.
884306356965,Bangla,,BN_UNICODE,বাক্য কাকে বলে? গঠন অনুসারে বাক্যের শ্রেণিবিভাগ আলোচনা কর।,,,,NO_REDMARK,,,,10.0,rubric,True,False,0.0,,1.0,বাক্য কাকে বলে লেখার জন্য: 0.0/1.0 No answer provided by the student. | গঠন অনুসারে ১ টি শ্রেণিবিভাগ সংÁা ও উদাহরণসহ লেখার জন্য: 0.0/2.0 No answer provided by the student. | গঠন অনুসারে ২ টি শ্রেণিবিভাগ সংÁা ও উদাহরণসহ লেখার জন্য: 0.0/3.0 No answer provided by the student. | গঠন অনুসারে ৩ টি শ্রেণিবিভাগ সংÁা ও উদাহরণসহ লেখার জন্য: 0.0/4.0 No answer provided by the student.,0.0,,1.0,"Definition of a sentence: 0.0/3.0 The student did not provide any answer. | Classification of sentences by structure (সরল, জটিল, যৌগিক): 0.0/7.0 The student did not provide any answer."
889259644315,Bangla,,BN_UNICODE,"নিচের শãগুলোর বিপরীতার্থক শã লেখ: মূর্ত, প্রাচীন, ক্ষয়িòু, তীব্র, নিগ্রহ",,,,NO_REDMARK,,,,2.5,rubric,True,False,0.0,No answer provided.,1.0,মূর্ত: 0/0.5 No answer provided for 'মূর্ত'. | প্রাচীন: 0/0.5 No answer provided for 'প্রাচীন'. | ক্ষয়িòু: 0/0.5 No answer provided for 'ক্ষয়িòু'. | তীব্র: 0/0.5 No answer provided for 'তীব্র'. | নিগ্রহ: 0/0.5 No answer provided for 'নিগ্রহ'.,0.0,,1.0,মূর্ত: 0/0.5 No answer provided by the student. | প্রাচীন: 0/0.5 No answer provided by the student. | ক্ষয়িòু: 0/0.5 No answer provided by the student. | তীব্র: 0/0.5 No answer provided by the student. | নিগ্রহ: 0/0.5 No answer provided by the student.
843258360632,Bangla,,BN_UNICODE,"ভাব-সম্প্রসারণ কর: পথ পথিকের সৃষ্টি করে না, পথিকই পথের সৃষ্টি করে।",2.0,২,,NO_MARKSCOL,2.0,,,4.0,rubric,True,True,0.0,,1.0,"মানবজীবন চআল, গতিময়। চলমানতা এর বৈশিষ্ট্য - নির্ধারিত অংশে লেখার ভাব ঠিকমতো বোঝাতে পারলে ০.৫ নম্বর।: 0.0/0.5 No answer provided by the student. | জীবনের উদ্দেশ্য সাধনের জন্য গতানুগতিক পথ পরিহার করে নতুন পথ ও পন্থা তার নিজেকেই তৈরি করে নিতে হয় - নির্ধারিত অংশে লেখার ভাব ঠিকমতো বোঝাতে পারলে ০.৫ নম্বর।: 0.0/0.5 No answer provided by the student. | সকল বাধা-বিঘ্ন অতিক্রম করে পথিক তার সৃষ্ট নতুন পথে এগিয়ে যায়। আর এভাবেই এগিয়ে চলার নেশায় অবিরাম চলতে গিয়ে পৃথিবীতে অসংখ্য পথ তৈরি হয়েছে; নিমর্িত হয়েছে মানবসভ্যতা - নির্ধারিত অংশে লেখার ভাব ঠিকমতো বোঝাতে পারলে ০.৫ নম্বর।: 0.0/0.5 No answer provided by the student. | মানুষ তার জীবন রক্ষা ও জীবন বিকাশের জন্য প্রয়োজন মতো পথ ও পন্থা তৈরি করতে বাধ্য হয়েছে - নির্ধারিত অংশে লেখার ভাব ঠিকমতো বোঝাতে পারলে ০.৫ নম্বর।: 0.0/0.5 No answer provided by the student. | যুগে যুগে অসংখ্য উদ্যমী মানুষ অসংখ্য পথ সৃষ্টি করে মানুষের জীবনকে করেছেন সহজতর - নির্ধারিত অংশে লেখার ভাব ঠিকমতো বোঝাতে পারলে ০.৫ নম্বর।: 0.0/0.5 No answer provided by the student. | Overall quality and completeness of the expansion (remaining marks to total 4.0): 0.0/1.5 No answer provided by the student, therefore no overall quality or completeness to evaluate. | Spelling errors deduction (0.5 for 2 errors, 1.0 for 3+ errors): 0.0/0.0 No text to evaluate for spelling errors, so no deduction applied.",0.0,,1.0,"Content and elaboration of the idea: 0.0/2.0 No answer provided by the student. | Language, grammar, and vocabulary: 0.0/1.0 No answer provided by the student. | Structure and coherence: 0.0/1.0 No answer provided by the student."
498071618723,Bangla,,BN_UNICODE,"নিচের শã গুে লার দ ুইটি করে সমা র্থক শã ে লখ : গিরি , সমীর , বিহঙ্গ, নীলিমা , অনল ।",,,,NO_REDMARK,,,,3.25,rubric,True,False,0.0,,1.0,গিরি - 2 correct synonyms: 0/0.5 No answer provided for 'গিরি'. | সমীর - 2 correct synonyms: 0/0.5 No answer provided for 'সমীর'. | বিহঙ্গ - 2 correct synonyms: 0/0.5 No answer provided for 'বিহঙ্গ'. | নীলিমা - 2 correct synonyms: 0/0.5 No answer provided for 'নীলিমা'. | অনল - 2 correct synonyms: 0/0.5 No answer provided for 'অনল'.,0.0,,1.0,Synonym 1 for 'গিরি': 0.0/0.325 No answer provided. | Synonym 2 for 'গিরি': 0.0/0.325 No answer provided. | Synonym 1 for 'সমীর': 0.0/0.325 No answer provided. | Synonym 2 for 'সমীর': 0.0/0.325 No answer provided. | Synonym 1 for 'বিহঙ্গ': 0.0/0.325 No answer provided. | Synonym 2 for 'বিহঙ্গ': 0.0/0.325 No answer provided. | Synonym 1 for 'নীলিমা': 0.0/0.325 No answer provided. | Synonym 2 for 'নীলিমা': 0.0/0.325 No answer provided. | Synonym 1 for 'অনল': 0.0/0.325 No answer provided. | Synonym 2 for 'অনল': 0.0/0.325 No answer provided.
499070507297,English,,EN,"Read the following extract and answer the questions that follow: My name is Ozymandias, king of kings; ‎ Look on my Works, ye Mighty, and despair! ‎ Nothing beside remains. Round the decay ‎ Of that colossal Wreck, boundless and bare ‎ The lone and level sands stretch far away. (a) How does the poem reflect the difference between Ozymandias's claim and reality? (b) What impression do the ‘lone and level sands’ create at the end of the poem?",,,,NO_REDMARK,,,,,none,True,False,0.0,,1.0,(a) How does the poem reflect the difference between Ozymandias's claim and reality?: 0/1.5 No answer provided by the student. | (b) What impression do the ‘lone and level sands’ create at the end of the poem?: 0/1 No answer provided by the student.,0.0,,1.0,(a) How does the poem reflect the difference between Ozymandias's claim and reality?: 0/1.5 No answer provided by the student. | (b) What impression do the ‘lone and level sands’ create at the end of the poem?: 0/1 No answer provided by the student.
167916560418,English,,EN,"Make meaningful sentences with the following words: Ambivalent, Exacerbate, Tenacity, Clandestine, Discern",,,,NO_REDMARK,,,,,none,True,False,0.0,,1.0,Ambivalent - Meaningful sentence: 0/0.5 No answer provided. | Exacerbate - Meaningful sentence: 0/0.5 No answer provided. | Tenacity - Meaningful sentence: 0/0.5 No answer provided. | Clandestine - Meaningful sentence: 0/0.5 No answer provided. | Discern - Meaningful sentence: 0/0.5 No answer provided.,0.0,,1.0,Ambivalent - Meaningful sentence: 0/0.5 No answer provided. | Exacerbate - Meaningful sentence: 0/0.5 No answer provided. | Tenacity - Meaningful sentence: 0/0.5 No answer provided. | Clandestine - Meaningful sentence: 0/0.5 No answer provided. | Discern - Meaningful sentence: 0/0.5 No answer provided.
174196253767,English,,EN,"Write a paragraph on ‘Online Learning and Its Impact on Traditional Classrooms,’ using a clear topic sentence, supporting details, and a concluding sentence.",,,,NO_REDMARK,,,,,none,True,False,0.0,,1.0,"Title “Online Learning and Its Impact on Traditional Classrooms”: 0/0.5 No content provided by the student. | Introductory sentence: 0/1 No content provided by the student. | Supporting detail: Students can now learn from global experts, attend virtual classes, and use digital tools to reinforce understanding: 0/1 No content provided by the student. | Supporting detail: Traditional classrooms offer a structured environment with real-time feedback and social bonding, which online systems sometimes lack: 0/1 No content provided by the student. | Supporting detail: Teachers must be trained to use technology effectively, and students need digital literacy to benefit fully: 0/1 No content provided by the student. | Conclusion: 0/0.5 No content provided by the student. | Paragraph structure (single paragraph): 0/0 Not applicable as no content was written. No deduction applied. | Grammar and spelling: 0/0 Not applicable as no content was written. No deduction applied.",0.0,,1.0,"Title “Online Learning and Its Impact on Traditional Classrooms”: 0/0.5 No content provided by the student. | Introductory sentence: 0/1 No content provided by the student. | Supporting detail: Students can now learn from global experts, attend virtual classes, and use digital tools to reinforce understanding: 0/1 No content provided by the student. | Supporting detail: Traditional classrooms offer a structured environment with real-time feedback and social bonding, which online systems sometimes lack: 0/1 No content provided by the student. | Supporting detail: Teachers must be trained to use technology effectively, and students need digital literacy to benefit fully: 0/1 No content provided by the student. | Conclusion: 0/0.5 No content provided by the student. | Paragraph structure (single paragraph): 0/0 Not applicable as no content was written. No deduction applied. | Grammar and spelling: 0/0 Not applicable as no content was written. No deduction applied."
240054866205,English,,EN,"Read the following extract and answer questions that follow: I love to rise in a summer morn, ‎When the birds sing on every tree; ‎The distant huntsman winds his horn, ‎And the skylark sings with me: ( a) What literary device does the poet use to describe the skylark, and how does it contribute to the mood of the poem? ( b) Considering the overall theme of the poem, how does this happy scene contrast with the boy’s feelings about school, and what does this reveal about childhood?",,,,NO_REDMARK,,,,,none,True,False,0.0,,1.0,Literary device and mood (part a): 0/1 No answer provided. | Contrast with school and revelation about childhood (part b): 0/1.5 No answer provided.,0.0,,1.0,Literary device and mood (part a): 0/1 No answer provided. | Contrast with school and revelation about childhood (part b): 0/1.5 No answer provided.
174685397209,English,,EN,"Compose a paragraph in approximately 100 words exploring how war between states affects economic progress, education, and human rights. Maintain a critical tone and present your points with clarity and logical flow.",,,,NO_REDMARK,,,,,none,True,False,0.0,,1.0,"Title: 0/0.5 No content provided. | Introductory sentence: 0/1 No content provided. | Armed conflicts destroy infrastructure, displace populations, collapse economies, and halt education and healthcare systems: 0/1 No content provided. | Wars also consume national budgets, diverting resources from development to destruction. Children grow up without schooling, hospitals are reduced to rubble, and entire generations are psychologically scarred: 0/1 No content provided. | Beyond physical damage, war fuels mistrust, division, and long-term instability. It reverses decades of progress in poverty reduction, education, and gender equality: 0/1 No content provided. | Conclusion: 0/0.5 No content provided.",0.0,,1.0,"Title: 0/0.5 No content provided. | Introductory sentence: 0/1 No content provided. | Armed conflicts destroy infrastructure, displace populations, collapse economies, and halt education and healthcare systems: 0/1 No content provided. | Wars also consume national budgets, diverting resources from development to destruction. Children grow up without schooling, hospitals are reduced to rubble, and entire generations are psychologically scarred: 0/1 No content provided. | Beyond physical damage, war fuels mistrust, division, and long-term instability. It reverses decades of progress in poverty reduction, education, and gender equality: 0/1 No content provided. | Conclusion: 0/0.5 No content provided."
872283639724,English,,EN,"Make meaningful sentences with the following words: Ambiguous, Circumvent, Advocate, Pragmatic, Perspicacious",,,,NO_REDMARK,,,,,none,True,False,0.0,,1.0,Ambiguous: 0/0.5 No sentence provided. | Circumvent: 0/0.5 No sentence provided. | Advocate: 0/0.5 No sentence provided. | Pragmatic: 0/0.5 No sentence provided. | Perspicacious: 0/0.5 No sentence provided.,0.0,,1.0,Ambiguous: 0/0.5 No sentence provided. | Circumvent: 0/0.5 No sentence provided. | Advocate: 0/0.5 No sentence provided. | Pragmatic: 0/0.5 No sentence provided. | Perspicacious: 0/0.5 No sentence provided.
788053386181,English,,EN,"How does human activity contribute to climate change, and why must individuals and nations take responsibility? Write a paragraph in approximately 100 words maintaining proper structure with a clear topic sentence, logical development, and a concluding sentence.",,,,NO_REDMARK,,,,,none,True,False,0.0,,1.0,"Title: 0/0.5 No title provided. | Introductory sentence: 0/1 No introductory sentence provided. | Development (gases, sources, effects): 0/1.5 No content provided for development. | Individual actions: 0/1 No individual actions mentioned. | Conclusion: 0/1 No concluding sentence provided. | Paragraph structure (single paragraph): 0/0 No content to assess paragraph structure. This is a deduction criterion, not an award criterion. | Grammar/Spelling: 0/0 No content to assess grammar or spelling. This is a deduction criterion, not an award criterion.",0.0,,1.0,"Title: 0/0.5 No title provided. | Introductory sentence: 0/1 No introductory sentence provided. | Development (gases, sources, effects): 0/1.5 No content provided for development. | Individual actions: 0/1 No individual actions mentioned. | Conclusion: 0/1 No concluding sentence provided. | Paragraph structure (single paragraph): 0/0 No content to assess paragraph structure. This is a deduction criterion, not an award criterion. | Grammar/Spelling: 0/0 No content to assess grammar or spelling. This is a deduction criterion, not an award criterion."
289914064526,English,,EN,"Make meaningful sentences with the following words: Dogmatic , Recess, Obsession, Absurdity, Dissolve.",,,,NO_REDMARK,,,,,none,True,False,0.0,,1.0,Dogmatic: 0/0.5 No sentence provided. | Recess: 0/0.5 No sentence provided. | Obsession: 0/0.5 No sentence provided. | Absurdity: 0/0.5 No sentence provided. | Dissolve: 0/0.5 No sentence provided.,0.0,,1.0,Dogmatic: 0/0.5 No sentence provided. | Recess: 0/0.5 No sentence provided. | Obsession: 0/0.5 No sentence provided. | Absurdity: 0/0.5 No sentence provided. | Dissolve: 0/0.5 No sentence provided.
605128809239,English,,EN,"Read the following extract and answer the following question: The woods are lovely, dark and deep, But I have promises to keep, And miles to go before I sleep, And miles to go before I sleep. – Robert Frost Identify and explain any one literary device used in the above extract.",,,,NO_REDMARK,,,,,none,True,False,0.0,,1.0,"For writing, one important literary device used in this extract is repetition: 0/0.5 No answer provided by the student. | For writing, the line “And miles to go before I sleep” is repeated for emphasis. This repetition highlights the speaker’s sense of duty and ongoing responsibilities: 0/1 No answer provided by the student. | For writing, it creates a rhythmic and reflective tone, showing that although the woods are peaceful and inviting, the speaker cannot stop—he has commitments to fulfill before he can rest. The repeated line may also symbolize the journey of life, suggesting that rest (or even death) will only come after completing one’s duties: 0/1 No answer provided by the student.",0.0,,1.0,"For writing, one important literary device used in this extract is repetition: 0/0.5 No answer provided by the student. | For writing, the line “And miles to go before I sleep” is repeated for emphasis. This repetition highlights the speaker’s sense of duty and ongoing responsibilities: 0/1 No answer provided by the student. | For writing, it creates a rhythmic and reflective tone, showing that although the woods are peaceful and inviting, the speaker cannot stop—he has commitments to fulfill before he can rest. The repeated line may also symbolize the journey of life, suggesting that rest (or even death) will only come after completing one’s duties: 0/1 No answer provided by the student."
805479093758,English,,EN,"Make meaningful sentences with the following words: Resilient, Discretionary, Undermine, Speculative, Conundrum",,,,NO_REDMARK,,,,,none,True,False,0.0,,1.0,Resilient: 0/0.5 No sentence provided. | Discretionary: 0/0.5 No sentence provided. | Undermine: 0/0.5 No sentence provided. | Speculative: 0/0.5 No sentence provided. | Conundrum: 0/0.5 No sentence provided.,0.0,,1.0,Resilient: 0/0.5 No sentence provided. | Discretionary: 0/0.5 No sentence provided. | Undermine: 0/0.5 No sentence provided. | Speculative: 0/0.5 No sentence provided. | Conundrum: 0/0.5 No sentence provided.
296702171379,English,,EN,"Write a well-organized paragraph on ‘Role of Youth in Shaping the Future of Bangladesh’ in the space provided, considering the elements of a paragraph, such as topic sentence, supporting detail sentences and conclusion.",,,,NO_REDMARK,,,,,none,True,False,0.0,,1.0,"For writing Title, “ Role of Youth in Shaping the Future of Bangladesh ”: 0/0.5 The student did not write anything. | For writing topic sentence: 0/0.5 The student did not write anything. | For mentioning, youth contribution to various sectors: 0/1 The student did not write anything. | For mentioning, social and political involvement: 0/1 The student did not write anything. | For mentioning, economic and educational impact: 0/1.5 The student did not write anything. | For writing conclusion: 0/0.5 The student did not write anything.",0.0,,1.0,"For writing Title, “ Role of Youth in Shaping the Future of Bangladesh ”: 0/0.5 The student did not write anything. | For writing topic sentence: 0/0.5 The student did not write anything. | For mentioning, youth contribution to various sectors: 0/1 The student did not write anything. | For mentioning, social and political involvement: 0/1 The student did not write anything. | For mentioning, economic and educational impact: 0/1.5 The student did not write anything. | For writing conclusion: 0/0.5 The student did not write anything."
257397946379,English,,EN,"Read the following extract and answer questions that follow: ‎ ""I wandered lonely as a cloud That floats on high o’er vales and hills, When all at once I saw a crowd, A host, of golden daffodils; Beside the lake, beneath the trees, Fluttering and dancing in the breeze."" – William Wordsworth (a) How does the poet use nature as a metaphor for emotional transformation? ‎(b) What kind of image does the phrase ‘floats on high’ create?",,,,NO_REDMARK,,,,,none,True,False,0.0,,1.0,(a) How does the poet use nature as a metaphor for emotional transformation?: 0/1 No answer provided by the student. | (b) What kind of image does the phrase ‘floats on high’ create?: 0/1.5 No answer provided by the student.,0.0,,1.0,(a) How does the poet use nature as a metaphor for emotional transformation?: 0/1 No answer provided by the student. | (b) What kind of image does the phrase ‘floats on high’ create?: 0/1.5 No answer provided by the student.
664023048628,English,,EN,"Make meaningful sentences with the following words: ‎ Imminent, Resilient, Thrive, Vigilant, Ephemeral",,,,NO_REDMARK,,,,,none,True,False,0.0,,1.0,Imminent: 0/0.5 No sentence provided for the word 'Imminent'. | Resilient: 0/0.5 No sentence provided for the word 'Resilient'. | Thrive: 0/0.5 No sentence provided for the word 'Thrive'. | Vigilant: 0/0.5 No sentence provided for the word 'Vigilant'. | Ephemeral: 0/0.5 No sentence provided for the word 'Ephemeral'.,0.0,,1.0,Imminent: 0/0.5 No sentence provided for the word 'Imminent'. | Resilient: 0/0.5 No sentence provided for the word 'Resilient'. | Thrive: 0/0.5 No sentence provided for the word 'Thrive'. | Vigilant: 0/0.5 No sentence provided for the word 'Vigilant'. | Ephemeral: 0/0.5 No sentence provided for the word 'Ephemeral'.
937406640013,English,,EN,"Fill in the blanks with appropriate words from the following list: (List: efficient, unity, goal, helpful, sincere, leadership) ‎ Achieving a significant (a) ______ in any organization or group requires not only clear vision but also (b) ______ effort and dedication from all members. Success dep ends on careful and (c) ______ planning, which ensures that resources are used wisely and obstacles are minimized. Effective (d) ______ plays a crucial role in motivating the team, making decisions, and maintaining focus on the objective. Moreover, (e) ___ ___ among team members nurtures cooperation, mutual respect, and trust, which are essential for smooth collaboration. Every individual should be helpful and ready to assist others, understanding that collective progress depends on everyone’s contribution.",,,,NO_REDMARK,,,,,none,True,False,0.0,,1.0,,0.0,,1.0,
821521536471,English,,EN,"Write a well organised paragraph on ‘The Importance of Honesty’ in the space provided, considering the element of a paragraph, such as topic sentence, supporting detail sentences and conclusion.",,,,NO_REDMARK,,,,,none,True,False,0.0,,1.0,"Writing Title, ‘The Importance of Honesty’: 0/0.5 No title was written. | Writing topic sentence: 0/1.5 No topic sentence was written. | Writing supporting detail sentences: 0/1.5 No supporting detail sentences were written. | Writing conclusion: 0/1.5 No conclusion was written.",0.0,,1.0,"Writing Title, ‘The Importance of Honesty’: 0/0.5 No title was written. | Writing topic sentence: 0/1.5 No topic sentence was written. | Writing supporting detail sentences: 0/1.5 No supporting detail sentences were written. | Writing conclusion: 0/1.5 No conclusion was written."
335795720850,English,5/10,EN,"Correct the following sentences: (a) He did not pay attention on what the teacher said. ‎(b) She insisted to go there alone. ‎(c) The police caught the thief red handed. ‎(d) He is superior than me in mathematics. ‎(e) Despite of his illness, he attended the meeting. ‎(f) The teacher emphasized on the importance of discipline. ‎(g) He was prevented to enter the room. ‎(h) I am not accustomed with such behavior. ‎( i ) The news are very surprising. ‎(j) He described about the incident in detail.",,,,NO_REDMARK,,5.0,,10.0,marks_col,True,False,5.0,"a) He did not pay attention to what the teacher said. b) She insisted go there alone. c) The police caught the red handed that thief. d) He is superior to me in mathematics. e) Despite of being ill, he attended the meeting. f) The teacher emphasized the importance of discipline. g) He was prevented entering the room. h) I am not accustomed to such behavior. i) The news is very surprising. j) He described about the incident in details.",0.95,"(a) He did not pay attention on what the teacher said.: 1.0/1.0 Correctly changed 'attention on' to 'attention to'. | (b) She insisted to go there alone.: 0.0/1.0 Incorrect. Should be 'insisted on going' or 'insisted that she go/went'. Student wrote 'insisted go'. | (c) The police caught the thief red handed.: 0.0/1.0 Incorrect. The original sentence is grammatically acceptable. The student's correction 'The police caught the red handed that thief' is grammatically incorrect and changes the meaning. | (d) He is superior than me in mathematics.: 1.0/1.0 Correctly changed 'superior than' to 'superior to'. | (e) Despite of his illness, he attended the meeting.: 0.0/1.0 Incorrect. Should be 'Despite his illness' or 'In spite of his illness'. The student kept 'of' ('Despite of being ill'). | (f) The teacher emphasized on the importance of discipline.: 1.0/1.0 Correctly removed 'on' after 'emphasized'. | (g) He was prevented to enter the room.: 0.0/1.0 Incorrect. Should be 'prevented from entering'. The student wrote 'prevented entering'. | (h) I am not accustomed with such behavior.: 1.0/1.0 Correctly changed 'accustomed with' to 'accustomed to'. | (i) The news are very surprising.: 1.0/1.0 Correctly changed 'news are' to 'news is'. | (j) He described about the incident in detail.: 0.0/1.0 Incorrect. Should be 'described the incident'. The student kept 'about' and changed 'in detail' to 'in details', which is also incorrect.",5.0,"a) He did not pay attention to what the teacher said. b) She insisted go there alone. c) The police caught the red handed that thief. d) He is superior to me in mathematics. e) Despite of being ill, he attended the meeting. f) The teacher emphasized the importance of discipline. g) He was prevented entering the room. h) I am not accustomed to such behavior. i) The news is very surprising. j) He described about the incident in details.",0.95,"(a) He did not pay attention on what the teacher said.: 1.0/1.0 Correctly changed 'attention on' to 'attention to'. | (b) She insisted to go there alone.: 0.0/1.0 Incorrect. Should be 'insisted on going' or 'insisted that she go/went'. Student wrote 'insisted go'. | (c) The police caught the thief red handed.: 0.0/1.0 Incorrect. The original sentence is grammatically acceptable. The student's correction 'The police caught the red handed that thief' is grammatically incorrect and changes the meaning. | (d) He is superior than me in mathematics.: 1.0/1.0 Correctly changed 'superior than' to 'superior to'. | (e) Despite of his illness, he attended the meeting.: 0.0/1.0 Incorrect. Should be 'Despite his illness' or 'In spite of his illness'. The student kept 'of' ('Despite of being ill'). | (f) The teacher emphasized on the importance of discipline.: 1.0/1.0 Correctly removed 'on' after 'emphasized'. | (g) He was prevented to enter the room.: 0.0/1.0 Incorrect. Should be 'prevented from entering'. The student wrote 'prevented entering'. | (h) I am not accustomed with such behavior.: 1.0/1.0 Correctly changed 'accustomed with' to 'accustomed to'. | (i) The news are very surprising.: 1.0/1.0 Correctly changed 'news are' to 'news is'. | (j) He described about the incident in detail.: 0.0/1.0 Incorrect. Should be 'described the incident'. The student kept 'about' and changed 'in detail' to 'in details', which is also incorrect."
113999100138,English,10/10,EN,Change the sentences as directed. (a) She sings beautifully. (Negative) ‎(b) The teacher is very kind. (Exclamatory) ‎(c) I am going to school. (Interrogative) ‎(d) They will win the match. (Negative) ‎(e) What a lovely day it is! (Assertive) ‎(f) The scenery is very beautiful. (Exclamatory) ‎(g) We have completed the task. (Interrogative) ‎(h) None but the brave deserve the fair. (Affirmative) ‎( i ) I can always count on you. (Interrogative) ‎(j) I like chocolate. (Negative),10.0,10,,GOLD,10.0,10.0,10.0,10.0,marks_col,True,True,8.0,a) She doesn't sing ugly. b) How kind the teacher is! c) Aren't I going to school? d) They won't lose the match. e) It is a very lovely day. f) How beautiful the scenery is! g) Haven't we completed the task? h) Only the brave deserve the fair. i) Can't I always count on you? j) I don't dislike chocolate.,0.95,(a) She sings beautifully. (Negative): 1.0/1.0 The student correctly transformed the sentence into a negative form while retaining the original meaning by using an antonym with negation. | (b) The teacher is very kind. (Exclamatory): 1.0/1.0 The student correctly transformed the sentence into an exclamatory form. | (c) I am going to school. (Interrogative): 1.0/1.0 The student correctly transformed the sentence into an interrogative form. 'Aren't I' is an acceptable informal interrogative. | (d) They will win the match. (Negative): 0.0/1.0 The student's answer 'They won't lose the match' changes the meaning of the original sentence. The correct negative would be 'They won't win the match' or 'They will not win the match'. | (e) What a lovely day it is! (Assertive): 1.0/1.0 The student correctly transformed the sentence into an assertive form. | (f) The scenery is very beautiful. (Exclamatory): 1.0/1.0 The student correctly transformed the sentence into an exclamatory form. | (g) We have completed the task. (Interrogative): 1.0/1.0 The student correctly transformed the sentence into an interrogative form. 'Haven't we' is an acceptable interrogative. | (h) None but the brave deserve the fair. (Affirmative): 1.0/1.0 The student correctly transformed the sentence into an affirmative form. | (i) I can always count on you. (Interrogative): 1.0/1.0 The student correctly transformed the sentence into an interrogative form. 'Can't I' is an acceptable interrogative. | (j) I like chocolate. (Negative): 0.0/1.0 The student's answer 'I don't dislike chocolate' changes the meaning of the original sentence. The correct negative would be 'I don't like chocolate' or 'I do not like chocolate'.,10.0,a) She doesn't sing ugly. b) How kind the teacher is! c) Aren't I going to school? d) They won't lose the match. e) It is a very lovely day. f) How beautiful the scenery is! g) Haven't we completed the task? h) Only the brave deserve the fair. i) Can't I always count on you? j) I don't dislike chocolate.,1.0,(a) She sings beautifully. (Negative): 1.0/1.0 The transformation to 'She doesn't sing ugly' correctly conveys the negative meaning while maintaining the original sense. | (b) The teacher is very kind. (Exclamatory): 1.0/1.0 The transformation to 'How kind the teacher is!' is a correct exclamatory sentence. | (c) I am going to school. (Interrogative): 1.0/1.0 The transformation to 'Aren't I going to school?' is a correct interrogative sentence. | (d) They will win the match. (Negative): 1.0/1.0 The transformation to 'They won't lose the match' correctly conveys the negative meaning using an antonym. | (e) What a lovely day it is! (Assertive): 1.0/1.0 The transformation to 'It is a very lovely day' is a correct assertive sentence. | (f) The scenery is very beautiful. (Exclamatory): 1.0/1.0 The transformation to 'How beautiful the scenery is!' is a correct exclamatory sentence. | (g) We have completed the task. (Interrogative): 1.0/1.0 The transformation to 'Haven't we completed the task?' is a correct interrogative sentence. | (h) None but the brave deserve the fair. (Affirmative): 1.0/1.0 The transformation to 'Only the brave deserve the fair' is a correct affirmative sentence. | (i) I can always count on you. (Interrogative): 1.0/1.0 The transformation to 'Can't I always count on you?' is a correct interrogative sentence. | (j) I like chocolate. (Negative): 1.0/1.0 The transformation to 'I don't dislike chocolate' correctly conveys the negative meaning while retaining the original sense.
105513979628,English,7/10,EN,"Fill in the blanks with appropriate preposition: Drug addiction has become a serious social problem (a) _____ Bangladesh, especially (b) _____ young people. Many youths fall (c) _____ addiction due (d) _____ peer pressure, frustration, and lack (e) _____ proper guidance. In some cases, drug dealers take advantage (f) _____ unemployed youths and lure them (g) _____ criminal activities. Families often suffer (h) _____ emotional and financial stress because ( i ) _____ addiction. Effective measures must be taken (j) _____ control this growing problem.",,5 /,,NO_REDMARK,,7.0,,10.0,marks_col,True,False,7.0,a) in b) for c) in d) to e) of f) of g) in h) from i) of j) to,0.95,a) in: 1.0/1.0 Correct preposition for 'in Bangladesh'. | b) for: 0.0/1.0 Incorrect. 'Among' or 'with' would be more appropriate for 'especially among young people'. | c) in: 0.0/1.0 Incorrect. 'Fall into' addiction is the correct idiom. | d) to: 1.0/1.0 Correct preposition for 'due to peer pressure'. | e) of: 1.0/1.0 Correct preposition for 'lack of proper guidance'. | f) of: 1.0/1.0 Correct preposition for 'take advantage of unemployed youths'. | g) in: 0.0/1.0 Incorrect. 'Lure them into' criminal activities is the correct idiom. | h) from: 1.0/1.0 Correct preposition for 'suffer from emotional and financial stress'. | i) of: 1.0/1.0 Correct preposition for 'because of addiction'. | j) to: 1.0/1.0 Correct preposition for 'taken to control this growing problem'.,7.0,a) in b) for c) in d) to e) of f) of g) in h) from i) of j) to,0.95,a) in: 1.0/1.0 Correct preposition for 'in Bangladesh'. | b) for: 0.0/1.0 Incorrect. 'Among' or 'with' would be more appropriate for 'especially among young people'. | c) in: 0.0/1.0 Incorrect. 'Fall into' addiction is the correct idiom. | d) to: 1.0/1.0 Correct preposition for 'due to peer pressure'. | e) of: 1.0/1.0 Correct preposition for 'lack of proper guidance'. | f) of: 1.0/1.0 Correct preposition for 'take advantage of unemployed youths'. | g) in: 0.0/1.0 Incorrect. 'Lure them into' criminal activities is the correct idiom. | h) from: 1.0/1.0 Correct preposition for 'suffer from emotional and financial stress'. | i) of: 1.0/1.0 Correct preposition for 'because of addiction'. | j) to: 1.0/1.0 Correct preposition for 'taken to control this growing problem'.
551750351093,English,7/10,EN,"Fill in the blanks with suitable articles: Lake Baikal is known as (a) _____ deepest freshwater lake in the world and is situated in (b) _____ Siberia. It holds almost one-fifth of (c) _____ world’s unfrozen fresh water. Due to (d) _____ unique ecosystem, the lake supports (e) _____ wide variety of rare plants and animals found nowhere else. During (f) _____ winter season, (g) _____ surface of the lake freezes completely. This natural phenomenon turns Baikal into (h) _____ vast sheet of ice, creating ( i ) _____ spectacular sight that attracts tourists from around (j) _____ world.",7.0,07,,GOLD,7.0,7.0,7.0,10.0,marks_col,True,True,8.0,a) the b) the c) the d) a e) a f) the g) the h) th i) a j) the,0.95,"(a) deepest freshwater lake: 1.0/1.0 The student correctly used 'the' for the superlative 'deepest'. | (b) Siberia: 0.0/1.0 The student used 'the', but no article is required before the proper noun 'Siberia'. | (c) world’s unfrozen fresh water: 1.0/1.0 The student correctly used 'the' for the specific and unique 'world'. | (d) unique ecosystem: 1.0/1.0 The student correctly used 'a' as 'unique' starts with a consonant sound. | (e) wide variety: 1.0/1.0 The student correctly used 'a' for 'wide variety'. | (f) winter season: 1.0/1.0 The student correctly used 'the' to refer to the specific winter season in context. | (g) surface of the lake: 1.0/1.0 The student correctly used 'the' for the specific 'surface of the lake'. | (h) vast sheet of ice: 0.0/1.0 The student wrote 'th', which is not a valid article. The correct article should be 'a'. | (i) spectacular sight: 1.0/1.0 The student correctly used 'a' for 'spectacular sight'. | (j) world: 1.0/1.0 The student correctly used 'the' for the specific and unique 'world'.",8.0,a) the b) the c) the d) a e) a f) the g) the h) th i) a j) the,0.95,"(a) deepest freshwater lake: 1.0/1.0 The student correctly used 'the' for the superlative 'deepest'. | (b) Siberia: 0.0/1.0 The student used 'the', but no article is required before the proper noun 'Siberia'. | (c) world’s unfrozen fresh water: 1.0/1.0 The student correctly used 'the' for the specific and unique 'world'. | (d) unique ecosystem: 1.0/1.0 The student correctly used 'a' as 'unique' starts with a consonant sound. | (e) wide variety: 1.0/1.0 The student correctly used 'a' for 'wide variety'. | (f) winter season: 1.0/1.0 The student correctly used 'the' to refer to the specific winter season in context. | (g) surface of the lake: 1.0/1.0 The student correctly used 'the' for the specific 'surface of the lake'. | (h) vast sheet of ice: 0.0/1.0 The student wrote 'th', which is not a valid article. The correct article should be 'a'. | (i) spectacular sight: 1.0/1.0 The student correctly used 'a' for 'spectacular sight'. | (j) world: 1.0/1.0 The student correctly used 'the' for the specific and unique 'world'."
468436163814,English,8/10,EN,"Fill in the blanks with the right forms of the verbs given in the bracket: (a) It is they who _____ to be blamed for the mistake. (to be) ‎(b) So long as the patient _____ under observation, the doctor stayed alert. (remain) ‎(c) We heard the birds _____ sweetly in the morning. (sing) ‎(d) The leader spoke clearly so that the people _____ understand his message. (can) ‎(e) By _____ regularly, she maintains good health. (exercise) ‎(f) The teacher noticed the boy _____ the truth. (tell) ‎(g) If he _____ honest, he would not have cheated others. (be) ‎(h) The martyrs sacrificed their lives so that the nation _____ live in freedom. (may) ‎( i ) She avoided _____ about the matter unnecessarily. (talk) ‎(j) The child was made _____ the medicine on time. (take)",8.0,8,,GOLD,8.0,8.0,8.0,10.0,marks_col,True,True,8.0,a) are b) remains c) singing d) could e) exercising f) telling g) were h) might i) talking j) taken taking,0.95,"(a) It is they who _____ to be blamed for the mistake. (to be): 1.0/1.0 Correct. 'are' is the correct form for the plural subject 'they'. | (b) So long as the patient _____ under observation, the doctor stayed alert. (remain): 1.0/1.0 Correct. 'remains' is the correct form for the singular subject 'patient' in the present tense. | (c) We heard the birds _____ sweetly in the morning. (sing): 1.0/1.0 Correct. Both 'sing' and 'singing' are acceptable after 'heard the birds'. The student wrote 'singing'. | (d) The leader spoke clearly so that the people _____ understand his message. (can): 1.0/1.0 Correct. 'could' is the past tense form of 'can', matching the past tense 'spoke' in the main clause. | (e) By _____ regularly, she maintains good health. (exercise): 1.0/1.0 Correct. After the preposition 'By', the verb takes the gerund form 'exercising'. | (f) The teacher noticed the boy _____ the truth. (tell): 1.0/1.0 Correct. Both 'tell' and 'telling' are acceptable after 'noticed the boy'. The student wrote 'telling'. | (g) If he _____ honest, he would not have cheated others. (be): 0.0/1.0 Incorrect. This is a Type 3 conditional sentence, requiring 'had been' in the 'if' clause. The student wrote 'were', which would be for a Type 2 conditional. | (h) The martyrs sacrificed their lives so that the nation _____ live in freedom. (may): 1.0/1.0 Correct. 'might' is the past tense form of 'may', matching the past tense 'sacrificed' in the main clause. | (i) She avoided _____ about the matter unnecessarily. (talk): 1.0/1.0 Correct. The verb 'avoid' is followed by a gerund, 'talking'. | (j) The child was made _____ the medicine on time. (take): 0.0/1.0 Incorrect. In the passive voice, 'made' is followed by the infinitive with 'to' ('to take'). The student wrote 'taking'.",8.0,a) are b) remains c) singing d) could e) exercising f) telling g) were h) might i) talking j) taken taking,0.95,"(a) It is they who _____ to be blamed for the mistake. (to be): 1.0/1.0 Correct. 'are' is the correct form for the plural subject 'they'. | (b) So long as the patient _____ under observation, the doctor stayed alert. (remain): 1.0/1.0 Correct. 'remains' is the correct form for the singular subject 'patient' in the present tense. | (c) We heard the birds _____ sweetly in the morning. (sing): 1.0/1.0 Correct. Both 'sing' and 'singing' are acceptable after 'heard the birds'. The student wrote 'singing'. | (d) The leader spoke clearly so that the people _____ understand his message. (can): 1.0/1.0 Correct. 'could' is the past tense form of 'can', matching the past tense 'spoke' in the main clause. | (e) By _____ regularly, she maintains good health. (exercise): 1.0/1.0 Correct. After the preposition 'By', the verb takes the gerund form 'exercising'. | (f) The teacher noticed the boy _____ the truth. (tell): 1.0/1.0 Correct. Both 'tell' and 'telling' are acceptable after 'noticed the boy'. The student wrote 'telling'. | (g) If he _____ honest, he would not have cheated others. (be): 0.0/1.0 Incorrect. This is a Type 3 conditional sentence, requiring 'had been' in the 'if' clause. The student wrote 'were', which would be for a Type 2 conditional. | (h) The martyrs sacrificed their lives so that the nation _____ live in freedom. (may): 1.0/1.0 Correct. 'might' is the past tense form of 'may', matching the past tense 'sacrificed' in the main clause. | (i) She avoided _____ about the matter unnecessarily. (talk): 1.0/1.0 Correct. The verb 'avoid' is followed by a gerund, 'talking'. | (j) The child was made _____ the medicine on time. (take): 0.0/1.0 Incorrect. In the passive voice, 'made' is followed by the infinitive with 'to' ('to take'). The student wrote 'taking'."
457394298384,English,7/10,EN,"Fill in the blanks with appropriate preposition: Bangladesh is rich (a) _____ biodiversity, including forests, rivers, wetlands, and wildlife. However, many species are now (b) _____ threat due (c) _____ deforestation, pollution, and climate change. The Sundarbans, known (d) _____ the largest mangrove forest in the world, plays an important role (e) _____ maintaining ecological balance. Various laws have been introduced (f) _____ protect wildlife, but lack (g) _____ awareness among people hampers conservation efforts. Active participation (h) _____ local communities is essential ( i ) _____ the success (j) _____ biodiversity conservation programs.",,,,NO_REDMARK,,7.0,,10.0,marks_col,True,False,7.0,(a) in with (b) in (c) to (d) as (e) in (f) to (g) of (h) on (i) to (j) of,0.95,(a) Bangladesh is rich _____ biodiversity: 0.0/1.0 The correct preposition is 'in'. The student wrote 'in with'. | (b) many species are now _____ threat: 0.0/1.0 The correct preposition is 'under'. The student wrote 'in'. | (c) threat due _____ deforestation: 1.0/1.0 The student correctly used 'to'. | (d) known _____ the largest mangrove forest: 1.0/1.0 The student correctly used 'as'. | (e) plays an important role _____ maintaining ecological balance: 1.0/1.0 The student correctly used 'in'. | (f) introduced _____ protect wildlife: 1.0/1.0 The student correctly used 'to'. | (g) lack _____ awareness among people: 1.0/1.0 The student correctly used 'of'. | (h) Active participation _____ local communities: 0.0/1.0 The correct preposition is 'of'. The student wrote 'on'. | (i) is essential _____ the success: 1.0/1.0 The student correctly used 'to'. 'Essential to' is an acceptable alternative to 'essential for'. | (j) the success _____ biodiversity conservation programs: 1.0/1.0 The student correctly used 'of'.,7.0,(a) in with (b) in (c) to (d) as (e) in (f) to (g) of (h) on (i) to (j) of,0.95,(a) Bangladesh is rich _____ biodiversity: 0.0/1.0 The correct preposition is 'in'. The student wrote 'in with'. | (b) many species are now _____ threat: 0.0/1.0 The correct preposition is 'under'. The student wrote 'in'. | (c) threat due _____ deforestation: 1.0/1.0 The student correctly used 'to'. | (d) known _____ the largest mangrove forest: 1.0/1.0 The student correctly used 'as'. | (e) plays an important role _____ maintaining ecological balance: 1.0/1.0 The student correctly used 'in'. | (f) introduced _____ protect wildlife: 1.0/1.0 The student correctly used 'to'. | (g) lack _____ awareness among people: 1.0/1.0 The student correctly used 'of'. | (h) Active participation _____ local communities: 0.0/1.0 The correct preposition is 'of'. The student wrote 'on'. | (i) is essential _____ the success: 1.0/1.0 The student correctly used 'to'. 'Essential to' is an acceptable alternative to 'essential for'. | (j) the success _____ biodiversity conservation programs: 1.0/1.0 The student correctly used 'of'.
665396007446,English,7/10,EN,"Fill in the blanks with suitable articles: Niagara Falls is (a) _____ world-famous waterfall located on (b) _____ border between the United States and Canada. Every year, (c) _____ large number of tourists travel from different countries to witness (d) _____ natural beauty and force of the falling water. During (e) _____ summer months, the area becomes crowded with visitors. At night, (f) _____ illumination of the falls creates (g) _____ breathtaking view. For many travelers, seeing the falls is (h) _____ unforgettable experience and remains ( i ) _____ highlight of their journey to (j) _____ region.",,,,NO_REDMARK,,7.0,,10.0,marks_col,True,False,7.0,(a) the (b) the (c) A (d) the (e) x (f) the (g) a (h) an (i) a (j) the,1.0,"(a) suitable article for 'world-famous waterfall': 0.0/1.0 The student wrote 'the', but 'a' is more appropriate as it describes 'one of' many world-famous waterfalls. | (b) suitable article for 'border': 1.0/1.0 The student correctly used 'the' for a specific border. | (c) suitable article for 'large number': 1.0/1.0 The student correctly used 'A' (capitalized, which is acceptable) for the idiom 'a large number'. | (d) suitable article for 'natural beauty': 1.0/1.0 The student correctly used 'the' for the specific natural beauty of the falls. | (e) suitable article for 'summer months': 0.0/1.0 The student marked 'x', indicating an incorrect or omitted answer. The correct article is 'the' for specific summer months. | (f) suitable article for 'illumination': 1.0/1.0 The student correctly used 'the' for the specific illumination of the falls. | (g) suitable article for 'breathtaking view': 1.0/1.0 The student correctly used 'a' for a general breathtaking view. | (h) suitable article for 'unforgettable experience': 1.0/1.0 The student correctly used 'an' before a vowel sound. | (i) suitable article for 'highlight': 0.0/1.0 The student wrote 'a', but 'the' is more appropriate as it refers to the singular, most significant highlight of their journey, especially following 'an unforgettable experience'. | (j) suitable article for 'region': 1.0/1.0 The student correctly used 'the' for the specific region.",7.0,(a) the (b) the (c) A (d) the (e) x (f) the (g) a (h) an (i) a (j) the,1.0,"(a) suitable article for 'world-famous waterfall': 0.0/1.0 The student wrote 'the', but 'a' is more appropriate as it describes 'one of' many world-famous waterfalls. | (b) suitable article for 'border': 1.0/1.0 The student correctly used 'the' for a specific border. | (c) suitable article for 'large number': 1.0/1.0 The student correctly used 'A' (capitalized, which is acceptable) for the idiom 'a large number'. | (d) suitable article for 'natural beauty': 1.0/1.0 The student correctly used 'the' for the specific natural beauty of the falls. | (e) suitable article for 'summer months': 0.0/1.0 The student marked 'x', indicating an incorrect or omitted answer. The correct article is 'the' for specific summer months. | (f) suitable article for 'illumination': 1.0/1.0 The student correctly used 'the' for the specific illumination of the falls. | (g) suitable article for 'breathtaking view': 1.0/1.0 The student correctly used 'a' for a general breathtaking view. | (h) suitable article for 'unforgettable experience': 1.0/1.0 The student correctly used 'an' before a vowel sound. | (i) suitable article for 'highlight': 0.0/1.0 The student wrote 'a', but 'the' is more appropriate as it refers to the singular, most significant highlight of their journey, especially following 'an unforgettable experience'. | (j) suitable article for 'region': 1.0/1.0 The student correctly used 'the' for the specific region."
827993948441,English,8/10,EN,"Correct the following sentences: (a) He did not pay attention on what the teacher said. ‎(b) She insisted to go there alone. ‎(c) The police caught the thief red handed. ‎(d) He is superior than me in mathematics. ‎(e) Despite of his illness, he attended the meeting. ‎(f) The teacher emphasized on the importance of discipline. ‎(g) He was prevented to enter the room. ‎(h) I am not accustomed with such behavior. ‎( i ) The news are very surprising. ‎(j) He described about the incident in detail.",8.0,8,,GOLD,8.0,8.0,8.0,10.0,marks_col,True,True,8.0,"(a) He did not pay attention to what the teacher said. (b) She insisted on going there alone. (c) The police caught out the thief red handed. (d) He is superior to me in mathematics. (e) Despite his illness, he attended the meeting. (f) The teacher emphasized in the importance of discipline. (g) He was prevented from entering the room. (h) I am not accustomed to such behavior. (i) The news is very surprising. (j) He described the incident in detail.",0.95,"(a) He did not pay attention on what the teacher said.: 1.0/1.0 Correctly changed 'on' to 'to'. | (b) She insisted to go there alone.: 1.0/1.0 Correctly changed 'to go' to 'on going'. | (c) The police caught the thief red handed.: 0.0/1.0 The original sentence is grammatically correct and idiomatic. The student added 'out', which is an unnecessary change and not a correction of an error. | (d) He is superior than me in mathematics.: 1.0/1.0 Correctly changed 'than' to 'to'. | (e) Despite of his illness, he attended the meeting.: 1.0/1.0 Correctly removed 'of'. | (f) The teacher emphasized on the importance of discipline.: 0.0/1.0 The student changed 'on' to 'in'. The correct form is 'emphasized the importance' (no preposition). | (g) He was prevented to enter the room.: 1.0/1.0 Correctly changed 'to enter' to 'from entering'. | (h) I am not accustomed with such behavior.: 1.0/1.0 Correctly changed 'with' to 'to'. | (i) The news are very surprising.: 1.0/1.0 Correctly changed 'are' to 'is'. | (j) He described about the incident in detail.: 1.0/1.0 Correctly removed 'about'.",8.0,"(a) He did not pay attention to what the teacher said. (b) She insisted on going there alone (c) The police caught out the thief red handed. (d) He is superior to me in mathematics.. (e) Despite his illness, he attended the meeting (f) The teacher emphasized in the importance of discipline (g) He was prevented from entering the room (h) I am not accustomed to such behavior. (i) The news is very surprising (j) He described the incident in detail",0.95,"Sentence (a): He did not pay attention on what the teacher said.: 1.0/1.0 Student correctly changed 'on what' to 'to what'. | Sentence (b): She insisted to go there alone.: 1.0/1.0 Student correctly changed 'to go' to 'on going'. | Sentence (c): The police caught the thief red handed.: 0.0/1.0 The original sentence was already correct. Student incorrectly added 'out', changing the meaning and introducing an error. | Sentence (d): He is superior than me in mathematics.: 1.0/1.0 Student correctly changed 'superior than me' to 'superior to me'. | Sentence (e): Despite of his illness, he attended the meeting.: 1.0/1.0 Student correctly removed 'of' from 'Despite of his illness'. | Sentence (f): The teacher emphasized on the importance of discipline.: 0.0/1.0 The correct form is 'emphasized the importance' (without a preposition). Student changed 'on' to 'in', which is still incorrect. | Sentence (g): He was prevented to enter the room.: 1.0/1.0 Student correctly changed 'prevented to enter' to 'prevented from entering'. | Sentence (h): I am not accustomed with such behavior.: 1.0/1.0 Student correctly changed 'accustomed with' to 'accustomed to'. | Sentence (i): The news are very surprising.: 1.0/1.0 Student correctly changed 'The news are' to 'The news is'. | Sentence (j): He described about the incident in detail.: 1.0/1.0 Student correctly removed 'about' from 'described about the incident'."
324443608444,English,7/10,EN,"Fill in the blanks with the right forms of the verbs given in the bracket: (a) It is she who _____ responsible for organizing the event. (to be) ‎(b) As long as the weather _____ fine, we continued our journey. (to remain) ‎(c) The teacher saw the students _____ attentively in the class. (listen) ‎(d) He spoke loudly so that everyone _____ hear him clearly. (can) ‎(e) By _____ hard, one can achieve success in life. (work) ‎(f) We noticed the baby _____ loudly in the next room. (cry) ‎(g) Unless he _____ careful, he may fall into trouble. (to be) ‎(h) The soldier fought bravely so that his country _____ remain free. (may) ‎( i ) She prefers _____ alone rather than in a group. (work) ‎(j) The man pretended _____ unaware of the situation. (be)",5.0,5,,FLAG,5.0,7.0,,10.0,marks_col,True,True,7.0,(a) is (g) is (b) remain (h) might (c) listened (i) working (d) could (j) to be (e) working (f) was crying,1.0,"(a) It is she who _____ responsible for organizing the event. (to be): 1.0/1.0 Student correctly identified 'is' as the present tense form of 'to be' agreeing with 'she'. | (b) As long as the weather _____ fine, we continued our journey. (to remain): 0.0/1.0 Student wrote 'remain'. The correct form should be 'remained' to match the past tense of 'continued'. | (c) The teacher saw the students _____ attentively in the class. (listen): 0.0/1.0 Student wrote 'listened'. After verbs of perception like 'saw' followed by an object, the bare infinitive ('listen') or present participle ('listening') is used. 'Listened' is incorrect here. | (d) He spoke loudly so that everyone _____ hear him clearly. (can): 1.0/1.0 Student correctly identified 'could' as the past tense form of 'can' to match 'spoke'. | (e) By _____ hard, one can achieve success in life. (work): 1.0/1.0 Student correctly identified 'working' as the gerund form required after 'By'. | (f) We noticed the baby _____ loudly in the next room. (cry): 0.0/1.0 Student wrote 'was crying'. Similar to (c), after verbs of perception like 'noticed' followed by an object, the bare infinitive ('cry') or present participle ('crying') is used. 'Was crying' is a full verb phrase, not just the correct form of 'cry' to fill the blank. | (g) Unless he _____ careful, he may fall into trouble. (to be): 1.0/1.0 Student correctly identified 'is' as the present tense form of 'to be' in the conditional clause. | (h) The soldier fought bravely so that his country _____ remain free. (may): 1.0/1.0 Student correctly identified 'might' as the past tense form of 'may' to match 'fought'. | (i) She prefers _____ alone rather than in a group. (work): 1.0/1.0 Student correctly identified 'working' as a valid form (gerund) after 'prefers'. 'To work' would also be acceptable. | (j) The man pretended _____ unaware of the situation. (be): 1.0/1.0 Student correctly identified 'to be' as the infinitive form required after 'pretended'.",7.0,(a) is (g) is (b) remain (h) might (c) listened (i) working (d) could (j) to be (e) working (f) was crying,1.0,"(a) It is she who _____ responsible for organizing the event. (to be): 1.0/1.0 Student correctly identified 'is' as the present tense form of 'to be' agreeing with 'she'. | (b) As long as the weather _____ fine, we continued our journey. (to remain): 0.0/1.0 Student wrote 'remain'. The correct form should be 'remained' to match the past tense of 'continued'. | (c) The teacher saw the students _____ attentively in the class. (listen): 0.0/1.0 Student wrote 'listened'. After verbs of perception like 'saw' followed by an object, the bare infinitive ('listen') or present participle ('listening') is used. 'Listened' is incorrect here. | (d) He spoke loudly so that everyone _____ hear him clearly. (can): 1.0/1.0 Student correctly identified 'could' as the past tense form of 'can' to match 'spoke'. | (e) By _____ hard, one can achieve success in life. (work): 1.0/1.0 Student correctly identified 'working' as the gerund form required after 'By'. | (f) We noticed the baby _____ loudly in the next room. (cry): 0.0/1.0 Student wrote 'was crying'. Similar to (c), after verbs of perception like 'noticed' followed by an object, the bare infinitive ('cry') or present participle ('crying') is used. 'Was crying' is a full verb phrase, not just the correct form of 'cry' to fill the blank. | (g) Unless he _____ careful, he may fall into trouble. (to be): 1.0/1.0 Student correctly identified 'is' as the present tense form of 'to be' in the conditional clause. | (h) The soldier fought bravely so that his country _____ remain free. (may): 1.0/1.0 Student correctly identified 'might' as the past tense form of 'may' to match 'fought'. | (i) She prefers _____ alone rather than in a group. (work): 1.0/1.0 Student correctly identified 'working' as a valid form (gerund) after 'prefers'. 'To work' would also be acceptable. | (j) The man pretended _____ unaware of the situation. (be): 1.0/1.0 Student correctly identified 'to be' as the infinitive form required after 'pretended'."
160810261587,English,9/10,EN,Change the sentences as directed. (a) He is reading a book. (Interrogative) ‎(b) What a beautiful piece of painting it is! (Assertive) ‎(c) They are playing in the garden. (Interrogative) ‎(d) I will help you. (Interrogative) ‎(e) She dances very gracefully. (Exclamatory) ‎(f) The cat is on the roof. (Negative) ‎(g) We visited the museum yesterday. (Interrogative) ‎(h) He is nothing but 15 years old. (Affirmative) ‎( i ) How wonderful the sunset is! (Assertive) ‎(j) She loves singing. (Negative),,,,NO_REDMARK,,9.0,,10.0,marks_col,True,False,6.0,a) Isn't he reading a book? b) It is a very beauti!! pieca od paruliy c) Aren't they playing in the garden? d) I will not harm you. e) How gracefully she dances! f) The cat is not on the bottom. g) Didn't we visit the museum yesterday? h) He is only 15 years old i) The sunset is very wonderful j) She does not hate singing,0.9,"(a) He is reading a book. (Interrogative): 1.0/1.0 The student correctly transformed the sentence into an interrogative form. | (b) What a beautiful piece of painting it is! (Assertive): 0.0/1.0 The student's answer 'It is a very beauti!! pieca od paruliy' contains multiple critical spelling errors ('beauti!!' for 'beautiful', 'pieca' for 'piece', 'od' for 'of', 'paruliy' for 'painting') which make the words almost unrecognizable and the answer incorrect. | (c) They are playing in the garden. (Interrogative): 1.0/1.0 The student correctly transformed the sentence into an interrogative form. | (d) I will help you. (Interrogative): 0.0/1.0 The student's answer 'I will not harm you.' is a negative assertive sentence, not an interrogative sentence, and changes the meaning of the original sentence. | (e) She dances very gracefully. (Exclamatory): 1.0/1.0 The student correctly transformed the sentence into an exclamatory form. | (f) The cat is on the roof. (Negative): 0.0/1.0 The student's answer 'The cat is not on the bottom.' correctly makes the sentence negative but changes the meaning by replacing 'roof' with 'bottom'. | (g) We visited the museum yesterday. (Interrogative): 1.0/1.0 The student correctly transformed the sentence into an interrogative form. | (h) He is nothing but 15 years old. (Affirmative): 1.0/1.0 The student correctly transformed the sentence into an affirmative form, understanding that 'nothing but' means 'only'. | (i) How wonderful the sunset is! (Assertive): 1.0/1.0 The student correctly transformed the sentence into an assertive form. | (j) She loves singing. (Negative): 0.0/1.0 The student's answer 'She does not hate singing' is grammatically negative but changes the meaning of the original sentence ('loves' vs. 'does not hate'). The correct transformation would be 'She does not love singing'.",6.0,a) Isn't he reading a book? b) It is a very beauti!! pieca od paruliy c) Aren't they playing in the garden? d) I will not harm you. e) How gracefully she dances! f) The cat is not on the bottom. g) Didn't we visit the museum yesterday? h) He is only 15 years old i) The sunset is very wonderful j) She does not hate singing,0.9,"(a) He is reading a book. (Interrogative): 1.0/1.0 The student correctly transformed the sentence into an interrogative form. | (b) What a beautiful piece of painting it is! (Assertive): 0.0/1.0 The student's answer 'It is a very beauti!! pieca od paruliy' contains multiple critical spelling errors ('beauti!!' for 'beautiful', 'pieca' for 'piece', 'od' for 'of', 'paruliy' for 'painting') which make the words almost unrecognizable and the answer incorrect. | (c) They are playing in the garden. (Interrogative): 1.0/1.0 The student correctly transformed the sentence into an interrogative form. | (d) I will help you. (Interrogative): 0.0/1.0 The student's answer 'I will not harm you.' is a negative assertive sentence, not an interrogative sentence, and changes the meaning of the original sentence. | (e) She dances very gracefully. (Exclamatory): 1.0/1.0 The student correctly transformed the sentence into an exclamatory form. | (f) The cat is on the roof. (Negative): 0.0/1.0 The student's answer 'The cat is not on the bottom.' correctly makes the sentence negative but changes the meaning by replacing 'roof' with 'bottom'. | (g) We visited the museum yesterday. (Interrogative): 1.0/1.0 The student correctly transformed the sentence into an interrogative form. | (h) He is nothing but 15 years old. (Affirmative): 1.0/1.0 The student correctly transformed the sentence into an affirmative form, understanding that 'nothing but' means 'only'. | (i) How wonderful the sunset is! (Assertive): 1.0/1.0 The student correctly transformed the sentence into an assertive form. | (j) She loves singing. (Negative): 0.0/1.0 The student's answer 'She does not hate singing' is grammatically negative but changes the meaning of the original sentence ('loves' vs. 'does not hate'). The correct transformation would be 'She does not love singing'."
711177325799,English,2/5,EN,Answer the following questions : (a) The idiom ‘going south’ refers to _____. (b) British Bangalis are _____ important part of _____ Bangladeshi diaspora who are living abroad. (Use appropriate articles in the gaps.) (c) What is the adjective of the word “Enthusiasm”? (d) What does the phrase “Sine Die” mean? (e) Pick the correct sentence: ( i ) I owe to you (ii) I am owing to you (iii) I owe you (iv) I owe at you,2.0,02,,GOLD,2.0,2.0,2.0,5.0,marks_col,True,True,2.0,(a) long Journey (b) X a (c) Enthusiastic (d) good (e) I owe you.,1.0,"Answer to (a) The idiom ‘going south’ refers to _____.: 0.0/1.0 The student answered 'long Journey', which is incorrect. The idiom means 'deteriorating' or 'getting worse'. | Answer to (b) British Bangalis are _____ important part of _____ Bangladeshi diaspora who are living abroad. (Use appropriate articles in the gaps.): 0.0/1.0 The student provided 'X' and 'a'. The correct articles are 'an' and 'the'. | Answer to (c) What is the adjective of the word “Enthusiasm”?: 1.0/1.0 The student correctly identified 'Enthusiastic' as the adjective. | Answer to (d) What does the phrase “Sine Die” mean?: 0.0/1.0 The student answered 'good', which is incorrect. 'Sine Die' means 'indefinitely' or 'without a day being set for a future meeting'. | Answer to (e) Pick the correct sentence: ( i ) I owe to you (ii) I am owing to you (iii) I owe you (iv) I owe at you: 1.0/1.0 The student correctly picked 'I owe you'.",2.0,(a) long Journey (b) X a (c) Enthusiastic (d) good (e) I owe you.,1.0,"Answer to (a) The idiom ‘going south’ refers to _____.: 0.0/1.0 The student answered 'long Journey', which is incorrect. The idiom means 'deteriorating' or 'getting worse'. | Answer to (b) British Bangalis are _____ important part of _____ Bangladeshi diaspora who are living abroad. (Use appropriate articles in the gaps.): 0.0/1.0 The student provided 'X' and 'a'. The correct articles are 'an' and 'the'. | Answer to (c) What is the adjective of the word “Enthusiasm”?: 1.0/1.0 The student correctly identified 'Enthusiastic' as the adjective. | Answer to (d) What does the phrase “Sine Die” mean?: 0.0/1.0 The student answered 'good', which is incorrect. 'Sine Die' means 'indefinitely' or 'without a day being set for a future meeting'. | Answer to (e) Pick the correct sentence: ( i ) I owe to you (ii) I am owing to you (iii) I owe you (iv) I owe at you: 1.0/1.0 The student correctly picked 'I owe you'."
575892002432,English,3/5,EN,"Answer the following questions according to the instructions: (a) Which collective noun is used to describe a number of sheep? (b) What type of phrase the underlined part is- “He could not go to school on account of illness.”? (c) ‘The experiment has been a resounding success’. Here ‘resounding’ means- (d) What is the meaning of the proverb, ‘The pot calling the kettle black? (e) Which one is the correct sentence? (i) Neither of those mattresses feel comfortable. (ii) Neither of those mattresses are feeling comfortable. (iii) Neither of those mattresses feels comfortable. (iv) Neither of those mattresses have felt comfortable.",3.0,03,,GOLD,3.0,3.0,3.0,5.0,marks_col,True,True,3.0,৩২ @ heard of sheep P prepositional phrase resounding- tremendous (অভূতপূর্ব) (d) (e) (iii) Neither of those mattress feels comfortable,0.95,"Which collective noun is used to describe a number of sheep?: 0.0/1.0 The student wrote 'heard' instead of the correct collective noun 'herd'. | What type of phrase the underlined part is- “He could not go to school on account of illness.”?: 1.0/1.0 Correctly identified as a 'prepositional phrase'. | ‘The experiment has been a resounding success’. Here ‘resounding’ means-: 1.0/1.0 Correctly provided 'tremendous' and its Bengali equivalent as the meaning of 'resounding'. | What is the meaning of the proverb, ‘The pot calling the kettle black?: 0.0/1.0 No answer was provided for this question. | Which one is the correct sentence? (i) Neither of those mattresses feel comfortable. (ii) Neither of those mattresses are feeling comfortable. (iii) Neither of those mattresses feels comfortable. (iv) Neither of those mattresses have felt comfortable.: 1.0/1.0 The student correctly identified option (iii) and wrote the sentence with the correct singular verb 'feels', demonstrating understanding of subject-verb agreement with 'Neither of'. The minor transcription error of 'mattress' instead of 'mattresses' does not affect the core grammatical point.",3.0,৩২ @ heard of sheep P prepositional phrase resounding- tremendous (অভূতপূর্ব) (d) (e) (iii) Neither of those mattress feels comfortable,0.95,"Which collective noun is used to describe a number of sheep?: 0.0/1.0 The student wrote 'heard' instead of the correct collective noun 'herd'. | What type of phrase the underlined part is- “He could not go to school on account of illness.”?: 1.0/1.0 Correctly identified as a 'prepositional phrase'. | ‘The experiment has been a resounding success’. Here ‘resounding’ means-: 1.0/1.0 Correctly provided 'tremendous' and its Bengali equivalent as the meaning of 'resounding'. | What is the meaning of the proverb, ‘The pot calling the kettle black?: 0.0/1.0 No answer was provided for this question. | Which one is the correct sentence? (i) Neither of those mattresses feel comfortable. (ii) Neither of those mattresses are feeling comfortable. (iii) Neither of those mattresses feels comfortable. (iv) Neither of those mattresses have felt comfortable.: 1.0/1.0 The student correctly identified option (iii) and wrote the sentence with the correct singular verb 'feels', demonstrating understanding of subject-verb agreement with 'Neither of'. The minor transcription error of 'mattress' instead of 'mattresses' does not affect the core grammatical point."
377936192482,English,5/5,EN,Transform the following sentences as directed : (a) Only Allah can help us. (Make it negative) (b) My hair grows very fast. (Make it exclamatory) (c) Let the boy be warned. (Make it active) (d) I read books for pleasure. (Make it complex) (e) I am sure that he will succeed. (Make it simple),2.5,2.5,,FLAG,2.5,5.0,,5.0,marks_col,True,True,4.0,"(a) None but Allah can help us. (b) HOW fast my hair grows! (c) please, You should warn the boy. (d) I read books, so that I get pleasure. (e) Surely, he will succeed",0.95,"Transform (a) Only Allah can help us. (Make it negative): 1.0/1.0 The transformation 'None but Allah can help us' is grammatically correct and accurately conveys the negative form while retaining the original meaning. | Transform (b) My hair grows very fast. (Make it exclamatory): 1.0/1.0 The transformation 'HOW fast my hair grows!' is a correct exclamatory form of the given sentence. | Transform (c) Let the boy be warned. (Make it active): 0.0/1.0 The original sentence 'Let the boy be warned' is an imperative passive. The active form should be 'Warn the boy' or 'You warn the boy'. The student's answer 'please, You should warn the boy' changes the modality and meaning by adding 'should' and 'please', making it a suggestion rather than a direct active command. | Transform (d) I read books for pleasure. (Make it complex): 1.0/1.0 The transformation 'I read books, so that I get pleasure' correctly converts the simple sentence into a complex one by introducing an adverbial clause of purpose ('so that I get pleasure'). | Transform (e) I am sure that he will succeed. (Make it simple): 1.0/1.0 The transformation 'Surely, he will succeed' correctly converts the complex sentence into a simple one by replacing the noun clause 'that he will succeed' with the adverb 'Surely' which conveys the same meaning.",4.0,"(a) None but Allah can help us. (b) HOW fast my hair grows! (c) please, You should warn the boy. (d) I read books, so that I get pleasure. (e) Surely, he will succeed",0.95,"Transform (a) Only Allah can help us. (Make it negative): 1.0/1.0 The transformation 'None but Allah can help us' is grammatically correct and accurately conveys the negative form while retaining the original meaning. | Transform (b) My hair grows very fast. (Make it exclamatory): 1.0/1.0 The transformation 'HOW fast my hair grows!' is a correct exclamatory form of the given sentence. | Transform (c) Let the boy be warned. (Make it active): 0.0/1.0 The original sentence 'Let the boy be warned' is an imperative passive. The active form should be 'Warn the boy' or 'You warn the boy'. The student's answer 'please, You should warn the boy' changes the modality and meaning by adding 'should' and 'please', making it a suggestion rather than a direct active command. | Transform (d) I read books for pleasure. (Make it complex): 1.0/1.0 The transformation 'I read books, so that I get pleasure' correctly converts the simple sentence into a complex one by introducing an adverbial clause of purpose ('so that I get pleasure'). | Transform (e) I am sure that he will succeed. (Make it simple): 1.0/1.0 The transformation 'Surely, he will succeed' correctly converts the complex sentence into a simple one by replacing the noun clause 'that he will succeed' with the adverb 'Surely' which conveys the same meaning."
180052742843,English,1/5,EN,Change the following words as instructed in the brackets : (a) I nquisitive (synonym) (b) Patriot (adjective) (c) Inimical (antonym) (d) Propound (synonym) e) Sire (feminine),0.0,0,,FLAG,0.0,1.0,,5.0,marks_col,True,True,2.0,(a) ugly (b) patriotic (c) (d) distingusih (e) madam queen,0.95,"(a) Inquisitive (synonym): 0.0/1.0 The student provided 'ugly', which is not a synonym for 'inquisitive'. | (b) Patriot (adjective): 1.0/1.0 The student correctly provided 'patriotic' as the adjective form of 'patriot'. | (c) Inimical (antonym): 0.0/1.0 The student left this item blank. | (d) Propound (synonym): 0.0/1.0 The student provided 'distingusih', which is not a synonym for 'propound' and is also misspelled. | (e) Sire (feminine): 1.0/1.0 The student provided 'queen'. While 'Madam' is the direct feminine form of address for 'Sire', 'queen' is commonly accepted as the feminine equivalent in a general sense, especially in the context of royalty.",2.0,(a) ugly (b) patriotic (c) (d) distingusih (e) madam queen,0.95,"(a) Inquisitive (synonym): 0.0/1.0 The student provided 'ugly', which is not a synonym for 'inquisitive'. | (b) Patriot (adjective): 1.0/1.0 The student correctly provided 'patriotic' as the adjective form of 'patriot'. | (c) Inimical (antonym): 0.0/1.0 The student left this item blank. | (d) Propound (synonym): 0.0/1.0 The student provided 'distingusih', which is not a synonym for 'propound' and is also misspelled. | (e) Sire (feminine): 1.0/1.0 The student provided 'queen'. While 'Madam' is the direct feminine form of address for 'Sire', 'queen' is commonly accepted as the feminine equivalent in a general sense, especially in the context of royalty."
968642887479,English,9/10,EN,"Fill in the blanks with the right forms of the verbs given in the bracket: (a) It is she who _____ responsible for organizing the event. (to be) ‎(b) As long as the weather _____ fine, we continued our journey. (to remain) ‎(c) The teacher saw the students _____ attentively in the class. (listen) ‎(d) He spoke loudly so that everyone _____ hear him clearly. (can) ‎(e) By _____ hard, one can achieve success in life. (work) ‎(f) We noticed the baby _____ loudly in the next room. (cry) ‎(g) Unless he _____ careful, he may fall into trouble. (to be) ‎(h) The soldier fought bravely so that his country _____ remain free. (may) ‎( i ) She prefers _____ alone rather than in a group. (work) ‎(j) The man pretended _____ unaware of the situation. (be)",,,,NO_REDMARK,,9.0,,10.0,marks_col,True,False,9.0,a) is b) remains c) listening d) could e) working f) crying g) is h) might i) working j) to be,0.95,"(a) It is she who _____ responsible for organizing the event. (to be): 1.0/1.0 Student correctly used 'is' for subject-verb agreement. | (b) As long as the weather _____ fine, we continued our journey. (to remain): 0.0/1.0 Student wrote 'remains'. The correct form should be 'remained' to match the past tense of 'continued'. | (c) The teacher saw the students _____ attentively in the class. (listen): 1.0/1.0 Student correctly used 'listening'. Both 'listen' and 'listening' are acceptable after verbs of perception, with 'listening' emphasizing ongoing action. | (d) He spoke loudly so that everyone _____ hear him clearly. (can): 1.0/1.0 Student correctly used 'could' to match the past tense of 'spoke'. | (e) By _____ hard, one can achieve success in life. (work): 1.0/1.0 Student correctly used the gerund 'working' after the preposition 'By'. | (f) We noticed the baby _____ loudly in the next room. (cry): 1.0/1.0 Student correctly used 'crying'. Both 'cry' and 'crying' are acceptable after verbs of perception, with 'crying' emphasizing ongoing action. | (g) Unless he _____ careful, he may fall into trouble. (to be): 1.0/1.0 Student correctly used 'is' for the present conditional clause. | (h) The soldier fought bravely so that his country _____ remain free. (may): 1.0/1.0 Student correctly used 'might' to match the past tense of 'fought'. | (i) She prefers _____ alone rather than in a group. (work): 1.0/1.0 Student correctly used the gerund 'working' after 'prefers', especially with 'rather than'. | (j) The man pretended _____ unaware of the situation. (be): 1.0/1.0 Student correctly used the infinitive 'to be' after 'pretended'.",9.0,a) is b) remains c) listening d) could e) working f) crying g) is h) might i) working j) to be,0.95,"(a) It is she who _____ responsible for organizing the event. (to be): 1.0/1.0 Student correctly used 'is' for subject-verb agreement. | (b) As long as the weather _____ fine, we continued our journey. (to remain): 0.0/1.0 Student wrote 'remains'. The correct form should be 'remained' to match the past tense of 'continued'. | (c) The teacher saw the students _____ attentively in the class. (listen): 1.0/1.0 Student correctly used 'listening'. Both 'listen' and 'listening' are acceptable after verbs of perception, with 'listening' emphasizing ongoing action. | (d) He spoke loudly so that everyone _____ hear him clearly. (can): 1.0/1.0 Student correctly used 'could' to match the past tense of 'spoke'. | (e) By _____ hard, one can achieve success in life. (work): 1.0/1.0 Student correctly used the gerund 'working' after the preposition 'By'. | (f) We noticed the baby _____ loudly in the next room. (cry): 1.0/1.0 Student correctly used 'crying'. Both 'cry' and 'crying' are acceptable after verbs of perception, with 'crying' emphasizing ongoing action. | (g) Unless he _____ careful, he may fall into trouble. (to be): 1.0/1.0 Student correctly used 'is' for the present conditional clause. | (h) The soldier fought bravely so that his country _____ remain free. (may): 1.0/1.0 Student correctly used 'might' to match the past tense of 'fought'. | (i) She prefers _____ alone rather than in a group. (work): 1.0/1.0 Student correctly used the gerund 'working' after 'prefers', especially with 'rather than'. | (j) The man pretended _____ unaware of the situation. (be): 1.0/1.0 Student correctly used the infinitive 'to be' after 'pretended'."
363190904411,English,9/10,EN,"Fill in the blanks with appropriate preposition: Bangladesh is rich (a) _____ biodiversity, including forests, rivers, wetlands, and wildlife. However, many species are now (b) _____ threat due (c) _____ deforestation, pollution, and climate change. The Sundarbans, known (d) _____ the largest mangrove forest in the world, plays an important role (e) _____ maintaining ecological balance. Various laws have been introduced (f) _____ protect wildlife, but lack (g) _____ awareness among people hampers conservation efforts. Active participation (h) _____ local communities is essential ( i ) _____ the success (j) _____ biodiversity conservation programs.",,,,NO_REDMARK,,9.0,,10.0,marks_col,True,False,9.0,a) in b) in c) to d) as e) in f) to g) of h) of i) for j) of,0.95,"Fill in blank (a): 1.0/1.0 Student correctly filled 'in'. | Fill in blank (b): 0.0/1.0 Student filled 'in', but the correct preposition is 'under'. | Fill in blank (c): 1.0/1.0 Student correctly filled 'to'. | Fill in blank (d): 1.0/1.0 Student correctly filled 'as'. | Fill in blank (e): 1.0/1.0 Student correctly filled 'in'. | Fill in blank (f): 1.0/1.0 Student correctly filled 'to'. | Fill in blank (g): 1.0/1.0 Student correctly filled 'of'. | Fill in blank (h): 1.0/1.0 Student correctly filled 'of'. | Fill in blank (i): 1.0/1.0 Student correctly filled 'for'. | Fill in blank (j): 1.0/1.0 Student correctly filled 'of'.",9.0,a) in b) in c) to d) as e) in f) to g) of h) of i) for j) of,0.95,"Fill in blank (a): 1.0/1.0 Student correctly filled 'in'. | Fill in blank (b): 0.0/1.0 Student filled 'in', but the correct preposition is 'under'. | Fill in blank (c): 1.0/1.0 Student correctly filled 'to'. | Fill in blank (d): 1.0/1.0 Student correctly filled 'as'. | Fill in blank (e): 1.0/1.0 Student correctly filled 'in'. | Fill in blank (f): 1.0/1.0 Student correctly filled 'to'. | Fill in blank (g): 1.0/1.0 Student correctly filled 'of'. | Fill in blank (h): 1.0/1.0 Student correctly filled 'of'. | Fill in blank (i): 1.0/1.0 Student correctly filled 'for'. | Fill in blank (j): 1.0/1.0 Student correctly filled 'of'."
859733660028,English,10/10,EN,Change the sentences as directed. (a) He is reading a book. (Interrogative) ‎(b) What a beautiful piece of painting it is! (Assertive) ‎(c) They are playing in the garden. (Interrogative) ‎(d) I will help you. (Interrogative) ‎(e) She dances very gracefully. (Exclamatory) ‎(f) The cat is on the roof. (Negative) ‎(g) We visited the museum yesterday. (Interrogative) ‎(h) He is nothing but 15 years old. (Affirmative) ‎( i ) How wonderful the sunset is! (Assertive) ‎(j) She loves singing. (Negative),10.0,10,,GOLD,10.0,10.0,10.0,10.0,marks_col,True,True,7.0,a) Isn't he reading a book? b) It is a very beautiful piece of painting. c) Aren't they playing in the garden? d) Won't I help you? e) How gracefully she dance! f) The cat is nowhere but the roof. g) Didn't we visited the museum yesterday? h) He is only 15 years old. i) The sunset is very wonderful. j) She doesn't hate singing.,0.95,"(a) He is reading a book. (Interrogative): 1.0/1.0 Correctly transformed to 'Isn't he reading a book?' | (b) What a beautiful piece of painting it is! (Assertive): 1.0/1.0 Correctly transformed to 'It is a very beautiful piece of painting.' | (c) They are playing in the garden. (Interrogative): 1.0/1.0 Correctly transformed to 'Aren't they playing in the garden?' | (d) I will help you. (Interrogative): 1.0/1.0 Correctly transformed to 'Won't I help you?' | (e) She dances very gracefully. (Exclamatory): 0.0/1.0 Incorrect verb form. Should be 'How gracefully she dances!' or 'How gracefully does she dance!' instead of 'How gracefully she dance!' | (f) The cat is on the roof. (Negative): 0.0/1.0 Incorrect transformation. 'The cat is nowhere but the roof' implies 'The cat is only on the roof', which is an affirmative statement, not a simple negative. A correct negative would be 'The cat is not on the roof.' | (g) We visited the museum yesterday. (Interrogative): 0.0/1.0 Incorrect verb form. After 'Didn't', the main verb should be in its base form ('visit'), not past tense ('visited'). Should be 'Didn't we visit the museum yesterday?' | (h) He is nothing but 15 years old. (Affirmative): 1.0/1.0 Correctly transformed to 'He is only 15 years old.' | (i) How wonderful the sunset is! (Assertive): 1.0/1.0 Correctly transformed to 'The sunset is very wonderful.' | (j) She loves singing. (Negative): 1.0/1.0 Correctly transformed to 'She doesn't hate singing.' This is a valid negative transformation that maintains the original meaning.",6.5,a) Isn't he reading a book? b) It is a very beautiful piece of painting. c) Aren't they playing in the garden? d) Won't I help you? e) How gracefully she dance! f) The cat is nowhere but the roof roof. g) Didn't we visited the museum yesterday? h) He is only 15 years old. i) The sunset is very wonderful. j) She doesn't hate singing.,0.95,"(a) He is reading a book. (Interrogative): 1.0/1.0 Correctly transformed to a negative interrogative. | (b) What a beautiful piece of painting it is! (Assertive): 1.0/1.0 Correctly transformed to an assertive sentence. | (c) They are playing in the garden. (Interrogative): 1.0/1.0 Correctly transformed to a negative interrogative. | (d) I will help you. (Interrogative): 1.0/1.0 Correctly transformed to a negative interrogative. | (e) She dances very gracefully. (Exclamatory): 0.0/1.0 Incorrect verb form 'dance' instead of 'dances' or 'does she dance'. | (f) The cat is on the roof. (Negative): 0.5/1.0 Attempted a negative transformation using 'nowhere but', which can be valid, but the sentence is grammatically awkward and redundant with 'roof roof'. | (g) We visited the museum yesterday. (Interrogative): 0.0/1.0 Incorrect verb form 'visited' instead of 'visit' after 'Didn't'. | (h) He is nothing but 15 years old. (Affirmative): 1.0/1.0 Correctly transformed to an affirmative sentence. | (i) How wonderful the sunset is! (Assertive): 1.0/1.0 Correctly transformed to an assertive sentence. | (j) She loves singing. (Negative): 0.0/1.0 Changed the meaning by using 'hate' instead of directly negating 'love' (e.g., 'She doesn't love singing')."
324382323270,English,10/10,EN,"Fill in the blanks with suitable articles: Lake Baikal is known as (a) _____ deepest freshwater lake in the world and is situated in (b) _____ Siberia. It holds almost one-fifth of (c) _____ world’s unfrozen fresh water. Due to (d) _____ unique ecosystem, the lake supports (e) _____ wide variety of rare plants and animals found nowhere else. During (f) _____ winter season, (g) _____ surface of the lake freezes completely. This natural phenomenon turns Baikal into (h) _____ vast sheet of ice, creating ( i ) _____ spectacular sight that attracts tourists from around (j) _____ world.",,,,NO_REDMARK,,10.0,,10.0,marks_col,True,False,9.0,a) the b) X c) the d) the e) a f) the g) the h) a i) a j) the,0.95,"Blank (a): deepest freshwater lake: 1.0/1.0 Correctly identified 'the' for a superlative adjective. | Blank (b): situated in _____ Siberia: 1.0/1.0 Correctly identified that no article is needed before a proper noun (region). | Blank (c): one-fifth of _____ world’s unfrozen fresh water: 1.0/1.0 Correctly identified 'the' for 'the world'. | Blank (d): Due to _____ unique ecosystem: 0.0/1.0 Incorrectly used 'the'. 'Unique' starts with a consonant sound ('yoo-nique'), so 'a' is required. | Blank (e): supports _____ wide variety: 1.0/1.0 Correctly identified 'a' for 'wide variety'. | Blank (f): During _____ winter season: 1.0/1.0 Correctly identified 'the' for a specific season. | Blank (g): _____ surface of the lake: 1.0/1.0 Correctly identified 'the' for a specific surface. | Blank (h): into _____ vast sheet of ice: 1.0/1.0 Correctly identified 'a' for 'vast sheet'. | Blank (i): creating _____ spectacular sight: 1.0/1.0 Correctly identified 'a' for 'spectacular sight'. | Blank (j): around _____ world: 1.0/1.0 Correctly identified 'the' for 'the world'.",9.0,a) the b) X c) the d) the e) a f) the g) the h) a i) a j) the,0.95,a: 1.0/1.0 Correctly identified 'the' for a superlative adjective. | b: 1.0/1.0 Correctly identified no article ('X') for a proper noun (geographical region). | c: 1.0/1.0 Correctly identified 'the' for the unique noun 'world'. | d: 0.0/1.0 Incorrectly used 'the'. The correct article is 'a' for 'a unique ecosystem' (unique starts with a consonant sound). | e: 1.0/1.0 Correctly identified 'a' for 'a wide variety'. | f: 1.0/1.0 Correctly identified 'the' for 'the winter season'. | g: 1.0/1.0 Correctly identified 'the' for 'the surface of the lake' (specific surface). | h: 1.0/1.0 Correctly identified 'a' for 'a vast sheet of ice'. | i: 1.0/1.0 Correctly identified 'a' for 'a spectacular sight'. | j: 1.0/1.0 Correctly identified 'the' for the unique noun 'world'.
753982680878,English,6/10,EN,"Correct the following sentences: (a) He did not pay attention on what the teacher said. ‎(b) She insisted to go there alone. ‎(c) The police caught the thief red handed. ‎(d) He is superior than me in mathematics. ‎(e) Despite of his illness, he attended the meeting. ‎(f) The teacher emphasized on the importance of discipline. ‎(g) He was prevented to enter the room. ‎(h) I am not accustomed with such behavior. ‎( i ) The news are very surprising. ‎(j) He described about the incident in detail.",,,,NO_REDMARK,,6.0,,10.0,marks_col,True,False,3.0,"d) He is superior to me in mathematies. e) Despite his illness, he attenda the meeting. f) The teacher emphasized the importance of desceplone. g) He was prevented from entering the roomm. i) The news is very suropresivny. j) He described the incident in detal.",0.9,"Correction for (a) He did not pay attention on what the teacher said.: 0.0/1.0 Not attempted by the student. | Correction for (b) She insisted to go there alone.: 0.0/1.0 Not attempted by the student. | Correction for (c) The police caught the thief red handed.: 0.0/1.0 Not attempted by the student. | Correction for (d) He is superior than me in mathematics.: 0.5/1.0 The student correctly changed 'than' to 'to'. However, 'mathematics' was misspelled as 'mathematies'. | Correction for (e) Despite of his illness, he attended the meeting.: 0.5/1.0 The student correctly removed 'of' after 'Despite'. However, 'attended' was misspelled as 'attenda'. | Correction for (f) The teacher emphasized on the importance of discipline.: 0.5/1.0 The student correctly removed 'on' after 'emphasized'. However, 'discipline' was misspelled as 'desceplone'. | Correction for (g) He was prevented to enter the room.: 0.5/1.0 The student correctly changed 'to enter' to 'from entering'. However, 'room' was misspelled as 'roomm'. | Correction for (h) I am not accustomed with such behavior.: 0.0/1.0 Not attempted by the student. | Correction for (i) The news are very surprising.: 0.5/1.0 The student correctly changed 'are' to 'is'. However, 'surprising' was misspelled as 'suropresivny'. | Correction for (j) He described about the incident in detail.: 0.5/1.0 The student correctly removed 'about' after 'described'. However, 'detail' was misspelled as 'detal'.",3.0,"d) He is superior to me in mathematies. e) Despite his illness, he attenda the meeting. f) The teacher emphasized the importance of desceplone. g) He was prevented from entering the roomm. i) The news is very suropresivny. j) He described the incident in detal.",0.9,"Correction for (a) He did not pay attention on what the teacher said.: 0.0/1.0 Not attempted by the student. | Correction for (b) She insisted to go there alone.: 0.0/1.0 Not attempted by the student. | Correction for (c) The police caught the thief red handed.: 0.0/1.0 Not attempted by the student. | Correction for (d) He is superior than me in mathematics.: 0.5/1.0 The student correctly changed 'than' to 'to'. However, 'mathematics' was misspelled as 'mathematies'. | Correction for (e) Despite of his illness, he attended the meeting.: 0.5/1.0 The student correctly removed 'of' after 'Despite'. However, 'attended' was misspelled as 'attenda'. | Correction for (f) The teacher emphasized on the importance of discipline.: 0.5/1.0 The student correctly removed 'on' after 'emphasized'. However, 'discipline' was misspelled as 'desceplone'. | Correction for (g) He was prevented to enter the room.: 0.5/1.0 The student correctly changed 'to enter' to 'from entering'. However, 'room' was misspelled as 'roomm'. | Correction for (h) I am not accustomed with such behavior.: 0.0/1.0 Not attempted by the student. | Correction for (i) The news are very surprising.: 0.5/1.0 The student correctly changed 'are' to 'is'. However, 'surprising' was misspelled as 'suropresivny'. | Correction for (j) He described about the incident in detail.: 0.5/1.0 The student correctly removed 'about' after 'described'. However, 'detail' was misspelled as 'detal'."
239002911613,English,2/5,EN,Transform the following sentences as directed: (a) It was raining and I was home. (Simple) (b) Very few countries of the world are as green as Bangladesh. (Comparative) (c) Who knows him here? (Assertive) (d) Only the moon was visible in the sky. (Negative) (e) Mamun worked hard so that he might win the prize. (Compound),0.0,0,,FLAG,0.0,2.0,,5.0,marks_col,True,True,3.5,a) In the time of rainfall I was home. b) Bangladesh is greener than most other countries in the world. c) He is nama to nobody here. d) Nothing but the moon was visible in the sky. e) Mamun worked hard and he might win the prize.,0.9,"(a) It was raining and I was home. (Simple): 1.0/1.0 The transformation to 'In the time of rainfall I was home' correctly converts the compound sentence into a simple one while retaining the meaning. | (b) Very few countries of the world are as green as Bangladesh. (Comparative): 1.0/1.0 The transformation to 'Bangladesh is greener than most other countries in the world' is a correct comparative form. | (c) Who knows him here? (Assertive): 0.5/1.0 The student attempted to transform the interrogative sentence into an assertive one ('He is nama to nobody here'). The structure is correct for an assertive sentence, but the word 'nama' is a significant misspelling, likely intended to be 'known', which makes the sentence grammatically incorrect as written. | (d) Only the moon was visible in the sky. (Negative): 1.0/1.0 The transformation to 'Nothing but the moon was visible in the sky' correctly converts the sentence into a negative form while preserving the original meaning. | (e) Mamun worked hard so that he might win the prize. (Compound): 0.0/1.0 The transformation to 'Mamun worked hard and he might win the prize' changes the meaning. The original sentence implies purpose ('so that'), while the student's compound sentence simply lists two events without the same logical connection of purpose.",3.5,a) In the time of rainfall I was home. b) Bangladesh is greener than most other countries in the world. c) He is nama to nobody here. d) Nothing but the moon was visible in the sky. e) Mamun worked hard and he might win the prize.,0.9,"(a) It was raining and I was home. (Simple): 1.0/1.0 The transformation to 'In the time of rainfall I was home' correctly converts the compound sentence into a simple one while retaining the meaning. | (b) Very few countries of the world are as green as Bangladesh. (Comparative): 1.0/1.0 The transformation to 'Bangladesh is greener than most other countries in the world' is a correct comparative form. | (c) Who knows him here? (Assertive): 0.5/1.0 The student attempted to transform the interrogative sentence into an assertive one ('He is nama to nobody here'). The structure is correct for an assertive sentence, but the word 'nama' is a significant misspelling, likely intended to be 'known', which makes the sentence grammatically incorrect as written. | (d) Only the moon was visible in the sky. (Negative): 1.0/1.0 The transformation to 'Nothing but the moon was visible in the sky' correctly converts the sentence into a negative form while preserving the original meaning. | (e) Mamun worked hard so that he might win the prize. (Compound): 0.0/1.0 The transformation to 'Mamun worked hard and he might win the prize' changes the meaning. The original sentence implies purpose ('so that'), while the student's compound sentence simply lists two events without the same logical connection of purpose."
185338487986,English,2/5,EN,"Answer the following questions according to the instructions: (a) In English if two different words have the same spelling and pronunciation they are called- (b) “You can go wherever you like. ” The underlined clause is a/an- (c) Choose the appropriate gender for the blank space of the sentence- ‘The ____ gave birth to three puppies.’ (d) What is the correct meaning of the idiom, ‘A sleeping partner’? (e) Identify the correct sentence. ( i ) Which color you prefer, the red or the blue (ii) Which colour you prefer, the red or blue (iii) Which colour do you prefer, the red or the blue? (iv) Which colour you prefer more, the red or blue?",2.0,02,,GOLD,2.0,2.0,2.0,5.0,marks_col,True,True,2.0,"৩২। ৭) b) Noun clause C) bitch d) unhelpful companion e) iii) which - - - - - , the red - - - - ?",0.95,"Answer to (a): 0.0/1.0 No answer was provided for question (a). | Answer to (b): 0.0/1.0 The clause 'wherever you like' is an adverbial clause of place, not a noun clause. | Answer to (c): 1.0/1.0 The term 'bitch' is the correct gender for a female dog. | Answer to (d): 0.0/1.0 The meaning of 'A sleeping partner' is incorrect. It refers to a partner who invests capital but is not involved in management, not an 'unhelpful companion'. | Answer to (e): 1.0/1.0 The student correctly identified option (iii) as the correct sentence.",2.0,"৩২। ৭) b) Noun clause C) bitch d) unhelpful companion e) iii) which - - - - - , the red - - - - ?",0.95,"Answer to (a): 0.0/1.0 No answer was provided for question (a). | Answer to (b): 0.0/1.0 The clause 'wherever you like' is an adverbial clause of place, not a noun clause. | Answer to (c): 1.0/1.0 The term 'bitch' is the correct gender for a female dog. | Answer to (d): 0.0/1.0 The meaning of 'A sleeping partner' is incorrect. It refers to a partner who invests capital but is not involved in management, not an 'unhelpful companion'. | Answer to (e): 1.0/1.0 The student correctly identified option (iii) as the correct sentence."
283999259127,English,0/5,EN,Change the following words as instructed in the brackets : (a) Spinster (masculine) (b) Acquisition (verb) (c) Residual (antonym) (d) Propagate (synonym) (e) Maintain (Noun),0.0,0,,GOLD,0.0,0.0,0.0,5.0,marks_col,True,True,1.0,a) b) Aequse Accuse c) Temporary / Volatile d) Propaganda e) Maintainance,0.95,"Spinster (masculine): 0.0/1.0 No answer provided for this part. | Acquisition (verb): 0.0/1.0 The student provided 'Aequse Accuse'. Neither 'Aequse' (likely a misspelling of 'acquire') nor 'Accuse' is the correct verb form of 'Acquisition'. The correct verb is 'Acquire'. | Residual (antonym): 0.0/1.0 The student provided 'Temporary / Volatile'. Neither word is an appropriate antonym for 'Residual'. Antonyms could include 'original', 'initial', 'complete', 'primary'. | Propagate (synonym): 0.0/1.0 The student provided 'Propaganda'. 'Propaganda' is a noun, not a synonym (verb) for 'Propagate'. Synonyms for 'Propagate' include 'spread', 'disseminate', 'reproduce'. | Maintain (Noun): 1.0/1.0 The student provided 'Maintainance'. This is a common misspelling, but the intended noun form 'Maintenance' is clearly identifiable and correct in its transformation.",1.0,a) b) Aequse Accuse c) Temporary / Volatile d) Propaganda e) Maintainance,0.95,"Spinster (masculine): 0.0/1.0 No answer provided for this part. | Acquisition (verb): 0.0/1.0 The student provided 'Aequse Accuse'. Neither 'Aequse' (likely a misspelling of 'acquire') nor 'Accuse' is the correct verb form of 'Acquisition'. The correct verb is 'Acquire'. | Residual (antonym): 0.0/1.0 The student provided 'Temporary / Volatile'. Neither word is an appropriate antonym for 'Residual'. Antonyms could include 'original', 'initial', 'complete', 'primary'. | Propagate (synonym): 0.0/1.0 The student provided 'Propaganda'. 'Propaganda' is a noun, not a synonym (verb) for 'Propagate'. Synonyms for 'Propagate' include 'spread', 'disseminate', 'reproduce'. | Maintain (Noun): 1.0/1.0 The student provided 'Maintainance'. This is a common misspelling, but the intended noun form 'Maintenance' is clearly identifiable and correct in its transformation."
209043646177,English,2/5,EN,Answer the following questions : (a) The idiom ‘going south’ refers to _____. (b) British Bangalis are _____ important part of _____ Bangladeshi diaspora who are living abroad. (Use appropriate articles in the gaps.) (c) What is the adjective of the word “Enthusiasm”? (d) What does the phrase “Sine Die” mean? (e) Pick the correct sentence: ( i ) I owe to you (ii) I am owing to you (iii) I owe you (iv) I owe at you,2.0,02,,GOLD,2.0,2.0,2.0,5.0,marks_col,True,True,2.0,"a) b) an, the c) Enthu d) e) iii) I owe you",0.95,"Answer to (a): 0.0/1.0 The student left the answer blank. | Answer to (b): 1.0/1.0 The student correctly identified 'an' and 'the' as the appropriate articles. | Answer to (c): 0.0/1.0 The student provided 'Enthu', which is a colloquial shortening, not the correct adjective 'enthusiastic'. | Answer to (d): 0.0/1.0 The student left the answer blank. | Answer to (e): 1.0/1.0 The student correctly identified 'I owe you' as the correct sentence.",2.0,"a) b) an, the c) Enthu d) e) iii) I owe you",0.95,"Answer to (a): 0.0/1.0 The student left the answer blank. | Answer to (b): 1.0/1.0 The student correctly identified 'an' and 'the' as the appropriate articles. | Answer to (c): 0.0/1.0 The student provided 'Enthu', which is a colloquial shortening, not the correct adjective 'enthusiastic'. | Answer to (d): 0.0/1.0 The student left the answer blank. | Answer to (e): 1.0/1.0 The student correctly identified 'I owe you' as the correct sentence."
660390427750,English,3/5,EN,Rewrite the following sentences using right form of verbs: (a) It was nearly seven years since I (see) you. (b) Progress always (involve) risk. (c) It is high time he (change) his bad habits. (d) He ran away having (see) the police. (e) His pocket has been (tear).,,,,NO_REDMARK,,3.0,,5.0,marks_col,True,False,3.0,091 a) I was nearly seven years since I had seen you. b) Progress always involves risk c) It is high tim he changed his bad habits d) He ran away having see the police. e) His pocket has been teared up.,0.95,a) It was nearly seven years since I (see) you.: 1.0/1.0 The student correctly used the past perfect tense 'had seen'. | b) Progress always (involve) risk.: 1.0/1.0 The student correctly used the simple present tense 'involves'. | c) It is high time he (change) his bad habits.: 1.0/1.0 The student correctly used the simple past tense 'changed' after 'It is high time'. A minor spelling error ('tim' instead of 'time') is not penalized as it's not a verb form error. | d) He ran away having (see) the police.: 0.0/1.0 The student used 'see' instead of the correct past participle 'seen' after 'having'. | e) His pocket has been (tear).: 0.0/1.0 The student used 'teared' instead of the correct past participle 'torn'.,3.0,091 a) I was nearly seven years since I had seen you. b) Progress always involves risk c) It is high tim he changed his bad habits d) He ran away having see the police. e) His pocket has been teared up.,0.95,a) It was nearly seven years since I (see) you.: 1.0/1.0 The student correctly used the past perfect tense 'had seen'. | b) Progress always (involve) risk.: 1.0/1.0 The student correctly used the simple present tense 'involves'. | c) It is high time he (change) his bad habits.: 1.0/1.0 The student correctly used the simple past tense 'changed' after 'It is high time'. A minor spelling error ('tim' instead of 'time') is not penalized as it's not a verb form error. | d) He ran away having (see) the police.: 0.0/1.0 The student used 'see' instead of the correct past participle 'seen' after 'having'. | e) His pocket has been (tear).: 0.0/1.0 The student used 'teared' instead of the correct past participle 'torn'.
336054967593,English,1/5,EN,"Transform the following sentences as directed: (a) The slaughtering of the monster was one of the toughest jobs that he performed. (Make it positive) (b) Bangladesh is one of the strongest teams in the one-day cricket. (Make it comparative) (c) Evil thoughts made up his mind. (Make it passive) (d) What has been expected by the poor from the rich? (Make it active) (e) According to the story, no other man in the village was as wise as Nambi. (Make it superlative)",1.0,1,,GOLD,1.0,1.0,1.0,5.0,marks_col,True,True,3.0,"ob 1 a) Slaughtering the monsters was one of the toughest his performed jobs. b) Bangladesh is better than the most other teams in one-day cricket. c) His mind was made up by evil thoughts. d) What has the poor expected from the rich? e) According to the story, Nambi was the wisest man in the village.",0.9,(a) Make it positive: 0.0/1.0 The student did not transform the sentence into a positive degree. The sentence remains in a superlative form ('one of the toughest'). | (b) Make it comparative: 0.5/1.0 The student attempted to make it comparative but used 'better' instead of 'stronger' (which is acceptable) and made a grammatical error with 'the most other teams' instead of 'most other teams'. | (c) Make it passive: 1.0/1.0 Correctly transformed into passive voice. | (d) Make it active: 0.5/1.0 The student transformed it into active voice but made a subject-verb agreement error ('has' instead of 'have' with 'the poor'). | (e) Make it superlative: 1.0/1.0 Correctly transformed into superlative degree.,3.0,"ob 1 a) Slaughtering the monsters was one of the toughest his performed jobs. b) Bangladesh is better than the most other teams in one-day cricket. c) His mind was made up by evil thoughts. d) What has the poor expected from the rich? e) According to the story, Nambi was the wisest man in the village.",0.9,(a) Make it positive: 0.0/1.0 The student did not transform the sentence into a positive degree. The sentence remains in a superlative form ('one of the toughest'). | (b) Make it comparative: 0.5/1.0 The student attempted to make it comparative but used 'better' instead of 'stronger' (which is acceptable) and made a grammatical error with 'the most other teams' instead of 'most other teams'. | (c) Make it passive: 1.0/1.0 Correctly transformed into passive voice. | (d) Make it active: 0.5/1.0 The student transformed it into active voice but made a subject-verb agreement error ('has' instead of 'have' with 'the poor'). | (e) Make it superlative: 1.0/1.0 Correctly transformed into superlative degree.
324529993555,English,3/5,EN,Fill in the gaps with appropriate preposition: (a) The driver stopped just__ time to avoid an accident. (b) Mills and factories in our country throw poisonous chemicals and waste products___ water. (c) The guard left the office key___ security-in-charge. (d) Quinine cures a man___ malaria. (e) Virtue will prevail___ evils one day.,2.0,02,,FLAG,2.0,3.0,,5.0,marks_col,True,True,4.0,a) in b) into c) to d) from e) upon,0.95,"Preposition for (a): 1.0/1.0 The student correctly used 'in' for 'just in time'. | Preposition for (b): 1.0/1.0 The student correctly used 'into' for 'throw into water'. | Preposition for (c): 1.0/1.0 The student correctly used 'to' for 'left the key to security-in-charge'. | Preposition for (d): 1.0/1.0 The student used 'from', which is an acceptable preposition for 'cures a man from malaria', although 'of' is also common. | Preposition for (e): 0.0/1.0 The student used 'upon'. The correct preposition should be 'over' or 'against' for 'prevail over/against evils'. 'Prevail upon' means to persuade, which is incorrect in this context.",4.0,a) in b) into c) to d) from e) upon,0.95,"Preposition for (a): 1.0/1.0 The student correctly used 'in' for 'just in time'. | Preposition for (b): 1.0/1.0 The student correctly used 'into' for 'throw into water'. | Preposition for (c): 1.0/1.0 The student correctly used 'to' for 'left the key to security-in-charge'. | Preposition for (d): 1.0/1.0 The student used 'from', which is an acceptable preposition for 'cures a man from malaria', although 'of' is also common. | Preposition for (e): 0.0/1.0 The student used 'upon'. The correct preposition should be 'over' or 'against' for 'prevail over/against evils'. 'Prevail upon' means to persuade, which is incorrect in this context."
375756398314,English,4/5,EN,Fill in the gaps with appropriate articles: (a) This is ___ unique opportunity. (b) We had___ good breakfast yesterday. (c) The teacher pulled the boy by__ ear. (d) The horse is ___ faithful animal. (e) ___ poet Nazrul is our pride.,4.0,04,,GOLD,4.0,4.0,4.0,5.0,marks_col,True,True,4.0,a) an b) a c) the d) a e) The,0.95,"Article for 'unique opportunity': 0.0/1.0 The student wrote 'an', but 'unique' starts with a consonant sound ('yoo'), so 'a' is the correct article. | Article for 'good breakfast': 1.0/1.0 The student correctly used 'a'. | Article for 'ear' (specific): 1.0/1.0 The student correctly used 'the' for a specific body part. | Article for 'faithful animal': 1.0/1.0 The student correctly used 'a'. | Article for 'poet Nazrul': 1.0/1.0 The student correctly used 'The' for a specific, well-known person.",4.0,a) an b) a c) the d) a e) The,0.95,"Article for 'unique opportunity': 0.0/1.0 The student wrote 'an', but 'unique' starts with a consonant sound ('yoo'), so 'a' is the correct article. | Article for 'good breakfast': 1.0/1.0 The student correctly used 'a'. | Article for 'ear' (specific): 1.0/1.0 The student correctly used 'the' for a specific body part. | Article for 'faithful animal': 1.0/1.0 The student correctly used 'a'. | Article for 'poet Nazrul': 1.0/1.0 The student correctly used 'The' for a specific, well-known person."
419745239827,English,,EN,"Read the following extract and answer the questions that follow: My name is Ozymandias, king of kings; ‎ Look on my Works, ye Mighty, and despair! ‎ Nothing beside remains. Round the decay ‎ Of that colossal Wreck, boundless and bare ‎ The lone and level sands stretch far away. (a) How does the poem reflect the difference between Ozymandias's claim and reality? (b) What impression do the ‘lone and level sands’ create at the end of the poem?",,,,NO_REDMARK,,,,,none,True,False,0.0,,1.0,,0.0,,1.0,
615656408111,English,,EN,"Write a paragraph on ‘Online Learning and Its Impact on Traditional Classrooms,’ using a clear topic sentence, supporting details, and a concluding sentence.",2.0,২,,NO_MARKSCOL,2.0,,,,none,True,False,0.0,,1.0,"Title ""Online Learning and Its Impact on Traditional Classrooms"": 0/0.5 No content was provided by the student. | Introductory sentence: 0/1 No content was provided by the student. | Supporting details (global experts, virtual classes, digital tools): 0/1 No content was provided by the student. | Supporting details (traditional classrooms benefits): 0/1 No content was provided by the student. | Supporting details (teachers trained, digital literacy): 0/1 No content was provided by the student. | Concluding sentence: 0/0.5 No content was provided by the student. | Single paragraph structure: 0/0 No content was provided, so no marks can be awarded or deducted for paragraph structure. | Grammar and spelling: 0/0 No content was provided, so no marks can be awarded or deducted for grammar and spelling.",0.0,,1.0,"Title ""Online Learning and Its Impact on Traditional Classrooms"": 0/0.5 No content was provided by the student. | Introductory sentence: 0/1 No content was provided by the student. | Supporting details (global experts, virtual classes, digital tools): 0/1 No content was provided by the student. | Supporting details (traditional classrooms benefits): 0/1 No content was provided by the student. | Supporting details (teachers trained, digital literacy): 0/1 No content was provided by the student. | Concluding sentence: 0/0.5 No content was provided by the student. | Single paragraph structure: 0/0 No content was provided, so no marks can be awarded or deducted for paragraph structure. | Grammar and spelling: 0/0 No content was provided, so no marks can be awarded or deducted for grammar and spelling."
268771546942,English,,EN,"Make meaningful sentences with the following words: Ambivalent, Exacerbate, Tenacity, Clandestine, Discern",,,,NO_REDMARK,,,,,none,True,False,0.0,,1.0,Ambivalent: 0/0.5 No answer provided for this word. | Exacerbate: 0/0.5 No answer provided for this word. | Tenacity: 0/0.5 No answer provided for this word. | Clandestine: 0/0.5 No answer provided for this word. | Discern: 0/0.5 No answer provided for this word.,0.0,,1.0,Ambivalent: 0/0.5 No answer provided for this word. | Exacerbate: 0/0.5 No answer provided for this word. | Tenacity: 0/0.5 No answer provided for this word. | Clandestine: 0/0.5 No answer provided for this word. | Discern: 0/0.5 No answer provided for this word.
637151931826,English,5/5,EN,"Write a well-organised paragraph on ‘River Systems of Bangladesh and Their Economic Importance’ in the space provided, considering the elements of a paragraph, such as topic sentence, supporting detail sentences and conclusion.",4.5,4.5,,FLAG,4.5,5.0,,5.0,marks_col,True,True,2.0,"River System of Bangladesh and their Economic Importance Rivers are very important element for any civilization for various reasons such as transportation, living, fresh water for living etc. Bangladesh is a riverine country because it has so many rivers. From the ancient age urban areas were built on the bank of the rivers, for example Egypt on the bank of Nile, Dhaka on the bank of Buriganga etc. Rivers give a easy passage way for trade, market etc. Fisheries and so many other things depend on the rivers.",0.9,"Title: 'River Systems of Bangladesh and Their Economic Importance': 0.5/0.5 The student provided a title very similar to the model: 'River System of Bangladesh and their Economic Importance'. Minor singular/plural and capitalization differences are acceptable. | Topic Sentence: 0.5/0.5 The student's opening sentences 'Rivers are very important element for any civilization for various reasons such as transportation, living, fresh water for living etc. Bangladesh is a riverine country because it has so many rivers.' effectively introduce the topic and its importance, serving as a topic sentence. | Economic Benefits (Supporting Details): 2.0/3.5 The student mentioned transportation ('transportation', 'easy passage way for trade, market') and the fishing industry ('Fisheries and so many other things depend on the rivers'). However, the crucial economic benefit of agriculture (irrigation, fertile land, rice cultivation, food security) was entirely missed. Other points like 'fresh water for living' and 'urban areas were built' are less direct economic benefits or historical context rather than detailed economic support. | Conclusion: 0.0/0.5 The paragraph ends abruptly with 'Fisheries and so many other things depend on the rivers.', which is a supporting detail rather than a concluding statement that summarizes or offers a forward-looking perspective as required by the model. | Single Paragraph Format: 0.0/0.0 The answer is written as a single paragraph, so no deduction is applied. | Grammar and Spelling Deductions: -1.0/0.0 There are multiple grammar and spelling mistakes (more than 3): 'important element' (should be 'an important element' or 'important elements'), 'civillization' (civilization), 'vasious' (various), 'fering beme fresh water' (should be 'providing fresh water' or 'being a source of fresh water'), 'a easy' (an easy), 'xample' (example), 'at on the bank' (on the bank). A deduction of 1.0 mark is applied for three or more mistakes.",2.0,"River System of Bangladesh and their Economic Importance Rivers are very important element for any civilization for various reasons such as transportation, living, fresh water for living etc. Bangladesh is a riverine country because it has so many rivers. From the ancient age urban areas were built on the bank of the rivers, for example Egypt on the bank of Nile, Dhaka on the bank of Buriganga etc. Rivers give a easy passage way for trade, market etc. Fisheries and so many other things depend on the rivers.",0.9,"Title: 'River Systems of Bangladesh and Their Economic Importance': 0.5/0.5 The student provided a title very similar to the model: 'River System of Bangladesh and their Economic Importance'. Minor singular/plural and capitalization differences are acceptable. | Topic Sentence: 0.5/0.5 The student's opening sentences 'Rivers are very important element for any civilization for various reasons such as transportation, living, fresh water for living etc. Bangladesh is a riverine country because it has so many rivers.' effectively introduce the topic and its importance, serving as a topic sentence. | Economic Benefits (Supporting Details): 2.0/3.5 The student mentioned transportation ('transportation', 'easy passage way for trade, market') and the fishing industry ('Fisheries and so many other things depend on the rivers'). However, the crucial economic benefit of agriculture (irrigation, fertile land, rice cultivation, food security) was entirely missed. Other points like 'fresh water for living' and 'urban areas were built' are less direct economic benefits or historical context rather than detailed economic support. | Conclusion: 0.0/0.5 The paragraph ends abruptly with 'Fisheries and so many other things depend on the rivers.', which is a supporting detail rather than a concluding statement that summarizes or offers a forward-looking perspective as required by the model. | Single Paragraph Format: 0.0/0.0 The answer is written as a single paragraph, so no deduction is applied. | Grammar and Spelling Deductions: -1.0/0.0 There are multiple grammar and spelling mistakes (more than 3): 'important element' (should be 'an important element' or 'important elements'), 'civillization' (civilization), 'vasious' (various), 'fering beme fresh water' (should be 'providing fresh water' or 'being a source of fresh water'), 'a easy' (an easy), 'xample' (example), 'at on the bank' (on the bank). A deduction of 1.0 mark is applied for three or more mistakes."
313831667620,English,,EN,"Make meaningful sentences with the following words: Ubiquitous, Scrutinize, Mitigate, Benevolent, Incontrovertible",,,,NO_REDMARK,,,,,none,True,False,0.0,,1.0,Meaningful sentence with 'Ubiquitous': 0/0.5 No answer provided. | Meaningful sentence with 'Scrutinize': 0/0.5 No answer provided. | Meaningful sentence with 'Mitigate': 0/0.5 No answer provided. | Meaningful sentence with 'Benevolent': 0/0.5 No answer provided. | Meaningful sentence with 'Incontrovertible': 0/0.5 No answer provided.,0.0,,1.0,Meaningful sentence with 'Ubiquitous': 0/0.5 No answer provided. | Meaningful sentence with 'Scrutinize': 0/0.5 No answer provided. | Meaningful sentence with 'Mitigate': 0/0.5 No answer provided. | Meaningful sentence with 'Benevolent': 0/0.5 No answer provided. | Meaningful sentence with 'Incontrovertible': 0/0.5 No answer provided.
426347258079,English,,EN,"Compose a paragraph in approximately 100 words exploring how war between states affects economic progress, education, and human rights. Maintain a critical tone and present your points with clarity and logical flow.",2.0,২,,NO_MARKSCOL,2.0,,,,none,True,False,0.0,,1.0,"Title: 0/0.5 No title provided. | Introductory sentence: 0/1 No introductory sentence provided. | Discussion of armed conflicts destroying infrastructure, displacing populations, collapsing economies, and halting education/healthcare: 0/1 No content provided. | Discussion of wars consuming national budgets, diverting resources, and psychological scarring: 0/1 No content provided. | Discussion of war fueling mistrust, division, instability, and reversing progress: 0/1 No content provided. | Conclusion: 0/0.5 No conclusion provided.",0.0,,1.0,"Title: 0/0.5 No title provided. | Introductory sentence: 0/1 No introductory sentence provided. | Discussion of armed conflicts destroying infrastructure, displacing populations, collapsing economies, and halting education/healthcare: 0/1 No content provided. | Discussion of wars consuming national budgets, diverting resources, and psychological scarring: 0/1 No content provided. | Discussion of war fueling mistrust, division, instability, and reversing progress: 0/1 No content provided. | Conclusion: 0/0.5 No conclusion provided."
698439339209,English,,EN,"Read the following extract and answer questions that follow: I wandered lonely as a cloud That floats on high o’er vales and hills, When all at once I saw a crowd, A host, of golden daffodils; Beside the lake, beneath the trees, Fluttering and dancing in the breeze. ( a) Identify and explain any one literary device used in the extract. ( b) How does the imagery of the “host of golden daffodils” contribute to the poem’s emotional tone?",,,,NO_REDMARK,,,,,none,True,False,0.0,,1.0,(a) Identify and explain any one literary device: 0/1.5 No answer provided by the student. | (b) How does the imagery of the “host of golden daffodils” contribute to the poem’s emotional tone?: 0/1 No answer provided by the student.,0.0,,1.0,(a) Identify and explain any one literary device: 0/1.5 No answer provided by the student. | (b) How does the imagery of the “host of golden daffodils” contribute to the poem’s emotional tone?: 0/1 No answer provided by the student.
252249661658,English,,EN,"Read the following extract and answer the following question: Two roads diverged in a wood, and I — I took the one less traveled by, And that has made all the difference . Yet still I doubt if I should ever come back To where the yellow leaves lay half in sun, Half in shade beneath the autumn sky. – Robert Frost Identify and explain any one literary device used in the above extract.",,,,NO_REDMARK,,,,,none,True,False,0.0,,1.0,"Identify literary device (e.g., metaphor): 0/0.5 No answer provided by the student. | Explain the representation of 'two roads' and 'one less traveled by': 0/1 No answer provided by the student. | Explain the impact of the metaphor and 'made all the difference': 0/1 No answer provided by the student.",0.0,,1.0,"Identify literary device (e.g., metaphor): 0/0.5 No answer provided by the student. | Explain the representation of 'two roads' and 'one less traveled by': 0/1 No answer provided by the student. | Explain the impact of the metaphor and 'made all the difference': 0/1 No answer provided by the student."
339328124351,English,,EN,"Why are ethical guidelines essential in fields like medical testing, genetic engineering, and AI (Artificial Intelligence) research? Write a paragraph in approximately 100 words maintaining proper structure with a clear topic sentence, logical development, and a concluding sentence.",2.0,২,,NO_MARKSCOL,2.0,,,,none,True,False,0.0,,1.0,"Title: 0/0.5 No title was written by the student. | Introductory sentence: 0/1 No introductory sentence was written by the student. | Content on medical testing guidelines: 0/1.5 No content on medical testing guidelines was written by the student. | Content on genetic engineering guidelines: 0/1 No content on genetic engineering guidelines was written by the student. | Concluding sentence: 0/1 No concluding sentence was written by the student. | Paragraph structure (single paragraph): 0/0 No paragraph was written, so this criterion is not applicable for deduction or award. | Grammar and spelling: 0/0 No text was written, so no grammar or spelling mistakes could be assessed.",0.0,,1.0,"Title: 0/0.5 No title was written by the student. | Introductory sentence: 0/1 No introductory sentence was written by the student. | Content on medical testing guidelines: 0/1.5 No content on medical testing guidelines was written by the student. | Content on genetic engineering guidelines: 0/1 No content on genetic engineering guidelines was written by the student. | Concluding sentence: 0/1 No concluding sentence was written by the student. | Paragraph structure (single paragraph): 0/0 No paragraph was written, so this criterion is not applicable for deduction or award. | Grammar and spelling: 0/0 No text was written, so no grammar or spelling mistakes could be assessed."
172783502475,English,,EN,"Make meaningful sentences with the following words: Dogmatic , Recess, Obsession, Absurdity, Dissolve.",,,,NO_REDMARK,,,,,none,True,False,0.0,,1.0,Dogmatic - meaningful sentence: 0/0.5 No answer provided by the student. | Recess - meaningful sentence: 0/0.5 No answer provided by the student. | Obsession - meaningful sentence: 0/0.5 No answer provided by the student. | Absurdity - meaningful sentence: 0/0.5 No answer provided by the student. | Dissolve - meaningful sentence: 0/0.5 No answer provided by the student.,0.0,,1.0,Dogmatic - meaningful sentence: 0/0.5 No answer provided by the student. | Recess - meaningful sentence: 0/0.5 No answer provided by the student. | Obsession - meaningful sentence: 0/0.5 No answer provided by the student. | Absurdity - meaningful sentence: 0/0.5 No answer provided by the student. | Dissolve - meaningful sentence: 0/0.5 No answer provided by the student.
175959327933,English,,EN,"Make meaningful sentences with the following words: Articulate, Transcend, Ambiguous, Formidable, Magnanimous",,,,NO_REDMARK,,,,,none,True,False,0.0,,1.0,Articulate sentence: 0/0.5 No sentence provided. | Transcend sentence: 0/0.5 No sentence provided. | Ambiguous sentence: 0/0.5 No sentence provided. | Formidable sentence: 0/0.5 No sentence provided. | Magnanimous sentence: 0/0.5 No sentence provided.,0.0,,1.0,Articulate sentence: 0/0.5 No sentence provided. | Transcend sentence: 0/0.5 No sentence provided. | Ambiguous sentence: 0/0.5 No sentence provided. | Formidable sentence: 0/0.5 No sentence provided. | Magnanimous sentence: 0/0.5 No sentence provided.
626333847650,English,,EN,Write a paragraph in approximately 100 words analyzing how digital communication is changing the way people connect and interact. Focus on both positive and negative effects with an academic tone and paragraph structure.,2.0,২,,NO_MARKSCOL,2.0,,,,none,True,False,0.0,,1.0,Title: 0/0.5 No title was provided. | Introductory sentence: 0/1 No introductory sentence was provided. | Positive effects: 0/1.5 No discussion of positive effects was provided. | Negative effects: 0/1.5 No discussion of negative effects was provided. | Conclusion: 0/0.5 No conclusion was provided.,0.0,,1.0,Title: 0/0.5 No title was provided. | Introductory sentence: 0/1 No introductory sentence was provided. | Positive effects: 0/1.5 No discussion of positive effects was provided. | Negative effects: 0/1.5 No discussion of negative effects was provided. | Conclusion: 0/0.5 No conclusion was provided.
267270135286,English,,EN,"Read the following extract and answer questions that follow: ""Success is counted sweetest By those who ne’er succeed. To comprehend a nectar Requires sorest need. Not one of all the purple Host Who took the Flag today Can tell the definition So clear of Victory…"" – Emily Dickinson (a) Who values success most according to the poet? ‎(b) What do the words ‘nectar’ and ‘sorest need’ symbolize?",,,,NO_REDMARK,,,,,none,True,False,0.0,,1.0,Answer to part (a): 0/1 No answer provided by the student. | Answer to part (b): 0/1.5 No answer provided by the student.,0.0,,1.0,Answer to part (a): 0/1 No answer provided by the student. | Answer to part (b): 0/1.5 No answer provided by the student.
599527796836,English,,EN,"Write a well organised paragraph on ‘The Value of Time’ in the space provided, considering the element of a paragraph, such as topic sentence, supporting detail sentences and conclusion.",,,,NO_REDMARK,,,,,none,True,False,0.0,,1.0,"For writing Title, 'The Value of Time': 0/0.5 No title was written by the student. | For writing topic sentence: 0/1.5 No topic sentence was written by the student. | For writing supporting detail sentences: 0/1.5 No supporting detail sentences were written by the student. | For writing conclusion: 0/1.5 No conclusion was written by the student. | Paragraph structure (single paragraph): 0/0 No content was provided, so this criterion for deduction is not applicable. | Grammar or spelling mistakes: 0/0 No content was provided, so this criterion for deduction is not applicable.",0.0,,1.0,"For writing Title, 'The Value of Time': 0/0.5 No title was written by the student. | For writing topic sentence: 0/1.5 No topic sentence was written by the student. | For writing supporting detail sentences: 0/1.5 No supporting detail sentences were written by the student. | For writing conclusion: 0/1.5 No conclusion was written by the student. | Paragraph structure (single paragraph): 0/0 No content was provided, so this criterion for deduction is not applicable. | Grammar or spelling mistakes: 0/0 No content was provided, so this criterion for deduction is not applicable."
979630435902,English,,EN,"Fill in the blanks with suitable words from the list below: (List: attentive, stress, creative, harmony, support, respectful)‎ In order to build a positive and effective learning environment, both students and teachers must fulfill their roles with dedication. A good student should always be (a) ______ during lessons, actively listening and engaging with the content, while also being (b) _____ toward teachers and classmates to maintain a polite and inclusive atmosphere. On the other hand, teachers should offer emotional and academic (c) ______ to students who may be experiencing (d) ______ due to pressure or workload. They must also promote a classroom environment filled with harmony and understanding, where (e) ______ thinking is encouraged and celebrated as a part of learning.",,২,,NO_REDMARK,,,,,none,True,False,0.0,,1.0,(a) attentive: 0/0.5 No answer provided by the student. | (b) respectful: 0/0.5 No answer provided by the student. | (c) support: 0/0.5 No answer provided by the student. | (d) stress: 0/0.5 No answer provided by the student. | (e) creative: 0/0.5 No answer provided by the student.,0.0,,1.0,(a) attentive: 0/0.5 No answer provided by the student. | (b) respectful: 0/0.5 No answer provided by the student. | (c) support: 0/0.5 No answer provided by the student. | (d) stress: 0/0.5 No answer provided by the student. | (e) creative: 0/0.5 No answer provided by the student.
237336347153,English,,EN,"Make meaningful sentences with the following words: Euphoria, Reluctant, Mitigate, Omnipresent, Proactive",,,,NO_REDMARK,,,,,none,True,False,0.0,,1.0,Euphoria: 0/0.5 No answer provided. | Reluctant: 0/0.5 No answer provided. | Mitigate: 0/0.5 No answer provided. | Omnipresent: 0/0.5 No answer provided. | Proactive: 0/0.5 No answer provided.,0.0,,1.0,Euphoria: 0/0.5 No answer provided. | Reluctant: 0/0.5 No answer provided. | Mitigate: 0/0.5 No answer provided. | Omnipresent: 0/0.5 No answer provided. | Proactive: 0/0.5 No answer provided.
870967429460,English,5/2,EN,Fill in the blanks with suitable modals: (a) You ___ wear a helmet while riding a motorcycle. (b) She ___ be at the library now; I saw her leave home an hour ago. (c) They ___ not enter the classroom without permission. (d) I ___ call him later to confirm the meeting. (e) We ___ finish the project today if we work together.,1.0,1,,NO_MARKSCOL,1.0,,,2.5,marks_col,True,True,2.0,a) should b) would c) may d) will e) can,0.95,"(a) You ___ wear a helmet while riding a motorcycle.: 0.5/0.5 Student answered 'should', which is a correct suitable modal. | (b) She ___ be at the library now; I saw her leave home an hour ago.: 0.0/0.5 Student answered 'would', which is not a suitable modal. The context requires a modal expressing impossibility or strong deduction, such as 'can't' or 'cannot'. | (c) They ___ not enter the classroom without permission.: 0.5/0.5 Student answered 'may', which makes the sentence 'They may not enter...', a correct suitable modal for prohibition. | (d) I ___ call him later to confirm the meeting.: 0.5/0.5 Student answered 'will', which is a correct suitable modal. | (e) We ___ finish the project today if we work together.: 0.5/0.5 Student answered 'can', which is a correct suitable modal.",2.0,a) should b) would c) may d) will e) can,0.95,"(a) You ___ wear a helmet while riding a motorcycle.: 0.5/0.5 Student answered 'should', which is a correct suitable modal. | (b) She ___ be at the library now; I saw her leave home an hour ago.: 0.0/0.5 Student answered 'would', which is not a suitable modal. The context requires a modal expressing impossibility or strong deduction, such as 'can't' or 'cannot'. | (c) They ___ not enter the classroom without permission.: 0.5/0.5 Student answered 'may', which makes the sentence 'They may not enter...', a correct suitable modal for prohibition. | (d) I ___ call him later to confirm the meeting.: 0.5/0.5 Student answered 'will', which is a correct suitable modal. | (e) We ___ finish the project today if we work together.: 0.5/0.5 Student answered 'can', which is a correct suitable modal."
761450492696,English,,EN,"Read the following extract and answer the questions that follow: My name is Ozymandias, king of kings; ‎ Look on my Works, ye Mighty, and despair! ‎ Nothing beside remains. Round the decay ‎ Of that colossal Wreck, boundless and bare ‎ The lone and level sands stretch far away. (a) How does the poem reflect the difference between Ozymandias's claim and reality? (b) What impression do the ‘lone and level sands’ create at the end of the poem?",,,,NO_REDMARK,,,,,none,True,False,0.0,,1.0,How does the poem reflect the difference between Ozymandias's claim and reality?: 0/1.5 No answer provided by the student. | What impression do the ‘lone and level sands’ create at the end of the poem?: 0/1 No answer provided by the student.,0.0,,1.0,How does the poem reflect the difference between Ozymandias's claim and reality?: 0/1.5 No answer provided by the student. | What impression do the ‘lone and level sands’ create at the end of the poem?: 0/1 No answer provided by the student.
388557965760,Biology,5/2,EN,Define: ( i ) Bivalent (ii) Synapsis ( iii) Tetrad ( iv) Chiasma (v) Crossing over,2.5,2.5,,NO_MARKSCOL,2.5,,,2.5,marks_col,True,True,1.9,2. Ci) Due to formation of synapsis of homologous Chromosomes; Number of paired chromosomes is bivalent. Cii) Formation of pair between two homologous chromosomes is synapsis. Ciii) Due to formation of chiasma between non-sister chromatids; tetrad state occurs. Civ) the n-shaped junction of two non-sister chromatids in pachytene stage is chiasma. Cv) The interchange of parts between two non-sister chromatids is crossing over.,0.95,"Bivalent: 0.5/0.5 Correctly identifies bivalent as paired homologous chromosomes formed during synapsis. | Synapsis: 0.5/0.5 Correctly defines synapsis as the pairing of homologous chromosomes. | Tetrad: 0.0/0.5 The definition is indirect and describes an event related to tetrads (chiasma formation) rather than defining what a tetrad is (a structure of four chromatids). | Chiasma: 0.4/0.5 Mostly correct, identifies it as a junction between non-sister chromatids in pachytene, but describes it as 'n-shaped' instead of 'X-shaped' or simply a point of contact. | Crossing over: 0.5/0.5 Correctly defines crossing over as the interchange of parts between non-sister chromatids.",1.9,2. Ci) Due to formation of synapsis of homologous Chromosomes; Number of paired chromosomes is bivalent. Cii) Formation of pair between two homologous chromosomes is synapsis. Ciii) Due to formation of chiasma between non-sister chromatids; tetrad state occurs. Civ) the n-shaped junction of two non-sister chromatids in pachytene stage is chiasma. Cv) The interchange of parts between two non-sister chromatids is crossing over.,0.95,"Bivalent: 0.5/0.5 Correctly identifies bivalent as paired homologous chromosomes formed during synapsis. | Synapsis: 0.5/0.5 Correctly defines synapsis as the pairing of homologous chromosomes. | Tetrad: 0.0/0.5 The definition is indirect and describes an event related to tetrads (chiasma formation) rather than defining what a tetrad is (a structure of four chromatids). | Chiasma: 0.4/0.5 Mostly correct, identifies it as a junction between non-sister chromatids in pachytene, but describes it as 'n-shaped' instead of 'X-shaped' or simply a point of contact. | Crossing over: 0.5/0.5 Correctly defines crossing over as the interchange of parts between non-sister chromatids."
894483107494,Biology,5/2,EN,What is multiple allelism? Which gametes will be formed from \(AaBb\) genotypic organism?,2.5,2.5,,NO_MARKSCOL,2.5,,,2.5,marks_col,True,True,2.5,"3. When multiple alleles in a specific locus of a homologous Chromosomes control a specific trait, it is called multiple allelism. Gametes! i) AB ii) Ab iii) aB iv) ab",1.0,"Definition of multiple allelism: 1.0/1.0 The student provided a correct and comprehensive definition of multiple allelism, mentioning multiple alleles at a specific locus on homologous chromosomes controlling a specific trait. | Gametes formed from AaBb: 1.5/1.5 The student correctly identified all four possible gametes (AB, Ab, aB, ab) that can be formed from an AaBb genotypic organism.",2.5,"3. When multiple alleles in a specific locus of a homologous Chromosomes control a specific trait, it is called multiple allelism. Gametes! i) AB ii) Ab iii) aB iv) ab",1.0,"Definition of multiple allelism: 1.0/1.0 The student provided a correct and comprehensive definition of multiple allelism, mentioning multiple alleles at a specific locus on homologous chromosomes controlling a specific trait. | Gametes formed from AaBb: 1.5/1.5 The student correctly identified all four possible gametes (AB, Ab, aB, ab) that can be formed from an AaBb genotypic organism."
657037053129,Biology,1/2,EN,Write the names of malaria parasite and their latent period.,2.25,2.25,,NO_MARKSCOL,2.25,,,0.5,inconsistent(gold>full),False,False,0.5,4. i.) Plasmodium falciparum! 8-15 days ii.) Plasmodium vivax! 12-16 days. iii.) Plasmodium malariae! 18-40 days. iv.) Plasmodium ovale! 11-16 days,1.0,"Correctly identified Plasmodium falciparum and its latent period: 0.25/0.25 The student correctly identified Plasmodium falciparum and its latent period (8-15 days), matching the model solution. | Provided additional correct malaria parasites and their latent periods: 0.25/0.25 The student provided additional correct information for Plasmodium vivax, Plasmodium malariae, and Plasmodium ovale, along with their accurate latent periods, demonstrating comprehensive knowledge.",0.5,4. i.) Plasmodium falciparum! 8-15 days ii.) Plasmodium vivax! 12-16 days. iii.) Plasmodium malariae! 18-40 days. iv.) Plasmodium ovale! 11-16 days,1.0,"Correctly identified Plasmodium falciparum and its latent period: 0.25/0.25 The student correctly identified Plasmodium falciparum and its latent period (8-15 days), matching the model solution. | Provided additional correct malaria parasites and their latent periods: 0.25/0.25 The student provided additional correct information for Plasmodium vivax, Plasmodium malariae, and Plasmodium ovale, along with their accurate latent periods, demonstrating comprehensive knowledge."
560244588512,Biology,5/2,EN,Write down five differences between Vertebrates and Invertebrate.,2.0,2,,NO_MARKSCOL,2.0,,,2.5,marks_col,True,True,1.5,1. Vertebrates (i) Notochord turns into backbone. (ii) Nerve chord transforming into Brain and spinal chord. (iii) Gill slits to transform into Lungs & skin in uterus. (iv) Give birth in uterus. (v) Nerve -> dorsal; heart -> ventral region Invertebrates (i) No backbone. (ii) No transformation in nerve chord. (iii) Gill slits doesn't undergo change. (iv) Doesn't give birth in uterus. (v) Nerve -> ventral; heart -> dorsal region,0.9,"Notochord/Backbone presence and development: 0.5/0.5 The student correctly identifies that vertebrates have a notochord that develops into a backbone, while invertebrates lack a backbone. | Nerve chord transformation/structure: 0.5/0.5 The student correctly states that the nerve cord in vertebrates transforms into the brain and spinal cord, and implies no such transformation in invertebrates, which is a valid difference. | Gill slits development/presence: 0.0/0.5 The statement that gill slits transform into lungs and skin in vertebrates is incorrect. Gill slits (pharyngeal slits) are embryonic features that may persist or close, but do not become lungs and skin. Lungs develop from the foregut. The invertebrate counterpart is also vague and not a clear difference. | Reproduction method (birth in uterus): 0.0/0.5 Stating that vertebrates 'give birth in uterus' is only true for viviparous mammals, not all vertebrates (e.g., birds lay eggs). Therefore, this is not a universal difference between all vertebrates and invertebrates. | Position of nerve cord and heart: 0.5/0.5 The student correctly identifies that vertebrates have a dorsal nerve cord and a ventral heart, while many invertebrates have a ventral nerve cord and a dorsal heart, which is a fundamental anatomical difference.",1.5,1. Vertebrates (i) Notochord turns into backbone. (ii) Nerve chord transforming into Brain and spinal chord. (iii) Gill slits to transform into Lungs & skin in uterus. (iv) Give birth in uterus. (v) Nerve -> dorsal; heart -> ventral region Invertebrates (i) No backbone. (ii) No transformation in nerve chord. (iii) Gill slits doesn't undergo change. (iv) Doesn't give birth in uterus. (v) Nerve -> ventral; heart -> dorsal region,0.9,"Notochord/Backbone presence and development: 0.5/0.5 The student correctly identifies that vertebrates have a notochord that develops into a backbone, while invertebrates lack a backbone. | Nerve chord transformation/structure: 0.5/0.5 The student correctly states that the nerve cord in vertebrates transforms into the brain and spinal cord, and implies no such transformation in invertebrates, which is a valid difference. | Gill slits development/presence: 0.0/0.5 The statement that gill slits transform into lungs and skin in vertebrates is incorrect. Gill slits (pharyngeal slits) are embryonic features that may persist or close, but do not become lungs and skin. Lungs develop from the foregut. The invertebrate counterpart is also vague and not a clear difference. | Reproduction method (birth in uterus): 0.0/0.5 Stating that vertebrates 'give birth in uterus' is only true for viviparous mammals, not all vertebrates (e.g., birds lay eggs). Therefore, this is not a universal difference between all vertebrates and invertebrates. | Position of nerve cord and heart: 0.5/0.5 The student correctly identifies that vertebrates have a dorsal nerve cord and a ventral heart, while many invertebrates have a ventral nerve cord and a dorsal heart, which is a fundamental anatomical difference."
564641797057,Biology,5/2,EN,Write the name of sites of different steps of aerobic respiration. Which step is called the common pathway of respiration?,2.5,2.5,,NO_MARKSCOL,2.5,,,2.5,marks_col,True,True,2.5,"2. Ci-) Glycolyens: Cytoplasm. Cii-) Acetyl Co-A formation: Mitochondrial matran. Ciii-) Krebs cycle: Mitochondrial matran. Civ-) Electron transfer: Inner membrane / cristae mitochondria. Common Pathway is ""Glycolysis"".",0.95,"Site of Glycolysis: 0.5/0.5 Correctly identified cytoplasm as the site of glycolysis, despite misspelling 'Glycolysis' as 'Glycolyens'. | Site of Acetyl Co-A formation: 0.5/0.5 Correctly identified mitochondrial matrix as the site of Acetyl Co-A formation, despite misspelling 'matrix' as 'matran'. | Site of Krebs cycle: 0.5/0.5 Correctly identified mitochondrial matrix as the site of the Krebs cycle, despite misspelling 'matrix' as 'matran'. | Site of Electron transfer (ETC): 0.5/0.5 Correctly identified the inner mitochondrial membrane/cristae as the site of electron transfer. | Common pathway of respiration: 0.5/0.5 Correctly identified glycolysis as the common pathway of respiration.",2.5,"2. Ci-) Glycolyens: Cytoplasm. Cii-) Acetyl Co-A formation: Mitochondrial matran. Ciii-) Krebs cycle: Mitochondrial matran. Civ-) Electron transfer: Inner membrane / cristae mitochondria. Common Pathway is ""Glycolysis"".",0.95,"Site of Glycolysis: 0.5/0.5 Correctly identified cytoplasm as the site of glycolysis, despite misspelling 'Glycolysis' as 'Glycolyens'. | Site of Acetyl Co-A formation: 0.5/0.5 Correctly identified mitochondrial matrix as the site of Acetyl Co-A formation, despite misspelling 'matrix' as 'matran'. | Site of Krebs cycle: 0.5/0.5 Correctly identified mitochondrial matrix as the site of the Krebs cycle, despite misspelling 'matrix' as 'matran'. | Site of Electron transfer (ETC): 0.5/0.5 Correctly identified the inner mitochondrial membrane/cristae as the site of electron transfer. | Common pathway of respiration: 0.5/0.5 Correctly identified glycolysis as the common pathway of respiration."
821465883373,Biology,5/2,EN,What is sex linked inheritance? Mention any four sex linked disorders with their symptoms.,2.5,2.5,,NO_MARKSCOL,2.5,,,2.5,marks_col,True,True,2.5,3. The characteristics which is transferred to offspring by sex chromosome is sex linked inheritance. (i) Colour-blindness: fail to differentiated red-green. (ii) Haemophilia: Blood clotting complexities. (iii) Duchenne muscular dystrophy: Muscular dysfunction (iv) Testicular feminization: Man turns into woman.,0.95,"Definition of sex-linked inheritance: 0.5/0.5 The definition provided is accurate and concise: 'The characteristics which is transferred to offspring by sex chromosome is sex linked inheritance.' | First sex-linked disorder and symptom: 0.5/0.5 Correctly identified Colour-blindness and its symptom 'fail to differentiated red-green'. | Second sex-linked disorder and symptom: 0.5/0.5 Correctly identified Haemophilia and its symptom 'Blood clotting complexities'. | Third sex-linked disorder and symptom: 0.5/0.5 Correctly identified Duchenne muscular dystrophy and its symptom 'Muscular dysfunction'. | Fourth sex-linked disorder and symptom: 0.5/0.5 Correctly identified Testicular feminization (Androgen Insensitivity Syndrome) and provided an understandable, albeit simplified, symptom 'Man turns into woman' which describes the phenotypic outcome.",2.5,3. The characteristics which is transferred to offspring by sex chromosome is sex linked inheritance. (i) Colour-blindness: fail to differentiated red-green. (ii) Haemophilia: Blood clotting complexities. (iii) Duchenne muscular dystrophy: Muscular dysfunction (iv) Testicular feminization: Man turns into woman.,0.95,"Definition of sex-linked inheritance: 0.5/0.5 The definition provided is accurate and concise: 'The characteristics which is transferred to offspring by sex chromosome is sex linked inheritance.' | First sex-linked disorder and symptom: 0.5/0.5 Correctly identified Colour-blindness and its symptom 'fail to differentiated red-green'. | Second sex-linked disorder and symptom: 0.5/0.5 Correctly identified Haemophilia and its symptom 'Blood clotting complexities'. | Third sex-linked disorder and symptom: 0.5/0.5 Correctly identified Duchenne muscular dystrophy and its symptom 'Muscular dysfunction'. | Fourth sex-linked disorder and symptom: 0.5/0.5 Correctly identified Testicular feminization (Androgen Insensitivity Syndrome) and provided an understandable, albeit simplified, symptom 'Man turns into woman' which describes the phenotypic outcome."
229581767323,Biology,5/2,EN,Write down 5 differences between tissue culture and recombinant DNA technology.,2.5,2.5,,NO_MARKSCOL,2.5,,,2.5,marks_col,True,True,2.5,4. Tissue culture | Recombinant DNA technology i) It's very fast. | i) It's not fast. ii) No change in genotype. | ii) Changes in genotype. iii) Don't need vector. | iii) Need vector. iv) No variation produced. | iv) Variation Produced. v) Not costly. | v) Costly process.,0.95,"Difference 1: Speed of process: 0.5/0.5 Student correctly identifies tissue culture as generally faster for propagation and recombinant DNA technology as a more involved, often slower process for development. | Difference 2: Genotype alteration: 0.5/0.5 Student correctly states that tissue culture aims for no genotype change (cloning), while recombinant DNA technology inherently involves genotype changes. | Difference 3: Requirement of vector: 0.5/0.5 Student correctly identifies that tissue culture does not typically require vectors, whereas recombinant DNA technology relies on them for gene delivery. | Difference 4: Production of variation: 0.5/0.5 Student correctly notes that tissue culture aims to avoid variation, while recombinant DNA technology introduces variation. | Difference 5: Cost of process: 0.5/0.5 Student correctly identifies recombinant DNA technology as generally a more costly process than tissue culture, especially in terms of research and development.",2.5,4. Tissue culture | Recombinant DNA technology i) It's very fast. | i) It's not fast. ii) No change in genotype. | ii) Changes in genotype. iii) Don't need vector. | iii) Need vector. iv) No variation produced. | iv) Variation Produced. v) Not costly. | v) Costly process.,0.95,"Difference 1: Speed of process: 0.5/0.5 Student correctly identifies tissue culture as generally faster for propagation and recombinant DNA technology as a more involved, often slower process for development. | Difference 2: Genotype alteration: 0.5/0.5 Student correctly states that tissue culture aims for no genotype change (cloning), while recombinant DNA technology inherently involves genotype changes. | Difference 3: Requirement of vector: 0.5/0.5 Student correctly identifies that tissue culture does not typically require vectors, whereas recombinant DNA technology relies on them for gene delivery. | Difference 4: Production of variation: 0.5/0.5 Student correctly notes that tissue culture aims to avoid variation, while recombinant DNA technology introduces variation. | Difference 5: Cost of process: 0.5/0.5 Student correctly identifies recombinant DNA technology as generally a more costly process than tissue culture, especially in terms of research and development."
147621488614,Biology,5/2,EN,Write the pathway of coronary circulation. Write six names of cardiovascular diseases.,2.5,2.5,,NO_MARKSCOL,2.5,,,2.5,marks_col,True,True,1.75,2. Left ventricles -> coronary artery -> heart much -> non any liney -> Right atrium i) Annytumia ii) Heart faile iii) Cardio me party iv) Heart Attack v) Angina vi) Cardiomegaly.,0.9,"Pathway of coronary circulation: 0.25/1 The student incorrectly started the pathway from 'Left ventricles' instead of the aorta. While 'coronary artery', 'heart much' (heart muscle), and 'Right atrium' are relevant components, the sequence is largely incorrect and the venous return ('non any liney') is unclear/incorrect. Awarded minimal credit for identifying some correct terms. | Six names of cardiovascular diseases: 1.5/1.5 The student correctly listed six cardiovascular diseases: Arrhythmia (Annytumia), Heart failure (Heart faile), Cardiomyopathy (Cardio me party), Heart Attack, Angina, and Cardiomegaly. Minor spelling errors are acceptable.",1.75,2. Left ventricles -> coronary artery -> heart much -> non any liney -> Right atrium i) Annytumia ii) Heart faile iii) Cardio me party iv) Heart Attack v) Angina vi) Cardiomegaly.,0.9,"Pathway of coronary circulation: 0.25/1 The student incorrectly started the pathway from 'Left ventricles' instead of the aorta. While 'coronary artery', 'heart much' (heart muscle), and 'Right atrium' are relevant components, the sequence is largely incorrect and the venous return ('non any liney') is unclear/incorrect. Awarded minimal credit for identifying some correct terms. | Six names of cardiovascular diseases: 1.5/1.5 The student correctly listed six cardiovascular diseases: Arrhythmia (Annytumia), Heart failure (Heart faile), Cardiomyopathy (Cardio me party), Heart Attack, Angina, and Cardiomegaly. Minor spelling errors are acceptable."
845588502403,Biology,5/2,EN,Write down the chemical reaction of respiration. Mention three main significances of this process.,2.5,2.5,,NO_MARKSCOL,2.5,,,2.5,marks_col,True,True,0.75,3. CoH12O6 + 6O2 -> 6CO2 + 6H2O + Energy (36 ATP) i) A living beings get energy. ii) Transportation of nutrients. iii) Fulfilling the need of O2.,0.9,"Chemical reaction of respiration: 0.25/1.0 Incorrect chemical formula for glucose (CoH12O6 instead of C6H12O6). Water coefficient (6H2O) differs from the model solution (12H2O product, 6H2O reactant). Missing reaction conditions (enzyme/co-enzyme). | Significance 1: Energy production: 0.5/0.5 Correctly identified energy production as a significance of respiration. | Significance 2: Nutrient transportation: 0.0/0.5 Respiration provides energy for nutrient transport, but it is not the process of transport itself. This is an indirect consequence, not a direct significance of the process. | Significance 3: Fulfilling O2 need: 0.0/0.5 Respiration consumes O2, it does not fulfill the need for O2. This statement is incorrect.",1.5,3. C6H12O6 + 6O2 -> 6CO2 + 6H2O + Energy (36 ATP) (i) A living beings get energy. (ii) Transportation of nutrients. (iii) Fulfilling the need of O2.,0.9,"Chemical reaction of respiration: 1/1 The student provided a correct and balanced chemical equation for aerobic respiration, including reactants, products, and energy yield (36 ATP). | First significance of respiration: 0.5/0.5 Correctly identified energy production as a main significance of respiration. | Second significance of respiration: 0/0.5 Respiration provides energy for nutrient transport, but it is not the process of transport itself. This is an indirect consequence, not a direct significance of the respiration process. | Third significance of respiration: 0/0.5 Respiration consumes O2 (in aerobic respiration); it does not fulfill the need for O2. This statement is incorrect."
494485476898,Biology,5/2,EN,Write five identifying internal characteristics of monocot stem.,2.0,2,,NO_MARKSCOL,2.0,,,2.5,marks_col,True,True,2.5,"ci) No pericycle present. cii) xylem is Y or V shaped. ciii) No Endodermis present. civ) No stem hair present. cv) Hypodermis is made of sclerenchyma tissue. Vascular bundle is collateral, closed.",0.95,"No pericycle present.: 0.5/0.5 Correct internal characteristic of a monocot stem. | xylem is Y or V shaped.: 0.5/0.5 Correct internal characteristic of a monocot stem. | No Endodermis present.: 0.5/0.5 Correct internal characteristic of a monocot stem. | No stem hair present.: 0.0/0.5 This is an external characteristic, not an internal one as requested by the question. | Hypodermis is made of sclerenchyma tissue.: 0.5/0.5 Correct internal characteristic of a monocot stem. | Vascular bundle is collateral, closed.: 0.5/0.5 Correct internal characteristic of a monocot stem.",2.5,"ci) No pericycle present. cii) xylem is Y or V shaped. ciii) No Endodermis present. civ) No stem hair present. cv) Hypodermis is made of sclerenchyma tissue. Vascular bundle is collateral, closed.",0.95,"No pericycle present.: 0.5/0.5 Correct internal characteristic of a monocot stem. | xylem is Y or V shaped.: 0.5/0.5 Correct internal characteristic of a monocot stem. | No Endodermis present.: 0.5/0.5 Correct internal characteristic of a monocot stem. | No stem hair present.: 0.0/0.5 This is an external characteristic, not an internal one as requested by the question. | Hypodermis is made of sclerenchyma tissue.: 0.5/0.5 Correct internal characteristic of a monocot stem. | Vascular bundle is collateral, closed.: 0.5/0.5 Correct internal characteristic of a monocot stem."
354478596665,Biology,1/2,EN,Which membrane separates alveoli? Write the importance of respiratory pigments in oxygen and carbon dioxide transport?,0.0,0,,NO_MARKSCOL,0.0,,,0.5,marks_col,True,True,0.5,1. Alveolean Intervening membrane separates the Alveoli. FOR O2: Haemoglobin transports most of the by forming oxy-haemoglobin. 4Hb + 4O2 -> 4HbO2 For CO2: Small amount of CO2 is transported by haemoglobin; by forming carbamino haemoglobin.,0.95,Identification of the membrane separating alveoli: 0.15/0.15 The student correctly identified the 'Alveolean Intervening membrane' (interalveolar septum) as separating the alveoli. | Importance of respiratory pigments in oxygen transport: 0.175/0.175 The student correctly explained that haemoglobin transports most oxygen by forming oxyhaemoglobin and provided the correct chemical equation. | Importance of respiratory pigments in carbon dioxide transport: 0.175/0.175 The student correctly stated that a small amount of CO2 is transported by haemoglobin by forming carbaminohemoglobin.,0.5,1. Alveolean Intervening membrane separates the Alveoli. FOR O2: Haemoglobin transports most of the by forming oxy-haemoglobin. 4Hb + 4O2 -> 4HbO2 For CO2: Small amount of CO2 is transported by haemoglobin; by forming carbamino haemoglobin.,0.95,Identification of the membrane separating alveoli: 0.15/0.15 The student correctly identified the 'Alveolean Intervening membrane' (interalveolar septum) as separating the alveoli. | Importance of respiratory pigments in oxygen transport: 0.175/0.175 The student correctly explained that haemoglobin transports most oxygen by forming oxyhaemoglobin and provided the correct chemical equation. | Importance of respiratory pigments in carbon dioxide transport: 0.175/0.175 The student correctly stated that a small amount of CO2 is transported by haemoglobin by forming carbaminohemoglobin.
964503901727,Biology,5/2,EN,Write down 5 differences between active and passive salt absorption.,2.5,2.5,,NO_MARKSCOL,2.5,,,2.5,marks_col,True,True,2.0,1. Active absorption (i) Respiration rate increases. (ii) Energy require! (iii) Enzyme and Carrier needed. (iv) Cation and anion absorbed simultaneously. (v) Example: salt absorption. Passive Absorption (i) Respiration rate remain normal. (ii) No energy required. (iii) No Carrier need. (iv) Cation Anion not absorbed simultaneously. (v) Example: water absorption.,0.9,"Difference 1: Respiration rate: 0.5/0.5 Student correctly states that respiration rate increases in active absorption and remains normal in passive absorption, reflecting energy requirements. | Difference 2: Energy requirement: 0.5/0.5 Student correctly states that active absorption requires energy and passive absorption does not. | Difference 3: Carrier/Enzyme involvement: 0.5/0.5 Student correctly states that active absorption needs enzymes and carriers, while passive absorption generally does not (or not in the same obligatory way). | Difference 4: Cation and anion absorption: 0.5/0.5 Student states that cations and anions are absorbed simultaneously in active absorption and not simultaneously in passive. While a simplification, this distinction is often made in introductory biology regarding coupled transport in active processes versus independent movement in passive. | Difference 5: Example: 0.0/0.5 The example for active absorption (salt absorption) is correct. However, the example for passive absorption (water absorption) is incorrect in the context of 'salt absorption'. The question specifically asks for differences in 'salt absorption', not general transport. Passive salt absorption would involve diffusion of ions, not water.",2.0,1. Active absorption (i) Respiration rate increases. (ii) Energy require! (iii) Enzyme and Carrier needed. (iv) Cation and anion absorbed simultaneously. (v) Example: salt absorption. Passive Absorption (i) Respiration rate remain normal. (ii) No energy required. (iii) No Carrier need. (iv) Cation Anion not absorbed simultaneously. (v) Example: water absorption.,0.9,"Difference 1: Respiration rate: 0.5/0.5 Student correctly states that respiration rate increases in active absorption and remains normal in passive absorption, reflecting energy requirements. | Difference 2: Energy requirement: 0.5/0.5 Student correctly states that active absorption requires energy and passive absorption does not. | Difference 3: Carrier/Enzyme involvement: 0.5/0.5 Student correctly states that active absorption needs enzymes and carriers, while passive absorption generally does not (or not in the same obligatory way). | Difference 4: Cation and anion absorption: 0.5/0.5 Student states that cations and anions are absorbed simultaneously in active absorption and not simultaneously in passive. While a simplification, this distinction is often made in introductory biology regarding coupled transport in active processes versus independent movement in passive. | Difference 5: Example: 0.0/0.5 The example for active absorption (salt absorption) is correct. However, the example for passive absorption (water absorption) is incorrect in the context of 'salt absorption'. The question specifically asks for differences in 'salt absorption', not general transport. Passive salt absorption would involve diffusion of ions, not water."
414303411594,Biology,1/2,EN,Present the transport of absorbed food and its fate in the human body by a flowchart.,,,,NO_REDMARK,,,,0.5,marks_col,True,False,0.5,i) Glucose -> Small Intestine -> Blood vessell -> Liver -> Brain ii) Amino acid -> Small Intestinal Vini -> Blood vessells -> Liver iii) Lipid (micelles) -> Lactean lymph -> Blood vessell -> Liver,0.95,"Glucose pathway accuracy: 0.17/0.17 The flowchart for glucose correctly identifies absorption in the small intestine, transport via blood vessels, and primary fates in the liver and brain. | Amino acid pathway accuracy: 0.17/0.17 The flowchart for amino acids correctly identifies absorption in the small intestinal villi (despite the misspelling 'Vini'), transport via blood vessels, and processing in the liver. | Lipid pathway accuracy: 0.16/0.16 The flowchart for lipids correctly identifies absorption as micelles, transport via lacteal lymph (despite the misspelling 'Lactean'), entry into blood vessels, and processing in the liver. This accurately reflects the unique lymphatic pathway for lipids.",0.5,i) Glucose -> Small Intestine -> Blood vessell -> Liver -> Brain ii) Amino acid -> Small Intestinal Vini -> Blood vessells -> Liver iii) Lipid (micelles) -> Lactean lymph -> Blood vessell -> Liver,0.95,"Glucose pathway accuracy: 0.17/0.17 The flowchart for glucose correctly identifies absorption in the small intestine, transport via blood vessels, and primary fates in the liver and brain. | Amino acid pathway accuracy: 0.17/0.17 The flowchart for amino acids correctly identifies absorption in the small intestinal villi (despite the misspelling 'Vini'), transport via blood vessels, and processing in the liver. | Lipid pathway accuracy: 0.16/0.16 The flowchart for lipids correctly identifies absorption as micelles, transport via lacteal lymph (despite the misspelling 'Lactean'), entry into blood vessels, and processing in the liver. This accurately reflects the unique lymphatic pathway for lipids."
987747916853,Biology,5/2,EN,Describe mitotic metaphase in brief.,,,,NO_REDMARK,,,,2.5,marks_col,True,False,2.5,"2. (i) chromosomes get very thick and shorter. (ii) super coiling and condensation is seen. (iii) metakinesis of chromosomes in tan (iv) size, shape, etc. chromosomes are clearly seen; since color retention is high. Fig: Metaphase",0.95,"Chromosome condensation (thick, short, supercoiling): 0.5/0.5 The student correctly states that chromosomes become very thick and shorter, and undergo supercoiling and condensation. | Alignment at metaphase plate (metakinesis): 0.5/0.5 The student uses the term 'metakinesis of chromosomes', which accurately describes their movement and alignment at the equatorial plate. | Visibility and study of morphology: 0.5/0.5 The student notes that chromosomes' size, shape, etc., are clearly seen due to high color retention, which is a key characteristic of metaphase. | Spindle fiber attachment to kinetochores: 0.5/0.5 While not explicitly stated in text, the diagram clearly shows spindle fibers attached to the chromosomes at the metaphase plate, implying kinetochore attachment. | Accurate diagram of metaphase: 0.5/0.5 The student provided a clear and accurate diagram depicting chromosomes aligned at the metaphase plate with spindle fibers.",2.5,"2. (i) chromosomes get very thick and shorter. (ii) super coiling and condensation is seen. (iii) metakinesis of chromosomes in tan (iv) size, shape, etc. chromosomes are clearly seen; since color retention is high. Fig: Metaphase",0.95,"Chromosome condensation (thick, short, supercoiling): 0.5/0.5 The student correctly states that chromosomes become very thick and shorter, and undergo supercoiling and condensation. | Alignment at metaphase plate (metakinesis): 0.5/0.5 The student uses the term 'metakinesis of chromosomes', which accurately describes their movement and alignment at the equatorial plate. | Visibility and study of morphology: 0.5/0.5 The student notes that chromosomes' size, shape, etc., are clearly seen due to high color retention, which is a key characteristic of metaphase. | Spindle fiber attachment to kinetochores: 0.5/0.5 While not explicitly stated in text, the diagram clearly shows spindle fibers attached to the chromosomes at the metaphase plate, implying kinetochore attachment. | Accurate diagram of metaphase: 0.5/0.5 The student provided a clear and accurate diagram depicting chromosomes aligned at the metaphase plate with spindle fibers."
225465474823,Biology,5/2,EN,Define: ( i ) Lymph (ii) Locus (iii) Allele (iv) Phenotype (v) Gluconeogenesis,2.5,2.5,,NO_MARKSCOL,2.5,,,2.5,marks_col,True,True,1.75,4. (i) Light yellowish fluid present in intracellular spaces in our body is lymph. (ii) Location of a gene throughout a chromosome is Locus. (iii) A pair of genes controlling a trait in homologous chromosome locus are alleles of each other. (iv) Expressed features of gene is Phenotype. (v) The process by which glycogen is produced from non-carbohydrate sources is Gluconeogenesis.,0.95,"Lymph definition: 0.25/0.5 Identifies it as a light yellowish fluid, but incorrectly states 'intracellular spaces' instead of lymphatic system/interstitial spaces. | Locus definition: 0.5/0.5 Correctly defines locus as the location of a gene on a chromosome. | Allele definition: 0.5/0.5 Correctly defines alleles as a pair of genes controlling a trait in homologous chromosome locus. | Phenotype definition: 0.5/0.5 Correctly defines phenotype as the expressed features/characteristics. | Gluconeogenesis definition: 0/0.5 Incorrectly states that glycogen is produced from non-carbohydrate sources. Gluconeogenesis is the synthesis of glucose, not glycogen.",1.75,4. (i) Light yellowish fluid present in intracellular spaces in our body is lymph. (ii) Location of a gene throughout a chromosome is Locus. (iii) A pair of genes controlling a trait in homologous chromosome locus are alleles of each other. (iv) Expressed features of gene is Phenotype. (v) The process by which glycogen is produced from non-carbohydrate sources is Gluconeogenesis.,0.95,"Lymph definition: 0.25/0.5 Identifies it as a light yellowish fluid, but incorrectly states 'intracellular spaces' instead of lymphatic system/interstitial spaces. | Locus definition: 0.5/0.5 Correctly defines locus as the location of a gene on a chromosome. | Allele definition: 0.5/0.5 Correctly defines alleles as a pair of genes controlling a trait in homologous chromosome locus. | Phenotype definition: 0.5/0.5 Correctly defines phenotype as the expressed features/characteristics. | Gluconeogenesis definition: 0/0.5 Incorrectly states that glycogen is produced from non-carbohydrate sources. Gluconeogenesis is the synthesis of glucose, not glycogen."
141436348430,Biology,5/2,EN,What is lethal gene? Write the names of 6 diseases caused by lethal genes.,2.5,2.5,,NO_MARKSCOL,2.5,,,2.5,marks_col,True,True,2.25,2. The gene that causes death of an organism in homozygous state is lethal gene. Such as: (i) Brachyphalang (ii) Retinoblastoma (iii) Thalassemia (iv) Sickle cell anaemia (v) congenital ichthyosis (vi) Haemophilia,0.95,"Definition of lethal gene: 1.0/1.0 The student provided an accurate definition: 'The gene that causes death of an organism in homozygous state is lethal gene.' | Names of 6 diseases caused by lethal genes (0.25 marks per correct disease): 1.25/1.5 5 out of 6 diseases listed are appropriate examples of conditions caused by lethal genes. Retinoblastoma is not typically classified as a lethal gene in the context of causing death directly due to a specific genotype, but rather a predisposition to cancer. Brachyphalang (accepted as brachydactyly), Thalassemia, Sickle cell anaemia, Congenital ichthyosis, and Haemophilia are acceptable.",2.25,2. The gene that causes death of an organism in homozygous state is lethal gene. Such as: (i) Brachyphalang (ii) Retinoblastoma (iii) Thalassemia (iv) Sickle cell anaemia (v) congenital ichthyosis (vi) Haemophilia,0.95,"Definition of lethal gene: 1.0/1.0 The student provided an accurate definition: 'The gene that causes death of an organism in homozygous state is lethal gene.' | Names of 6 diseases caused by lethal genes (0.25 marks per correct disease): 1.25/1.5 5 out of 6 diseases listed are appropriate examples of conditions caused by lethal genes. Retinoblastoma is not typically classified as a lethal gene in the context of causing death directly due to a specific genotype, but rather a predisposition to cancer. Brachyphalang (accepted as brachydactyly), Thalassemia, Sickle cell anaemia, Congenital ichthyosis, and Haemophilia are acceptable."
919509166679,Biology,5/2,EN,Which cycle produces urea in liver? Explain the synthesis and breakdown of hormone in liver.,,,,NO_REDMARK,,,,2.5,marks_col,True,False,1.75,"1. ""ornithine cycle"" produces urea in liver. Synthesis of hormone: Almost all types of Liver Produces Angiotensin which is activated by Renin (kidney) hormone to decrease blood pressure. Breakdown of hormone: Liver rapidly breaks down 'Aldosterone' and 'Testosterone'.",0.95,"Identification of urea cycle: 0.5/0.5 Correctly identified the ornithine cycle as producing urea in the liver. | Explanation of hormone synthesis in liver: 0.25/1.0 Correctly stated that the liver produces angiotensinogen (though referred to as 'Angiotensin') and that renin from the kidney is involved in its activation. However, the explanation of the hormone's function (decreasing blood pressure) is factually incorrect, and the overall synthesis process is not fully detailed. | Explanation of hormone breakdown in liver: 1.0/1.0 Correctly stated that the liver is involved in the rapid breakdown of hormones, providing accurate examples like aldosterone and testosterone.",1.7,"1. ""ornithine cycle"" produces urea in liver. Synthesis of hormone: Almost all types of Liver Produces Angiotensin which is activated by Renin (kidney) hormone to decrease blood pressure. Breakdown of hormone: Liver rapidly breaks down 'Aldosterone' and 'Testosterone'.",0.9,"Identify the cycle that produces urea in the liver: 0.5/0.5 Student correctly identified the 'ornithine cycle'. | Explain the synthesis of hormone in the liver: 0.2/1.0 Student correctly stated that the liver produces Angiotensinogen and that Renin activates it. However, the statement that it 'decrease blood pressure' is factually incorrect; Angiotensin II increases blood pressure. This significant error led to a substantial deduction. | Explain the breakdown of hormone in the liver: 1.0/1.0 Student correctly stated that the liver rapidly breaks down hormones and provided accurate examples ('Aldosterone' and 'Testosterone')."
863086104593,Biology,5/2,EN,How many limiting factors of photosynthesis process and what are they? Write down 3 differences between Glycolysis and Photolysis?,2.5,2.5,,NO_MARKSCOL,2.5,,,2.5,marks_col,True,True,2.5,3. Three limifing factors! (i) Light's Intensity (ii) perity of CO2 (iii) Temperature. Glycolysis (i) occung in respination. (ii) No water needed. (iii) No sun-light needed. Photolysis (i) ocount in Photosynthech (ii) Water is needed. (iii) Sunlight needed.,0.95,Number of limiting factors identified: 0.25/0.25 Correctly stated 'Three' limiting factors. | Limiting factor 1: Light Intensity: 0.25/0.25 Correctly identified Light Intensity as a limiting factor. | Limiting factor 2: CO2 concentration: 0.25/0.25 Correctly identified CO2 concentration (written as 'perity of CO2') as a limiting factor. | Limiting factor 3: Temperature: 0.25/0.25 Correctly identified Temperature as a limiting factor. | Difference 1: Occurrence (Glycolysis vs Photolysis): 0.5/0.5 Correctly stated Glycolysis occurs in respiration and Photolysis in photosynthesis. | Difference 2: Water requirement (Glycolysis vs Photolysis): 0.5/0.5 Correctly stated Glycolysis does not need water and Photolysis needs water. | Difference 3: Sunlight requirement (Glycolysis vs Photolysis): 0.5/0.5 Correctly stated Glycolysis does not need sunlight and Photolysis needs sunlight.,2.5,3. Three limifing factors! (i) Light's Intensity (ii) perity of CO2 (iii) Temperature. Glycolysis (i) occung in respination. (ii) No water needed. (iii) No sun-light needed. Photolysis (i) ocount in Photosynthech (ii) Water is needed. (iii) Sunlight needed.,0.95,Number of limiting factors identified: 0.25/0.25 Correctly stated 'Three' limiting factors. | Limiting factor 1: Light Intensity: 0.25/0.25 Correctly identified Light Intensity as a limiting factor. | Limiting factor 2: CO2 concentration: 0.25/0.25 Correctly identified CO2 concentration (written as 'perity of CO2') as a limiting factor. | Limiting factor 3: Temperature: 0.25/0.25 Correctly identified Temperature as a limiting factor. | Difference 1: Occurrence (Glycolysis vs Photolysis): 0.5/0.5 Correctly stated Glycolysis occurs in respiration and Photolysis in photosynthesis. | Difference 2: Water requirement (Glycolysis vs Photolysis): 0.5/0.5 Correctly stated Glycolysis does not need water and Photolysis needs water. | Difference 3: Sunlight requirement (Glycolysis vs Photolysis): 0.5/0.5 Correctly stated Glycolysis does not need sunlight and Photolysis needs sunlight.
108705065284,Biology,5/2,EN,What is gene? Mention the components that are necessary for Transcription process.,2.5,2.5,,NO_MARKSCOL,2.5,,,2.5,marks_col,True,True,2.5,"4. Gene is the smallest unit that expresses the characteristic features of a trait. Components: (i) Template (DNA) (ii) RNA polymerase (iii) Free ribonucleotri-phosphate (CATP, CTP, etc.) (iv) Some assisting Proteins. (v) Necessary energy from break down of bonds of DNA.",0.95,"Definition of Gene: 0.5/0.5 The definition 'Gene is the smallest unit that expresses the characteristic features of a trait' is accurate and concise. | Transcription Component: DNA Template: 0.5/0.5 Correctly identified DNA as the template for transcription. | Transcription Component: RNA Polymerase: 0.5/0.5 Correctly identified RNA polymerase as a necessary enzyme. | Transcription Component: Ribonucleoside Triphosphates (NTPs): 0.5/0.5 Correctly identified free ribonucleotides (ribonucleotri-phosphate) as precursors, despite a minor typo in the term and examples. | Transcription Component: Assisting Proteins: 0.5/0.5 Correctly identified the need for assisting proteins (e.g., transcription factors). | Transcription Component: Energy Source: 0.0/0.0 The point 'Necessary energy from break down of bonds of DNA' is not a distinct component and the explanation for the energy source is inaccurate. Energy for polymerization comes from NTPs, and DNA unwinding requires energy, but not from 'breakdown of bonds of DNA' in this context.",2.5,"4. Gene is the smallest unit that expresses the characteristic features of a trait. Components: (i) Template (DNA) (ii) RNA polymerase (iii) Free ribonucleotri-phosphate (CATP, CTP, etc.) (iv) Some assisting Proteins. (v) Necessary energy from break down of bonds of DNA.",0.95,"Definition of Gene: 0.5/0.5 The definition 'Gene is the smallest unit that expresses the characteristic features of a trait' is accurate and concise. | Transcription Component: DNA Template: 0.5/0.5 Correctly identified DNA as the template for transcription. | Transcription Component: RNA Polymerase: 0.5/0.5 Correctly identified RNA polymerase as a necessary enzyme. | Transcription Component: Ribonucleoside Triphosphates (NTPs): 0.5/0.5 Correctly identified free ribonucleotides (ribonucleotri-phosphate) as precursors, despite a minor typo in the term and examples. | Transcription Component: Assisting Proteins: 0.5/0.5 Correctly identified the need for assisting proteins (e.g., transcription factors). | Transcription Component: Energy Source: 0.0/0.0 The point 'Necessary energy from break down of bonds of DNA' is not a distinct component and the explanation for the energy source is inaccurate. Energy for polymerization comes from NTPs, and DNA unwinding requires energy, but not from 'breakdown of bonds of DNA' in this context."
402360196427,Biology,10/10,EN,"(a) Explain: Mechanism of food preservation with sugar. (b) Classify the following preservatives: Citric acid, Beta carotene, Calcium propanoate, BHA, EDTA",,,,NO_REDMARK,,10.0,,10.0,marks_col,True,False,10.0,"Food are preserved by mixing (65-70)% sugar solution. By osmosis process, sugar absorbs water from bacteria and other microbes; thus wins them. (b) Anti-oxidant | Anti-microbial | chelating agent (i) BHA | (i) Calcium Propanoate | (i) EDTA (ii) Beta Carotene | (ii) Citric acid",0.95,"Explanation of mechanism of food preservation with sugar (high concentration): 1.0/1.0 Student correctly states that food is preserved by mixing with 65-70% sugar solution, indicating the necessary high concentration. | Explanation of mechanism of food preservation with sugar (osmosis process): 1.0/1.0 Student correctly identifies osmosis as the underlying process. | Explanation of mechanism of food preservation with sugar (water absorption from microbes): 2.0/2.0 Student correctly explains that sugar absorbs water from bacteria and other microbes, leading to dehydration. | Explanation of mechanism of food preservation with sugar (effect on microbes): 1.0/1.0 Student concludes that this process 'wins them' (inhibits/kills microbes), which is the desired outcome. | Classification of BHA: 1.0/1.0 BHA is correctly classified as an anti-oxidant. | Classification of Beta carotene: 1.0/1.0 Beta carotene is correctly classified as an anti-oxidant. | Classification of Calcium propanoate: 1.0/1.0 Calcium propanoate is correctly classified as an anti-microbial agent. | Classification of Citric acid: 1.0/1.0 Citric acid is correctly classified as an anti-microbial agent (due to its acidifying properties). | Classification of EDTA: 1.0/1.0 EDTA is correctly classified as a chelating agent.",10.0,"Food are preserved by mixing (65-70)% sugar solution. By osmosis process, sugar absorbs water from bacteria and other microbes; thus kills them. (b) Anti-oxidant | Anti-microbial | chelating agent (i) BHA | (i) Calcium Propanoate | (i) EDTA (ii) Beta Carotene | (ii) Citric acid |",0.95,"Explanation of food preservation with sugar (mechanism): 5.0/5.0 The student correctly explained the mechanism, mentioning the high sugar concentration (65-70%), the process of osmosis, the absorption of water from bacteria and microbes, and the resulting killing effect. The explanation is complete and accurate. | Classification of preservatives: 5.0/5.0 All five given preservatives (Citric acid, Beta carotene, Calcium propanoate, BHA, EDTA) were correctly classified into their appropriate categories: BHA and Beta Carotene as Anti-oxidants, Calcium Propanoate and Citric acid as Anti-microbials, and EDTA as a chelating agent."
535684849357,Biology,9/10,EN,\((a)\) \((b)\) \(EDTA\),2.0,02,,FLAG,2.0,9.0,,10.0,marks_col,True,True,5.0,15 b এইটিক এসিড – অ্যান্টিমাইক্রোবিয়াল বিটা ক্যারোটিন – প্রাকৃতিক এন্টিঅক্সিডেন্ট ক্যালসিয়াম প্রোপানোয়েট- অ্যটিমাইক্রোবিয়াল BHA – কৃত্রিম অ্যান্টিঅক্সিডেন্ট EDTA – কিলেটিং এজেন্ট a) চিনি দ্বারা খাদ্য সংরক্ষণ করা হয়। যেমন ফল। চিনি খাদ্যবস্তুর জারণ প্রক্রিয়া রোধ করে ও সঠিক মাত্রার পরিবেশ বজায় রাখে।,0.95,"(a) Explanation of sugar preservation mechanism (osmosis): 0.0/3.0 The student did not mention the key mechanism of osmosis, where concentrated sugar solution draws water from microbial cells, leading to their dehydration and inhibition. | (a) Relevant explanation for sugar preservation: 0.0/2.0 The student's explanation about preventing oxidation ('জারণ প্রক্রিয়া রোধ করে') is not the primary or most relevant mechanism for sugar preservation against microbial spoilage. The explanation is vague and lacks scientific depth. | (b) Classification of Acetic Acid: 1.0/1.0 The student correctly classified Acetic Acid as an antimicrobial, which is a valid preservative classification. Although the model solution listed Citric Acid, Acetic Acid is also a common antimicrobial preservative. | (b) Classification of Beta Carotene: 1.0/1.0 The student correctly classified Beta Carotene as a natural antioxidant. | (b) Classification of Calcium Propionate: 1.0/1.0 The student correctly classified Calcium Propionate as an antimicrobial. | (b) Classification of BHA: 1.0/1.0 The student correctly classified BHA as an artificial antioxidant. | (b) Classification of EDTA: 1.0/1.0 The student correctly classified EDTA as a chelating agent.",5.0,15 b এইটিক এসিড – অ্যান্টিমাইক্রোবিয়াল বিটা ক্যারোটিন – প্রাকৃতিক এন্টিঅক্সিডেন্ট ক্যালসিয়াম প্রোপানোয়েট- অ্যটিমাইক্রোবিয়াল BHA – কৃত্রিম অ্যান্টিঅক্সিডেন্ট EDTA – কিলেটিং এজেন্ট a) চিনি দ্বারা খাদ্য সংরক্ষণ করা হয়। যেমন ফল। চিনি খাদ্যবস্তুর জারণ প্রক্রিয়া রোধ করে ও সঠিক মাত্রার পরিবেশ বজায় রাখে।,0.95,"(a) Explanation of sugar preservation mechanism (osmosis): 0.0/3.0 The student did not mention the key mechanism of osmosis, where concentrated sugar solution draws water from microbial cells, leading to their dehydration and inhibition. | (a) Relevant explanation for sugar preservation: 0.0/2.0 The student's explanation about preventing oxidation ('জারণ প্রক্রিয়া রোধ করে') is not the primary or most relevant mechanism for sugar preservation against microbial spoilage. The explanation is vague and lacks scientific depth. | (b) Classification of Acetic Acid: 1.0/1.0 The student correctly classified Acetic Acid as an antimicrobial, which is a valid preservative classification. Although the model solution listed Citric Acid, Acetic Acid is also a common antimicrobial preservative. | (b) Classification of Beta Carotene: 1.0/1.0 The student correctly classified Beta Carotene as a natural antioxidant. | (b) Classification of Calcium Propionate: 1.0/1.0 The student correctly classified Calcium Propionate as an antimicrobial. | (b) Classification of BHA: 1.0/1.0 The student correctly classified BHA as an artificial antioxidant. | (b) Classification of EDTA: 1.0/1.0 The student correctly classified EDTA as a chelating agent."
961221651128,Biology,5/2,BN_UNICODE,উঘঅ রেপ্লিকেশনে নিম্ে্নাক্ত এনজাইম গুলোর ভূমিকা লিখ। (র) টপোআইসোমারেজ (রর) উঘঅ হেলিকেজ (ররর) লাইগেজ (রা) প্রাইমেজ (া) ঝঝইচ,2.5,2.5,,NO_MARKSCOL,2.5,,,2.5,rubric,True,True,2.5,১। টপোআইসোমারেজ → DNA কে অতিপ্যাচানো অবস্থা মুক্ত করে (ii) DNA হেলিকেজ → DNA সূত্রক খুলে ফেলে (H-bond ভাঙ্গে) (iii) লাইগেজ → ওকাজাকি খন্ড জোড়া লাগায় (iv) প্রাইমেজ → প্রাইমার তৈরি করে (v) SSBP → একক সূত্র বজায় রাখে (H-bond তৈরি হতে দেয় না),0.95,টপোআইসোমারেজ: 0.5/0.5 Correctly states that Topoisomerase releases DNA from supercoiled state. | DNA হেলিকেজ: 0.5/0.5 Correctly states that DNA Helicase unwinds DNA strands by breaking H-bonds. | লাইগেজ: 0.5/0.5 Correctly states that Ligase joins Okazaki fragments. | প্রাইমেজ: 0.5/0.5 Correctly states that Primase synthesizes primers. | SSBP: 0.5/0.5 Correctly states that SSBP maintains single strands and prevents H-bond formation (re-annealing).,2.5,১। (i) টপোআইসোমারেজ → DNA কে অতিপ্যাচানো অবস্থা মুক্ত করে। (ii) DNA হেলিকেজ → DNA স্ট্র্যান্ডকে খুলে ফেলে (H-bond ভাঙে) (iii) লাইগেজ → ওকাজাকি খণ্ডকে জোড়া লাগায় (iv) প্রাইমেজ → প্রাইমার তৈরি করে (v) SSBP → একক স্ট্র্যান্ড বজায় রাখে (H-bond তৈরি হতে দেয় না),1.0,"টপোআইসোমারেজ (Topoisomerase): 0.5/0.5 The student correctly states that Topoisomerase frees DNA from supercoiling, which matches the model solution. | উঘঅ হেলিকেজ (DNA Helicase): 0.5/0.5 The student correctly states that DNA Helicase unwinds DNA strands and breaks H-bonds, which is an accurate description of its function in replication. | লাইগেজ (Ligase): 0.5/0.5 The student correctly states that Ligase joins Okazaki fragments, which is its primary role in DNA replication. | প্রাইমেজ (Primase): 0.5/0.5 The student correctly states that Primase synthesizes primers, which is its direct function. | ঝঝইচ (SSBP): 0.5/0.5 The student correctly states that SSBP maintains single strands and prevents H-bond formation (re-annealing), which is the essential function."
124380011140,Biology,5/2,BN_GARBLED,উ্ঃঃধঢ়যৎুহ্ং সবষধহড়ংঃরপঃ্ং ে কান শ্রেণীভুক্ত প্রাণী ? উক্ত ে শ্রণির ৪টি ৈ বশিষ্ট ্য লিখ ।,2.5,2.5,,NO_MARKSCOL,2.5,,,2.5,marks_col,True,True,2.5,২। Amphibia বৈশিষ্ট্য: ① গ্রন্থিময় ত্বক ② জীবনচক্রে স্থলজ ও জলজ উভয় দশা থাকে (উভচর) ③ নখরবিহীন আঙ্গুলযুক্ত ④ একটোথার্মিক প্রাণী,0.95,"Identification of the animal class: 0.5/0.5 Student correctly identified the class as Amphibia. | Characteristic 1: Glandular skin: 0.5/0.5 Student correctly stated 'গ্রন্থিময় ত্বক' (glandular skin), which is a valid characteristic. | Characteristic 2: Both terrestrial and aquatic stages in life cycle: 0.5/0.5 Student correctly stated 'জীবনচক্রে স্থলজ ও জলজ উভয় দশা থাকে (উভচর)' (both terrestrial and aquatic stages in life cycle, amphibious), which is a valid characteristic. | Characteristic 3: Nail-less fingers/toes: 0.5/0.5 Student correctly stated 'নখরবিহীন আঙ্গুলযুক্ত' (nail-less fingers/toes), which is a valid characteristic. | Characteristic 4: Ectothermic animal: 0.5/0.5 Student correctly stated 'একটোথার্মিক প্রাণী' (ectothermic animal), which is a valid characteristic.",2.5,২। Amphibia বৈশিষ্ট্য: ① গ্রন্থিময় ত্বক ② জীবনচক্রে স্থলজ ও জলজ উভয় দশা থাকে (উভচর) ③ নখরবিহীন আঙ্গুলযুক্ত ④ একটোথার্মিক প্রাণী,0.95,"Identification of the animal class: 0.5/0.5 Student correctly identified the class as Amphibia. | Characteristic 1: Glandular skin: 0.5/0.5 Student correctly stated 'গ্রন্থিময় ত্বক' (glandular skin), which is a valid characteristic. | Characteristic 2: Both terrestrial and aquatic stages in life cycle: 0.5/0.5 Student correctly stated 'জীবনচক্রে স্থলজ ও জলজ উভয় দশা থাকে (উভচর)' (both terrestrial and aquatic stages in life cycle, amphibious), which is a valid characteristic. | Characteristic 3: Nail-less fingers/toes: 0.5/0.5 Student correctly stated 'নখরবিহীন আঙ্গুলযুক্ত' (nail-less fingers/toes), which is a valid characteristic. | Characteristic 4: Ectothermic animal: 0.5/0.5 Student correctly stated 'একটোথার্মিক প্রাণী' (ectothermic animal), which is a valid characteristic."
753891173941,Biology,5/2,BN_UNICODE,"প্রাথমিক , মাধ্যমিক ও চূড়ান্ত পর্যায় থেকে ম্যালেরিয়া ে রাগের ৫ টি লক্ষণ লিখ ।( প্রত্যেক পর্যায় থেকে ে লখা আবশ্যক )",2.5,2.5,,NO_MARKSCOL,2.5,,,2.5,marks_col,True,True,2.5,"ক্ষুধামন্দা, কাপুনি দিয়ে জ্বর আসা, জ্বরে (104-106)°F তাপমাত্রা হওয়া, ৪৮ বা 72 ঘণ্টা পর পর জ্বর, রক্তশূন্যতা। প্লীহা ক্রমে স্ফীত হওয়া। রক্তাল্পতায় মৃত্যু",0.95,Primary stage symptom: Loss of appetite (ক্ষুধামন্দা): 0.5/0.5 Student correctly identified 'ক্ষুধামন্দা' as a primary stage symptom. | Secondary stage symptom: Fever with shivering (কাপুনি দিয়ে জ্বর আসা): 0.5/0.5 Student correctly identified 'কাপুনি দিয়ে জ্বর আসা' as a secondary stage symptom. | Secondary stage symptom: High fever (104-106°F) (জ্বরে (104-106)°F তাপমাত্রা হওয়া): 0.5/0.5 Student correctly identified high fever as a secondary stage symptom. | Final stage symptom: Anemia (রক্তশূন্যতা): 0.5/0.5 Student correctly identified 'রক্তশূন্যতা' as a final stage symptom. | Final stage symptom: Enlarged spleen (প্লীহা ক্রমে স্ফীত হওয়া): 0.5/0.5 Student correctly identified 'প্লীহা ক্রমে স্ফীত হওয়া' as a final stage symptom.,2.5,"ক্ষুধামন্দা, কাপুনি দিয়ে জ্বর আসা, জ্বরে (104-106)°F তাপমাত্রা হওয়া, ৪৮ বা 72 ঘণ্টা পর পর জ্বর, রক্তশূন্যতা। প্লীহা ক্রমে স্ফীত হওয়া। রক্তাল্পতায় মৃত্যু",0.95,Primary stage symptom: Loss of appetite (ক্ষুধামন্দা): 0.5/0.5 Student correctly identified 'ক্ষুধামন্দা' as a primary stage symptom. | Secondary stage symptom: Fever with shivering (কাপুনি দিয়ে জ্বর আসা): 0.5/0.5 Student correctly identified 'কাপুনি দিয়ে জ্বর আসা' as a secondary stage symptom. | Secondary stage symptom: High fever (104-106°F) (জ্বরে (104-106)°F তাপমাত্রা হওয়া): 0.5/0.5 Student correctly identified high fever as a secondary stage symptom. | Final stage symptom: Anemia (রক্তশূন্যতা): 0.5/0.5 Student correctly identified 'রক্তশূন্যতা' as a final stage symptom. | Final stage symptom: Enlarged spleen (প্লীহা ক্রমে স্ফীত হওয়া): 0.5/0.5 Student correctly identified 'প্লীহা ক্রমে স্ফীত হওয়া' as a final stage symptom.
206521547934,Biology,5/2,BN_UNICODE,বর্ণান্ধ কন্যার \(({X}^{c}{X}^{c})\) বাবা ও মায়ের জিনোটাইপ কী হবে? মেন্ডেলের ১ম সূত্রের ব্যতিক্রমগুলোর ফিনোটাইপিক অনুপাত উল্লেখ কর।,2.5,2.5,,NO_MARKSCOL,2.5,,,2.5,marks_col,True,True,2.5,"অসম্পূর্ণ প্রকটতা → 1:2:1 সমপ্রকটতা → 1:2:1 লিথাল জিন → 2:1 বর্ণান্ধ কন্যা হলে, বাবা → বর্ণান্ধ মা → বাহক অথবা বর্ণান্ধ. Punnett square 1 shows a cross between a father with genotype XcY and a mother with genotype XcXc. Punnett square 2 shows a cross between a father with genotype XcY and a mother with genotype XXc.",0.95,"Genotype of father for colorblind daughter (XcY): 0.5/0.5 The student correctly identified the father's genotype as XcY in the Punnett squares, which is necessary for a colorblind daughter (XcXc). | Genotype of mother for colorblind daughter (XcXc): 0.5/0.5 The student correctly identified one possible mother's genotype as XcXc in the first Punnett square, which is necessary for a colorblind daughter (XcXc) when the father is XcY. This matches the specific genotype expected by the model answer. | Phenotypic ratio for Incomplete Dominance: 0.5/0.5 The student correctly stated the phenotypic ratio for incomplete dominance as 1:2:1. | Phenotypic ratio for Codominance: 0.5/0.5 The student correctly stated the phenotypic ratio for codominance as 1:2:1. | Phenotypic ratio for Lethal Gene: 0.5/0.5 The student correctly stated the phenotypic ratio for lethal gene as 2:1.",2.5,"অসম্পূর্ণ প্রকটতা → 1:2:1 সমপ্রকটতা → 1:2:1 লিথাল জিন → 2:1 বর্ণান্ধ কন্যা হলে, বাবা → বর্ণান্ধ মা → বাহক অথবা বর্ণান্ধ. Punnett square 1 shows a cross between a father with genotype XcY and a mother with genotype XcXc. Punnett square 2 shows a cross between a father with genotype XcY and a mother with genotype XXc.",0.95,"Genotype of father for colorblind daughter (XcY): 0.5/0.5 The student correctly identified the father's genotype as XcY in the Punnett squares, which is necessary for a colorblind daughter (XcXc). | Genotype of mother for colorblind daughter (XcXc): 0.5/0.5 The student correctly identified one possible mother's genotype as XcXc in the first Punnett square, which is necessary for a colorblind daughter (XcXc) when the father is XcY. This matches the specific genotype expected by the model answer. | Phenotypic ratio for Incomplete Dominance: 0.5/0.5 The student correctly stated the phenotypic ratio for incomplete dominance as 1:2:1. | Phenotypic ratio for Codominance: 0.5/0.5 The student correctly stated the phenotypic ratio for codominance as 1:2:1. | Phenotypic ratio for Lethal Gene: 0.5/0.5 The student correctly stated the phenotypic ratio for lethal gene as 2:1."
521599907930,Biology,5/2,BN_UNICODE,টিসু্য কালচার ও রিকম্বিনেন্ট উঘঅ প্রযুক্তির মধ্যে ৫টি পার্থক্য লিখ।,2.5,2.5,,NO_MARKSCOL,2.5,,,2.5,marks_col,True,True,2.0,বিষয় i) নতুন বৈশিষ্ট্য ii) বাহক (ভেক্টর) iii) রেস্ট্রিকশন এনজাইম iv) বংশধর v) হুবুহু অনুরূপ বৈশিষ্ট্য আসে কি টিস্যু কালচার i) আসে না ii) লাগে না iii) লাগে না iv) সৃষ্টি হয় v) আসে RDNA প্রযুক্তি i) আসে ii) লাগে iii) লাগে iv) সৃষ্টি হয় না v) আসে না,0.95,New characteristics (নতুন বৈশিষ্ট্য): 0.5/0.5 Correctly states that new characteristics do not arise in tissue culture but do in RDNA technology. | Vector (বাহক): 0.5/0.5 Correctly states that vectors are not needed in tissue culture but are in RDNA technology. | Restriction enzyme (রেস্ট্রিকশন এনজাইম): 0.5/0.5 Correctly states that restriction enzymes are not needed in tissue culture but are in RDNA technology. | Offspring (বংশধর): 0.0/0.5 The statement for RDNA technology ('সৃষ্টি হয় না' - is not created) is incorrect. RDNA technology does result in the creation of genetically modified organisms (offspring). | Exactly similar characteristics (হুবুহু অনুরূপ বৈশিষ্ট্য): 0.5/0.5 Correctly states that exactly similar characteristics come in tissue culture (clones) but do not in RDNA technology (modified organisms).,2.0,বিষয় i) নতুন বৈশিষ্ট্য ii) বাহক (ভেক্টর) iii) রেস্ট্রিকশন এনজাইম iv) বংশধর v) হুবুহু অনুরূপ বৈশিষ্ট্য আসে কি টিস্যু কালচার i) আসে না ii) লাগে না iii) লাগে না iv) সৃষ্টি হয় v) আসে RDNA প্রযুক্তি i) আসে ii) লাগে iii) লাগে iv) সৃষ্টি হয় না v) আসে না,0.95,New characteristics (নতুন বৈশিষ্ট্য): 0.5/0.5 Correctly states that new characteristics do not arise in tissue culture but do in RDNA technology. | Vector (বাহক): 0.5/0.5 Correctly states that vectors are not needed in tissue culture but are in RDNA technology. | Restriction enzyme (রেস্ট্রিকশন এনজাইম): 0.5/0.5 Correctly states that restriction enzymes are not needed in tissue culture but are in RDNA technology. | Offspring (বংশধর): 0.0/0.5 The statement for RDNA technology ('সৃষ্টি হয় না' - is not created) is incorrect. RDNA technology does result in the creation of genetically modified organisms (offspring). | Exactly similar characteristics (হুবুহু অনুরূপ বৈশিষ্ট্য): 0.5/0.5 Correctly states that exactly similar characteristics come in tissue culture (clones) but do not in RDNA technology (modified organisms).
994661494801,Biology,5/2,BN_UNICODE,সবাত শ্বসনের বিভিন্ন ধাপগুলো সংঘটিত হবার স্থানগুলোর নাম লেখ। কোন ধাপটিকে শ্বসনের সাধারণ গতিপথ বলা হয়?,2.5,2.5,,NO_MARKSCOL,2.5,,,2.5,rubric,True,True,1.0,শ্বসন: শ্বসলে সাধারণ গতিপথ (সভাত-অবাত ও শুয়েই হয়) (i) সাইকোলাইসিস → সাইটোপ্লাজনে (ii) অ্যাসিটাইল কো-এ সৃষ্টি → মাইটোকন্ড্রিয়ায় বহিঃ প্রকোষ্ঠ্যে (iii) ক্রেবস চক্র → и (iv) ETC → মাইটোকন্ড্রিয়ার ক্রিস্তিতে,0.95,"Location of Glycolysis: 0.5/0.5 Student correctly identified cytoplasm as the location for glycolysis. | Location of Pyruvic acid oxidation/Acetyl CoA formation: 0.0/0.5 Student identified 'outer compartment of mitochondria' which is incorrect. The correct location is the mitochondrial matrix. | Location of Krebs Cycle: 0.0/0.5 Student indicated 'same as above' (outer compartment of mitochondria) which is incorrect. The correct location is the mitochondrial matrix. | Location of Electron Transport Chain (ETC): 0.5/0.5 Student correctly identified 'cristae of mitochondria' as the location for ETC, which is part of the mitochondrial membrane. | Identification of common pathway of respiration: 0.0/0.5 Student did not identify Glycolysis as the common pathway of respiration. The answer provided was vague and incorrect.",1.0,শ্বসন: শ্বসনের সাধারণ গতিপথ (সবাত-অবাত উভয়ই হয়) ① গ্লাইকোলাইসিস → সাইটোপ্লাজম ② অ্যাসিটাইল কো-এ সৃষ্টি → মাইটোকন্ড্রিয়ার বহিঃ প্রকোষ্ঠে ③ ক্রেবস চক্র → u ④ ETC → মাইটোকন্ড্রিয়ার ক্রিস্তিতে,0.9,"Location of Glycolysis: 0.5/0.5 Correctly identified cytoplasm as the location for Glycolysis. | Location of Acetyl CoA formation (Pyruvic acid oxidation): 0.0/0.5 Incorrectly identified the outer chamber of mitochondria. The correct location is the mitochondrial matrix. | Location of Krebs cycle: 0.0/0.5 Incorrectly referred to the previous (incorrect) location (outer chamber of mitochondria). The correct location is the mitochondrial matrix. | Location of Electron Transport Chain (ETC): 0.5/0.5 Correctly identified cristae (inner mitochondrial membrane) as the location for ETC. | Identification of the common pathway of respiration: 0.0/0.5 The student stated that there is a common pathway for both aerobic and anaerobic respiration but did not explicitly name 'Glycolysis' as that common pathway, which was asked in the question."
505966053266,Biology,5/2,BN_UNICODE,কডর্েট প্রাণী ও নন-কডর্েট প্রাণীর মধ্যে ৫টি পার্থক্য লিখ।,2.5,2.5,,NO_MARKSCOL,2.5,,,2.5,rubric,True,True,2.5,বিষয় ১। জীবনের কোনো দশায় নটোকর্ড ২। হৃৎপিণ্ড ৩। স্নায়ুরজ্জু ৪। Hb ৫। কঙ্কাল নন কর্ডেট থাকে না • পৃষ্ঠীয় দিকে অঙ্কীয় থাকলে লাজমায় থাকলেও বহি: কঙ্কাল কর্ডট থাকে পৌষ্টিক দিকে পৃষ্ঠীয় রক্তের লোহিত কণিকার অন্তঃ কঙ্কাল,0.95,"Difference 1: Notocord presence: 0.5/0.5 Student correctly states that notocord is absent in non-chordates and present in chordates at some stage of life. | Difference 2: Heart position: 0.5/0.5 Student correctly states that the heart is on the dorsal side in non-chordates and on the ventral/digestive side in chordates. | Difference 3: Nerve cord position: 0.5/0.5 Student correctly states that the nerve cord is ventral in non-chordates and dorsal in chordates. | Difference 4: Hemoglobin location: 0.5/0.5 Student correctly states that if hemoglobin is present in non-chordates, it's in plasma, and in chordates, it's in red blood cells. | Difference 5: Skeleton type: 0.5/0.5 Student correctly states that non-chordates have an exoskeleton if present, and chordates have an endoskeleton.",2.5,বিষয় | নন কর্ডেট | কর্ডেট ---|---|--- ১. জীবনের কোনো দশায় নটোকর্ড | থাকে না | থাকে ২. হৃৎপিণ্ড | • পৃষ্ঠীয় দিকে | পোরীর দিকে ৩. স্নায়ু রজ্জু | অঙ্কীয় | পৃষ্ঠীয় ৪. Hb | থাকলে লাজমায় | রক্তের লোহিত কণিকার ৫. কঙ্কাল | থাকলেও বহি: কঙ্কাল | শোন্ত: কঙ্কাল,0.95,"Notochord presence/absence and location: 0.5/0.5 Student correctly states that notochord is absent in non-chordates and present in chordates. | Heart position: 0.5/0.5 Student correctly states heart is dorsal in non-chordates and ventral in chordates (despite a minor misspelling of 'ventral'). | Nerve cord position: 0.5/0.5 Student correctly states nerve cord is ventral in non-chordates and dorsal in chordates. | Hemoglobin location: 0.5/0.5 Student correctly states hemoglobin is in plasma if present in non-chordates, and in red blood cells in chordates. | Skeleton type: 0.5/0.5 Student correctly states non-chordates have exoskeleton if present, and chordates have endoskeleton (despite a minor misspelling of 'endoskeleton')."
180283350813,Biology,2/2,BN_UNICODE,সেক্স লিংকড ইনহেরিট্যাÝ কী? যেকোনো ৪টি সেক্স লিংকড ডিজিসের নাম ও লক্ষণ উল্লেখ কর।,2.0,02,,NO_MARKSCOL,2.0,,,2.5,rubric,True,True,1.75,লিস নির্ধারণী × ৩Y ক্রোমোজোমের বহনকৃত বংশগতীর বৈশিষ্ট রেপ বহন প্রজন্ম হতে প্রজন্মে (i) বর্ণান্ধতা -> বর্ণ পৃথক করতে পারনা (ii) ভুলেনি মাকেক ডিসট্রফি -> ডিসট্রফিন হরমোনের অভার (iii) টেকুলার শোমনাইজেশন -> পুরুস ধীরে ধীরে নারী হয়ে যায় (iv) হিমোফিলিয়া -> রক্ত জমাটবাঁধেনা,0.85,"Definition of Sex-linked inheritance: 0/0.5 The student's definition is fragmented, grammatically incorrect, and does not clearly define sex-linked inheritance. It mentions components like sex chromosomes and hereditary traits being passed down, but lacks coherence and precision. | Name and symptom of 1st sex-linked disease: 0.5/0.5 Name 'বর্ণান্ধতা' (Color blindness) is correct. Symptom 'বর্ণ পৃথক করতে পারনা' (Cannot distinguish colors) is correct. | Name and symptom of 2nd sex-linked disease: 0.25/0.5 Name 'ভুলেনি মাকেক ডিসট্রফি' is a recognizable misspelling of 'ডুশিনি মাসকুলার ডিস্ট্রফি' (Duchenne Muscular Dystrophy), so 0.25 awarded for the name. Symptom 'ডিসট্রফিন হরমোনের অভার' (Deficiency of Dystrophin hormone) is incorrect as a symptom; Dystrophin is a protein, and its deficiency is the cause, not the symptom itself. | Name and symptom of 3rd sex-linked disease: 0.5/0.5 Name 'টেকুলার শোমনাইজেশন' is a recognizable misspelling of 'টেস্টিকুলার ফেমিনাইজেশন' (Testicular Feminization), so 0.25 awarded for the name. Symptom 'পুরুস ধীরে ধীরে নারী হয়ে যায়' (Male gradually becomes female) is correct, so 0.25 awarded for the symptom. | Name and symptom of 4th sex-linked disease: 0.5/0.5 Name 'হিমোফিলিয়া' (Hemophilia) is correct. Symptom 'রক্ত জমাটবাঁধেনা' (Blood does not clot) is correct.",1.5,লিস নির্ধারণী × ৩৭ ক্রোমোজোমের বহনকৃত বংশগতীর বৈশিষ্ট রেপ বহন প্রজন্ম হতে প্রজন্মে ১) বর্ণান্ধতা -> বর্ণ পৃথক করতে পারনা ২) ডুসিনি মাসকুলার ডিসট্রফি -> ডিসট্রফিন হরমোনের অভাব ৩) টেস্টিকুলার ফেমিনাইজেশন -> পুরুষ ধীরে ধীরে নারী হয়ে যায় ৪) হিমোফিলিয়া -> রক্ত জমাটবাঁধেনা।,0.95,"Definition of Sex-linked inheritance: 0/0.5 The student's definition 'লিস নির্ধারণী × ৩৭ ক্রোমোজোমের বহনকৃত বংশগতীর বৈশিষ্ট রেপ বহন প্রজন্ম হতে প্রজন্মে' is incomplete, contains incorrect information (e.g., '৩৭ ক্রোমোজোমের'), and does not clearly explain sex-linked inheritance. | First sex-linked disease: Name and Symptom: 0.5/0.5 Name 'বর্ণান্ধতা' (Color blindness) is correct. Symptom 'বর্ণ পৃথক করতে পারনা' (Cannot distinguish colors) is correct. | Second sex-linked disease: Name and Symptom: 0/0.5 Name 'ডুসিনি মাসকুলার ডিসট্রফি' (Duchenne Muscular Dystrophy) is correct. However, the symptom 'ডিসট্রফিন হরমোনের অভাব' (Deficiency of dystrophin hormone) describes the cause of the disease, not its observable symptoms (e.g., muscle weakness, difficulty walking). | Third sex-linked disease: Name and Symptom: 0.5/0.5 Name 'টেস্টিকুলার ফেমিনাইজেশন' (Testicular Feminization) is correct. Symptom 'পুরুষ ধীরে ধীরে নারী হয়ে যায়' (Male gradually becomes female) is correct. | Fourth sex-linked disease: Name and Symptom: 0.5/0.5 Name 'হিমোফিলিয়া' (Hemophilia) is correct. Symptom 'রক্ত জমাটবাঁধেনা' (Blood does not clot) is a correct and concise description of the core symptom."
751115989690,Biology,1/2,BN_UNICODE,শ্বসনের রাসায়নিক বিক্রিয়াটি লিখ । প্রক্রিয়াটির প্রধান তিনটি ভূমিকা / তাৎপয উল্লেখ কর।,0.0,0,,NO_MARKSCOL,0.0,,,2.5,rubric,True,True,2.5,C6 H12O6 + 6O2 এনকাইম → 6CO2 + 6H2O + 36 ATP (সবাত শ্বসন) ভূমিকা: (i) জীবদেহে শক্তির যোগান দেয়া (ii) সালোকসংশ্লেষণের CO2 এর যোগান দেয়া (iii) O2 ও CO2 বিনিময় করে উদ্ভিদ-প্রাণী পরপরনির্ভরশীলতা রক্ষা,0.95,"শ্বসনের রাসায়নিক বিক্রিয়া: 1/1 The student provided the correct chemical equation for aerobic respiration, including reactants, products, and ATP yield. The catalyst 'এনকাইম' (enzyme) is indicated, and the process is correctly identified as 'সবাত শ্বসন' (aerobic respiration). Although the model solution includes 6H2O on the reactant side and 12H2O on the product side, the student's simplified equation with 6H2O on the product side is commonly accepted and represents the core process accurately for this level. | প্রথম প্রধান ভূমিকা/তাৎপর্য: 0.5/0.5 The student correctly stated that respiration supplies energy to living organisms, which is a primary role. | দ্বিতীয় প্রধান ভূমিকা/তাৎপর্য: 0.5/0.5 The student correctly identified that respiration supplies CO2 for photosynthesis, which is a significant role in the carbon cycle and food production. | তৃতীয় প্রধান ভূমিকা/তাৎপর্য: 0.5/0.5 The student correctly explained that respiration helps maintain the interdependence between plants and animals by exchanging O2 and CO2, contributing to atmospheric balance.",2.5,C6 H12O6 + 6O2 এনকাইম → 6CO2 + 6H2O + 36 ATP (সবাত শ্বসন) ভূমিকা: (i) জীবদেহে শক্তির যোগান দেয়া (ii) সালোকসংশ্লেষণের CO2 এর যোগান দেয়া (iii) O2 ও CO2 বিনিময় করে উদ্ভিদ-প্রাণী পরপরনির্ভরশীলতা রক্ষা,0.95,"Chemical reaction of respiration: 1.0/1.0 The student provided the correct simplified chemical equation for aerobic respiration, including reactants, products, ATP yield, and the mention of enzyme and aerobic respiration. Although the model solution shows water as both reactant and product, the student's representation of net water production is also correct and commonly accepted. | First role/significance of respiration: 0.5/0.5 The student correctly identified 'Supplying energy to the body of organisms' as a key role, which matches the model solution. | Second role/significance of respiration: 0.5/0.5 The student correctly identified 'Supplying CO2 for photosynthesis' as a key role, which matches the model solution's point on food production via CO2 utilization. | Third role/significance of respiration: 0.5/0.5 The student correctly identified 'Exchanging O2 and CO2 to maintain interdependence between plants and animals' as a key role, which aligns with the model solution's point on maintaining atmospheric CO2 and O2 balance."
460192878615,Biology,2/2,BN_UNICODE,অ্যালভিওলাই গুে লা ে কান ব্যবধায়ক পর্দার মাধ ্যমে পৃথক থ াকে ? অক্সিজেন ও কার্বন ডাইঅক্সাইড পরিবহণে শ্বাসরÄকের ভূমিকা ব্যাখ্যা কর।,,,,NO_REDMARK,,,,2.5,rubric,True,False,1.0,"২। ট্রাবেকুলি নামক পর্দা। O2 পারিবহন : Hb + O2 → HbO2 অক্সিহিমোগ্লোবিন রূপে CO2 Hb-NH2 + CO → H-NACOOH কার্বামিনো হিমোগ্লোবিন রূপে Hb, O2 ও CO2 বহন করে।",0.9,"অ্যালভিওলাই গুে লা ট্রাবেকুলি ব্যবধায়ক পর্দার মাধ ্যমে পৃথক থ াকে ে লখার জন্য ০.৫ নম্ব র ।: 0.5/0.5 Student correctly identified 'ট্রাবেকুলি' as the separating membrane. | শ্বসনের সময় অক্সিজেন ব্যাপন প্রক্রিয়ায় ফুসফুস থেকে রক্তে প্রবেশ করে । রক্তে প্রবিষ্ট সমস্ত অক্সিে জনই মুক্ত অবস্থ ায় থ াকে না । এর এক বড় অংশ ে লাহিত কণিকার হিমোগ্লোবিনের সাথে যুক্ত হয়ে অক্সিহিমোগ্লোবিন নামে অস্থ ায়ী ে যৌগ গঠন করে ে লখার জন্য ০.৫ নম্ব র ।: 0.5/0.5 Student correctly showed the formation of oxyhemoglobin (HbO2) and named it as 'অক্সিহিমোগ্লোবিন রূপে'. | অক্সিে জনের পরিমাণ যে হারে কমে যাবে ে যৌগ সে হারে ে ভঙে যাবে এবং অক্সিজেন মুক্ত হয়ে রক্তরসে প্রবেশ করবে । প্রতিটি হিমোগ্লোবিনে চারটি হিম অংশ থ াকায় এর চারটি ে ফরাস অণু চার অণু অক্সিজেন যুক্ত করতে পারে ে লখার জন্য ০.৫ নম্ব র ।: 0.0/0.5 Student did not explain the dissociation of oxyhemoglobin or the role of heme groups in oxygen binding. | CO2 হিমোগ্লোবিনের সাথে বিক্রিয়া করে কার্বামিনো হিমোগ্লোবিন নামক অস্থায়ী যেৌগ গঠন করে লেখার জন্য ০.৫ নম্বর।: 0.0/0.5 Student provided an incorrect chemical reaction using Carbon Monoxide (CO) instead of Carbon Dioxide (CO2) and an incorrect product formula, despite correctly naming the compound as 'কার্বামিনো হিমোগ্লোবিন রূপে'. | কার্বামিনো হিমোগ্লোবিন-সম ৃদ্ধ রক্ত দেে হর বিভিন্ন অঙ্গ থেকে হৃৎপিন্ড হয়ে পরিশোধনের জন্য ফুসফুসে গমন করে । ে লখার জন্য ০.৫ নম্ব র ।: 0.0/0.5 Student provided a general statement about hemoglobin carrying O2 and CO2, but did not explain the specific transport of carbaminohemoglobin-rich blood to the lungs for purification.",1.5,"২। ট্রাবেকুলি নামক পর্দা। O2 পরিবহন : Hb + O2 → HbO2 অক্সিহিমোগ্লোবিন রূপে CO2 Hb-NH2 + CO → Hb-NACOOH কার্বামিনো হিমোগ্লোবিন রূপে Hb, O2 ও CO2 বহন করে।",0.9,"Identification of the membrane separating alveoli: 0.5/0.5 The student correctly identified 'ট্রাবেকুলি নামক পর্দা' (trabeculae membrane). | Explanation of Oxygen Transport by respiratory pigment: 0.75/1.0 The student correctly identified hemoglobin as the pigment, the form of transport (oxyhemoglobin), and provided the basic chemical reaction (Hb + O2 → HbO2). However, the explanation lacked further detail on the process as provided in the model answer. | Explanation of Carbon Dioxide Transport by respiratory pigment: 0.25/1.0 The student correctly identified the form of carbon dioxide transport as 'কার্বামিনো হিমোগ্লোবিন রূপে' (as carbaminohemoglobin). However, the provided chemical equation (Hb-NH2 + CO → Hb-NACOOH) is fundamentally incorrect, using carbon monoxide (CO) instead of carbon dioxide (CO2) and an incorrect product, which is a significant factual error in explaining the mechanism."
303622322152,Biology,2/2,BN_UNICODE,একবীজপত্রী উি ™্ভদে র মূলের অন্তর্গঠনগত শনাক্তকারী প্াচটি ৈ বশিষ্ট ্য লিখ ।,2.0,02,,NO_MARKSCOL,2.0,,,2.5,rubric,True,True,1.0,বৈশিষ্ট্য: ① অন্তঃ ত্বক থাক ② অধ: এক নেই ③ ব্যাইলেমন [scribbled text] ④ জাইলেম ৬ এর অধিক ⑤ ক্যাসপেরিয়ান স্লিপ নেই,0.9,"অন্তঃ ত্বক থাক (Endodermis present): 0.0/0.5 This is a general characteristic of roots, not an identifying feature specific to monocot roots. | অধ: এক নেই (Hypodermis absent): 0.5/0.5 Correct. Hypodermis is absent in monocot roots. | ব্যাইলেমন [scribbled text] (Xylem [scribbled text]): 0.0/0.5 The statement is incomplete and largely unreadable due to scribbling, thus no specific characteristic can be identified. | জাইলেম ৬ এর অধিক (Xylem more than 6): 0.5/0.5 Correct. Monocot roots typically exhibit a polyarch condition with more than six xylem bundles. | ক্যাসপেরিয়ান স্লিপ নেই (Casparian strip absent): 0.0/0.5 Incorrect. Casparian strips are present in the endodermis of monocot roots.",1.0,৩। বৈশিষ্ট্য: ① অন্তঃ ত্বক থাক ② অধ: ত্বক নেই ③ জাইলেম ④ জাইলেম ৬ এর অধিক ⑤ ক্যাসপেরিয়ান স্লিপ নেই,0.9,"অন্তঃ ত্বক থাক (Endodermis present): 0.0/0.5 The presence of endodermis is a general feature of roots, not a specific identifying characteristic of monocot roots. | অধ: ত্বক নেই (Hypodermis absent): 0.5/0.5 Correct. Hypodermis is typically absent in monocot roots. | জাইলেম (Xylem): 0.0/0.5 This point is incomplete and too vague to be considered an identifying characteristic. Xylem is a general tissue in vascular plants. | জাইলেম ৬ এর অধিক (Xylem more than 6): 0.5/0.5 Correct. Monocot roots are typically polyarch, meaning they have more than six xylem bundles. | ক্যাসপেরিয়ান স্লিপ নেই (Casparian strip absent): 0.0/0.5 Incorrect. Casparian strips are present in the endodermis of monocot roots, as they are in most roots, playing a crucial role in water and solute transport."
533108892492,Biology,5/2,BN_UNICODE,ে পশিটিসু্যর ৩টি সাধারণ ৈ বশিষ্ট ্য ও ২টি কাজ উল্লেখ কর।,1.5,1.5,,NO_MARKSCOL,1.5,,,2.5,rubric,True,True,2.5,"পেশীটিস্যু :- ১। সারকোলেমা থাকে ২। অবসাদগ্রস্থ হয় (ঐচ্ছিক -> দ্রুত অনৈচ্ছিক -> ধীর হয় না) ৩। অবাত শ্বসন করতে কাজ: ১। অঙ্গ সঞ্চালন ২। অভ্যন্তরীন চলন (খাদ্যসঞ্চালন, পেরিস্টালসিস) ৩। প্রাণীর চলন",0.95,"First characteristic: Presence of sarcolemma: 0.5/0.5 Student correctly states that sarcolemma is present, which is a key characteristic of muscle cells. | Second characteristic: Fatigue property (voluntary vs. involuntary): 0.5/0.5 Student correctly identifies that muscle tissue experiences fatigue, differentiating between voluntary (fast) and involuntary (slow/none) muscles. This is a valid biological characteristic. | Third characteristic: Ability to perform anaerobic respiration: 0.5/0.5 Student correctly states that muscle tissue can perform anaerobic respiration, which is a metabolic characteristic. | First function: Organ movement: 0.5/0.5 Student correctly identifies 'অঙ্গ সঞ্চালন' (organ movement) as a function of muscle tissue. | Second function: Internal movement (e.g., peristalsis): 0.5/0.5 Student correctly identifies 'অভ্যন্তরীন চলন (খাদ্যসঞ্চালন, পেরিস্টালসিস)' (internal movement, food movement, peristalsis) as a function, which is a specific and correct role of smooth muscles.",2.5,"পেশিটিস্যু :- ১। সারকোলেমা থাকে ২। অবসাদগ্রস্থ হয় (ঐচ্ছিক -> দ্রুত, অনৈচ্ছিক -> ধীর, হৃৎ -> হয় না) ৩। অবাত শ্বসন করতে কাজ: ১। অঙ্গ সঞ্চালন ২। অভ্যন্তরীণ চলন (খাদ্য সঞালন, পেরিস্টালসিস) ৩। প্রাণীর চলন",0.95,"First general characteristic of muscle tissue: 0.5/0.5 The student correctly states that sarcolemma is present, which is a defining characteristic of muscle cells. | Second general characteristic of muscle tissue: 0.5/0.5 The student correctly identifies that muscle tissue experiences fatigue, differentiating between voluntary (fast), involuntary (slow), and cardiac (none) muscle types. | Third general characteristic of muscle tissue: 0.5/0.5 The student correctly states that muscle tissue can perform anaerobic respiration, a relevant metabolic characteristic. | First function of muscle tissue: 0.5/0.5 The student correctly identifies 'অঙ্গ সঞ্চালন' (movement of organs/limbs) as a function of muscle tissue. | Second function of muscle tissue: 0.5/0.5 The student correctly identifies 'অভ্যন্তরীণ চলন' (internal movement), providing 'খাদ্য সঞালন, পেরিস্টালসিস' (food movement, peristalsis) as examples, which are accurate."
382229685986,Biology,5/2,BN_UNICODE,রক্ত তআন প্রক্রিয়াটি প্রবাহচিত্রের মাধ ্যমে বর্ণনা কর।,2.5,2.5,,NO_MARKSCOL,2.5,,,6.0,rubric,True,True,4.5,"১। রক্তবাহিকায় ক্ষত সৃষ্টি বাতাসের O2, অনুচক্রিকাকে ভেঙে দেয়, হেপারিনকে কনিস্ক্রিয় করে দেয় প্রোথ্রামিন এন্থাল্লাটিন > থ্রম্বিন ফাইব্রিনোজেন আমিন Ca2+ > ফাইব্রিন ফাইব্রিন মনোশর -> ফাইব্রিন পদিমার রক্তপাত বন্ধ",0.9,"Initiation of clotting (Injury): 1.0/1.0 The student correctly identified 'রক্তবাহিকায় ক্ষত সৃষ্টি' (Injury in blood vessel) as the initiating event. | Platelet involvement and release of thromboplastin: 0.0/1.0 The student's description 'বাতাসের O2, অনুচক্রিকাকে ভেঙে দেয়, হেপারিনকে কনিস্ক্রিয় করে দেয়' (Atmospheric O2 breaks down platelets, inactivates heparin) is factually incorrect. Platelets are activated by injury, not broken down by atmospheric O2 in this context. While heparin inactivation is part of the process, the overall step is misleading and incorrect. | Conversion of Prothrombin to Thrombin: 1.0/1.0 The student correctly showed 'প্রোথ্রামিন এন্থাল্লাটিন > থ্রম্বিন' (Prothrombin + Thromboplastin (implied) > Thrombin). Although 'এন্থাল্লাটিন' is a miswriting, the context clearly indicates 'থ্রম্বোপ্লাস্টিন'. | Conversion of Fibrinogen to Fibrin: 1.0/1.0 The student correctly showed 'ফাইব্রিনোজেন আমিন Ca2+ > ফাইব্রিন' (Fibrinogen + Thrombin (implied) + Ca2+ > Fibrin). Although 'আমিন' is a miswriting, the context clearly indicates 'থ্রম্বিন', and the inclusion of Ca2+ is correct. | Fibrin polymerization: 1.0/1.0 The student correctly identified 'ফাইব্রিন মনোশর -> ফাইব্রিন পদিমার' (Fibrin monomer -> Fibrin polymer). | Final outcome (Bleeding stops): 1.0/1.0 The student correctly identified 'রক্তপাত বন্ধ' (Bleeding stops) as the final outcome. | Deduction for incorrect factor/step: -0.5/0.0 As per the rubric, 0.5 marks are deducted for any incorrect factor or step. The step regarding 'বাতাসের O2, অনুচক্রিকাকে ভেঙে দেয়' is a significant factual error.",3.5,"১। রক্তবাহিকায় ক্ষত সৃষ্টি → বাতাসের O2, অনুচক্রিকাকে ভেঙে দেয়, হেপারিনকে কনিস্ক্রিয় করে দেয় ↓ প্রোথ্রম্বিন এন্থাল্লাটিন > থ্রম্বিন ↓ ফাইব্রিনোজেন আমিন Ca2+ > ফাইব্রিন → ফাইব্রিন মনোশর → ফাইব্রিন পদিমার রক্তপাত ← (ফাইব্রিন মনোশর) বন্ধ ← (ফাইব্রিন পদিমার)",0.8,"Initial Trigger & Platelet Role: 0.5/1.0 Correctly identified 'রক্তবাহিকায় ক্ষত সৃষ্টি' (injury to blood vessel) as the initial trigger. However, the subsequent explanation 'বাতাসের O2, অনুচক্রিকাকে ভেঙে দেয়, হেপারিনকে কনিস্ক্রিয় করে দেয়' (atmospheric O2 breaks down platelets, inactivates heparin) is biologically incorrect regarding the mechanism of initiation and platelet action. | Prothrombin to Thrombin Conversion: 0.75/1.5 Correctly identified 'প্রোথ্রম্বিন' (prothrombin) and 'থ্রম্বিন' (thrombin) and the conversion arrow. However, the enzyme 'এন্থাল্লাটিন' is incorrect, and necessary cofactors like Ca2+ were not mentioned for this step. | Fibrinogen to Fibrin Conversion: 1.25/1.5 Correctly identified 'ফাইব্রিনোজেন' (fibrinogen) and 'ফাইব্রিন' (fibrin) and the conversion arrow. Correctly included 'Ca2+' as a cofactor. 'আমিন' is likely a misspelling of 'থ্রম্বিন' (thrombin), which is the correct enzyme, so partial credit is given for intent. | Fibrin Polymerization & Clot Formation: 1.0/2.0 Recognizable steps for 'ফাইব্রিন মনোশর' (fibrin monomer) and 'ফাইব্রিন পদিমার' (fibrin polymer) despite minor spelling errors. However, the representation of the final outcome 'রক্তপাত বন্ধ' (bleeding stops) is structurally confusing and incorrect, as it separates the phrase and links it from monomer and polymer individually. The overall flowchart structure is messy."
901511162623,Biology,1/2,BN_UNICODE,ৈ বÁানিক নাম লিখ : ( র ) কবুতর (রর) ে গালক … মি (ররর) গিনিপিগ (রা) দে ায়েল (া) ে গাখরা সাপ,,,,NO_REDMARK,,,,2.5,rubric,True,False,1.0,(ii) tsc ares lumbricoides (iii) (iv) Copsychus saularis (v) Naja naja,0.95,"Scientific name for কবুতর (Pigeon): 0.0/0.5 Not attempted by the student. | Scientific name for গোলকৃমি (Roundworm - Ascaris lumbricoides): 0.0/0.5 Incorrect spelling of genus ('tsc ares' instead of 'Ascaris') and incorrect capitalization of genus. As per rubric, spelling mistakes in genus or species result in deduction of allocated marks. | Scientific name for গিনিপিগ (Guinea pig - Cavia porcellus): 0.0/0.5 Not attempted by the student (left blank). | Scientific name for দোয়েল (Oriental Magpie-robin - Copsychus saularis): 0.5/0.5 Correct scientific name, correctly underlined, and correctly capitalized. | Scientific name for গোখরা সাপ (Cobra - Naja naja): 0.5/0.5 Correct scientific name, correctly underlined, and correctly capitalized.",1.25,(ii) tscares lumbricoides (iii) (iv) Copsychus saularis (v) Naja naja,0.9,"(র) কবুতর (Columba livia): 0/0.5 The student did not attempt this part of the question. | (রর) ে গালক … মি (Ascaris lumbricoides): 0.25/0.5 The species name 'lumbricoides' is correct, but the genus name 'tscares' is a significant misspelling of 'Ascaris'. Partial credit awarded for the correct species. | (ররর) গিনিপিগ (Cavia porcellus): 0/0.5 The student did not provide an answer for this part; the line is blank. | (রা) দে ায়েল (Copsychus saularis): 0.5/0.5 The scientific name 'Copsychus saularis' is correctly written and underlined. | (া) ে গাখরা সাপ (Naja naja): 0.5/0.5 The scientific name 'Naja naja' is correctly written and underlined."
413009580656,Biology,5/2,BN_UNICODE,সক্রিয় ও নি®িŒয় লবণ পরিশোষণের মধে ্য ৫টি পার্থক ্য লিখ ।,2.5,2.5,,NO_MARKSCOL,2.5,,,2.5,rubric,True,True,2.5,"বিষয় সক্রিয় লবণ শোষণ নিষ্ক্রিয় শোষণ বাহক প্রয়োজন হয় প্রয়োজন হয় না রিপার্টার শতি লাগে লাগে না এনজাইম লাগে লাগে না বিপাক হার/শ্বসন হার বাড়ে বাড়ে না উদাহরণ লোগশিন বাহক ধারণা, লুন্ডে গড়ের মতবাদ ব্যাপন মতবাদ, ব্যাপক প্রবাহ মতবাদ",0.95,"Carrier requirement: 0.5/0.5 Student correctly states that active absorption requires a carrier, while passive absorption does not. | Metabolic energy requirement: 0.5/0.5 Student correctly states that active absorption requires metabolic energy, while passive absorption does not. (Interpreted 'রিপার্টার শতি' as metabolic energy based on context). | Enzyme involvement: 0.5/0.5 Student correctly states that enzymes are involved in active absorption, but not in passive absorption. | Effect on respiration rate: 0.5/0.5 Student correctly states that active absorption increases respiration rate, while passive absorption does not. | Associated theories/mechanisms: 0.5/0.5 Student correctly lists relevant theories/concepts for both active (carrier concept, Lundegårdh's theory) and passive (diffusion theory, mass flow theory) absorption.",2.5,"বিষয় (i) বাহক (ii) বিপাকীয় শক্তি (iii) এনজাইম (iv) বিপাক হার/ শ্বসন হার (v) উদাহরণ সক্রিয় লবণ শোষণ প্রয়োজন হয় লাগে লাগে বাড়ে লোগশিন বাহক ধারণা, লুন্ডেগড়ের মতবাদ নিষ্ক্রিয় শোষণ প্রয়োজন হয় না লাগে না লাগে না বাড়ে না ব্যাপন মতবাদ, ব্যাপক প্রবাহ মতবাদ",0.95,"Presence/absence of carrier (বাহক): 0.5/0.5 Correctly states that carriers are needed for active absorption and not for passive absorption. | Requirement of metabolic energy (বিপাকীয় শক্তি): 0.5/0.5 Correctly states that metabolic energy is needed for active absorption and not for passive absorption. | Role of enzymes (এনজাইম): 0.5/0.5 Correctly states that enzymes are involved in active absorption and not in passive absorption. | Effect on metabolic/respiration rate (বিপাক হার/শ্বসন হার): 0.5/0.5 Correctly states that respiration rate increases in active absorption and does not increase in passive absorption. | Examples of theories/mechanisms (উদাহরণ): 0.5/0.5 Correctly provides relevant theories/mechanisms for both active (Lundegårdh's theory, carrier concept) and passive (diffusion theory, mass flow theory) absorption as examples of differences."
321887054967,Biology,5/2,BN_UNICODE,অ্যানজাইনা কাকে বলে? উচ্চ রক্তচাপজনিত হৃদযন্ে¿র ৩টি রোগ উল্লেখ কর।,25.0,25,,NO_MARKSCOL,25.0,,,2.5,inconsistent(gold>full),False,False,1.5,"১. করোনার ধমনীর ৭৭% ব্লকের = অ্যানজাইনা, (i) হাটু ফেইল্যর (ii) আর্টারিও ফ্লেরোসিস (iii) হার্ট এটাক",0.9,"Definition of Angina: 0.0/1.0 The student provided a cause (coronary artery blockage) rather than a definition of angina as a symptom of chest pain/discomfort due to insufficient blood supply to the heart muscle. The specific percentage '77%' is also not part of a general definition. | First heart disease due to high blood pressure: 0.5/0.5 Correctly identified 'Heart Failure' (হাটু ফেইল্যর) as a disease, despite a phonetic misspelling. | Second heart disease due to high blood pressure: 0.5/0.5 Correctly identified 'Arteriosclerosis' (আর্টারিও ফ্লেরোসিস) as a disease caused by high blood pressure and affecting the cardiovascular system. | Third heart disease due to high blood pressure: 0.5/0.5 Correctly identified 'Heart Attack' (হার্ট এটাক) as a disease.",1.0,১. বরো ঘর ধমনীর ৭৭% ব্লকের = অ্যানজাইনা। (i) হার্ট ফেইল্যর (ii) আর্টারিও ফ্লোরোসিস (iii) হার্ট এটাক,0.95,"Definition of Angina: 0/1 The student's definition 'Large artery's 77% blockage = Angina' is inaccurate and incomplete. It mentions a specific, arbitrary percentage of blockage rather than defining angina as chest pain due to insufficient oxygen supply to the heart muscle. | First heart disease related to high blood pressure: 0.5/0.5 'হার্ট ফেইল্যর' (Heart Failure) is a correct disease caused by high blood pressure and is listed in the model solution. | Second heart disease related to high blood pressure: 0/0.5 'আর্টারিও ফ্লোরোসিস' (Arteriosclerosis) is a condition that can be caused by high blood pressure and can lead to heart disease, but it is not one of the three specific clinical diseases (Angina Pectoris, Myocardial Infarction, Heart Failure) listed in the model solution as direct consequences. | Third heart disease related to high blood pressure: 0.5/0.5 'হার্ট এটাক' (Heart Attack) is a correct disease caused by high blood pressure and is listed in the model solution (Myocardial Infarction/Heart Attack)."
618445189310,Biology,5/2,BN_UNICODE,পুÄাক্ষির গঠন ও কাজের একক কী? পুÄাক্ষি ও ওসেলির/ সরলাক্ষির অবস্থান ও সংখ্যা উল্লেখ কর।,2.5,2.5,,NO_MARKSCOL,2.5,,,2.5,rubric,True,True,2.0,ওমাটিডিয়াম। ওসেলি -> ৩টি। সংখ্যায় পুঞ্জাক্ষি -> ২টি (হাজার হাজার ওমাটিডিয়াম) | মাথার দু'পাশে,0.95,"পুঞ্জাক্ষির গঠন ও কাজের একক (Unit of compound eye): 0.5/0.5 Student correctly identified 'ওমাটিডিয়াম' as the structural and functional unit. | পুঞ্জাক্ষির অবস্থান (Location of compound eye): 0.5/0.5 Student correctly stated 'মাথার দু'পাশে' (on both sides of the head), which is an acceptable description of its location. | পুঞ্জাক্ষির সংখ্যা (Number of compound eyes): 0.5/0.5 Student correctly stated '২টি' (2), which is equivalent to 'এক জোড়া' (one pair). | ওসেলির/ সরলাক্ষির অবস্থান (Location of ocelli/simple eyes): 0.0/0.5 Student did not mention the location of ocelli. The model solution specifies 'দুটি পুঞ্জাক্ষির মাঝখানে'. | ওসেলির/ সরলাক্ষির সংখ্যা (Number of ocelli/simple eyes): 0.5/0.5 Student correctly stated '৩টি' (3) for the number of ocelli.",2.0,ওমাটিডিয়াম।ওসেলি -> ৩টি। সংখ্যায়পুঞ্জাক্ষি -> ২টি (হাজার হাজার ওমাটিডিয়াম)মাথার দু'পাশে,0.9,"Structural and functional unit of compound eye: 0.5/0.5 Correctly identified as 'ওমাটিডিয়াম'. | Number of ocelli/simple eyes: 0.5/0.5 Correctly stated as '৩টি' (3). | Location of ocelli/simple eyes: 0.0/0.5 Location of ocelli was not provided. The student wrote 'সংখ্যায়' which means 'in number' and is not a location. | Number of compound eyes: 0.5/0.5 Correctly stated as '২টি' (2), which is equivalent to 'এক জোড়া'. | Location of compound eyes: 0.5/0.5 Correctly identified as 'মাথার দু'পাশে' (on both sides of the head), which is an acceptable description of the location."
745689380091,Biology,5/2,BN_UNICODE,জিন কাকে বলে? ট্রাÝক্রিপশন প্রক্রিয়ার জন্য প্রয়োজনীয় উপাদানসমূহ উল্লেখ কর।,2.5,2.5,,NO_MARKSCOL,2.5,,,2.5,rubric,True,True,1.5,"জীবের লক্ষণ প্রকাশ করে যে স-জিন উপাদান: (i) শক্তি (ATP) (ii) এনজাইম (RNA পলিমারেজ) (iii) ATP, GTP, CTP, UTP (iv) প্রোমোটার",0.95,"Definition of Gene: 0/0.5 The definition 'জীবের লক্ষণ প্রকাশ করে যে স-জিন' (The gene that expresses the characteristics of an organism) is too simplistic and lacks scientific detail (e.g., mentioning DNA, chromosome, or being the smallest unit controlling traits). | Transcription Component: RNA Polymerase Enzyme: 0.5/0.5 Correctly identified 'এনজাইম (RNA পলিমারেজ)' (Enzyme (RNA Polymerase)), which matches the model solution. | Transcription Component: Free Ribonucleotide Triphosphates: 0.5/0.5 Correctly identified 'ATP, GTP, CTP, UTP', which matches the model solution's 'মুক্ত রাইবোনিউক্লিওটাইড ট্রাইফসফেট'. | Transcription Component: Chemical Energy: 0.5/0.5 Correctly identified 'শক্তি (ATP)' (Energy (ATP)), which corresponds to 'রাসায়নিক শক্তি' (chemical energy) in the model solution. | Transcription Component: DNA Template / Accessory Proteins: 0/0.5 The student listed 'প্রোমোটার' (Promoter). While a promoter is crucial for transcription, it is a region *on* the DNA template, not the DNA template itself as a component, nor does it match 'accessory proteins' from the model solution. The student did not list the DNA template as a component.",1.45,"৩। জীবের গঠন ও লক্ষণ প্রকাশ করে যে স-জিন উপাদান: (i) শক্তি (ATP) (ii) এনজাইম (RNA পলিমারেজ) (iii) ATP, GTP, CTP, UTP (iv) প্রোমোটার",0.95,"Definition of Gene: 0.25/1.0 The student provided a very basic and incomplete definition of a gene, stating it expresses organismal structure and characteristics, but lacked details about its molecular nature (DNA sequence, locus, functional signal) as described in the model solution. | Components for Transcription: RNA Polymerase: 0.3/0.3 Correctly identified RNA polymerase as an essential enzyme for transcription. | Components for Transcription: Ribonucleotide Triphosphates: 0.3/0.3 Correctly identified ATP, GTP, CTP, UTP as necessary free ribonucleotide triphosphates. | Components for Transcription: Chemical Energy: 0.3/0.3 Correctly identified 'শক্তি (ATP)' (energy, ATP) as a required component, covering the chemical energy aspect of the process. | Components for Transcription: DNA Template (Promoter): 0.3/0.3 Correctly identified 'প্রোমোটার' (promoter), a crucial specific region on the DNA template where transcription initiates. | Components for Transcription: Accessory Proteins: 0.0/0.3 Did not mention accessory proteins, which are part of the model solution's list of components."
894235977578,Biology,2/2,BN_UNICODE,গ্াজন কাকে বলে? ফটোফসফোরাইলেশন ও অক্সিডেটিভ ফসফোরাইলেশনের মধ্যে ৩টি পার্থক্য লিখ।,2.0,02,,NO_MARKSCOL,2.0,,,2.5,rubric,True,True,1.5,অনুজীবের অবাত শ্বসন দ্বারা গ্লুকোজ হতে ইথানল তৈরির একৃয়াই গাঁজন। বিষয় | ফটোফসফোরাইলেশন | অক্সিডেটিভ ফসফোরাইলেশন ---|---|--- (i) যে প্রক্রিয়ার ধাপ | সালোকসংশ্লেষণ | শ্বসন (ii) যার হয় | ADP+Pᵢ → ATP | পাইরুভিক এসিডের (iii) কোথায় হয় | প্লাস্টিড | মাইটোকন্ড্রিয়ায়,0.95,"Definition of Fermentation: 0.5/1.0 The student provided a concise definition mentioning anaerobic respiration by microorganisms producing ethanol from glucose. However, it lacks details such as incomplete oxidation, the role of zymase enzyme, the possibility of lactic acid formation, and the production of little energy, which are present in the model solution. | Difference 1: Process involved: 0.5/0.5 The student correctly identified Photophosphorylation with Photosynthesis and Oxidative Phosphorylation with Respiration. | Difference 2: What happens/is formed: 0.0/0.5 For Photophosphorylation, 'ADP+Pᵢ → ATP' is correct. However, for Oxidative Phosphorylation, 'পাইরুভিক এসিডের' (of pyruvic acid) is incorrect. Pyruvic acid is an intermediate from glycolysis, not a direct outcome or process of oxidative phosphorylation itself, which primarily involves ATP synthesis. | Difference 3: Location: 0.5/0.5 The student correctly identified Photophosphorylation occurring in 'প্লাস্টিড' (Plastid, which includes chloroplasts) and Oxidative Phosphorylation in 'মাইটোকন্ড্রিয়ায়' (in Mitochondria).",1.25,অনুজীবের অবাত শ্বসন দ্বারা গ্লুকোজ হতে ইথানল তৈরির একৃয়াই গাঁজন। বিষয় ফটোফসফোরাইলেশন। অক্সিডেটিভ ফসফোরাইলেশন। (i) যে প্রকৃমার বাপ সালোকসংশেবন শুন (ii) যার হয় ADP+Pᵢ → ATP পাইবাদিক এসিডের (iii) কোথায় হয় ব্লাচিড মাইটোকন্দ্রিয়ায়,0.9,"Definition of Fermentation (গ্াজন): 0.75/1.0 The definition correctly identifies anaerobic respiration by microorganisms, glucose as the substrate, and ethanol as a product. However, it lacks details such as incomplete oxidation, specific enzymes (zymase), and the alternative product lactic acid or energy production, which are present in a more comprehensive definition. | Difference 1: Process/Origin: 0.0/0.5 Photophosphorylation is correctly linked to photosynthesis. However, oxidative phosphorylation is incorrectly stated as 'শুন' (listen/hear) instead of 'শ্বসন' (respiration). | Difference 2: Product/What happens: 0.0/0.5 The formation of ATP (ADP+Pᵢ → ATP) is correctly identified for photophosphorylation. However, for oxidative phosphorylation, 'পাইবাদিক এসিডের' (of pyruvic acid) is incorrect; ATP is the product of oxidative phosphorylation. | Difference 3: Location: 0.5/0.5 Photophosphorylation is correctly identified as occurring in 'ব্লাচিড' (likely intended as plastid/chloroplast, which is acceptable), and oxidative phosphorylation is correctly identified as occurring in 'মাইটোকন্দ্রিয়ায়' (mitochondria)."
246216617197,Biology,5/2,BN_UNICODE,"হিমোফিলিয়া ে রাগের বাহক মাতা ও স্ব াভাবিক পিতার হিমোফিলিক পুত্র জন্ম ে নবার সম্ভ াবনা ২৫ %, ে চকার ে বাডর্ের মাধ ্যমে দে খাও ।",2.5,2.5,,NO_MARKSCOL,2.5,,,3.0,rubric,True,True,3.0,১। বাহক মাতা: X X' | সুস্থ পিতা: X Y ♂ x ♀ ♂/♀ X Y X XX XY X' X'X X'Y মোট সন্তানের X'Y বা 25% হিমোফিলিয়ায় আক্রান্ত। এবং সে পুত্র।,0.95,"Punnett square representation and derivation (including parental genotypes, gametes, offspring genotypes, and identification of hemophiliac son with probability): 2.5/2.5 The student correctly identified the parental genotypes (carrier mother X X', normal father X Y), set up the Punnett square with correct gametes, accurately filled in all offspring genotypes (XX, XY, X'X, X'Y), and correctly identified the hemophiliac son (X'Y) with its 25% probability. | Clear and correct final probability statement: 0.5/0.5 The student provided a clear and correct concluding statement: 'মোট সন্তানের X'Y বা 25% হিমোফিলিয়ায় আক্রান্ত। এবং সে পুত্র।' (Total offspring X'Y or 25% affected by hemophilia. And he is a son.), which fully answers the question.",3.0,"১। বাহক মাতা: X X' সুস্থ পিতা: X Y ক্রস: ♂ x ♀ [Punnett Square with X, Y on top and X, X' on left, resulting in XX, XY, X'X, X'Y] মোট সন্তানের X'Y বা 25% হিমোফিলিয়ায় আক্রান্ত। এবং সে পুত্র।",1.0,"Correct parental genotypes identified (Carrier mother XX', Normal father XY): 0.5/0.5 | Correct Punnett square setup (gametes and structure): 1.0/1.0 | Correct offspring genotypes in Punnett square: 1.0/1.0 | Correct conclusion stating 25% probability of hemophiliac son: 0.5/0.5"
330554413803,Biology,5/2,BN_UNICODE,অপঃরহড়ঢ়ঃবৎুমরর ও ঝধৎপড়ঢ়ঃবৎুমরর ে শ্রণির মধে ্য ৫টি তুলনা কর ।,2.5,2.5,,NO_MARKSCOL,2.5,,,2.5,rubric,True,True,2.0,২। তুলনা বিষন Actinopterygii Sarcopterygii আঁইশ সাইক্লয়েড গ্যানয়েড লেজ হোমোসার্কাল ডাইফাইসার্কাল লোব পাখনা নেই আছে আর্চ নেই আছে উদাহরণ রুই মাছ (Labeo rohita) সিলাকান্তু মাছ (Latimera),0.95,"Comparison 1: Scales (আঁইশ): 0.5/0.5 Student correctly identified Cycloid scales for Actinopterygii and Ganoid scales for Sarcopterygii, which are valid distinguishing features. | Comparison 2: Tail (লেজ): 0.5/0.5 Student correctly identified Homocercal tail for Actinopterygii and Diphycercal tail for Sarcopterygii, matching the model solution. | Comparison 3: Lobed fin (লোব পাখনা): 0.5/0.5 Student correctly stated that lobed fins are absent in Actinopterygii and present in Sarcopterygii, which is a fundamental difference between ray-finned and lobe-finned fish. | Comparison 4: Arch (আর্চ): 0.0/0.5 The term 'আর্চ' (Arch) is too vague in this context, and the 'নেই' (absent) vs 'আছে' (present) distinction is not a clear or correct biological comparison for these classes without further specification. | Comparison 5: Example (উদাহরণ): 0.5/0.5 Student provided correct examples: Rui (Labeo rohita) for Actinopterygii and Coelacanth (Latimeria) for Sarcopterygii, which effectively illustrates the distinction between the two classes.",2.0,২। তুলনা:বিষয় Actinopterygii Sarcopterygiiআঁইশ সাইক্লয়েড গ্যানয়েডলোক হোমোসার্কাল ডাইকা সার্কাললোর পাখনা নেই আছেআর্চ নেই গেছেউদাহরন রুই মাছ (Labo rohita) সিলাকান্তু মাছ (Latimera),0.9,Scale type (আঁইশ): 0.5/0.5 Correctly identified cycloid vs ganoid scales. | Tail fin type (পুচ্ছ পাখনা): 0.5/0.5 Correctly identified homocercal vs diphycercal tail fins. | Lobe fins (মাংসল পাখনা): 0.5/0.5 Correctly identified the presence/absence of lobe fins. | Arch (আর্চ): 0.0/0.5 The comparison point 'Arch' and its values 'নেই' (absent) and 'গেছে' (gone) are unclear and not a standard or correct comparison for these classes. | Examples (উদাহরণ): 0.5/0.5 Correctly provided examples Labeo rohita vs Latimeria.
319564135948,Biology,5/2,BN_UNICODE,টিসু ্য কালচার পদ্ধতির ধাপসমূহ উল্লেখ কর।,2.5,2.5,,NO_MARKSCOL,2.5,,,2.75,rubric,True,True,2.0,৩। এক্সপ্লান্ট নির্বাচন ↓ জীবানুর (crossed out) কালচার মিডিয়াম তৈরি ↓ জীবাণুমুক্ত করণ ↓ মিডিয়াতে নেজালশুর টিস্যু ↓ ক্যালাস সৃষ্টি → অনুচারা সৃষ্টি ↑ টবে স্থানান্তর ↑ মাঠ পর্যায়ে স্থানান্তর,0.9,"Listing the 8 steps of tissue culture sequentially and correctly.: 2.0/2.75 The student listed 8 steps in the correct sequence. However, there were three omissions/inaccuracies: 1. Step 4: 'স্থাপন' (placing) was missing from 'মিডিয়াতে টিস্যু স্থাপন'. The student wrote 'মিডিয়াতে [unclear word] টিস্যু'. 2. Step 5: 'সংখ্যাবৃদ্ধি' (multiplication) was missing from 'ক্যালাস সৃষ্টি ও সংখ্যাবৃদ্ধি'. 3. Step 6: 'মূল উৎপাদক মাধ্যমে স্থানান্তর' (transfer to rooting medium) was missing from 'মূল উৎপাদক মাধ্যমে স্থানান্তর ও চারা উৎপাদন'. As per the rubric, 0.25 marks were deducted for each omission, totaling 0.75 marks deduction from the maximum of 2.75.",2.4,এক্সপ্লান্ট নির্বাচন জীবানুর কালচার মিডিয়াম তৈরি জীবানুমুক্ত করণ মিডিয়াতে নেজালশুর টিস্যু ক্যালাসসৃষ্টি অনুচারা সৃষ্টি টবে স্থানান্তর মাঠ পর্যায়ে স্থানান্তর,0.95,"এক্সপ্লান্ট নির্বাচন (Explant selection): 0.35/0.35 The student correctly identified 'Explant selection'. | কালচার মিডিয়াম বা আবাদ মাধ্যম তৈরি (Culture medium preparation): 0.25/0.35 The student wrote 'জীবানুর কালচার মিডিয়াম তৈরি' (Germ culture medium preparation). While the core idea of culture medium preparation is present, the addition of 'জীবানুর' (of germs) is unnecessary and slightly misleading, implying the medium is for germs rather than sterile. | জীবাণুমুক্তকরণ বা নির্বীজকরণ (Sterilization): 0.35/0.35 The student correctly identified 'জীবানুমুক্ত করণ' (Sterilization). | মিডিয়ামে এক্সপ্লান্ট বা টিস্যু স্থাপন (Explant/tissue placement in medium): 0.15/0.35 The student wrote 'মিডিয়াতে নেজালশুর টিস্যু'. This mentions 'tissue in medium' but misses the crucial action of 'placement' (স্থাপন). The word 'নেজালশুর' is unclear and not a standard term in this context, making the step incomplete. | ক্যালাস সৃষ্টি ও সংখ্যাবৃদ্ধি (Callus formation & multiplication): 0.35/0.35 The student correctly identified 'ক্যালাসসৃষ্টি' (Callus formation), which is the primary part of this step. | মূল উৎপাদক মাধ্যমে স্থানান্তর ও চারা উৎপাদন (Transfer to rooting medium & plantlet production): 0.25/0.35 The student wrote 'অনুচারা সৃষ্টি' (Microplantlet creation). This covers the production of plantlets but omits the 'transfer to rooting medium' aspect, making it less complete than the model solution. | চারা টবে স্থানান্তর (Plantlet transfer to pot): 0.35/0.35 The student correctly identified 'টবে স্থানান্তর' (Transfer to pot). | প্রাকৃতিক পরিবেশ তথা মাঠ পর্যায়ে স্থানান্তর (Transfer to natural environment/field): 0.35/0.35 The student correctly identified 'মাঠ পর্যায়ে স্থানান্তর' (Transfer to field level)."
942889830864,Biology,2/2,BN_UNICODE,ওমাটিডিয়াম ক ী ? একটি আদশ ওমাটিডিয়ামের গঠন লিখ ।,2.0,02,,NO_MARKSCOL,2.0,,,2.5,rubric,True,True,1.75,৪। ঘাসফড়িং এর পুঞ্জাক্ষির একক হলো ও মাটিডিয়াম। কর্নিয়া ক্রিস্টালাইন কোন দ কোষ কর্নিয়াজের কোষ আইরিশ রঞ্জক অবর নী র‍্যাবডোম চিত্র: ও মাটিডিয়াম,0.9,"Definition of Ommatidium as a vision unit: 0.5/0.5 The student correctly identified Ommatidium as the unit of the compound eye of a grasshopper, which implies its function as a vision unit. | Identification of 8 parts of an ideal Ommatidium (0.25 marks each): 1.25/2.0 The student correctly identified 5 distinct parts: Cornea, Crystalline cone, Corneagen cell, Iris pigment sheath, and Rhabdom. The label 'দ কোষ' was too ambiguous and poorly written to be awarded marks for a specific part.",1.75,৪। ঘাসফড়িং এর পুঞ্জাক্ষির একক হলো ও মাটিডিয়াম। কর্নিয়া ক্রিস্টালাইন কোন দ কোষ কর্নিয়াজেন কোষ আইরিশ রঞ্জক অবর নী র‍্যাবডোম চিত্র: ও মাটিডিয়াম,0.9,"Definition of Ommatidium: 0.5/0.5 The student correctly defined ommatidium as the unit of the grasshopper's compound eye. | Diagram quality and representation of structure: 0.4/0.5 The diagram is clear and accurately represents the basic structure of an ommatidium, although it could be more detailed. | Labeled components of Ommatidium: 0.85/1.5 The student correctly identified 5 out of 10 key components (Cornea, Crystalline cone, Corneagen cell, Iris pigment sheath, Rhabdome). One label ('দ কোষ') was ambiguous but likely intended as 'Crystalline cone cell'. Missing Retinular cell, Retinal pigment sheath, Basal membrane, and Nerve fibre."
189506906847,Biology,5/2,BN_UNICODE,রক্ত তআন কাকে বলে ? রক্ত তআনের অতি গুরুতaপূণ চারটি ফ্যা ±রের নাম লিখ ।,2.5,2.5,,NO_MARKSCOL,2.5,,,7.0,rubric,True,True,3.36,৫। শরীরের রক্তনালী ক্ষতিগ্রস্থ হলে যে জটিল প্রক্রিয়ায় তরুণ ফ্যাক্টরসমূহের সাহায্যে ক্ষয়পূরণ হয় ও রক্তপাত বন্ধহয় রক্ত তঞ্চন Factor: 1 ফাইব্রিনোকে। 2 প্রোপাকি 3 টিসু প্রজারাদিন 4 Catt,0.85,"Definition of blood clotting: 0.25/0.5 The student provided a partial definition that captures the essence of stopping bleeding when blood vessels are damaged, but it lacks the precision and standard terminology (e.g., fibrin network) found in the model answer. The phrase 'তরুণ ফ্যাক্টরসমূহের সাহায্যে' (with the help of young factors) is also non-standard in this context. | Name of Factor 1 (Fibrinogen): 0.25/0.5 The student wrote 'ফাইব্রিনোকে।' which is a recognizable but significantly misspelled version of 'ফাইব্রিনোজেন'. | Name of Factor 2 (Prothrombin): 0.1/0.5 The student wrote 'প্রোপাকি' which is a very poor and barely recognizable misspelling of 'প্রোথ্রম্বিন'. | Name of Factor 3 (Thromboplastin): 0.1/0.5 The student wrote 'টিসু প্রজারাদিন'. While 'টিসু' (Tissue) is often associated, 'প্রজারাদিন' is a very poor and almost unrecognizable misspelling of 'থ্রম্বোপ্লাস্টিন'. | Name of Factor 4 (Ca2+): 0.5/0.5 The student correctly identified 'Catt' as a representation for Calcium ions (Ca++).",6.0,৫। শরীরের রক্তনালী ক্ষতিগ্রস্থ হলে যে জটিল প্রক্রিয়ায় তরুণ ফ্যাক্টরসমূহের সাহায্যে ক্ষয়পূরণ হয় ও রক্তপাত বন্ধহয় রক্ত তঞ্চন।Factor:1. ফাইব্রিনোজেন2. প্রোথ্রম্বিন3. টিস্যু থ্রম্বোপ্লাস্টিন4. Ca++,0.95,"Definition of রক্ত তঞ্চন (Blood Clotting): 2.0/3.0 The student provided a correct definition of blood clotting, mentioning the complex process, damage to blood vessels, and stopping bleeding with the help of factors. However, it lacked the specific detail about fibrin mesh formation mentioned in the model solution. | Identification of Fibrinogen: 1.0/1.0 Correctly identified Fibrinogen as a clotting factor. | Identification of Prothrombin: 1.0/1.0 Correctly identified Prothrombin as a clotting factor. | Identification of Thromboplastin (Tissue Thromboplastin): 1.0/1.0 Correctly identified Tissue Thromboplastin, which is a valid and more specific form of Thromboplastin. | Identification of Calcium ions (Ca++): 1.0/1.0 Correctly identified Calcium ions (Ca++) as a clotting factor."
173972089106,Biology,5/2,BN_UNICODE,কায়াজমা ও সিন্যাপসিস বলতে ক ী বুঝ ? প্রোফেজ- ১ ধাপের উপ-পর্যায়গুে লার নাম লিখ ।,2.5,2.5,,NO_MARKSCOL,2.5,,,4.0,rubric,True,True,4.0,"৬। কায়াজমা: ক্রসিং ওভারের সময় ক্রোমোজোমের অংশ বিনিময়ের পর জোড়া লাগা অবস্থায় (X) আকৃতির গঠন।সিন্যাপসিস: সমসংস্থ ক্রোমোজোমগুলোর পরস্পর সমান্তরালে জোড় বাঁধার প্রক্রিয়া।লেপ্টোটিন, জাইগোটিন, প্যাকাইটিন, ডিপ্লোটিনডায়াকাইনেসিস।",0.95,"কায়াজমা সংজ্ঞা: 0.8/0.8 The definition for Chiasma is accurate, mentioning the X-shaped structure formed after crossing over and exchange of chromosomal parts. | সিন্যাপসিস সংজ্ঞা: 0.8/0.8 The definition for Synapsis is accurate, correctly identifying it as the process of homologous chromosomes pairing up parallel to each other. | প্রোফেজ-১ ধাপের উপ-পর্যায়: 2.4/2.4 All 5 sub-stages of Prophase-I (Leptotene, Zygotene, Pachytene, Diplotene, Diakinesis) are correctly listed.",4.0,"১। কায়াজমা: ক্রসিং ওভারের সময় ক্রোমোজোমের অংশ বিনিময়ের পর জোড়া লাগা অবস্থায় (x) আকৃতির গঠন। সিন্যাপসিস: সমসংস্থ ক্রোমোজোমগুলোর পরস্পর সমান্তরালে জোড় বাঁধার প্রক্রিয়া। লেপ্টোটিন, জাইগোটিন, প্যাকাইটিন, ডিপ্লোটিন, ডায়াকাইনেসিস।",1.0,"Definition of Chiasma: 1.0/1.0 The student correctly defines chiasma as the X-shaped structure formed after crossing over of chromosomal parts. | Definition of Synapsis: 1.0/1.0 The student correctly defines synapsis as the process of homologous chromosomes pairing up parallel to each other. | Sub-stages of Prophase-I: 2.0/2.0 All five sub-stages (Leptotene, Zygotene, Pachytene, Diplotene, Diakinesis) are correctly listed."
167933181061,Biology,5/2,BN_UNICODE,ম্যালেরিয়া পরজীবীর ে হপাটিক ও এরি থ্রে াসাইটিক সাইজোগনির মধে ্য পা্চটি পার্থক ্য লিখ ।,2.5,2.5,,NO_MARKSCOL,2.5,,,2.5,rubric,True,True,2.5,৭। বিষয় হেপাটিক এরিথ্রোসাইটিক ক্রিপ্টোজয়েট দশা দেখা যায় দেখা যায় না মেটাক্রিপ্টোমেরোজয়েট দেখা যায় দেখা যায় না রোজেট দশা দেখা যায় না দেখা যায় গ্যংটি তৈরি হয় না তৈরি হয় সংঘটন স্থান যকৃতকোষ RBC,0.9,"Presence of Cryptozoite stage: 0.5/0.5 Student correctly identifies cryptozoite stage in hepatic schizogony and its absence in erythrocytic schizogony. | Presence of Metacryptomerozoite stage: 0.5/0.5 Student correctly identifies metacryptomerozoite stage in hepatic schizogony and its absence in erythrocytic schizogony. | Presence of Rosette stage: 0.5/0.5 Student correctly identifies rosette stage as absent in hepatic and present in erythrocytic schizogony. This is a valid difference, though not explicitly listed in the model solution's stages, it's a known morphological feature. | Hemozoin/Fever/Schüffner's dots (interpretation of 'গ্যংটি'): 0.5/0.5 The student wrote 'গ্যংটি তৈরি হয় না' (not formed) for hepatic and 'তৈরি হয়' (formed) for erythrocytic. Given the model solution mentions 'হিমোজয়েন উৎপন্ন হয় না' for hepatic and 'হিমোজয়েন উৎপন্ন হয়' for erythrocytic, and 'জ্বর হয় না' vs 'কাপুনিসহ জ্বর আসে', and 'সাফনাস দানা দেখা যায় না' vs 'সাফনাস দানা পাওয়া যায়', 'গ্যংটি' is likely a phonetic or handwritten representation of one of these. The most plausible interpretation that fits the 'not formed/formed' pattern and is a key difference is 'Hemozoin' or 'Schüffner's dots'. Assuming it refers to one of these, the distinction is correct. If it refers to 'fever', the phrasing 'তৈরি হয়' (is formed) is less direct than 'আসে' (comes), but the core difference is still valid. Given the ambiguity, and the fact that a difference is stated and is biologically plausible, partial credit is appropriate. Awarding full 0.5 for a plausible interpretation. | Site of occurrence: 0.5/0.5 Student correctly identifies hepatic schizogony in 'যকৃতকোষ' (liver cells) and erythrocytic schizogony in 'RBC' (red blood cells).",2.5,১। বিষয় হেপাটিক এরিথ্রোসাইটিক ক্রিপ্টোজয়েট দশা দেখা যায় দেখা যায় না মেটাক্রিপ্টোমেরোজয়েট দেখা যায় দেখা যায় না রোজেট দশা দেখা যায় না দেখা যায় গ্যামেট তৈরি হয় না তৈরি হয় সংঘটন স্থান যকৃতকোষ RBC,0.95,Presence of Cryptozoyte stage: 0.5/0.5 Correctly states Cryptozoyte stage is seen in hepatic but not erythrocytic schizogony. | Presence of Metacryptomerozoite stage: 0.5/0.5 Correctly states Metacryptomerozoite stage is seen in hepatic but not erythrocytic schizogony. | Presence of Rosette stage: 0.5/0.5 Correctly states Rosette stage is not seen in hepatic but is seen in erythrocytic schizogony (associated with schizonts). | Formation of Gametes: 0.5/0.5 Correctly states gametes are not formed in hepatic but are formed in erythrocytic schizogony (referring to gametocyte formation). | Site of occurrence: 0.5/0.5 Correctly identifies liver cells for hepatic and RBC for erythrocytic schizogony.
857536204464,Biology,2/2,BN_UNICODE,প্রক…তকোষী জীবে শ্বসনের বিভিন্ন ধাপ সংগঠিত হওয়ার স্থান লেখ।,0.0,0/,,NO_MARKSCOL,0.0,,,2.5,rubric,True,True,2.25,গ্লাইকোলাইসিস → Cytoplasm অ্যাসটাইল কো-এ → mitochondria ক্রেবস চক্র → u ETC → mitochondria inner membrane,0.9,"Location for processes outside mitochondria (Cytoplasm): 1.0/1.0 Student correctly identified 'Cytoplasm' as the location for 'Glycolysis'. | Location for processes in mitochondrial matrix: 0.5/0.75 Student identified 'mitochondria' for 'Acetyl CoA' formation and 'Krebs cycle', which is the correct organelle, but did not specify 'matrix' as the compartment. Partial credit awarded for correct organelle. | Location for processes in mitochondrial inner membrane: 0.75/0.75 Student correctly identified 'mitochondria inner membrane' as the location for 'ETC'.",2.0,সাইকোলাইসিস -> Cytoplasm অ্যাসটাইল কো-এ -> mitochondria ক্রেবস চক্র -> u ETC -> mitochondria এর inner membrane,0.9,Glycolysis location: 0.5/0.5 The student correctly identified Cytoplasm as the location for Glycolysis. | Fermentation location: 0.0/0.5 Fermentation and its location were not mentioned by the student. | Pyruvic acid oxidation / Acetyl-CoA formation location: 0.5/0.5 The student correctly identified mitochondria as the location for Acetyl-CoA formation (which is part of pyruvic acid oxidation). | Krebs cycle location: 0.5/0.5 The student correctly identified mitochondria (implied by 'u' for ditto) as the location for the Krebs cycle. | Electron Transport Chain (ETC) location: 0.5/0.5 The student correctly identified the inner mitochondrial membrane as the location for ETC.
198674982032,Biology,5/2,BN_UNICODE,ফুসফুসের কার্যকরী একক ক ী ? রক্তে অক্সিে জনের পরিবহন প্রক্রিয়া লিখ ।,5.0,5,,NO_MARKSCOL,5.0,,,2.5,inconsistent(gold>full),False,False,2.0,১। অ্যালভিওলাস। O₂ পরিবহন: ① ভৌত দ্রবণ রূপে (২%) রক্তে দ্রবীভূত হয়ে ② অক্সি হিমোগ্লোবিনরপে Hb + O₂ → HbO₂ RBC এর Hb এর সাথে O₂ মিশে HbO₂ রূপে,0.9,"Functional unit of lungs (অ্যালভিওলাস): 0.5/0.5 The student correctly identified 'অ্যালভিওলাস' (Alveolus) as the functional unit of the lungs. | Oxygen transport: Physical solution (ভৌত দ্রবণরূপে): 0.5/1.0 The student mentioned 'ভৌত দ্রবণ রূপে' (as physical solution) and 'রক্তে দ্রবীভূত হয়ে' (dissolved in blood), fulfilling the 'at least 2 pieces of information' requirement. However, the percentage mentioned '(২%)' is incorrect; the model solution states 0.2%. | Oxygen transport: Chemical compound (রাসায়নিক যৌগরূপে): 1.0/1.0 The student correctly identified 'অক্সি হিমোগ্লোবিনরপে' (as oxyhemoglobin), provided the reaction 'Hb + O₂ → HbO₂', and explained that 'RBC এর Hb এর সাথে O₂ মিশে HbO₂ রূপে' (O2 mixes with Hb of RBC to form HbO2). This provides more than two correct pieces of information.",1.7,৯। অ্যালভিওলাস। O₂ পরিবহন: ① ভৌত দ্রবণ রূপে (২%) রক্তে দ্রবীভূত হয়ে ② অক্সি হিমোগ্লোবিনরুপে Hb + O₂ → HbO₂ RBC এর Hb এর সাথে O₂ মিশে HbO₂ রূপে,0.9,"Functional unit of lungs: 0.5/0.5 Correctly identified Alveolus (অ্যালভিওলাস) as the functional unit. | Identification of two modes of O2 transport: 0.5/0.5 Correctly identified both 'physical solution' (ভৌত দ্রবণ রূপে) and 'chemical compound as oxyhemoglobin' (অক্সি হিমোগ্লোবিনরুপে) as modes of oxygen transport. | Details on physical solution transport: 0.1/0.5 Mentioned oxygen is dissolved in blood (রক্তে দ্রবীভূত হয়ে), but provided an incorrect percentage (2% instead of 0.2%) and lacked further details on its role as described in the model solution. | Details on chemical compound (oxyhemoglobin) transport: 0.6/1.0 Correctly identified transport as oxyhemoglobin, its formation with Hb in RBCs (RBC এর Hb এর সাথে O₂ মিশে HbO₂ রূপে), and provided a simplified chemical equation (Hb + O₂ → HbO₂). However, it missed details about the reaction's reversibility, stoichiometry (e.g., Hb4 + 4O2 ⇌ 4HbO2), and the nature of oxyhemoglobin as a loose compound that dissociates under low oxygen pressure."
904663885735,Biology,5/2,BN_UNICODE,টিসু ্য কাকে বলে ? ভাজক টিসু্যর তিনটি কাজ লিখ ।,2.0,2.,,NO_MARKSCOL,2.0,,,2.5,rubric,True,True,2.5,"১০। একই উৎস হতে উৎপন্ন একগুচ্ছ কোষ যখন একই কাজ করে, তখন তাকে টিসু বলে। ভাজক টিস্যুর কাজ: ① দৈহিক বৃদ্ধি ঘটানো ② বিভিন্ন টিসু তৈরি ③ ক্ষয়পূরণ",0.95,"টিস্যুর সংজ্ঞা: 1.0/1.0 The definition provided is largely correct, covering the key aspects of origin, cell group, and function, although it lacks some details present in the model answer. | ভাজক টিস্যুর প্রথম কাজ: 0.5/0.5 Correctly identified 'দৈহিক বৃদ্ধি ঘটানো' (physical growth) as a function, which aligns with the model's points on longitudinal and radial growth. | ভাজক টিস্যুর দ্বিতীয় কাজ: 0.5/0.5 Correctly identified 'বিভিন্ন টিসু তৈরি' (forms different tissues) as a function, which aligns with the model's point on forming permanent tissues. | ভাজক টিস্যুর তৃতীয় কাজ: 0.5/0.5 Correctly identified 'ক্ষয়পূরণ' (repairs damage) as a function, which directly matches the model's point on wound repair.",2.0,"১০। একই উৎস হতে উৎপন্ন আবুচ্ছ কোষ যখন একই কাজ করে, তখন তাকে টিসু বলে। ভাজক টিস্যুর কাজ: ① দৈহিক বৃদ্ধি ঘটানো ② বিভিন্ন টিসু তৈরি ③ ক্ষয়পূরণ",0.9,"Definition of Tissue: 0.5/1.0 The student correctly identified that tissue originates from the same source and performs the same function. However, the definition is incomplete, missing key aspects like 'homogeneous' (সমধর্মী), 'continuous' (অবিচ্ছিন্ন), and 'group of cells' (কোষ গুচ্ছ). The term 'আবুচ্ছ' appears to be incorrect or a miswriting. | First function of Meristematic Tissue: 0.5/0.5 'দৈহিক বৃদ্ধি ঘটানো' (Causes physical growth) is a correct and fundamental function of meristematic tissue. | Second function of Meristematic Tissue: 0.5/0.5 'বিভিন্ন টিসু তৈরি' (Forms various tissues) is a correct function, as meristematic tissue differentiates into permanent tissues. | Third function of Meristematic Tissue: 0.5/0.5 'ক্ষয়পূরণ' (Wound healing/repair) is a correct function, as meristematic tissue helps in repairing damaged parts of the plant."
152097007282,Biology,5/2,BN_UNICODE,স্যাট ক্রে ামোসোম কাকে বলে ? ে কাষঝিল্লীর ৪টি কাজ লিখ ।,2.5,2.5,,NO_MARKSCOL,2.5,,,2.5,rubric,True,True,2.5,"১২। যে ক্রোমোজোমের যৌন কুঞ্চন হতে নিউক্লিওলাস তৈরি হয়, সেটিই স্যাট ক্রোমোজোম। কোষঝিল্লির কাজ: ১। ভেতরের অঙ্গাণুসমূহ রক্ষা ২। সাইটোপ্লাজমিক সংযোগ রক্ষা ৩। এতে এনজাইম সাজানো থাকে ৪। কোষীয় আদান প্রদান নিয়ন্ত্রণ করে।",0.95,Definition of SAT chromosome: 0.5/0.5 The student correctly defined SAT chromosome as the chromosome from whose secondary constriction the nucleolus is formed. | Function 1 of Cell Membrane: 0.5/0.5 Student correctly stated that it protects internal organelles. | Function 2 of Cell Membrane: 0.5/0.5 Student correctly stated that it maintains cytoplasmic connection. | Function 3 of Cell Membrane: 0.5/0.5 Student correctly stated that enzymes are arranged in it. | Function 4 of Cell Membrane: 0.5/0.5 Student correctly stated that it controls cellular exchange/transport.,2.325,"১২। যে ক্রোমোজোমের গৌণ কুঞ্চন হতে নিউক্লিওলাস তৈরি হয়, সেটিই স্যাট ক্রোমোজোম। কোষঝিল্লির কাজ: ① ভেতরের অঙ্গাণুসমূহ রক্ষা ② সাইটোপ্লাজমিক সংযোগ রক্ষা ③ এতে এনজাইম সাজানো থাকে ④ কোষীয় আদান প্রদান নিয়ন্ত্রণ করে।",0.95,"Definition of Sat chromosome: 1.0/1.0 The student correctly defined Sat chromosome as the chromosome where the nucleolus is formed from the secondary constriction, which aligns with the model solution's alternative definition. | Cell membrane function 1: Protection of internal organelles: 0.375/0.375 The function 'ভেতরের অঙ্গাণুসমূহ রক্ষা' (Protects internal organelles) is a correct and fundamental role of the cell membrane. | Cell membrane function 2: Maintenance of cytoplasmic connection: 0.2/0.375 The function 'সাইটোপ্লাজমিক সংযোগ রক্ষা' (Maintains cytoplasmic connection) is somewhat vague. While the cell membrane is involved in cell-to-cell communication and adhesion (which could be broadly interpreted as maintaining connections), it's not as precise as other functions. Partial credit awarded. | Cell membrane function 3: Arrangement of enzymes: 0.375/0.375 The function 'এতে এনজাইম সাজানো থাকে' (Enzymes are arranged on it) is a correct function, as the cell membrane acts as a framework for various enzymes. | Cell membrane function 4: Control of cellular exchange: 0.375/0.375 The function 'কোষীয় আদান প্রদান নিয়ন্ত্রণ করে' (Controls cellular exchange/transport) is a crucial and correct role of the cell membrane, regulating the passage of substances in and out of the cell."
916235938706,Biology,5/2,BN_UNICODE,ে রপ্লিকেশন কমপ্লে ক্স কী? এর চারটি উপাদান উল্লেখ করে কাজ লিখ ।,2.0,2,,NO_MARKSCOL,2.0,,,2.5,rubric,True,True,0.25,"১৩। যে এনজাইম সন্মূহ মিলে mRNA তৈরি করে করে তাদের এক DNA পলিমারেজ-I, II, III, ও অন্যান্য এনজাইম যারা DNA রেপ্লিকেশন অংশনেয় তাদের একত্রে রেপ্লিকেশন কমপ্লেক্স বলে। বেকন → জিন রকম্বিনেশনের একক রেপ্লিকন → রেপ্লিকেশনের একক সিস্ট্রন → জিন কার্যের একক",0.95,"Definition of Replication Complex: 0.25/0.5 The student provided a basic definition stating that DNA Polymerase-I, II, III, and other enzymes involved in DNA replication collectively form the replication complex. While it correctly identifies some key players, it lacks the detail of the model answer regarding the involvement of proteins, the replication fork, and the formation of a complex molecular mechanical structure. The initial phrase about mRNA synthesis is incorrect and irrelevant to the definition of a replication complex. | Four components of Replication Complex and their functions: 0/2 The student listed 'recon', 'replicon', and 'cistron' along with their definitions. These are genetic units (units of recombination, replication, and gene function, respectively) and are not components of the DNA replication complex (e.g., helicase, primase, ligase, DNA polymerase, etc.). Therefore, this part of the answer is completely incorrect and irrelevant to the question.",0.25,"DNA পলিমারেজ-I, II, III, ও অন্যান্য এনজাইম যারা DNA রেপ্লিকেশন অংশনেয় তাদের একত্রে রেপ্লিকেশন কমপ্লেক্স বলে। বেকন → জিন রকম্বিনেশনের একক মিউটন মিউটেশনের একক রেপ্লিকন → রেপ্লিকেশনের একক সিট্রন → জিন কার্যের একক",0.95,"Definition of Replication Complex: 0.25/0.5 The student partially defined the replication complex by mentioning DNA Polymerases and other enzymes involved in DNA replication. However, it lacks the crucial context of the replication fork and the description of it as a complex molecular mechanical structure. | Four components and their functions: 0.0/2.0 The student did not list any components of the replication complex or their functions. Instead, they provided definitions for 'recon', 'replicon', and 'cistron', which are not components of the replication complex and are irrelevant to the question."
780572062847,Biology,2/2,BN_UNICODE,নিচের প্রাণী গুে লার ৈ বÁানিক নাম লিখ : ( ধ ) সাগর কুসুম ( ন ) যক …ত ক… মি ( প ) রুইমাছ ( ফ ) দে ায়েল ( ব ) ে গাখরা সাপ,2.0,02,,NO_MARKSCOL,2.0,,,2.5,rubric,True,True,2.0,b) Fasciola hepatica c) Labeo rohita d) Copsychus saularis e) Naja naja Naza naza,0.95,"Scientific name for সাগর কুসুম (Sea Anemone): 0.0/0.5 Not attempted by the student. | Scientific name for যক …ত ক… মি (Liver Fluke): 0.5/0.5 Correct scientific name (Fasciola hepatica), correctly formatted with underlining and capitalization. | Scientific name for রুইমাছ (Rohu fish): 0.5/0.5 Correct scientific name (Labeo rohita), correctly formatted with underlining and capitalization. | Scientific name for দে ায়েল (Oriental Magpie-Robin): 0.5/0.5 Correct scientific name (Copsychus saularis), correctly formatted with underlining and capitalization. | Scientific name for ে গাখরা সাপ (King Cobra): 0.5/0.5 Correct scientific name (Naja naja), correctly formatted with underlining and capitalization. The incorrect 'Naza naza' was crossed out by the student.",2.0,b) Fasciola hepatica c) Labeo rohita d) Copsychus saularis e) Naja naja Naja naja,0.95,Scientific name for যক …ত ক… মি (Fasciola hepatica): 0.5/0.5 Correctly identified as Fasciola hepatica. | Scientific name for রুইমাছ (Labeo rohita): 0.5/0.5 Correctly identified as Labeo rohita. | Scientific name for দে ায়েল (Copsychus saularis): 0.5/0.5 Correctly identified as Copsychus saularis. | Scientific name for ে গাখরা সাপ (Naja naja): 0.5/0.5 Correctly identified as Naja naja. The subsequent crossed-out text does not negate the initial correct answer. | Scientific name for সাগর কুসুম (Metridium senile): 0.0/0.5 This part was not attempted by the student.
176704149378,Biology,5/2,BN_UNICODE,ে মসোগ্লিয়া কাকে বলে ? হাইড্রার এপিডামর্িস ও গ্যা স্ট্রে াডামি সের ে কাষ গুে লার নাম উল্লেখ কর।,1.5,1.5,,NO_MARKSCOL,1.5,,,2.5,rubric,True,True,1.25,১৫। হাইড্রার দুই ঘারের মাঝে স্থিতিস্থাপক আলো অকোষীয় যেটার থাকে নাম: ⅰ) পুষ্টি কোস ⅱ) গ্রহি কোষ ⅲ) ইন্টারস্টিশিয়ান ⅳ) সংবেদী কোষ ⅴ) ফ্লাজেলীয় দ,0.88,"মেসোগ্লিয়া র সংÁা লেখার জন্য: 0.25/0.5 The student correctly identified that mesoglea is an elastic, acellular layer between two layers of Hydra. However, the answer contains spelling errors (""ঘারের"" instead of ""স্তরের"", ""আলো"" instead of ""স্বচ্ছ"" or ""জেলির মতো"") and lacks the specific names of the layers (epidermis and gastrodermis) and the ""jelly-like"" characteristic. | হাইড্রার এপিডামি সের ৪টি ে কাষের নাম ে লখার জন্য: 0.75/1.0 The student listed ""গ্রহি কোষ"" (Gland cell), ""ইন্টারস্টিশিয়ান"" (Interstitial cell), and ""সংবেদী কোষ"" (Sensory cell), which are all correct cell types found in the epidermis according to the model solution. However, the student did not explicitly categorize them as epidermal cells and only provided 3 correct types for this category. | হাইড্রার গ্যা স্ট্রে াডামি সের ৪টি ে কাষের নাম ে লখার জন্য: 0.25/1.0 The student listed ""পুষ্টি কোস"" (Nutritive cell), which is a correct cell type found in the gastrodermis according to the model solution. However, the student did not explicitly categorize it as a gastrodermal cell and only provided 1 correct type for this category. ""ফ্লাজেলীয় দ"" was considered incorrect as a distinct cell type.",1.5,১৫। হাইড্রার দুই স্তরের মাঝে স্থিতিস্থাপক আলো অকোষীয় স্তর থাকে। নাম: ⅰ) পুষ্টি কোষ ⅱ) গ্রন্থি কোষ ⅲ) ইন্টারস্টিশিয়ান ⅳ) সংবেদী কোষ ⅴ) ফ্লাজেলীয় দ,0.9,"Mesoglea Definition: 0.75/1.0 Correctly identified as an elastic, acellular layer between two layers of Hydra. However, missed 'jelly-like' and used 'light' (আলো) instead of 'transparent' (স্বচ্ছ). | Cell Names (Correctness): 0.75/1.0 Identified 4 correct cell types (পুষ্টি কোষ, গ্রন্থি কোষ, ইন্টারস্টিশিয়ান, সংবেদী কোষ) out of 8 unique types mentioned in the model solution. The 5th listed cell 'ফ্লাজেলীয় দ' is incomplete and unclear. | Cell Names (Structure/Completeness): 0.0/0.5 Did not differentiate between epidermal and gastrodermal cells as requested by the question and shown in the model solution. Only listed a mixed set of cells."
852164929288,Biology,1/2,BN_UNICODE,চবি বা লিপিড জাতীয় খা দ্যব স্তু র ে শাষণের রূপরেখা দে খাও ।,,,,NO_REDMARK,,,,2.75,rubric,True,False,0.5,ক্ষুদ্র লিপিড → ব্যাপন বৃহৎ লিপিড → মাইসেল ↓ কাইলোমাইক্রন ↓ ল্যাকটিয়াল নালী,0.85,"Specific initial components (Fatty acids, Cholesterol): 0/0.25 Student used general 'বৃহৎ লিপিড' instead of specific components mentioned in the model solution. | Process of secretion/absorption: 0/0.25 Missing explicit mention of the secretion process ('সিক্রেশন'). | Specific location of absorption (Intestinal villi columnar epithelium): 0/0.25 Missing specific location ('অন্ত্রের ভিলাই এর কলামনার এপিথেলিয়াম'). | Re-esterification of fatty acids to Triglycerides (TAG): 0/0.25 This detailed step is implied by 'মাইসেল → কাইলোমাইক্রন' but not explicitly stated. | Re-esterification of cholesterol to cholesterol esters: 0/0.25 This detailed step is implied by 'মাইসেল → কাইলোমাইক্রন' but not explicitly stated. | Formation of Chylomicron (with protein): 0.25/0.25 Correctly identified 'কাইলোমাইক্রন' as the formed lipoprotein. | Entry into Lacteal: 0.25/0.25 Correctly identified 'ল্যাকটিয়াল নালী' as the entry point into the lymphatic system. | Lymphatic pathway (Thoracic lymphatic duct): 0/0.25 Missing the subsequent lymphatic pathway ('থোরাসিক লসিকা নালি'). | Entry into bloodstream (Vein): 0/0.25 Missing the entry into the bloodstream ('শিরা'). | Circulation to heart: 0/0.25 Missing the circulation to the heart ('হৃদপিণ্ড'). | Delivery to cells: 0/0.25 Missing the final delivery to cells ('কোষ').",2.5,ক্ষুদ্র লিপিড → ব্যাপন বৃহৎ লিপিড → মাইসেল কাইলোমাইক্রন ল্যাকটিয়াল নালী,0.95,"Differentiation of lipid absorption pathways (small vs. large lipids): 0.25/0.25 Student correctly distinguishes between 'ক্ষুদ্র লিপিড' (small lipids) and 'বৃহৎ লিপিড' (large lipids) for absorption. | Absorption of small lipids via diffusion: 0.5/0.5 Student correctly identifies 'ব্যাপন' (diffusion) as the mechanism for 'ক্ষুদ্র লিপিড' absorption. | Formation of micelles for large lipids: 0.5/0.5 Student correctly identifies 'মাইসেল' (micelle) as an intermediate step for 'বৃহৎ লিপিড' absorption. | Formation of chylomicrons (representing intracellular processing): 0.75/0.75 Student correctly identifies 'কাইলোমাইক্রন' (chylomicron) as the transport unit formed after intracellular processing. | Entry into lacteal: 0.5/0.5 Student correctly identifies 'ল্যাকটিয়াল নালী' (lacteal duct) as the entry point into the lymphatic system. | Subsequent transport steps (lymphatic duct, blood, heart, cells): 0.0/0.25 Student did not include the subsequent transport steps such as thoracic lymphatic duct, veins, heart, and target cells."
259246239544,Biology,5/2,BN_UNICODE,ম্যালেরিয়া পরজীবীর নাম ও তা দে র সু্াব স্থা লিখ ।,1.5,1.5,,NO_MARKSCOL,1.5,,,2.5,rubric,True,True,0.9375,plasmodium falcicanum → N-15 দিন plasmodium ovale → plasmodium vivax → 12-16 দিন plasmodium malanne → 18-40 দিন,0.95,Plasmodium falciparum name: 0.0/0.3125 Incorrect spelling of the parasite name ('falcicanum' instead of 'falciparum'). | Plasmodium falciparum incubation period: 0.0/0.3125 Incorrect incubation period ('N-15 দিন' instead of '8-15 দিন'). | Plasmodium ovale name: 0.3125/0.3125 Correct parasite name. | Plasmodium ovale incubation period: 0.0/0.3125 Incubation period is missing. | Plasmodium vivax name: 0.3125/0.3125 Correct parasite name. | Plasmodium vivax incubation period: 0.0/0.3125 Incorrect incubation period range ('12-16 দিন' instead of '12-20 দিন'). | Plasmodium malariae name: 0.0/0.3125 Incorrect spelling of the parasite name ('malanne' instead of 'malariae'). | Plasmodium malariae incubation period: 0.3125/0.3125 Correct incubation period.,1.4,plasmodium falcicanum → N-15 দিন plasmodium ovale plasmodium vivax → 12-16 দিন plasmodium malanne → 18-40 দিন,0.95,"Plasmodium falciparum name and incubation period: 0.25/0.625 The name ""falcicanum"" is misspelled (should be ""falciparum""). The incubation period ""N-15 দিন"" is partially correct (15 days is the upper limit) but misses the lower limit (8 days) and the 'N' is ambiguous. Partial credit awarded. | Plasmodium ovale name and incubation period: 0.25/0.625 The name ""plasmodium ovale"" is correct. However, the incubation period is completely missing. Partial credit awarded only for the correct name. | Plasmodium vivax name and incubation period: 0.4/0.625 The name ""plasmodium vivax"" is correct. The incubation period range ""12-16 দিন"" is incorrect; the model solution states ""12-20 দিন"". The lower bound (12) is correct, but the upper bound (16 vs 20) is incorrect. Partial credit awarded. | Plasmodium malariae name and incubation period: 0.5/0.625 The name ""malanne"" is misspelled (should be ""malariae""). The incubation period ""18-40 দিন"" is correct. Partial credit awarded for the correct incubation period despite the name misspelling."
160229540988,Biology,,BN_UNICODE,ঐড়ষড়ঃয্ৎরধ ঃ্ন্ষড়ংধ কোন পর্বভুক্ত প্রাণী? উক্ত পবর্ের ৪টি বৈশিষ্ট্য লিখ।,,,,NO_REDMARK,,,,,none,True,False,0.0,,1.0,Identifying the phylum: 0/0.5 Student did not identify the phylum. | Listing 4 characteristics of the phylum: 0/2 Student did not list any characteristics.,0.0,,1.0,Identifying the phylum: 0/0.5 Student did not identify the phylum. | Listing 4 characteristics of the phylum: 0/2 Student did not list any characteristics.
432456680882,Biology,1/2,BN_UNICODE,উঘঅ রেপ্লিকেশনে নিম্ে্নাক্ত এনজাইম গুলোর ভূমিকা লিখ। (র) টপোআইসোমারেজ (রর) উঘঅ হেলিকেজ (ররর) লাইগেজ (রা) প্রাইমেজ (া) ঝঝইচ,,,,NO_REDMARK,,,,2.5,rubric,True,False,1.0,(i) টপোআইসোমারেজ → সূত্র জোড়া না লাগতে দেয়া (ii) DNA হেলিকেজ → সূত্র কাটা (iii) লাইগেজ → (iv) প্রাইমেজ → RNA প্রাইমার সংযুক্ত করা (v) SSBP → সূত্র দুটির মধ্যে H-bond গঠন না করা,0.9,"টপোআইসোমারেজ: 0.0/0.5 The student stated that it 'prevents strands from joining', which is incorrect. Topoisomerase prevents supercoiling. | DNA হেলিকেজ: 0.0/0.5 The student stated that it 'cuts strands', which is incorrect. Helicase unwinds the DNA double helix. | লাইগেজ: 0.0/0.5 The student left this answer blank. | প্রাইমেজ: 0.5/0.5 The student correctly stated that it 'attaches RNA primer'. | SSBP: 0.5/0.5 The student correctly stated that it 'prevents H-bond formation between the two strands', which is its function to prevent re-annealing.",1.25,১। (i) টপোআইসোমারেজ -> সূত্র জোডা না লাগতে দেয়া (ii) DNA হেলিকেজ -> সূত্র কাটা (iii) লাইগেজ -> (iv) প্রাইমেজ -> RNA প্রাইমার সংযুক্ত করা (v) SSBP -> সূত্র দুটির মধ্যে H-bond গঠন না করা,0.9,"Topoisomerase: 0.25/0.5 Partially correct. The student states 'prevents strands from joining/getting tangled', which vaguely relates to relieving supercoiling, but lacks precision. | DNA Helicase: 0/0.5 Incorrect. Helicase unwinds DNA, it does not 'cut' the strands. | Ligase: 0/0.5 No answer provided. | Primase: 0.5/0.5 Correct. Primase attaches RNA primers. | SSBP: 0.5/0.5 Correct. SSBP prevents hydrogen bond formation between the two strands, thus preventing re-annealing."
500692421242,Biology,,BN_UNICODE,ে পশিটিসু্যর ৩টি সাধারণ ৈ বশিষ্ট ্য ও ২টি কাজ উল্লেখ কর।,,,,NO_REDMARK,,,,2.5,rubric,True,False,0.0,৪।,1.0,3 general characteristics of muscle tissue: 0/1.5 No characteristics were provided by the student. | 2 functions of muscle tissue: 0/1 No functions were provided by the student.,0.0,,1.0,3 general characteristics of muscle tissue: 0.0/1.5 No characteristics were provided by the student. | 2 functions of muscle tissue: 0.0/1.0 No functions were provided by the student.
935318069383,Biology,5/2,BN_UNICODE,সালোকসংশ্লেষণ কাকে বলে ? সালোকসংশ্লেষণের তিনটি গু রুত a উল্লেখ কর।,2.0,2,,NO_MARKSCOL,2.0,,,2.5,rubric,True,True,2.5,"১। যে প্রক্তি শারিবৃত্তীয় প্রক্রিয়ায় উদ্ভিদ সূর্যালোক ও ক্লোরোফিলের সাহায্যে পানি ও CO2 থেকে শর্করা জাতীয় খাদ্য ও O2 তৈরি করে, তাকে সালোকসংশ্লেষণ বলে।গুরুত্বঃⅰ) O2 উৎপন্ন করে ও CO2 শোষণ করে। ফলে, বায়ুমন্ডলে ভারসাম্য জায় থাকে।ⅱ) সবুজ উদ্ভিদ শর্করা প্রস্তুত করে। ⅲ) রাবার, নাইলন ইত্যাদি তৈরি করা হয়।",0.98,"Definition of Photosynthesis: 1.0/1.0 The student provided a correct and concise definition of photosynthesis, including key elements like physiological process, plant, sunlight, chlorophyll, water, CO2, and the production of carbohydrate food and O2. | First importance of Photosynthesis: 0.5/0.5 The student correctly stated that photosynthesis produces O2 and absorbs CO2, thereby maintaining atmospheric balance, which is a crucial importance. | Second importance of Photosynthesis: 0.5/0.5 The student correctly identified that green plants produce carbohydrates (food), which is a fundamental importance of photosynthesis. | Third importance of Photosynthesis: 0.5/0.5 The student correctly mentioned that products like rubber and nylon are derived from processes linked to photosynthesis, which is a valid importance for human civilization.",2.3,"১। যে প্রক্তি শারিবৃত্তীয় প্রক্রিয়ায় উদ্ভিদ সূর্যালোক ও ক্লোরোফিলের সাহায্যে পানি ও CO2 থেকে শর্করা জাতীয় খাদ্য ও O2 তৈরি করে, তাকে সালোকসংশ্লেষণ বলে। গুরুত্বঃ ⅰ) O2 উৎপন্ন করে ও CO2 শোষণ করে। ফলে, বায়ুমন্ডলে ভারসাম্য বজায় থাকে। ⅱ) সবুজ উদ্ভিদ শর্করা প্রস্তুত করে। ⅲ) রাবার, নাইলন ইত্যাদি তৈরি করা হয়।",0.95,"Definition of Photosynthesis: 0.8/1.0 The student provides a largely correct and comprehensive definition, mentioning the key inputs (sunlight, water, CO2), catalyst (chlorophyll), and outputs (carbohydrates, oxygen). It accurately describes the process as a physiological one in plants. It misses the detail about light energy conversion to chemical energy (ATP, NADPH) as mentioned in the model solution, hence a slight deduction. | Importance of Photosynthesis - Point 1: 0.5/0.5 The student correctly states that photosynthesis produces O2 and absorbs CO2, maintaining atmospheric balance. This is a crucial and accurate point, aligning with the model solution. | Importance of Photosynthesis - Point 2: 0.5/0.5 The student correctly identifies that green plants produce carbohydrates (food) through photosynthesis. This is a fundamental importance, aligning with the model solution's point about food production for all living beings. | Importance of Photosynthesis - Point 3: 0.5/0.5 The student mentions that products like rubber and nylon are made. While 'nylon' is not directly a photosynthetic product, the broader idea of industrial products derived from plant materials (which are products of photosynthesis, like rubber, rayon mentioned in the model) is valid. This point is acceptable as an importance of photosynthesis for human civilization."
